solid OpenSCAD_Model
  facet normal -1 0 0
    outer loop
      vertex 52.62 115.5 7.5
      vertex 52.62 118 21.5
      vertex 52.62 118 7.5
    endloop
  endfacet
  facet normal -1 -0 0
    outer loop
      vertex 52.62 118 21.5
      vertex 52.62 115.5 7.5
      vertex 52.62 115.5 21.5
    endloop
  endfacet
  facet normal 0 0 -1
    outer loop
      vertex 30.62 115.5 21.5
      vertex 52.62 118 21.5
      vertex 52.62 115.5 21.5
    endloop
  endfacet
  facet normal -0 0 -1
    outer loop
      vertex 52.62 118 21.5
      vertex 30.62 115.5 21.5
      vertex 30.62 118 21.5
    endloop
  endfacet
  facet normal -0 0 1
    outer loop
      vertex 30.62 118 7.5
      vertex 52.62 115.5 7.5
      vertex 52.62 118 7.5
    endloop
  endfacet
  facet normal 0 0 1
    outer loop
      vertex 52.62 115.5 7.5
      vertex 30.62 118 7.5
      vertex 30.62 115.5 7.5
    endloop
  endfacet
  facet normal 1 -0 0
    outer loop
      vertex 30.62 115.5 21.5
      vertex 30.62 118 7.5
      vertex 30.62 118 21.5
    endloop
  endfacet
  facet normal 1 0 0
    outer loop
      vertex 30.62 118 7.5
      vertex 30.62 115.5 21.5
      vertex 30.62 115.5 7.5
    endloop
  endfacet
  facet normal -1 0 0
    outer loop
      vertex 82.62 115.5 7.5
      vertex 82.62 118 21.5
      vertex 82.62 118 7.5
    endloop
  endfacet
  facet normal -1 -0 0
    outer loop
      vertex 82.62 118 21.5
      vertex 82.62 115.5 7.5
      vertex 82.62 115.5 21.5
    endloop
  endfacet
  facet normal 0 0 -1
    outer loop
      vertex 60.62 115.5 21.5
      vertex 82.62 118 21.5
      vertex 82.62 115.5 21.5
    endloop
  endfacet
  facet normal -0 0 -1
    outer loop
      vertex 82.62 118 21.5
      vertex 60.62 115.5 21.5
      vertex 60.62 118 21.5
    endloop
  endfacet
  facet normal -0 0 1
    outer loop
      vertex 60.62 118 7.5
      vertex 82.62 115.5 7.5
      vertex 82.62 118 7.5
    endloop
  endfacet
  facet normal 0 0 1
    outer loop
      vertex 82.62 115.5 7.5
      vertex 60.62 118 7.5
      vertex 60.62 115.5 7.5
    endloop
  endfacet
  facet normal 1 -0 0
    outer loop
      vertex 60.62 115.5 21.5
      vertex 60.62 118 7.5
      vertex 60.62 118 21.5
    endloop
  endfacet
  facet normal 1 0 0
    outer loop
      vertex 60.62 118 7.5
      vertex 60.62 115.5 21.5
      vertex 60.62 115.5 7.5
    endloop
  endfacet
  facet normal -1 0 0
    outer loop
      vertex 112.62 115.5 7.5
      vertex 112.62 118 21.5
      vertex 112.62 118 7.5
    endloop
  endfacet
  facet normal -1 -0 0
    outer loop
      vertex 112.62 118 21.5
      vertex 112.62 115.5 7.5
      vertex 112.62 115.5 21.5
    endloop
  endfacet
  facet normal 0 0 -1
    outer loop
      vertex 90.62 115.5 21.5
      vertex 112.62 118 21.5
      vertex 112.62 115.5 21.5
    endloop
  endfacet
  facet normal -0 0 -1
    outer loop
      vertex 112.62 118 21.5
      vertex 90.62 115.5 21.5
      vertex 90.62 118 21.5
    endloop
  endfacet
  facet normal -0 0 1
    outer loop
      vertex 90.62 118 7.5
      vertex 112.62 115.5 7.5
      vertex 112.62 118 7.5
    endloop
  endfacet
  facet normal 0 0 1
    outer loop
      vertex 112.62 115.5 7.5
      vertex 90.62 118 7.5
      vertex 90.62 115.5 7.5
    endloop
  endfacet
  facet normal 1 -0 0
    outer loop
      vertex 90.62 115.5 21.5
      vertex 90.62 118 7.5
      vertex 90.62 118 21.5
    endloop
  endfacet
  facet normal 1 0 0
    outer loop
      vertex 90.62 118 7.5
      vertex 90.62 115.5 21.5
      vertex 90.62 115.5 7.5
    endloop
  endfacet
  facet normal -1 0 0
    outer loop
      vertex 142.62 115.5 7.5
      vertex 142.62 118 21.5
      vertex 142.62 118 7.5
    endloop
  endfacet
  facet normal -1 -0 0
    outer loop
      vertex 142.62 118 21.5
      vertex 142.62 115.5 7.5
      vertex 142.62 115.5 21.5
    endloop
  endfacet
  facet normal 0 0 -1
    outer loop
      vertex 120.62 115.5 21.5
      vertex 142.62 118 21.5
      vertex 142.62 115.5 21.5
    endloop
  endfacet
  facet normal -0 0 -1
    outer loop
      vertex 142.62 118 21.5
      vertex 120.62 115.5 21.5
      vertex 120.62 118 21.5
    endloop
  endfacet
  facet normal -0 0 1
    outer loop
      vertex 120.62 118 7.5
      vertex 142.62 115.5 7.5
      vertex 142.62 118 7.5
    endloop
  endfacet
  facet normal 0 0 1
    outer loop
      vertex 142.62 115.5 7.5
      vertex 120.62 118 7.5
      vertex 120.62 115.5 7.5
    endloop
  endfacet
  facet normal 1 -0 0
    outer loop
      vertex 120.62 115.5 21.5
      vertex 120.62 118 7.5
      vertex 120.62 118 21.5
    endloop
  endfacet
  facet normal 1 0 0
    outer loop
      vertex 120.62 118 7.5
      vertex 120.62 115.5 21.5
      vertex 120.62 115.5 7.5
    endloop
  endfacet
  facet normal -0.97237 -0.233443 0
    outer loop
      vertex 0.14683 2.07295 0
      vertex 0.0369349 2.5307 35
      vertex 0.0369349 2.5307 0
    endloop
  endfacet
  facet normal -0.97237 -0.233443 0
    outer loop
      vertex 0.0369349 2.5307 35
      vertex 0.14683 2.07295 0
      vertex 0.14683 2.07295 35
    endloop
  endfacet
  facet normal -0.233443 -0.97237 0
    outer loop
      vertex 2.07295 0.14683 0
      vertex 2.5307 0.0369349 35
      vertex 2.07295 0.14683 35
    endloop
  endfacet
  facet normal -0.233443 -0.97237 -0
    outer loop
      vertex 2.5307 0.0369349 35
      vertex 2.07295 0.14683 0
      vertex 2.5307 0.0369349 0
    endloop
  endfacet
  facet normal 1 0 0
    outer loop
      vertex 158 115 35
      vertex 158 80.81 19.5
      vertex 158 115 0
    endloop
  endfacet
  facet normal 1 0 0
    outer loop
      vertex 158 115 35
      vertex 158 64.81 19.5
      vertex 158 80.81 19.5
    endloop
  endfacet
  facet normal 1 0 0
    outer loop
      vertex 158 64.81 19.5
      vertex 158 60.81 19.5
      vertex 158 64.81 7.5
    endloop
  endfacet
  facet normal 1 0 0
    outer loop
      vertex 158 115 35
      vertex 158 60.81 19.5
      vertex 158 64.81 19.5
    endloop
  endfacet
  facet normal 1 -0 0
    outer loop
      vertex 158 3 35
      vertex 158 60.81 19.5
      vertex 158 115 35
    endloop
  endfacet
  facet normal 1 0 0
    outer loop
      vertex 158 3 0
      vertex 158 44.81 19.5
      vertex 158 3 35
    endloop
  endfacet
  facet normal 1 0 0
    outer loop
      vertex 158 60.81 19.5
      vertex 158 3 35
      vertex 158 44.81 19.5
    endloop
  endfacet
  facet normal 1 -0 0
    outer loop
      vertex 158 80.81 7.5
      vertex 158 115 0
      vertex 158 80.81 19.5
    endloop
  endfacet
  facet normal 1 -0 0
    outer loop
      vertex 158 64.81 7.5
      vertex 158 115 0
      vertex 158 80.81 7.5
    endloop
  endfacet
  facet normal 1 0 0
    outer loop
      vertex 158 60.81 7.5
      vertex 158 64.81 7.5
      vertex 158 60.81 19.5
    endloop
  endfacet
  facet normal 1 -0 0
    outer loop
      vertex 158 60.81 7.5
      vertex 158 115 0
      vertex 158 64.81 7.5
    endloop
  endfacet
  facet normal 1 0 0
    outer loop
      vertex 158 3 0
      vertex 158 60.81 7.5
      vertex 158 44.81 7.5
    endloop
  endfacet
  facet normal 1 0 0
    outer loop
      vertex 158 60.81 7.5
      vertex 158 3 0
      vertex 158 115 0
    endloop
  endfacet
  facet normal 1 0 0
    outer loop
      vertex 158 44.81 19.5
      vertex 158 3 0
      vertex 158 44.81 7.5
    endloop
  endfacet
  facet normal 0 -1 0
    outer loop
      vertex 3 0 35
      vertex 71.5 0 20.5
      vertex 155 0 35
    endloop
  endfacet
  facet normal 0 -1 0
    outer loop
      vertex 3 0 0
      vertex 71.5 0 20.5
      vertex 3 0 35
    endloop
  endfacet
  facet normal 0 -1 -0
    outer loop
      vertex 71.5 0 7.5
      vertex 3 0 0
      vertex 86.5 0 7.5
    endloop
  endfacet
  facet normal 0 -1 -0
    outer loop
      vertex 71.5 0 20.5
      vertex 3 0 0
      vertex 71.5 0 7.5
    endloop
  endfacet
  facet normal 0 -1 0
    outer loop
      vertex 86.5 0 20.5
      vertex 155 0 35
      vertex 71.5 0 20.5
    endloop
  endfacet
  facet normal 0 -1 0
    outer loop
      vertex 155 0 0
      vertex 86.5 0 20.5
      vertex 86.5 0 7.5
    endloop
  endfacet
  facet normal 0 -1 0
    outer loop
      vertex 86.5 0 20.5
      vertex 155 0 0
      vertex 155 0 35
    endloop
  endfacet
  facet normal 0 -1 0
    outer loop
      vertex 155 0 0
      vertex 86.5 0 7.5
      vertex 3 0 0
    endloop
  endfacet
  facet normal 0.996903 0.0786469 0
    outer loop
      vertex 158 115 35
      vertex 157.963 115.469 0
      vertex 157.963 115.469 35
    endloop
  endfacet
  facet normal 0.996903 0.0786469 0
    outer loop
      vertex 157.963 115.469 0
      vertex 158 115 35
      vertex 158 115 0
    endloop
  endfacet
  facet normal 0.852387 0.522911 0
    outer loop
      vertex 157.673 116.362 35
      vertex 157.427 116.763 0
      vertex 157.427 116.763 35
    endloop
  endfacet
  facet normal 0.852387 0.522911 0
    outer loop
      vertex 157.427 116.763 0
      vertex 157.673 116.362 35
      vertex 157.673 116.362 0
    endloop
  endfacet
  facet normal 0.0785094 -0.996913 0
    outer loop
      vertex 155 0 0
      vertex 155.469 0.0369349 35
      vertex 155 0 35
    endloop
  endfacet
  facet normal 0.0785094 -0.996913 0
    outer loop
      vertex 155.469 0.0369349 35
      vertex 155 0 0
      vertex 155.469 0.0369349 0
    endloop
  endfacet
  facet normal 0 1 -0
    outer loop
      vertex 60.62 118 7.5
      vertex 52.62 118 21.5
      vertex 60.62 118 21.5
    endloop
  endfacet
  facet normal 0 1 0
    outer loop
      vertex 52.62 118 21.5
      vertex 60.62 118 7.5
      vertex 52.62 118 7.5
    endloop
  endfacet
  facet normal 0 1 -0
    outer loop
      vertex 90.62 118 7.5
      vertex 82.62 118 21.5
      vertex 90.62 118 21.5
    endloop
  endfacet
  facet normal 0 1 0
    outer loop
      vertex 82.62 118 21.5
      vertex 90.62 118 7.5
      vertex 82.62 118 7.5
    endloop
  endfacet
  facet normal 0 1 -0
    outer loop
      vertex 120.62 118 7.5
      vertex 112.62 118 21.5
      vertex 120.62 118 21.5
    endloop
  endfacet
  facet normal 0 1 0
    outer loop
      vertex 112.62 118 21.5
      vertex 120.62 118 7.5
      vertex 112.62 118 7.5
    endloop
  endfacet
  facet normal 0 1 0
    outer loop
      vertex 120.62 118 21.5
      vertex 155 118 35
      vertex 142.62 118 21.5
    endloop
  endfacet
  facet normal 0 1 -0
    outer loop
      vertex 155 118 0
      vertex 142.62 118 21.5
      vertex 155 118 35
    endloop
  endfacet
  facet normal 0 1 0
    outer loop
      vertex 155 118 0
      vertex 120.62 118 7.5
      vertex 142.62 118 7.5
    endloop
  endfacet
  facet normal 0 1 0
    outer loop
      vertex 120.62 118 7.5
      vertex 155 118 0
      vertex 112.62 118 7.5
    endloop
  endfacet
  facet normal 0 1 0
    outer loop
      vertex 112.62 118 7.5
      vertex 155 118 0
      vertex 90.62 118 7.5
    endloop
  endfacet
  facet normal 0 1 0
    outer loop
      vertex 90.62 118 7.5
      vertex 155 118 0
      vertex 82.62 118 7.5
    endloop
  endfacet
  facet normal 0 1 0
    outer loop
      vertex 3 118 0
      vertex 82.62 118 7.5
      vertex 155 118 0
    endloop
  endfacet
  facet normal 0 1 0
    outer loop
      vertex 82.62 118 7.5
      vertex 3 118 0
      vertex 60.62 118 7.5
    endloop
  endfacet
  facet normal 0 1 0
    outer loop
      vertex 60.62 118 7.5
      vertex 3 118 0
      vertex 52.62 118 7.5
    endloop
  endfacet
  facet normal 0 1 0
    outer loop
      vertex 142.62 118 21.5
      vertex 155 118 0
      vertex 142.62 118 7.5
    endloop
  endfacet
  facet normal 0 1 0
    outer loop
      vertex 112.62 118 21.5
      vertex 155 118 35
      vertex 120.62 118 21.5
    endloop
  endfacet
  facet normal 0 1 0
    outer loop
      vertex 90.62 118 21.5
      vertex 155 118 35
      vertex 112.62 118 21.5
    endloop
  endfacet
  facet normal 0 1 0
    outer loop
      vertex 82.62 118 21.5
      vertex 155 118 35
      vertex 90.62 118 21.5
    endloop
  endfacet
  facet normal 0 1 0
    outer loop
      vertex 155 118 35
      vertex 82.62 118 21.5
      vertex 3 118 35
    endloop
  endfacet
  facet normal 0 1 -0
    outer loop
      vertex 60.62 118 21.5
      vertex 3 118 35
      vertex 82.62 118 21.5
    endloop
  endfacet
  facet normal 0 1 -0
    outer loop
      vertex 52.62 118 21.5
      vertex 3 118 35
      vertex 60.62 118 21.5
    endloop
  endfacet
  facet normal 0 1 -0
    outer loop
      vertex 30.62 118 21.5
      vertex 3 118 35
      vertex 52.62 118 21.5
    endloop
  endfacet
  facet normal 0 1 0
    outer loop
      vertex 3 118 0
      vertex 30.62 118 21.5
      vertex 30.62 118 7.5
    endloop
  endfacet
  facet normal 0 1 0
    outer loop
      vertex 30.62 118 21.5
      vertex 3 118 0
      vertex 3 118 35
    endloop
  endfacet
  facet normal 0 1 0
    outer loop
      vertex 52.62 118 7.5
      vertex 3 118 0
      vertex 30.62 118 7.5
    endloop
  endfacet
  facet normal -0.0784595 -0.996917 0
    outer loop
      vertex 2.5307 0.0369349 0
      vertex 3 0 35
      vertex 2.5307 0.0369349 35
    endloop
  endfacet
  facet normal -0.0784595 -0.996917 -0
    outer loop
      vertex 3 0 35
      vertex 2.5307 0.0369349 0
      vertex 3 0 0
    endloop
  endfacet
  facet normal -1 0 0
    outer loop
      vertex 0 80 19.5
      vertex 0 115 0
      vertex 0 80 7.5
    endloop
  endfacet
  facet normal -1 0 0
    outer loop
      vertex 0 115 0
      vertex 0 68 7.5
      vertex 0 80 7.5
    endloop
  endfacet
  facet normal -1 0 0
    outer loop
      vertex 0 68 7.5
      vertex 0 66 7.5
      vertex 0 68 19.5
    endloop
  endfacet
  facet normal -1 0 0
    outer loop
      vertex 0 115 0
      vertex 0 66 7.5
      vertex 0 68 7.5
    endloop
  endfacet
  facet normal -1 0 0
    outer loop
      vertex 0 115 0
      vertex 0 52 7.5
      vertex 0 66 7.5
    endloop
  endfacet
  facet normal -1 -0 0
    outer loop
      vertex 0 52 7.5
      vertex 0 3 0
      vertex 0 52 19.5
    endloop
  endfacet
  facet normal -1 0 0
    outer loop
      vertex 0 3 0
      vertex 0 52 7.5
      vertex 0 115 0
    endloop
  endfacet
  facet normal -1 0 0
    outer loop
      vertex 0 115 0
      vertex 0 80 19.5
      vertex 0 115 35
    endloop
  endfacet
  facet normal -1 0 0
    outer loop
      vertex 0 68 19.5
      vertex 0 115 35
      vertex 0 80 19.5
    endloop
  endfacet
  facet normal -1 0 0
    outer loop
      vertex 0 66 19.5
      vertex 0 68 19.5
      vertex 0 66 7.5
    endloop
  endfacet
  facet normal -1 0 0
    outer loop
      vertex 0 66 19.5
      vertex 0 115 35
      vertex 0 68 19.5
    endloop
  endfacet
  facet normal -1 0 0
    outer loop
      vertex 0 52 19.5
      vertex 0 115 35
      vertex 0 66 19.5
    endloop
  endfacet
  facet normal -1 0 0
    outer loop
      vertex 0 52 19.5
      vertex 0 3 35
      vertex 0 115 35
    endloop
  endfacet
  facet normal -1 0 0
    outer loop
      vertex 0 3 35
      vertex 0 52 19.5
      vertex 0 3 0
    endloop
  endfacet
  facet normal 0.97232 -0.233654 0
    outer loop
      vertex 157.853 2.07295 35
      vertex 157.963 2.5307 0
      vertex 157.963 2.5307 35
    endloop
  endfacet
  facet normal 0.97232 -0.233654 0
    outer loop
      vertex 157.963 2.5307 0
      vertex 157.853 2.07295 35
      vertex 157.853 2.07295 0
    endloop
  endfacet
  facet normal 0.0786469 0.996903 -0
    outer loop
      vertex 155.469 117.963 0
      vertex 155 118 35
      vertex 155.469 117.963 35
    endloop
  endfacet
  facet normal 0.0786469 0.996903 0
    outer loop
      vertex 155 118 35
      vertex 155.469 117.963 0
      vertex 155 118 0
    endloop
  endfacet
  facet normal -0.522492 -0.852644 0
    outer loop
      vertex 1.23664 0.572948 0
      vertex 1.63803 0.32698 35
      vertex 1.23664 0.572948 35
    endloop
  endfacet
  facet normal -0.522492 -0.852644 -0
    outer loop
      vertex 1.63803 0.32698 35
      vertex 1.23664 0.572948 0
      vertex 1.63803 0.32698 0
    endloop
  endfacet
  facet normal -0.382684 -0.923879 0
    outer loop
      vertex 1.63803 0.32698 0
      vertex 2.07295 0.14683 35
      vertex 1.63803 0.32698 35
    endloop
  endfacet
  facet normal -0.382684 -0.923879 -0
    outer loop
      vertex 2.07295 0.14683 35
      vertex 1.63803 0.32698 0
      vertex 2.07295 0.14683 0
    endloop
  endfacet
  facet normal 0.76012 -0.649782 0
    outer loop
      vertex 157.121 0.878679 35
      vertex 157.427 1.23664 0
      vertex 157.427 1.23664 35
    endloop
  endfacet
  facet normal 0.76012 -0.649782 0
    outer loop
      vertex 157.427 1.23664 0
      vertex 157.121 0.878679 35
      vertex 157.121 0.878679 0
    endloop
  endfacet
  facet normal -0.852644 -0.522492 0
    outer loop
      vertex 0.572948 1.23664 0
      vertex 0.32698 1.63803 35
      vertex 0.32698 1.63803 0
    endloop
  endfacet
  facet normal -0.852644 -0.522492 0
    outer loop
      vertex 0.32698 1.63803 35
      vertex 0.572948 1.23664 0
      vertex 0.572948 1.23664 35
    endloop
  endfacet
  facet normal 0.996906 -0.0785969 0
    outer loop
      vertex 157.963 2.5307 35
      vertex 158 3 0
      vertex 158 3 35
    endloop
  endfacet
  facet normal 0.996906 -0.0785969 0
    outer loop
      vertex 158 3 0
      vertex 157.963 2.5307 35
      vertex 157.963 2.5307 0
    endloop
  endfacet
  facet normal -0.923879 -0.382684 0
    outer loop
      vertex 0.32698 1.63803 0
      vertex 0.14683 2.07295 35
      vertex 0.14683 2.07295 0
    endloop
  endfacet
  facet normal -0.923879 -0.382684 0
    outer loop
      vertex 0.14683 2.07295 35
      vertex 0.32698 1.63803 0
      vertex 0.32698 1.63803 35
    endloop
  endfacet
  facet normal 0.382352 0.924017 -0
    outer loop
      vertex 156.362 117.673 0
      vertex 155.927 117.853 35
      vertex 156.362 117.673 35
    endloop
  endfacet
  facet normal 0.382352 0.924017 0
    outer loop
      vertex 155.927 117.853 35
      vertex 156.362 117.673 0
      vertex 155.927 117.853 0
    endloop
  endfacet
  facet normal -0.382412 0.923992 0
    outer loop
      vertex 2.07295 117.853 0
      vertex 1.63803 117.673 35
      vertex 2.07295 117.853 35
    endloop
  endfacet
  facet normal -0.382412 0.923992 0
    outer loop
      vertex 1.63803 117.673 35
      vertex 2.07295 117.853 0
      vertex 1.63803 117.673 0
    endloop
  endfacet
  facet normal 0.924017 0.382352 0
    outer loop
      vertex 157.853 115.927 35
      vertex 157.673 116.362 0
      vertex 157.673 116.362 35
    endloop
  endfacet
  facet normal 0.924017 0.382352 0
    outer loop
      vertex 157.673 116.362 0
      vertex 157.853 115.927 35
      vertex 157.853 115.927 0
    endloop
  endfacet
  facet normal -0.852418 0.522862 0
    outer loop
      vertex 0.32698 116.362 0
      vertex 0.572948 116.763 35
      vertex 0.572948 116.763 0
    endloop
  endfacet
  facet normal -0.852418 0.522862 0
    outer loop
      vertex 0.572948 116.763 35
      vertex 0.32698 116.362 0
      vertex 0.32698 116.362 35
    endloop
  endfacet
  facet normal -0.0785969 0.996906 0
    outer loop
      vertex 3 118 0
      vertex 2.5307 117.963 35
      vertex 3 118 35
    endloop
  endfacet
  facet normal -0.0785969 0.996906 0
    outer loop
      vertex 2.5307 117.963 35
      vertex 3 118 0
      vertex 2.5307 117.963 0
    endloop
  endfacet
  facet normal 0 0 -1
    outer loop
      vertex 155 0 0
      vertex 158 3 0
      vertex 157.963 2.5307 0
    endloop
  endfacet
  facet normal -0 0 -1
    outer loop
      vertex 158 3 0
      vertex 155 0 0
      vertex 158 115 0
    endloop
  endfacet
  facet normal 0 0 -1
    outer loop
      vertex 155 0 0
      vertex 157.963 2.5307 0
      vertex 157.853 2.07295 0
    endloop
  endfacet
  facet normal 0 0 -1
    outer loop
      vertex 155 118 0
      vertex 158 115 0
      vertex 155 0 0
    endloop
  endfacet
  facet normal 0 0 -1
    outer loop
      vertex 155 0 0
      vertex 157.853 2.07295 0
      vertex 157.673 1.63803 0
    endloop
  endfacet
  facet normal 0 0 -1
    outer loop
      vertex 158 115 0
      vertex 155 118 0
      vertex 157.963 115.469 0
    endloop
  endfacet
  facet normal 0 0 -1
    outer loop
      vertex 155 0 0
      vertex 157.673 1.63803 0
      vertex 157.427 1.23664 0
    endloop
  endfacet
  facet normal 0 0 -1
    outer loop
      vertex 157.963 115.469 0
      vertex 155 118 0
      vertex 157.853 115.927 0
    endloop
  endfacet
  facet normal 0 0 -1
    outer loop
      vertex 155 0 0
      vertex 157.427 1.23664 0
      vertex 157.121 0.878679 0
    endloop
  endfacet
  facet normal 0 0 -1
    outer loop
      vertex 157.853 115.927 0
      vertex 155 118 0
      vertex 157.673 116.362 0
    endloop
  endfacet
  facet normal 0 0 -1
    outer loop
      vertex 155 0 0
      vertex 157.121 0.878679 0
      vertex 156.763 0.572948 0
    endloop
  endfacet
  facet normal 0 0 -1
    outer loop
      vertex 157.673 116.362 0
      vertex 155 118 0
      vertex 157.427 116.763 0
    endloop
  endfacet
  facet normal 0 0 -1
    outer loop
      vertex 155 0 0
      vertex 156.763 0.572948 0
      vertex 156.362 0.32698 0
    endloop
  endfacet
  facet normal 0 0 -1
    outer loop
      vertex 157.427 116.763 0
      vertex 155 118 0
      vertex 157.121 117.121 0
    endloop
  endfacet
  facet normal 0 0 -1
    outer loop
      vertex 155 0 0
      vertex 156.362 0.32698 0
      vertex 155.927 0.14683 0
    endloop
  endfacet
  facet normal 0 0 -1
    outer loop
      vertex 157.121 117.121 0
      vertex 155 118 0
      vertex 156.763 117.427 0
    endloop
  endfacet
  facet normal 0 0 -1
    outer loop
      vertex 155 0 0
      vertex 155.927 0.14683 0
      vertex 155.469 0.0369349 0
    endloop
  endfacet
  facet normal 0 0 -1
    outer loop
      vertex 156.763 117.427 0
      vertex 155 118 0
      vertex 156.362 117.673 0
    endloop
  endfacet
  facet normal 0 0 -1
    outer loop
      vertex 156.362 117.673 0
      vertex 155 118 0
      vertex 155.927 117.853 0
    endloop
  endfacet
  facet normal 0 0 -1
    outer loop
      vertex 155.927 117.853 0
      vertex 155 118 0
      vertex 155.469 117.963 0
    endloop
  endfacet
  facet normal 0 0 -1
    outer loop
      vertex 3 0 0
      vertex 155 118 0
      vertex 155 0 0
    endloop
  endfacet
  facet normal 0 0 -1
    outer loop
      vertex 3 0 0
      vertex 3 118 0
      vertex 155 118 0
    endloop
  endfacet
  facet normal 0 0 -1
    outer loop
      vertex 0 3 0
      vertex 3 0 0
      vertex 2.5307 0.0369349 0
    endloop
  endfacet
  facet normal 0 0 -1
    outer loop
      vertex 3 0 0
      vertex 0 3 0
      vertex 3 118 0
    endloop
  endfacet
  facet normal 0 0 -1
    outer loop
      vertex 0 3 0
      vertex 2.5307 0.0369349 0
      vertex 2.07295 0.14683 0
    endloop
  endfacet
  facet normal 0 0 -1
    outer loop
      vertex 0 115 0
      vertex 3 118 0
      vertex 0 3 0
    endloop
  endfacet
  facet normal 0 0 -1
    outer loop
      vertex 0 3 0
      vertex 2.07295 0.14683 0
      vertex 1.63803 0.32698 0
    endloop
  endfacet
  facet normal 0 0 -1
    outer loop
      vertex 3 118 0
      vertex 0 115 0
      vertex 2.5307 117.963 0
    endloop
  endfacet
  facet normal 0 0 -1
    outer loop
      vertex 0 3 0
      vertex 1.63803 0.32698 0
      vertex 1.23664 0.572948 0
    endloop
  endfacet
  facet normal 0 0 -1
    outer loop
      vertex 2.5307 117.963 0
      vertex 0 115 0
      vertex 2.07295 117.853 0
    endloop
  endfacet
  facet normal 0 0 -1
    outer loop
      vertex 0 3 0
      vertex 1.23664 0.572948 0
      vertex 0.878679 0.878679 0
    endloop
  endfacet
  facet normal 0 0 -1
    outer loop
      vertex 2.07295 117.853 0
      vertex 0 115 0
      vertex 1.63803 117.673 0
    endloop
  endfacet
  facet normal 0 0 -1
    outer loop
      vertex 0 3 0
      vertex 0.878679 0.878679 0
      vertex 0.572948 1.23664 0
    endloop
  endfacet
  facet normal 0 0 -1
    outer loop
      vertex 1.63803 117.673 0
      vertex 0 115 0
      vertex 1.23664 117.427 0
    endloop
  endfacet
  facet normal 0 0 -1
    outer loop
      vertex 0 3 0
      vertex 0.572948 1.23664 0
      vertex 0.32698 1.63803 0
    endloop
  endfacet
  facet normal 0 0 -1
    outer loop
      vertex 1.23664 117.427 0
      vertex 0 115 0
      vertex 0.878679 117.121 0
    endloop
  endfacet
  facet normal 0 0 -1
    outer loop
      vertex 0 3 0
      vertex 0.32698 1.63803 0
      vertex 0.14683 2.07295 0
    endloop
  endfacet
  facet normal 0 0 -1
    outer loop
      vertex 0.878679 117.121 0
      vertex 0 115 0
      vertex 0.572948 116.763 0
    endloop
  endfacet
  facet normal 0 0 -1
    outer loop
      vertex 0 3 0
      vertex 0.14683 2.07295 0
      vertex 0.0369349 2.5307 0
    endloop
  endfacet
  facet normal 0 0 -1
    outer loop
      vertex 0.572948 116.763 0
      vertex 0 115 0
      vertex 0.32698 116.362 0
    endloop
  endfacet
  facet normal 0 0 -1
    outer loop
      vertex 0.32698 116.362 0
      vertex 0 115 0
      vertex 0.14683 115.927 0
    endloop
  endfacet
  facet normal 0 0 -1
    outer loop
      vertex 0.14683 115.927 0
      vertex 0 115 0
      vertex 0.0369349 115.469 0
    endloop
  endfacet
  facet normal 0.760155 0.649742 0
    outer loop
      vertex 157.427 116.763 35
      vertex 157.121 117.121 0
      vertex 157.121 117.121 35
    endloop
  endfacet
  facet normal 0.760155 0.649742 0
    outer loop
      vertex 157.121 117.121 0
      vertex 157.427 116.763 35
      vertex 157.427 116.763 0
    endloop
  endfacet
  facet normal -0.649782 0.76012 0
    outer loop
      vertex 1.23664 117.427 0
      vertex 0.878679 117.121 35
      vertex 1.23664 117.427 35
    endloop
  endfacet
  facet normal -0.649782 0.76012 0
    outer loop
      vertex 0.878679 117.121 35
      vertex 1.23664 117.427 0
      vertex 0.878679 117.121 0
    endloop
  endfacet
  facet normal -0.233654 0.97232 0
    outer loop
      vertex 2.5307 117.963 0
      vertex 2.07295 117.853 35
      vertex 2.5307 117.963 35
    endloop
  endfacet
  facet normal -0.233654 0.97232 0
    outer loop
      vertex 2.07295 117.853 35
      vertex 2.5307 117.963 0
      vertex 2.07295 117.853 0
    endloop
  endfacet
  facet normal 0.233534 0.972349 -0
    outer loop
      vertex 155.927 117.853 0
      vertex 155.469 117.963 35
      vertex 155.927 117.853 35
    endloop
  endfacet
  facet normal 0.233534 0.972349 0
    outer loop
      vertex 155.469 117.963 35
      vertex 155.927 117.853 0
      vertex 155.469 117.963 0
    endloop
  endfacet
  facet normal 0.923992 -0.382412 0
    outer loop
      vertex 157.673 1.63803 35
      vertex 157.853 2.07295 0
      vertex 157.853 2.07295 35
    endloop
  endfacet
  facet normal 0.923992 -0.382412 0
    outer loop
      vertex 157.853 2.07295 0
      vertex 157.673 1.63803 35
      vertex 157.673 1.63803 0
    endloop
  endfacet
  facet normal -0.760437 0.649411 0
    outer loop
      vertex 0.572948 116.763 0
      vertex 0.878679 117.121 35
      vertex 0.878679 117.121 0
    endloop
  endfacet
  facet normal -0.760437 0.649411 0
    outer loop
      vertex 0.878679 117.121 35
      vertex 0.572948 116.763 0
      vertex 0.572948 116.763 35
    endloop
  endfacet
  facet normal 0.972349 0.233534 0
    outer loop
      vertex 157.963 115.469 35
      vertex 157.853 115.927 0
      vertex 157.853 115.927 35
    endloop
  endfacet
  facet normal 0.972349 0.233534 0
    outer loop
      vertex 157.853 115.927 0
      vertex 157.963 115.469 35
      vertex 157.963 115.469 0
    endloop
  endfacet
  facet normal 0.649742 0.760155 -0
    outer loop
      vertex 157.121 117.121 0
      vertex 156.763 117.427 35
      vertex 157.121 117.121 35
    endloop
  endfacet
  facet normal 0.649742 0.760155 0
    outer loop
      vertex 156.763 117.427 35
      vertex 157.121 117.121 0
      vertex 156.763 117.427 0
    endloop
  endfacet
  facet normal -0.996913 0.0785094 0
    outer loop
      vertex 0 115 0
      vertex 0.0369349 115.469 35
      vertex 0.0369349 115.469 0
    endloop
  endfacet
  facet normal -0.996913 0.0785094 0
    outer loop
      vertex 0.0369349 115.469 35
      vertex 0 115 0
      vertex 0 115 35
    endloop
  endfacet
  facet normal 0 0 1
    outer loop
      vertex 155.5 115.5 35
      vertex 158 115 35
      vertex 157.963 115.469 35
    endloop
  endfacet
  facet normal 0 0 1
    outer loop
      vertex 158 115 35
      vertex 155.5 115.5 35
      vertex 158 3 35
    endloop
  endfacet
  facet normal -0 0 1
    outer loop
      vertex 155.5 115.5 35
      vertex 157.963 115.469 35
      vertex 157.853 115.927 35
    endloop
  endfacet
  facet normal 0 0 1
    outer loop
      vertex 155.5 2.5 35
      vertex 158 3 35
      vertex 155.5 115.5 35
    endloop
  endfacet
  facet normal 0 0 1
    outer loop
      vertex 155.5 115.5 35
      vertex 157.853 115.927 35
      vertex 157.673 116.362 35
    endloop
  endfacet
  facet normal 0 0 1
    outer loop
      vertex 158 3 35
      vertex 155.5 2.5 35
      vertex 157.963 2.5307 35
    endloop
  endfacet
  facet normal 0 0 1
    outer loop
      vertex 155.5 115.5 35
      vertex 157.673 116.362 35
      vertex 157.427 116.763 35
    endloop
  endfacet
  facet normal 0 0 1
    outer loop
      vertex 157.963 2.5307 35
      vertex 155.5 2.5 35
      vertex 157.853 2.07295 35
    endloop
  endfacet
  facet normal 0 0 1
    outer loop
      vertex 155.5 115.5 35
      vertex 157.427 116.763 35
      vertex 157.121 117.121 35
    endloop
  endfacet
  facet normal 0 0 1
    outer loop
      vertex 157.853 2.07295 35
      vertex 155.5 2.5 35
      vertex 157.673 1.63803 35
    endloop
  endfacet
  facet normal 0 0 1
    outer loop
      vertex 155.5 115.5 35
      vertex 157.121 117.121 35
      vertex 156.763 117.427 35
    endloop
  endfacet
  facet normal 0 0 1
    outer loop
      vertex 157.673 1.63803 35
      vertex 155.5 2.5 35
      vertex 157.427 1.23664 35
    endloop
  endfacet
  facet normal 0 0 1
    outer loop
      vertex 155.5 115.5 35
      vertex 156.763 117.427 35
      vertex 156.362 117.673 35
    endloop
  endfacet
  facet normal 0 0 1
    outer loop
      vertex 157.427 1.23664 35
      vertex 155.5 2.5 35
      vertex 157.121 0.878679 35
    endloop
  endfacet
  facet normal 0 0 1
    outer loop
      vertex 155.5 115.5 35
      vertex 156.362 117.673 35
      vertex 155.927 117.853 35
    endloop
  endfacet
  facet normal 0 0 1
    outer loop
      vertex 157.121 0.878679 35
      vertex 155.5 2.5 35
      vertex 156.763 0.572948 35
    endloop
  endfacet
  facet normal 0 0 1
    outer loop
      vertex 156.763 0.572948 35
      vertex 155.5 2.5 35
      vertex 156.362 0.32698 35
    endloop
  endfacet
  facet normal 0 0 1
    outer loop
      vertex 155.469 117.963 35
      vertex 155.5 115.5 35
      vertex 155.927 117.853 35
    endloop
  endfacet
  facet normal 0 0 1
    outer loop
      vertex 155 118 35
      vertex 155.5 115.5 35
      vertex 155.469 117.963 35
    endloop
  endfacet
  facet normal -0 0 1
    outer loop
      vertex 3 118 35
      vertex 155.5 115.5 35
      vertex 155 118 35
    endloop
  endfacet
  facet normal 0 0 1
    outer loop
      vertex 2.5 115.5 35
      vertex 3 118 35
      vertex 2.5307 117.963 35
    endloop
  endfacet
  facet normal 0 0 1
    outer loop
      vertex 3 118 35
      vertex 2.5 115.5 35
      vertex 155.5 115.5 35
    endloop
  endfacet
  facet normal -0 0 1
    outer loop
      vertex 1.63803 117.673 35
      vertex 2.5 115.5 35
      vertex 2.07295 117.853 35
    endloop
  endfacet
  facet normal -0 0 1
    outer loop
      vertex 2.07295 117.853 35
      vertex 2.5 115.5 35
      vertex 2.5307 117.963 35
    endloop
  endfacet
  facet normal 0 0 1
    outer loop
      vertex 156.362 0.32698 35
      vertex 155.5 2.5 35
      vertex 155.927 0.14683 35
    endloop
  endfacet
  facet normal 0 0 1
    outer loop
      vertex 155.5 2.5 35
      vertex 155.469 0.0369349 35
      vertex 155.927 0.14683 35
    endloop
  endfacet
  facet normal 0 0 1
    outer loop
      vertex 155.5 2.5 35
      vertex 155 0 35
      vertex 155.469 0.0369349 35
    endloop
  endfacet
  facet normal 0 0 1
    outer loop
      vertex 155.5 2.5 35
      vertex 3 0 35
      vertex 155 0 35
    endloop
  endfacet
  facet normal -0 0 1
    outer loop
      vertex 2.5 2.5 35
      vertex 3 0 35
      vertex 155.5 2.5 35
    endloop
  endfacet
  facet normal 0 0 1
    outer loop
      vertex 3 0 35
      vertex 2.5 2.5 35
      vertex 2.5307 0.0369349 35
    endloop
  endfacet
  facet normal 0 0 1
    outer loop
      vertex 2.5 2.5 35
      vertex 2.07295 0.14683 35
      vertex 2.5307 0.0369349 35
    endloop
  endfacet
  facet normal 0 0 1
    outer loop
      vertex 2.5 115.5 35
      vertex 0 115 35
      vertex 2.5 2.5 35
    endloop
  endfacet
  facet normal -0 0 1
    outer loop
      vertex 1.23664 117.427 35
      vertex 2.5 115.5 35
      vertex 1.63803 117.673 35
    endloop
  endfacet
  facet normal -0 0 1
    outer loop
      vertex 0 3 35
      vertex 2.5 2.5 35
      vertex 0 115 35
    endloop
  endfacet
  facet normal -0 0 1
    outer loop
      vertex 0.878679 117.121 35
      vertex 2.5 115.5 35
      vertex 1.23664 117.427 35
    endloop
  endfacet
  facet normal -0 -0 1
    outer loop
      vertex 0.0369349 2.5307 35
      vertex 2.5 2.5 35
      vertex 0 3 35
    endloop
  endfacet
  facet normal -0 0 1
    outer loop
      vertex 0.572948 116.763 35
      vertex 2.5 115.5 35
      vertex 0.878679 117.121 35
    endloop
  endfacet
  facet normal 0 0 1
    outer loop
      vertex 2.5 2.5 35
      vertex 1.63803 0.32698 35
      vertex 2.07295 0.14683 35
    endloop
  endfacet
  facet normal -0 0 1
    outer loop
      vertex 0.32698 116.362 35
      vertex 2.5 115.5 35
      vertex 0.572948 116.763 35
    endloop
  endfacet
  facet normal 0 0 1
    outer loop
      vertex 2.5 2.5 35
      vertex 1.23664 0.572948 35
      vertex 1.63803 0.32698 35
    endloop
  endfacet
  facet normal -0 0 1
    outer loop
      vertex 0.14683 115.927 35
      vertex 2.5 115.5 35
      vertex 0.32698 116.362 35
    endloop
  endfacet
  facet normal 0 0 1
    outer loop
      vertex 2.5 2.5 35
      vertex 0.878679 0.878679 35
      vertex 1.23664 0.572948 35
    endloop
  endfacet
  facet normal 0 0 1
    outer loop
      vertex 0.0369349 115.469 35
      vertex 2.5 115.5 35
      vertex 0.14683 115.927 35
    endloop
  endfacet
  facet normal 0 0 1
    outer loop
      vertex 2.5 2.5 35
      vertex 0.572948 1.23664 35
      vertex 0.878679 0.878679 35
    endloop
  endfacet
  facet normal 0 0 1
    outer loop
      vertex 2.5 115.5 35
      vertex 0.0369349 115.469 35
      vertex 0 115 35
    endloop
  endfacet
  facet normal 0 0 1
    outer loop
      vertex 2.5 2.5 35
      vertex 0.32698 1.63803 35
      vertex 0.572948 1.23664 35
    endloop
  endfacet
  facet normal 0 0 1
    outer loop
      vertex 2.5 2.5 35
      vertex 0.14683 2.07295 35
      vertex 0.32698 1.63803 35
    endloop
  endfacet
  facet normal 0 0 1
    outer loop
      vertex 2.5 2.5 35
      vertex 0.0369349 2.5307 35
      vertex 0.14683 2.07295 35
    endloop
  endfacet
  facet normal 0.852614 -0.522542 0
    outer loop
      vertex 157.427 1.23664 35
      vertex 157.673 1.63803 0
      vertex 157.673 1.63803 35
    endloop
  endfacet
  facet normal 0.852614 -0.522542 0
    outer loop
      vertex 157.673 1.63803 0
      vertex 157.427 1.23664 35
      vertex 157.427 1.23664 0
    endloop
  endfacet
  facet normal -0.760402 -0.649452 0
    outer loop
      vertex 0.878679 0.878679 0
      vertex 0.572948 1.23664 35
      vertex 0.572948 1.23664 0
    endloop
  endfacet
  facet normal -0.760402 -0.649452 0
    outer loop
      vertex 0.572948 1.23664 35
      vertex 0.878679 0.878679 0
      vertex 0.878679 0.878679 35
    endloop
  endfacet
  facet normal -0.649452 -0.760402 0
    outer loop
      vertex 0.878679 0.878679 0
      vertex 1.23664 0.572948 35
      vertex 0.878679 0.878679 35
    endloop
  endfacet
  facet normal -0.649452 -0.760402 -0
    outer loop
      vertex 1.23664 0.572948 35
      vertex 0.878679 0.878679 0
      vertex 1.23664 0.572948 0
    endloop
  endfacet
  facet normal -0.923904 0.382624 0
    outer loop
      vertex 0.14683 115.927 0
      vertex 0.32698 116.362 35
      vertex 0.32698 116.362 0
    endloop
  endfacet
  facet normal -0.923904 0.382624 0
    outer loop
      vertex 0.32698 116.362 35
      vertex 0.14683 115.927 0
      vertex 0.14683 115.927 35
    endloop
  endfacet
  facet normal 0.233323 -0.972399 0
    outer loop
      vertex 155.469 0.0369349 0
      vertex 155.927 0.14683 35
      vertex 155.469 0.0369349 35
    endloop
  endfacet
  facet normal 0.233323 -0.972399 0
    outer loop
      vertex 155.927 0.14683 35
      vertex 155.469 0.0369349 0
      vertex 155.927 0.14683 0
    endloop
  endfacet
  facet normal 0.382624 -0.923904 0
    outer loop
      vertex 155.927 0.14683 0
      vertex 156.362 0.32698 35
      vertex 155.927 0.14683 35
    endloop
  endfacet
  facet normal 0.382624 -0.923904 0
    outer loop
      vertex 156.362 0.32698 35
      vertex 155.927 0.14683 0
      vertex 156.362 0.32698 0
    endloop
  endfacet
  facet normal 0.522911 0.852387 -0
    outer loop
      vertex 156.763 117.427 0
      vertex 156.362 117.673 35
      vertex 156.763 117.427 35
    endloop
  endfacet
  facet normal 0.522911 0.852387 0
    outer loop
      vertex 156.362 117.673 35
      vertex 156.763 117.427 0
      vertex 156.362 117.673 0
    endloop
  endfacet
  facet normal 0.522862 -0.852418 0
    outer loop
      vertex 156.362 0.32698 0
      vertex 156.763 0.572948 35
      vertex 156.362 0.32698 35
    endloop
  endfacet
  facet normal 0.522862 -0.852418 0
    outer loop
      vertex 156.763 0.572948 35
      vertex 156.362 0.32698 0
      vertex 156.763 0.572948 0
    endloop
  endfacet
  facet normal -0.522542 0.852614 0
    outer loop
      vertex 1.63803 117.673 0
      vertex 1.23664 117.427 35
      vertex 1.63803 117.673 35
    endloop
  endfacet
  facet normal -0.522542 0.852614 0
    outer loop
      vertex 1.23664 117.427 35
      vertex 1.63803 117.673 0
      vertex 1.23664 117.427 0
    endloop
  endfacet
  facet normal -0.972399 0.233323 0
    outer loop
      vertex 0.0369349 115.469 0
      vertex 0.14683 115.927 35
      vertex 0.14683 115.927 0
    endloop
  endfacet
  facet normal -0.972399 0.233323 0
    outer loop
      vertex 0.14683 115.927 35
      vertex 0.0369349 115.469 0
      vertex 0.0369349 115.469 35
    endloop
  endfacet
  facet normal 0.649411 -0.760437 0
    outer loop
      vertex 156.763 0.572948 0
      vertex 157.121 0.878679 35
      vertex 156.763 0.572948 35
    endloop
  endfacet
  facet normal 0.649411 -0.760437 0
    outer loop
      vertex 157.121 0.878679 35
      vertex 156.763 0.572948 0
      vertex 157.121 0.878679 0
    endloop
  endfacet
  facet normal -0.996917 -0.0784595 0
    outer loop
      vertex 0.0369349 2.5307 0
      vertex 0 3 35
      vertex 0 3 0
    endloop
  endfacet
  facet normal -0.996917 -0.0784595 0
    outer loop
      vertex 0 3 35
      vertex 0.0369349 2.5307 0
      vertex 0.0369349 2.5307 35
    endloop
  endfacet
  facet normal -1 0 0
    outer loop
      vertex 155.5 80.81 19.5
      vertex 155.5 111.412 2.5
      vertex 155.5 80.81 7.5
    endloop
  endfacet
  facet normal -1 0 0
    outer loop
      vertex 155.5 111.412 2.5
      vertex 155.5 64.81 7.5
      vertex 155.5 80.81 7.5
    endloop
  endfacet
  facet normal -1 0 0
    outer loop
      vertex 155.5 64.81 7.5
      vertex 155.5 60.81 7.5
      vertex 155.5 64.81 19.5
    endloop
  endfacet
  facet normal -1 0 0
    outer loop
      vertex 155.5 111.412 2.5
      vertex 155.5 60.81 7.5
      vertex 155.5 64.81 7.5
    endloop
  endfacet
  facet normal -1 0 0
    outer loop
      vertex 155.5 6.58844 2.5
      vertex 155.5 60.81 7.5
      vertex 155.5 111.412 2.5
    endloop
  endfacet
  facet normal -1 -0 0
    outer loop
      vertex 155.5 44.81 7.5
      vertex 155.5 6.58844 2.5
      vertex 155.5 44.81 19.5
    endloop
  endfacet
  facet normal -1 -0 0
    outer loop
      vertex 155.5 60.81 7.5
      vertex 155.5 6.58844 2.5
      vertex 155.5 44.81 7.5
    endloop
  endfacet
  facet normal -1 0 0
    outer loop
      vertex 155.5 111.412 2.5
      vertex 155.5 80.81 19.5
      vertex 155.5 111.412 35
    endloop
  endfacet
  facet normal -1 0 0
    outer loop
      vertex 155.5 64.81 19.5
      vertex 155.5 111.412 35
      vertex 155.5 80.81 19.5
    endloop
  endfacet
  facet normal -1 0 0
    outer loop
      vertex 155.5 60.81 19.5
      vertex 155.5 64.81 19.5
      vertex 155.5 60.81 7.5
    endloop
  endfacet
  facet normal -1 0 0
    outer loop
      vertex 155.5 60.81 19.5
      vertex 155.5 111.412 35
      vertex 155.5 64.81 19.5
    endloop
  endfacet
  facet normal -1 0 0
    outer loop
      vertex 155.5 6.58844 35
      vertex 155.5 60.81 19.5
      vertex 155.5 44.81 19.5
    endloop
  endfacet
  facet normal -1 0 0
    outer loop
      vertex 155.5 60.81 19.5
      vertex 155.5 6.58844 35
      vertex 155.5 111.412 35
    endloop
  endfacet
  facet normal -1 0 0
    outer loop
      vertex 155.5 6.58844 35
      vertex 155.5 44.81 19.5
      vertex 155.5 6.58844 2.5
    endloop
  endfacet
  facet normal 0 0 0
    outer loop
      vertex 155.5 111.412 35
      vertex 155.5 6.58844 35
      vertex 155.5 2.5 35
    endloop
  endfacet
  facet normal 0 0 0
    outer loop
      vertex 155.5 2.5 35
      vertex 155.5 115.5 35
      vertex 155.5 111.412 35
    endloop
  endfacet
  facet normal 0 0 1
    outer loop
      vertex 10.3828 9.21901 2.5
      vertex 10.3828 8.78099 2.5
      vertex 10.4 9 2.5
    endloop
  endfacet
  facet normal 0 0 1
    outer loop
      vertex 10.3315 9.43262 2.5
      vertex 10.3828 8.78099 2.5
      vertex 10.3828 9.21901 2.5
    endloop
  endfacet
  facet normal 0 0 1
    outer loop
      vertex 10.3315 9.43262 2.5
      vertex 10.3315 8.56738 2.5
      vertex 10.3828 8.78099 2.5
    endloop
  endfacet
  facet normal 0 0 1
    outer loop
      vertex 10.2474 9.63559 2.5
      vertex 10.3315 8.56738 2.5
      vertex 10.3315 9.43262 2.5
    endloop
  endfacet
  facet normal 0 0 1
    outer loop
      vertex 10.2474 9.63559 2.5
      vertex 10.2474 8.36441 2.5
      vertex 10.3315 8.56738 2.5
    endloop
  endfacet
  facet normal 0 0 1
    outer loop
      vertex 10.1326 9.8229 2.5
      vertex 10.2474 8.36441 2.5
      vertex 10.2474 9.63559 2.5
    endloop
  endfacet
  facet normal 0 0 1
    outer loop
      vertex 10.1326 9.8229 2.5
      vertex 10.1326 8.1771 2.5
      vertex 10.2474 8.36441 2.5
    endloop
  endfacet
  facet normal 0 0 1
    outer loop
      vertex 9.98995 9.98995 2.5
      vertex 10.1326 8.1771 2.5
      vertex 10.1326 9.8229 2.5
    endloop
  endfacet
  facet normal 0 0 1
    outer loop
      vertex 9.98995 9.98995 2.5
      vertex 9.98995 8.01005 2.5
      vertex 10.1326 8.1771 2.5
    endloop
  endfacet
  facet normal 0 0 1
    outer loop
      vertex 9.8229 10.1326 2.5
      vertex 9.98995 8.01005 2.5
      vertex 9.98995 9.98995 2.5
    endloop
  endfacet
  facet normal 0 0 1
    outer loop
      vertex 9.8229 10.1326 2.5
      vertex 9.8229 7.86738 2.5
      vertex 9.98995 8.01005 2.5
    endloop
  endfacet
  facet normal 0 0 1
    outer loop
      vertex 9.63559 10.2474 2.5
      vertex 9.8229 7.86738 2.5
      vertex 9.8229 10.1326 2.5
    endloop
  endfacet
  facet normal 0 0 1
    outer loop
      vertex 9.63559 10.2474 2.5
      vertex 9.63559 7.75259 2.5
      vertex 9.8229 7.86738 2.5
    endloop
  endfacet
  facet normal 0 0 1
    outer loop
      vertex 9.43262 10.3315 2.5
      vertex 9.63559 7.75259 2.5
      vertex 9.63559 10.2474 2.5
    endloop
  endfacet
  facet normal 0 0 1
    outer loop
      vertex 9.43262 10.3315 2.5
      vertex 9.43262 7.66852 2.5
      vertex 9.63559 7.75259 2.5
    endloop
  endfacet
  facet normal 0 0 1
    outer loop
      vertex 9.21901 10.3828 2.5
      vertex 9.43262 7.66852 2.5
      vertex 9.43262 10.3315 2.5
    endloop
  endfacet
  facet normal 0 0 1
    outer loop
      vertex 9.21901 10.3828 2.5
      vertex 9.21901 7.61724 2.5
      vertex 9.43262 7.66852 2.5
    endloop
  endfacet
  facet normal 0 0 1
    outer loop
      vertex 9 10.4 2.5
      vertex 9.21901 7.61724 2.5
      vertex 9.21901 10.3828 2.5
    endloop
  endfacet
  facet normal 0 0 1
    outer loop
      vertex 9 10.4 2.5
      vertex 9 7.6 2.5
      vertex 9.21901 7.61724 2.5
    endloop
  endfacet
  facet normal -0 0 1
    outer loop
      vertex 8.78099 10.3828 2.5
      vertex 9 7.6 2.5
      vertex 9 10.4 2.5
    endloop
  endfacet
  facet normal 0 0 1
    outer loop
      vertex 8.78099 10.3828 2.5
      vertex 8.78099 7.61724 2.5
      vertex 9 7.6 2.5
    endloop
  endfacet
  facet normal -0 0 1
    outer loop
      vertex 8.56738 10.3315 2.5
      vertex 8.78099 7.61724 2.5
      vertex 8.78099 10.3828 2.5
    endloop
  endfacet
  facet normal 0 0 1
    outer loop
      vertex 8.56738 10.3315 2.5
      vertex 8.56738 7.66852 2.5
      vertex 8.78099 7.61724 2.5
    endloop
  endfacet
  facet normal -0 0 1
    outer loop
      vertex 8.36441 10.2474 2.5
      vertex 8.56738 7.66852 2.5
      vertex 8.56738 10.3315 2.5
    endloop
  endfacet
  facet normal 0 0 1
    outer loop
      vertex 8.36441 10.2474 2.5
      vertex 8.36441 7.75259 2.5
      vertex 8.56738 7.66852 2.5
    endloop
  endfacet
  facet normal -0 0 1
    outer loop
      vertex 8.1771 10.1326 2.5
      vertex 8.36441 7.75259 2.5
      vertex 8.36441 10.2474 2.5
    endloop
  endfacet
  facet normal 0 0 1
    outer loop
      vertex 8.1771 10.1326 2.5
      vertex 8.1771 7.86738 2.5
      vertex 8.36441 7.75259 2.5
    endloop
  endfacet
  facet normal -0 0 1
    outer loop
      vertex 8.01005 9.98995 2.5
      vertex 8.1771 7.86738 2.5
      vertex 8.1771 10.1326 2.5
    endloop
  endfacet
  facet normal 0 0 1
    outer loop
      vertex 8.01005 9.98995 2.5
      vertex 8.01005 8.01005 2.5
      vertex 8.1771 7.86738 2.5
    endloop
  endfacet
  facet normal -0 0 1
    outer loop
      vertex 7.86738 9.8229 2.5
      vertex 8.01005 8.01005 2.5
      vertex 8.01005 9.98995 2.5
    endloop
  endfacet
  facet normal 0 0 1
    outer loop
      vertex 7.86738 9.8229 2.5
      vertex 7.86738 8.1771 2.5
      vertex 8.01005 8.01005 2.5
    endloop
  endfacet
  facet normal -0 0 1
    outer loop
      vertex 7.75259 9.63559 2.5
      vertex 7.86738 8.1771 2.5
      vertex 7.86738 9.8229 2.5
    endloop
  endfacet
  facet normal 0 0 1
    outer loop
      vertex 7.75259 9.63559 2.5
      vertex 7.75259 8.36441 2.5
      vertex 7.86738 8.1771 2.5
    endloop
  endfacet
  facet normal -0 0 1
    outer loop
      vertex 7.66852 9.43262 2.5
      vertex 7.75259 8.36441 2.5
      vertex 7.75259 9.63559 2.5
    endloop
  endfacet
  facet normal 0 0 1
    outer loop
      vertex 7.66852 9.43262 2.5
      vertex 7.66852 8.56738 2.5
      vertex 7.75259 8.36441 2.5
    endloop
  endfacet
  facet normal -0 0 1
    outer loop
      vertex 7.61724 9.21901 2.5
      vertex 7.66852 8.56738 2.5
      vertex 7.66852 9.43262 2.5
    endloop
  endfacet
  facet normal 0 0 1
    outer loop
      vertex 7.61724 9.21901 2.5
      vertex 7.61724 8.78099 2.5
      vertex 7.66852 8.56738 2.5
    endloop
  endfacet
  facet normal 0 -0 1
    outer loop
      vertex 7.61724 8.78099 2.5
      vertex 7.61724 9.21901 2.5
      vertex 7.6 9 2.5
    endloop
  endfacet
  facet normal 0 0 1
    outer loop
      vertex 10.3828 109.219 2.5
      vertex 10.3828 108.781 2.5
      vertex 10.4 109 2.5
    endloop
  endfacet
  facet normal 0 0 1
    outer loop
      vertex 10.3315 109.433 2.5
      vertex 10.3828 108.781 2.5
      vertex 10.3828 109.219 2.5
    endloop
  endfacet
  facet normal 0 0 1
    outer loop
      vertex 10.3315 109.433 2.5
      vertex 10.3315 108.567 2.5
      vertex 10.3828 108.781 2.5
    endloop
  endfacet
  facet normal 0 0 1
    outer loop
      vertex 10.2474 109.636 2.5
      vertex 10.3315 108.567 2.5
      vertex 10.3315 109.433 2.5
    endloop
  endfacet
  facet normal 0 0 1
    outer loop
      vertex 10.2474 109.636 2.5
      vertex 10.2474 108.364 2.5
      vertex 10.3315 108.567 2.5
    endloop
  endfacet
  facet normal 0 0 1
    outer loop
      vertex 10.1326 109.823 2.5
      vertex 10.2474 108.364 2.5
      vertex 10.2474 109.636 2.5
    endloop
  endfacet
  facet normal 0 0 1
    outer loop
      vertex 10.1326 109.823 2.5
      vertex 10.1326 108.177 2.5
      vertex 10.2474 108.364 2.5
    endloop
  endfacet
  facet normal 0 0 1
    outer loop
      vertex 9.98995 109.99 2.5
      vertex 10.1326 108.177 2.5
      vertex 10.1326 109.823 2.5
    endloop
  endfacet
  facet normal 0 0 1
    outer loop
      vertex 9.98995 109.99 2.5
      vertex 9.98995 108.01 2.5
      vertex 10.1326 108.177 2.5
    endloop
  endfacet
  facet normal 0 0 1
    outer loop
      vertex 9.8229 110.133 2.5
      vertex 9.98995 108.01 2.5
      vertex 9.98995 109.99 2.5
    endloop
  endfacet
  facet normal 0 0 1
    outer loop
      vertex 9.8229 110.133 2.5
      vertex 9.8229 107.867 2.5
      vertex 9.98995 108.01 2.5
    endloop
  endfacet
  facet normal 0 0 1
    outer loop
      vertex 9.63559 110.247 2.5
      vertex 9.8229 107.867 2.5
      vertex 9.8229 110.133 2.5
    endloop
  endfacet
  facet normal 0 0 1
    outer loop
      vertex 9.63559 110.247 2.5
      vertex 9.63559 107.753 2.5
      vertex 9.8229 107.867 2.5
    endloop
  endfacet
  facet normal 0 0 1
    outer loop
      vertex 9.43262 110.331 2.5
      vertex 9.63559 107.753 2.5
      vertex 9.63559 110.247 2.5
    endloop
  endfacet
  facet normal 0 0 1
    outer loop
      vertex 9.43262 110.331 2.5
      vertex 9.43262 107.669 2.5
      vertex 9.63559 107.753 2.5
    endloop
  endfacet
  facet normal 0 0 1
    outer loop
      vertex 9.21901 110.383 2.5
      vertex 9.43262 107.669 2.5
      vertex 9.43262 110.331 2.5
    endloop
  endfacet
  facet normal 0 0 1
    outer loop
      vertex 9.21901 110.383 2.5
      vertex 9.21901 107.617 2.5
      vertex 9.43262 107.669 2.5
    endloop
  endfacet
  facet normal 0 0 1
    outer loop
      vertex 9 110.4 2.5
      vertex 9.21901 107.617 2.5
      vertex 9.21901 110.383 2.5
    endloop
  endfacet
  facet normal 0 0 1
    outer loop
      vertex 9 110.4 2.5
      vertex 9 107.6 2.5
      vertex 9.21901 107.617 2.5
    endloop
  endfacet
  facet normal -0 0 1
    outer loop
      vertex 8.78099 110.383 2.5
      vertex 9 107.6 2.5
      vertex 9 110.4 2.5
    endloop
  endfacet
  facet normal 0 0 1
    outer loop
      vertex 8.78099 110.383 2.5
      vertex 8.78099 107.617 2.5
      vertex 9 107.6 2.5
    endloop
  endfacet
  facet normal -0 0 1
    outer loop
      vertex 8.56738 110.331 2.5
      vertex 8.78099 107.617 2.5
      vertex 8.78099 110.383 2.5
    endloop
  endfacet
  facet normal 0 0 1
    outer loop
      vertex 8.56738 110.331 2.5
      vertex 8.56738 107.669 2.5
      vertex 8.78099 107.617 2.5
    endloop
  endfacet
  facet normal -0 0 1
    outer loop
      vertex 8.36441 110.247 2.5
      vertex 8.56738 107.669 2.5
      vertex 8.56738 110.331 2.5
    endloop
  endfacet
  facet normal 0 0 1
    outer loop
      vertex 8.36441 110.247 2.5
      vertex 8.36441 107.753 2.5
      vertex 8.56738 107.669 2.5
    endloop
  endfacet
  facet normal -0 0 1
    outer loop
      vertex 8.1771 110.133 2.5
      vertex 8.36441 107.753 2.5
      vertex 8.36441 110.247 2.5
    endloop
  endfacet
  facet normal 0 0 1
    outer loop
      vertex 8.1771 110.133 2.5
      vertex 8.1771 107.867 2.5
      vertex 8.36441 107.753 2.5
    endloop
  endfacet
  facet normal -0 0 1
    outer loop
      vertex 8.01005 109.99 2.5
      vertex 8.1771 107.867 2.5
      vertex 8.1771 110.133 2.5
    endloop
  endfacet
  facet normal 0 0 1
    outer loop
      vertex 8.01005 109.99 2.5
      vertex 8.01005 108.01 2.5
      vertex 8.1771 107.867 2.5
    endloop
  endfacet
  facet normal -0 0 1
    outer loop
      vertex 7.86738 109.823 2.5
      vertex 8.01005 108.01 2.5
      vertex 8.01005 109.99 2.5
    endloop
  endfacet
  facet normal 0 0 1
    outer loop
      vertex 7.86738 109.823 2.5
      vertex 7.86738 108.177 2.5
      vertex 8.01005 108.01 2.5
    endloop
  endfacet
  facet normal -0 0 1
    outer loop
      vertex 7.75259 109.636 2.5
      vertex 7.86738 108.177 2.5
      vertex 7.86738 109.823 2.5
    endloop
  endfacet
  facet normal 0 0 1
    outer loop
      vertex 7.75259 109.636 2.5
      vertex 7.75259 108.364 2.5
      vertex 7.86738 108.177 2.5
    endloop
  endfacet
  facet normal -0 0 1
    outer loop
      vertex 7.66852 109.433 2.5
      vertex 7.75259 108.364 2.5
      vertex 7.75259 109.636 2.5
    endloop
  endfacet
  facet normal 0 0 1
    outer loop
      vertex 7.66852 109.433 2.5
      vertex 7.66852 108.567 2.5
      vertex 7.75259 108.364 2.5
    endloop
  endfacet
  facet normal -0 0 1
    outer loop
      vertex 7.61724 109.219 2.5
      vertex 7.66852 108.567 2.5
      vertex 7.66852 109.433 2.5
    endloop
  endfacet
  facet normal 0 0 1
    outer loop
      vertex 7.61724 109.219 2.5
      vertex 7.61724 108.781 2.5
      vertex 7.66852 108.567 2.5
    endloop
  endfacet
  facet normal 0 -0 1
    outer loop
      vertex 7.61724 108.781 2.5
      vertex 7.61724 109.219 2.5
      vertex 7.6 109 2.5
    endloop
  endfacet
  facet normal 0 0 1
    outer loop
      vertex 150.383 9.21901 2.5
      vertex 150.383 8.78099 2.5
      vertex 150.4 9 2.5
    endloop
  endfacet
  facet normal 0 0 1
    outer loop
      vertex 150.331 9.43262 2.5
      vertex 150.383 8.78099 2.5
      vertex 150.383 9.21901 2.5
    endloop
  endfacet
  facet normal 0 0 1
    outer loop
      vertex 150.331 9.43262 2.5
      vertex 150.331 8.56738 2.5
      vertex 150.383 8.78099 2.5
    endloop
  endfacet
  facet normal 0 0 1
    outer loop
      vertex 150.247 9.63559 2.5
      vertex 150.331 8.56738 2.5
      vertex 150.331 9.43262 2.5
    endloop
  endfacet
  facet normal 0 0 1
    outer loop
      vertex 150.247 9.63559 2.5
      vertex 150.247 8.36441 2.5
      vertex 150.331 8.56738 2.5
    endloop
  endfacet
  facet normal 0 0 1
    outer loop
      vertex 150.133 9.8229 2.5
      vertex 150.247 8.36441 2.5
      vertex 150.247 9.63559 2.5
    endloop
  endfacet
  facet normal 0 0 1
    outer loop
      vertex 150.133 9.8229 2.5
      vertex 150.133 8.1771 2.5
      vertex 150.247 8.36441 2.5
    endloop
  endfacet
  facet normal 0 0 1
    outer loop
      vertex 149.99 9.98995 2.5
      vertex 150.133 8.1771 2.5
      vertex 150.133 9.8229 2.5
    endloop
  endfacet
  facet normal 0 0 1
    outer loop
      vertex 149.99 9.98995 2.5
      vertex 149.99 8.01005 2.5
      vertex 150.133 8.1771 2.5
    endloop
  endfacet
  facet normal 0 0 1
    outer loop
      vertex 149.823 10.1326 2.5
      vertex 149.99 8.01005 2.5
      vertex 149.99 9.98995 2.5
    endloop
  endfacet
  facet normal 0 0 1
    outer loop
      vertex 149.823 10.1326 2.5
      vertex 149.823 7.86738 2.5
      vertex 149.99 8.01005 2.5
    endloop
  endfacet
  facet normal 0 0 1
    outer loop
      vertex 149.636 10.2474 2.5
      vertex 149.823 7.86738 2.5
      vertex 149.823 10.1326 2.5
    endloop
  endfacet
  facet normal 0 0 1
    outer loop
      vertex 149.636 10.2474 2.5
      vertex 149.636 7.75259 2.5
      vertex 149.823 7.86738 2.5
    endloop
  endfacet
  facet normal 0 0 1
    outer loop
      vertex 149.433 10.3315 2.5
      vertex 149.636 7.75259 2.5
      vertex 149.636 10.2474 2.5
    endloop
  endfacet
  facet normal 0 0 1
    outer loop
      vertex 149.433 10.3315 2.5
      vertex 149.433 7.66852 2.5
      vertex 149.636 7.75259 2.5
    endloop
  endfacet
  facet normal 0 0 1
    outer loop
      vertex 149.219 10.3828 2.5
      vertex 149.433 7.66852 2.5
      vertex 149.433 10.3315 2.5
    endloop
  endfacet
  facet normal 0 0 1
    outer loop
      vertex 149.219 10.3828 2.5
      vertex 149.219 7.61724 2.5
      vertex 149.433 7.66852 2.5
    endloop
  endfacet
  facet normal 0 0 1
    outer loop
      vertex 149 10.4 2.5
      vertex 149.219 7.61724 2.5
      vertex 149.219 10.3828 2.5
    endloop
  endfacet
  facet normal 0 0 1
    outer loop
      vertex 149 10.4 2.5
      vertex 149 7.6 2.5
      vertex 149.219 7.61724 2.5
    endloop
  endfacet
  facet normal -0 0 1
    outer loop
      vertex 148.781 10.3828 2.5
      vertex 149 7.6 2.5
      vertex 149 10.4 2.5
    endloop
  endfacet
  facet normal 0 0 1
    outer loop
      vertex 148.781 10.3828 2.5
      vertex 148.781 7.61724 2.5
      vertex 149 7.6 2.5
    endloop
  endfacet
  facet normal -0 0 1
    outer loop
      vertex 148.567 10.3315 2.5
      vertex 148.781 7.61724 2.5
      vertex 148.781 10.3828 2.5
    endloop
  endfacet
  facet normal 0 0 1
    outer loop
      vertex 148.567 10.3315 2.5
      vertex 148.567 7.66852 2.5
      vertex 148.781 7.61724 2.5
    endloop
  endfacet
  facet normal -0 0 1
    outer loop
      vertex 148.364 10.2474 2.5
      vertex 148.567 7.66852 2.5
      vertex 148.567 10.3315 2.5
    endloop
  endfacet
  facet normal 0 0 1
    outer loop
      vertex 148.364 10.2474 2.5
      vertex 148.364 7.75259 2.5
      vertex 148.567 7.66852 2.5
    endloop
  endfacet
  facet normal -0 0 1
    outer loop
      vertex 148.177 10.1326 2.5
      vertex 148.364 7.75259 2.5
      vertex 148.364 10.2474 2.5
    endloop
  endfacet
  facet normal 0 0 1
    outer loop
      vertex 148.177 10.1326 2.5
      vertex 148.177 7.86738 2.5
      vertex 148.364 7.75259 2.5
    endloop
  endfacet
  facet normal -0 0 1
    outer loop
      vertex 148.01 9.98995 2.5
      vertex 148.177 7.86738 2.5
      vertex 148.177 10.1326 2.5
    endloop
  endfacet
  facet normal 0 0 1
    outer loop
      vertex 148.01 9.98995 2.5
      vertex 148.01 8.01005 2.5
      vertex 148.177 7.86738 2.5
    endloop
  endfacet
  facet normal -0 0 1
    outer loop
      vertex 147.867 9.8229 2.5
      vertex 148.01 8.01005 2.5
      vertex 148.01 9.98995 2.5
    endloop
  endfacet
  facet normal 0 0 1
    outer loop
      vertex 147.867 9.8229 2.5
      vertex 147.867 8.1771 2.5
      vertex 148.01 8.01005 2.5
    endloop
  endfacet
  facet normal -0 0 1
    outer loop
      vertex 147.753 9.63559 2.5
      vertex 147.867 8.1771 2.5
      vertex 147.867 9.8229 2.5
    endloop
  endfacet
  facet normal 0 0 1
    outer loop
      vertex 147.753 9.63559 2.5
      vertex 147.753 8.36441 2.5
      vertex 147.867 8.1771 2.5
    endloop
  endfacet
  facet normal -0 0 1
    outer loop
      vertex 147.669 9.43262 2.5
      vertex 147.753 8.36441 2.5
      vertex 147.753 9.63559 2.5
    endloop
  endfacet
  facet normal 0 0 1
    outer loop
      vertex 147.669 9.43262 2.5
      vertex 147.669 8.56738 2.5
      vertex 147.753 8.36441 2.5
    endloop
  endfacet
  facet normal -0 0 1
    outer loop
      vertex 147.617 9.21901 2.5
      vertex 147.669 8.56738 2.5
      vertex 147.669 9.43262 2.5
    endloop
  endfacet
  facet normal 0 0 1
    outer loop
      vertex 147.617 9.21901 2.5
      vertex 147.617 8.78099 2.5
      vertex 147.669 8.56738 2.5
    endloop
  endfacet
  facet normal 0 -0 1
    outer loop
      vertex 147.617 8.78099 2.5
      vertex 147.617 9.21901 2.5
      vertex 147.6 9 2.5
    endloop
  endfacet
  facet normal 0 0 1
    outer loop
      vertex 150.383 109.219 2.5
      vertex 150.383 108.781 2.5
      vertex 150.4 109 2.5
    endloop
  endfacet
  facet normal 0 0 1
    outer loop
      vertex 150.331 109.433 2.5
      vertex 150.383 108.781 2.5
      vertex 150.383 109.219 2.5
    endloop
  endfacet
  facet normal 0 0 1
    outer loop
      vertex 150.331 109.433 2.5
      vertex 150.331 108.567 2.5
      vertex 150.383 108.781 2.5
    endloop
  endfacet
  facet normal 0 0 1
    outer loop
      vertex 150.247 109.636 2.5
      vertex 150.331 108.567 2.5
      vertex 150.331 109.433 2.5
    endloop
  endfacet
  facet normal 0 0 1
    outer loop
      vertex 150.247 109.636 2.5
      vertex 150.247 108.364 2.5
      vertex 150.331 108.567 2.5
    endloop
  endfacet
  facet normal 0 0 1
    outer loop
      vertex 150.133 109.823 2.5
      vertex 150.247 108.364 2.5
      vertex 150.247 109.636 2.5
    endloop
  endfacet
  facet normal 0 0 1
    outer loop
      vertex 150.133 109.823 2.5
      vertex 150.133 108.177 2.5
      vertex 150.247 108.364 2.5
    endloop
  endfacet
  facet normal 0 0 1
    outer loop
      vertex 149.99 109.99 2.5
      vertex 150.133 108.177 2.5
      vertex 150.133 109.823 2.5
    endloop
  endfacet
  facet normal 0 0 1
    outer loop
      vertex 149.99 109.99 2.5
      vertex 149.99 108.01 2.5
      vertex 150.133 108.177 2.5
    endloop
  endfacet
  facet normal 0 0 1
    outer loop
      vertex 149.823 110.133 2.5
      vertex 149.99 108.01 2.5
      vertex 149.99 109.99 2.5
    endloop
  endfacet
  facet normal 0 0 1
    outer loop
      vertex 149.823 110.133 2.5
      vertex 149.823 107.867 2.5
      vertex 149.99 108.01 2.5
    endloop
  endfacet
  facet normal 0 0 1
    outer loop
      vertex 149.636 110.247 2.5
      vertex 149.823 107.867 2.5
      vertex 149.823 110.133 2.5
    endloop
  endfacet
  facet normal 0 0 1
    outer loop
      vertex 149.636 110.247 2.5
      vertex 149.636 107.753 2.5
      vertex 149.823 107.867 2.5
    endloop
  endfacet
  facet normal 0 0 1
    outer loop
      vertex 149.433 110.331 2.5
      vertex 149.636 107.753 2.5
      vertex 149.636 110.247 2.5
    endloop
  endfacet
  facet normal 0 0 1
    outer loop
      vertex 149.433 110.331 2.5
      vertex 149.433 107.669 2.5
      vertex 149.636 107.753 2.5
    endloop
  endfacet
  facet normal 0 0 1
    outer loop
      vertex 149.219 110.383 2.5
      vertex 149.433 107.669 2.5
      vertex 149.433 110.331 2.5
    endloop
  endfacet
  facet normal 0 0 1
    outer loop
      vertex 149.219 110.383 2.5
      vertex 149.219 107.617 2.5
      vertex 149.433 107.669 2.5
    endloop
  endfacet
  facet normal 0 0 1
    outer loop
      vertex 149 110.4 2.5
      vertex 149.219 107.617 2.5
      vertex 149.219 110.383 2.5
    endloop
  endfacet
  facet normal 0 0 1
    outer loop
      vertex 149 110.4 2.5
      vertex 149 107.6 2.5
      vertex 149.219 107.617 2.5
    endloop
  endfacet
  facet normal -0 0 1
    outer loop
      vertex 148.781 110.383 2.5
      vertex 149 107.6 2.5
      vertex 149 110.4 2.5
    endloop
  endfacet
  facet normal 0 0 1
    outer loop
      vertex 148.781 110.383 2.5
      vertex 148.781 107.617 2.5
      vertex 149 107.6 2.5
    endloop
  endfacet
  facet normal -0 0 1
    outer loop
      vertex 148.567 110.331 2.5
      vertex 148.781 107.617 2.5
      vertex 148.781 110.383 2.5
    endloop
  endfacet
  facet normal 0 0 1
    outer loop
      vertex 148.567 110.331 2.5
      vertex 148.567 107.669 2.5
      vertex 148.781 107.617 2.5
    endloop
  endfacet
  facet normal -0 0 1
    outer loop
      vertex 148.364 110.247 2.5
      vertex 148.567 107.669 2.5
      vertex 148.567 110.331 2.5
    endloop
  endfacet
  facet normal 0 0 1
    outer loop
      vertex 148.364 110.247 2.5
      vertex 148.364 107.753 2.5
      vertex 148.567 107.669 2.5
    endloop
  endfacet
  facet normal -0 0 1
    outer loop
      vertex 148.177 110.133 2.5
      vertex 148.364 107.753 2.5
      vertex 148.364 110.247 2.5
    endloop
  endfacet
  facet normal 0 0 1
    outer loop
      vertex 148.177 110.133 2.5
      vertex 148.177 107.867 2.5
      vertex 148.364 107.753 2.5
    endloop
  endfacet
  facet normal -0 0 1
    outer loop
      vertex 148.01 109.99 2.5
      vertex 148.177 107.867 2.5
      vertex 148.177 110.133 2.5
    endloop
  endfacet
  facet normal 0 0 1
    outer loop
      vertex 148.01 109.99 2.5
      vertex 148.01 108.01 2.5
      vertex 148.177 107.867 2.5
    endloop
  endfacet
  facet normal -0 0 1
    outer loop
      vertex 147.867 109.823 2.5
      vertex 148.01 108.01 2.5
      vertex 148.01 109.99 2.5
    endloop
  endfacet
  facet normal 0 0 1
    outer loop
      vertex 147.867 109.823 2.5
      vertex 147.867 108.177 2.5
      vertex 148.01 108.01 2.5
    endloop
  endfacet
  facet normal -0 0 1
    outer loop
      vertex 147.753 109.636 2.5
      vertex 147.867 108.177 2.5
      vertex 147.867 109.823 2.5
    endloop
  endfacet
  facet normal 0 0 1
    outer loop
      vertex 147.753 109.636 2.5
      vertex 147.753 108.364 2.5
      vertex 147.867 108.177 2.5
    endloop
  endfacet
  facet normal -0 0 1
    outer loop
      vertex 147.669 109.433 2.5
      vertex 147.753 108.364 2.5
      vertex 147.753 109.636 2.5
    endloop
  endfacet
  facet normal 0 0 1
    outer loop
      vertex 147.669 109.433 2.5
      vertex 147.669 108.567 2.5
      vertex 147.753 108.364 2.5
    endloop
  endfacet
  facet normal -0 0 1
    outer loop
      vertex 147.617 109.219 2.5
      vertex 147.669 108.567 2.5
      vertex 147.669 109.433 2.5
    endloop
  endfacet
  facet normal 0 0 1
    outer loop
      vertex 147.617 109.219 2.5
      vertex 147.617 108.781 2.5
      vertex 147.669 108.567 2.5
    endloop
  endfacet
  facet normal 0 -0 1
    outer loop
      vertex 147.617 108.781 2.5
      vertex 147.617 109.219 2.5
      vertex 147.6 109 2.5
    endloop
  endfacet
  facet normal 0 0 1
    outer loop
      vertex 149 112.5 2.5
      vertex 151 114 2.5
      vertex 151.037 114.469 2.5
    endloop
  endfacet
  facet normal 0 0 1
    outer loop
      vertex 151 114 2.5
      vertex 150.082 112.329 2.5
      vertex 150.589 112.119 2.5
    endloop
  endfacet
  facet normal 0 0 1
    outer loop
      vertex 148.452 112.457 2.5
      vertex 151.037 114.469 2.5
      vertex 151.147 114.927 2.5
    endloop
  endfacet
  facet normal 0 0 1
    outer loop
      vertex 151 114 2.5
      vertex 149.548 112.457 2.5
      vertex 150.082 112.329 2.5
    endloop
  endfacet
  facet normal 0 0 1
    outer loop
      vertex 147.918 112.329 2.5
      vertex 151.147 114.927 2.5
      vertex 151.327 115.362 2.5
    endloop
  endfacet
  facet normal 0 0 1
    outer loop
      vertex 151 114 2.5
      vertex 149 112.5 2.5
      vertex 149.548 112.457 2.5
    endloop
  endfacet
  facet normal 0 0 1
    outer loop
      vertex 147.411 112.119 2.5
      vertex 151.327 115.362 2.5
      vertex 151.412 115.5 2.5
    endloop
  endfacet
  facet normal 0 0 1
    outer loop
      vertex 151.037 114.469 2.5
      vertex 148.452 112.457 2.5
      vertex 149 112.5 2.5
    endloop
  endfacet
  facet normal 0 0 1
    outer loop
      vertex 151.147 114.927 2.5
      vertex 147.918 112.329 2.5
      vertex 148.452 112.457 2.5
    endloop
  endfacet
  facet normal 0 0 1
    outer loop
      vertex 151.327 115.362 2.5
      vertex 147.411 112.119 2.5
      vertex 147.918 112.329 2.5
    endloop
  endfacet
  facet normal 0 0 1
    outer loop
      vertex 151.412 115.5 2.5
      vertex 146.943 111.832 2.5
      vertex 147.411 112.119 2.5
    endloop
  endfacet
  facet normal 0 0 1
    outer loop
      vertex 146.168 106.943 2.5
      vertex 11.8316 106.943 2.5
      vertex 146.168 11.0572 2.5
    endloop
  endfacet
  facet normal 0 0 1
    outer loop
      vertex 145.543 109.548 2.5
      vertex 12.5 109 2.5
      vertex 145.5 109 2.5
    endloop
  endfacet
  facet normal 0 0 1
    outer loop
      vertex 12.4569 109.548 2.5
      vertex 145.543 109.548 2.5
      vertex 145.671 110.082 2.5
    endloop
  endfacet
  facet normal 0 0 1
    outer loop
      vertex 12.3287 110.082 2.5
      vertex 145.671 110.082 2.5
      vertex 145.881 110.589 2.5
    endloop
  endfacet
  facet normal 0 0 1
    outer loop
      vertex 12.1185 110.589 2.5
      vertex 145.881 110.589 2.5
      vertex 146.168 111.057 2.5
    endloop
  endfacet
  facet normal 0 0 1
    outer loop
      vertex 11.8316 111.057 2.5
      vertex 146.168 111.057 2.5
      vertex 146.525 111.475 2.5
    endloop
  endfacet
  facet normal 0 0 1
    outer loop
      vertex 11.4749 111.475 2.5
      vertex 146.525 111.475 2.5
      vertex 146.943 111.832 2.5
    endloop
  endfacet
  facet normal 0 0 1
    outer loop
      vertex 11.0572 111.832 2.5
      vertex 146.943 111.832 2.5
      vertex 151.412 115.5 2.5
    endloop
  endfacet
  facet normal 0 0 1
    outer loop
      vertex 145.543 109.548 2.5
      vertex 12.4569 109.548 2.5
      vertex 12.5 109 2.5
    endloop
  endfacet
  facet normal 0 0 1
    outer loop
      vertex 145.671 110.082 2.5
      vertex 12.3287 110.082 2.5
      vertex 12.4569 109.548 2.5
    endloop
  endfacet
  facet normal 0 0 1
    outer loop
      vertex 145.881 110.589 2.5
      vertex 12.1185 110.589 2.5
      vertex 12.3287 110.082 2.5
    endloop
  endfacet
  facet normal 0 0 1
    outer loop
      vertex 146.168 111.057 2.5
      vertex 11.8316 111.057 2.5
      vertex 12.1185 110.589 2.5
    endloop
  endfacet
  facet normal 0 0 1
    outer loop
      vertex 146.525 111.475 2.5
      vertex 11.4749 111.475 2.5
      vertex 11.8316 111.057 2.5
    endloop
  endfacet
  facet normal 0 0 1
    outer loop
      vertex 146.943 111.832 2.5
      vertex 11.0572 111.832 2.5
      vertex 11.4749 111.475 2.5
    endloop
  endfacet
  facet normal -0 0 1
    outer loop
      vertex 6.58844 115.5 2.5
      vertex 11.0572 111.832 2.5
      vertex 151.412 115.5 2.5
    endloop
  endfacet
  facet normal 0 0 1
    outer loop
      vertex 11.0572 111.832 2.5
      vertex 6.58844 115.5 2.5
      vertex 10.589 112.119 2.5
    endloop
  endfacet
  facet normal -0 -0 1
    outer loop
      vertex 6.67302 115.362 2.5
      vertex 10.589 112.119 2.5
      vertex 6.58844 115.5 2.5
    endloop
  endfacet
  facet normal 0 0 1
    outer loop
      vertex 10.589 112.119 2.5
      vertex 6.67302 115.362 2.5
      vertex 10.0816 112.329 2.5
    endloop
  endfacet
  facet normal 0 0 1
    outer loop
      vertex 8.45248 112.457 2.5
      vertex 6.96306 113.531 2.5
      vertex 7.91844 112.329 2.5
    endloop
  endfacet
  facet normal -0 0 1
    outer loop
      vertex 6.96306 113.531 2.5
      vertex 8.45248 112.457 2.5
      vertex 7 114 2.5
    endloop
  endfacet
  facet normal 0 0 1
    outer loop
      vertex 9 112.5 2.5
      vertex 7 114 2.5
      vertex 8.45248 112.457 2.5
    endloop
  endfacet
  facet normal -0 -0 1
    outer loop
      vertex 6.85317 114.927 2.5
      vertex 10.0816 112.329 2.5
      vertex 6.67302 115.362 2.5
    endloop
  endfacet
  facet normal 0 0 1
    outer loop
      vertex 9 112.5 2.5
      vertex 6.96306 114.469 2.5
      vertex 7 114 2.5
    endloop
  endfacet
  facet normal 0 0 1
    outer loop
      vertex 9.54752 112.457 2.5
      vertex 6.96306 114.469 2.5
      vertex 9 112.5 2.5
    endloop
  endfacet
  facet normal -0 -0 1
    outer loop
      vertex 6.96306 114.469 2.5
      vertex 9.54752 112.457 2.5
      vertex 6.85317 114.927 2.5
    endloop
  endfacet
  facet normal 0 0 1
    outer loop
      vertex 10.0816 112.329 2.5
      vertex 6.85317 114.927 2.5
      vertex 9.54752 112.457 2.5
    endloop
  endfacet
  facet normal -0 0 1
    outer loop
      vertex 155.362 111.327 2.5
      vertex 152.119 107.411 2.5
      vertex 155.5 111.412 2.5
    endloop
  endfacet
  facet normal 0 0 1
    outer loop
      vertex 155.5 6.58844 2.5
      vertex 152.457 9.54752 2.5
      vertex 152.5 9 2.5
    endloop
  endfacet
  facet normal 0 0 1
    outer loop
      vertex 151.832 106.943 2.5
      vertex 155.5 111.412 2.5
      vertex 152.119 107.411 2.5
    endloop
  endfacet
  facet normal 0 0 1
    outer loop
      vertex 155.5 6.58844 2.5
      vertex 152.329 10.0816 2.5
      vertex 152.457 9.54752 2.5
    endloop
  endfacet
  facet normal 0 0 1
    outer loop
      vertex 155.5 111.412 2.5
      vertex 151.832 106.943 2.5
      vertex 155.5 6.58844 2.5
    endloop
  endfacet
  facet normal 0 0 1
    outer loop
      vertex 155.5 6.58844 2.5
      vertex 152.119 10.589 2.5
      vertex 152.329 10.0816 2.5
    endloop
  endfacet
  facet normal -0 0 1
    outer loop
      vertex 151.832 11.0572 2.5
      vertex 155.5 6.58844 2.5
      vertex 151.832 106.943 2.5
    endloop
  endfacet
  facet normal 0 0 1
    outer loop
      vertex 155.5 6.58844 2.5
      vertex 151.832 11.0572 2.5
      vertex 152.119 10.589 2.5
    endloop
  endfacet
  facet normal -0 0 1
    outer loop
      vertex 151.475 106.525 2.5
      vertex 151.832 11.0572 2.5
      vertex 151.832 106.943 2.5
    endloop
  endfacet
  facet normal 0 0 1
    outer loop
      vertex 151.475 106.525 2.5
      vertex 151.475 11.4749 2.5
      vertex 151.832 11.0572 2.5
    endloop
  endfacet
  facet normal -0 0 1
    outer loop
      vertex 151.057 106.168 2.5
      vertex 151.475 11.4749 2.5
      vertex 151.475 106.525 2.5
    endloop
  endfacet
  facet normal 0 0 1
    outer loop
      vertex 151.057 106.168 2.5
      vertex 151.057 11.8316 2.5
      vertex 151.475 11.4749 2.5
    endloop
  endfacet
  facet normal -0 0 1
    outer loop
      vertex 150.589 105.881 2.5
      vertex 151.057 11.8316 2.5
      vertex 151.057 106.168 2.5
    endloop
  endfacet
  facet normal 0 0 1
    outer loop
      vertex 150.589 105.881 2.5
      vertex 150.589 12.1185 2.5
      vertex 151.057 11.8316 2.5
    endloop
  endfacet
  facet normal -0 0 1
    outer loop
      vertex 150.082 105.671 2.5
      vertex 150.589 12.1185 2.5
      vertex 150.589 105.881 2.5
    endloop
  endfacet
  facet normal 0 0 1
    outer loop
      vertex 150.082 105.671 2.5
      vertex 150.082 12.3287 2.5
      vertex 150.589 12.1185 2.5
    endloop
  endfacet
  facet normal -0 0 1
    outer loop
      vertex 149.548 105.543 2.5
      vertex 150.082 12.3287 2.5
      vertex 150.082 105.671 2.5
    endloop
  endfacet
  facet normal 0 0 1
    outer loop
      vertex 149.548 105.543 2.5
      vertex 149.548 12.4569 2.5
      vertex 150.082 12.3287 2.5
    endloop
  endfacet
  facet normal -0 0 1
    outer loop
      vertex 149 105.5 2.5
      vertex 149.548 12.4569 2.5
      vertex 149.548 105.543 2.5
    endloop
  endfacet
  facet normal 0 0 1
    outer loop
      vertex 149 105.5 2.5
      vertex 149 12.5 2.5
      vertex 149.548 12.4569 2.5
    endloop
  endfacet
  facet normal 0 0 1
    outer loop
      vertex 148.452 105.543 2.5
      vertex 149 12.5 2.5
      vertex 149 105.5 2.5
    endloop
  endfacet
  facet normal 0 0 1
    outer loop
      vertex 148.452 105.543 2.5
      vertex 148.452 12.4569 2.5
      vertex 149 12.5 2.5
    endloop
  endfacet
  facet normal 0 0 1
    outer loop
      vertex 147.918 105.671 2.5
      vertex 148.452 12.4569 2.5
      vertex 148.452 105.543 2.5
    endloop
  endfacet
  facet normal 0 0 1
    outer loop
      vertex 147.918 105.671 2.5
      vertex 147.918 12.3287 2.5
      vertex 148.452 12.4569 2.5
    endloop
  endfacet
  facet normal 0 0 1
    outer loop
      vertex 147.411 105.881 2.5
      vertex 147.918 12.3287 2.5
      vertex 147.918 105.671 2.5
    endloop
  endfacet
  facet normal 0 0 1
    outer loop
      vertex 147.411 105.881 2.5
      vertex 147.411 12.1185 2.5
      vertex 147.918 12.3287 2.5
    endloop
  endfacet
  facet normal 0 0 1
    outer loop
      vertex 146.943 106.168 2.5
      vertex 147.411 12.1185 2.5
      vertex 147.411 105.881 2.5
    endloop
  endfacet
  facet normal 0 0 1
    outer loop
      vertex 146.943 106.168 2.5
      vertex 146.943 11.8316 2.5
      vertex 147.411 12.1185 2.5
    endloop
  endfacet
  facet normal 0 0 1
    outer loop
      vertex 146.525 106.525 2.5
      vertex 146.943 11.8316 2.5
      vertex 146.943 106.168 2.5
    endloop
  endfacet
  facet normal 0 0 1
    outer loop
      vertex 146.525 106.525 2.5
      vertex 146.525 11.4749 2.5
      vertex 146.943 11.8316 2.5
    endloop
  endfacet
  facet normal 0 0 1
    outer loop
      vertex 146.168 106.943 2.5
      vertex 146.525 11.4749 2.5
      vertex 146.525 106.525 2.5
    endloop
  endfacet
  facet normal 0 0 1
    outer loop
      vertex 146.168 106.943 2.5
      vertex 146.168 11.0572 2.5
      vertex 146.525 11.4749 2.5
    endloop
  endfacet
  facet normal 0 0 1
    outer loop
      vertex 12.3287 107.918 2.5
      vertex 145.671 107.918 2.5
      vertex 12.4569 108.452 2.5
    endloop
  endfacet
  facet normal 0 0 1
    outer loop
      vertex 145.671 107.918 2.5
      vertex 12.3287 107.918 2.5
      vertex 145.881 107.411 2.5
    endloop
  endfacet
  facet normal 0 0 1
    outer loop
      vertex 145.543 108.452 2.5
      vertex 12.4569 108.452 2.5
      vertex 145.671 107.918 2.5
    endloop
  endfacet
  facet normal 0 0 1
    outer loop
      vertex 12.1185 107.411 2.5
      vertex 145.881 107.411 2.5
      vertex 12.3287 107.918 2.5
    endloop
  endfacet
  facet normal 0 0 1
    outer loop
      vertex 12.4569 108.452 2.5
      vertex 145.543 108.452 2.5
      vertex 12.5 109 2.5
    endloop
  endfacet
  facet normal 0 0 1
    outer loop
      vertex 145.881 107.411 2.5
      vertex 12.1185 107.411 2.5
      vertex 146.168 106.943 2.5
    endloop
  endfacet
  facet normal -0 0 1
    outer loop
      vertex 12.5 109 2.5
      vertex 145.543 108.452 2.5
      vertex 145.5 109 2.5
    endloop
  endfacet
  facet normal 0 0 1
    outer loop
      vertex 11.8316 106.943 2.5
      vertex 146.168 106.943 2.5
      vertex 12.1185 107.411 2.5
    endloop
  endfacet
  facet normal 0 0 1
    outer loop
      vertex 152.329 107.918 2.5
      vertex 154.927 111.147 2.5
      vertex 152.457 108.452 2.5
    endloop
  endfacet
  facet normal -0 0 1
    outer loop
      vertex 154.927 111.147 2.5
      vertex 152.329 107.918 2.5
      vertex 155.362 111.327 2.5
    endloop
  endfacet
  facet normal -0 0 1
    outer loop
      vertex 154.469 111.037 2.5
      vertex 152.457 108.452 2.5
      vertex 154.927 111.147 2.5
    endloop
  endfacet
  facet normal 0 0 1
    outer loop
      vertex 152.119 107.411 2.5
      vertex 155.362 111.327 2.5
      vertex 152.329 107.918 2.5
    endloop
  endfacet
  facet normal 0 0 1
    outer loop
      vertex 152.457 108.452 2.5
      vertex 154.469 111.037 2.5
      vertex 152.5 109 2.5
    endloop
  endfacet
  facet normal 0 0 1
    outer loop
      vertex 155.5 6.58844 2.5
      vertex 152.5 9 2.5
      vertex 155.362 6.67302 2.5
    endloop
  endfacet
  facet normal 0 0 1
    outer loop
      vertex 152.5 109 2.5
      vertex 154.469 111.037 2.5
      vertex 154 111 2.5
    endloop
  endfacet
  facet normal 0 0 1
    outer loop
      vertex 155.362 6.67302 2.5
      vertex 152.5 9 2.5
      vertex 154.927 6.85317 2.5
    endloop
  endfacet
  facet normal 0 0 1
    outer loop
      vertex 152.457 109.548 2.5
      vertex 154 111 2.5
      vertex 153.531 111.037 2.5
    endloop
  endfacet
  facet normal 0 0 1
    outer loop
      vertex 154.927 6.85317 2.5
      vertex 152.5 9 2.5
      vertex 154.469 6.96306 2.5
    endloop
  endfacet
  facet normal 0 0 1
    outer loop
      vertex 152.329 110.082 2.5
      vertex 153.531 111.037 2.5
      vertex 153.073 111.147 2.5
    endloop
  endfacet
  facet normal 0 0 1
    outer loop
      vertex 154.469 6.96306 2.5
      vertex 152.5 9 2.5
      vertex 154 7 2.5
    endloop
  endfacet
  facet normal 0 0 1
    outer loop
      vertex 152.119 110.589 2.5
      vertex 153.073 111.147 2.5
      vertex 152.638 111.327 2.5
    endloop
  endfacet
  facet normal -0 0 1
    outer loop
      vertex 152.457 8.45248 2.5
      vertex 154 7 2.5
      vertex 152.5 9 2.5
    endloop
  endfacet
  facet normal 0 0 1
    outer loop
      vertex 154 7 2.5
      vertex 152.457 8.45248 2.5
      vertex 153.531 6.96306 2.5
    endloop
  endfacet
  facet normal 0 0 1
    outer loop
      vertex 154 111 2.5
      vertex 152.457 109.548 2.5
      vertex 152.5 109 2.5
    endloop
  endfacet
  facet normal 0 0 1
    outer loop
      vertex 153.531 111.037 2.5
      vertex 152.329 110.082 2.5
      vertex 152.457 109.548 2.5
    endloop
  endfacet
  facet normal 0 0 1
    outer loop
      vertex 151.832 111.057 2.5
      vertex 152.638 111.327 2.5
      vertex 152.237 111.573 2.5
    endloop
  endfacet
  facet normal 0 0 1
    outer loop
      vertex 153.073 111.147 2.5
      vertex 152.119 110.589 2.5
      vertex 152.329 110.082 2.5
    endloop
  endfacet
  facet normal 0 0 1
    outer loop
      vertex 151.475 111.475 2.5
      vertex 152.237 111.573 2.5
      vertex 151.879 111.879 2.5
    endloop
  endfacet
  facet normal 0 0 1
    outer loop
      vertex 152.638 111.327 2.5
      vertex 151.832 111.057 2.5
      vertex 152.119 110.589 2.5
    endloop
  endfacet
  facet normal 0 0 1
    outer loop
      vertex 151.475 111.475 2.5
      vertex 151.879 111.879 2.5
      vertex 151.573 112.237 2.5
    endloop
  endfacet
  facet normal 0 0 1
    outer loop
      vertex 152.237 111.573 2.5
      vertex 151.475 111.475 2.5
      vertex 151.832 111.057 2.5
    endloop
  endfacet
  facet normal 0 0 1
    outer loop
      vertex 151.057 111.832 2.5
      vertex 151.573 112.237 2.5
      vertex 151.327 112.638 2.5
    endloop
  endfacet
  facet normal 0 0 1
    outer loop
      vertex 150.589 112.119 2.5
      vertex 151.327 112.638 2.5
      vertex 151.147 113.073 2.5
    endloop
  endfacet
  facet normal 0 0 1
    outer loop
      vertex 151.573 112.237 2.5
      vertex 151.057 111.832 2.5
      vertex 151.475 111.475 2.5
    endloop
  endfacet
  facet normal 0 0 1
    outer loop
      vertex 150.589 112.119 2.5
      vertex 151.147 113.073 2.5
      vertex 151.037 113.531 2.5
    endloop
  endfacet
  facet normal 0 0 1
    outer loop
      vertex 150.589 112.119 2.5
      vertex 151.037 113.531 2.5
      vertex 151 114 2.5
    endloop
  endfacet
  facet normal 0 0 1
    outer loop
      vertex 151.327 112.638 2.5
      vertex 150.589 112.119 2.5
      vertex 151.057 111.832 2.5
    endloop
  endfacet
  facet normal -0 0 1
    outer loop
      vertex 152.329 7.91844 2.5
      vertex 153.531 6.96306 2.5
      vertex 152.457 8.45248 2.5
    endloop
  endfacet
  facet normal 0 0 1
    outer loop
      vertex 153.531 6.96306 2.5
      vertex 152.329 7.91844 2.5
      vertex 153.073 6.85317 2.5
    endloop
  endfacet
  facet normal -0 0 1
    outer loop
      vertex 152.119 7.41103 2.5
      vertex 153.073 6.85317 2.5
      vertex 152.329 7.91844 2.5
    endloop
  endfacet
  facet normal 0 0 1
    outer loop
      vertex 153.073 6.85317 2.5
      vertex 152.119 7.41103 2.5
      vertex 152.638 6.67302 2.5
    endloop
  endfacet
  facet normal -0 0 1
    outer loop
      vertex 151.832 6.94275 2.5
      vertex 152.638 6.67302 2.5
      vertex 152.119 7.41103 2.5
    endloop
  endfacet
  facet normal 0 0 1
    outer loop
      vertex 152.638 6.67302 2.5
      vertex 151.832 6.94275 2.5
      vertex 152.237 6.42705 2.5
    endloop
  endfacet
  facet normal -0 0 1
    outer loop
      vertex 151.475 6.52513 2.5
      vertex 152.237 6.42705 2.5
      vertex 151.832 6.94275 2.5
    endloop
  endfacet
  facet normal 0 0 1
    outer loop
      vertex 152.237 6.42705 2.5
      vertex 151.475 6.52513 2.5
      vertex 151.879 6.12132 2.5
    endloop
  endfacet
  facet normal 0 0 1
    outer loop
      vertex 151.879 6.12132 2.5
      vertex 151.475 6.52513 2.5
      vertex 151.573 5.76336 2.5
    endloop
  endfacet
  facet normal -0 0 1
    outer loop
      vertex 151.057 6.16844 2.5
      vertex 151.573 5.76336 2.5
      vertex 151.475 6.52513 2.5
    endloop
  endfacet
  facet normal 0 0 1
    outer loop
      vertex 151.573 5.76336 2.5
      vertex 151.057 6.16844 2.5
      vertex 151.327 5.36197 2.5
    endloop
  endfacet
  facet normal -0 0 1
    outer loop
      vertex 150.589 5.88148 2.5
      vertex 151.327 5.36197 2.5
      vertex 151.057 6.16844 2.5
    endloop
  endfacet
  facet normal 0 0 1
    outer loop
      vertex 151.327 5.36197 2.5
      vertex 150.589 5.88148 2.5
      vertex 151.147 4.92705 2.5
    endloop
  endfacet
  facet normal -0 0 1
    outer loop
      vertex 150.082 5.6713 2.5
      vertex 151.147 4.92705 2.5
      vertex 150.589 5.88148 2.5
    endloop
  endfacet
  facet normal 0 0 1
    outer loop
      vertex 151.147 4.92705 2.5
      vertex 150.082 5.6713 2.5
      vertex 151.037 4.4693 2.5
    endloop
  endfacet
  facet normal -0 0 1
    outer loop
      vertex 149.548 5.54309 2.5
      vertex 151.037 4.4693 2.5
      vertex 150.082 5.6713 2.5
    endloop
  endfacet
  facet normal 0 0 1
    outer loop
      vertex 151.037 4.4693 2.5
      vertex 149.548 5.54309 2.5
      vertex 151 4 2.5
    endloop
  endfacet
  facet normal -0 0 1
    outer loop
      vertex 149 5.5 2.5
      vertex 151 4 2.5
      vertex 149.548 5.54309 2.5
    endloop
  endfacet
  facet normal 0 0 1
    outer loop
      vertex 151 4 2.5
      vertex 149 5.5 2.5
      vertex 151.037 3.5307 2.5
    endloop
  endfacet
  facet normal 0 0 1
    outer loop
      vertex 148.452 5.54309 2.5
      vertex 151.037 3.5307 2.5
      vertex 149 5.5 2.5
    endloop
  endfacet
  facet normal 0 0 1
    outer loop
      vertex 151.037 3.5307 2.5
      vertex 148.452 5.54309 2.5
      vertex 151.147 3.07295 2.5
    endloop
  endfacet
  facet normal 0 0 1
    outer loop
      vertex 147.918 5.6713 2.5
      vertex 151.147 3.07295 2.5
      vertex 148.452 5.54309 2.5
    endloop
  endfacet
  facet normal 0 0 1
    outer loop
      vertex 151.147 3.07295 2.5
      vertex 147.918 5.6713 2.5
      vertex 151.327 2.63803 2.5
    endloop
  endfacet
  facet normal 0 0 1
    outer loop
      vertex 147.411 5.88148 2.5
      vertex 151.327 2.63803 2.5
      vertex 147.918 5.6713 2.5
    endloop
  endfacet
  facet normal 0 0 1
    outer loop
      vertex 151.327 2.63803 2.5
      vertex 147.411 5.88148 2.5
      vertex 151.412 2.5 2.5
    endloop
  endfacet
  facet normal 0 0 1
    outer loop
      vertex 146.943 6.16844 2.5
      vertex 151.412 2.5 2.5
      vertex 147.411 5.88148 2.5
    endloop
  endfacet
  facet normal 0 0 1
    outer loop
      vertex 11.8316 11.0572 2.5
      vertex 146.168 11.0572 2.5
      vertex 11.8316 106.943 2.5
    endloop
  endfacet
  facet normal 0 0 1
    outer loop
      vertex 146.168 11.0572 2.5
      vertex 11.8316 11.0572 2.5
      vertex 145.881 10.589 2.5
    endloop
  endfacet
  facet normal 0 -0 1
    outer loop
      vertex 12.1185 10.589 2.5
      vertex 145.881 10.589 2.5
      vertex 11.8316 11.0572 2.5
    endloop
  endfacet
  facet normal 0 0 1
    outer loop
      vertex 145.881 10.589 2.5
      vertex 12.1185 10.589 2.5
      vertex 145.671 10.0816 2.5
    endloop
  endfacet
  facet normal 0 -0 1
    outer loop
      vertex 12.3287 10.0816 2.5
      vertex 145.671 10.0816 2.5
      vertex 12.1185 10.589 2.5
    endloop
  endfacet
  facet normal 0 0 1
    outer loop
      vertex 145.671 10.0816 2.5
      vertex 12.3287 10.0816 2.5
      vertex 145.543 9.54752 2.5
    endloop
  endfacet
  facet normal 0 -0 1
    outer loop
      vertex 12.4569 9.54752 2.5
      vertex 145.543 9.54752 2.5
      vertex 12.3287 10.0816 2.5
    endloop
  endfacet
  facet normal 0 0 1
    outer loop
      vertex 145.543 9.54752 2.5
      vertex 12.4569 9.54752 2.5
      vertex 145.5 9 2.5
    endloop
  endfacet
  facet normal 0 0 1
    outer loop
      vertex 11.8316 6.94275 2.5
      vertex 146.168 6.94275 2.5
      vertex 12.1185 7.41103 2.5
    endloop
  endfacet
  facet normal 0 0 1
    outer loop
      vertex 146.168 6.94275 2.5
      vertex 11.8316 6.94275 2.5
      vertex 146.525 6.52513 2.5
    endloop
  endfacet
  facet normal 0 0 1
    outer loop
      vertex 11.4749 6.52513 2.5
      vertex 146.525 6.52513 2.5
      vertex 11.8316 6.94275 2.5
    endloop
  endfacet
  facet normal 0 0 1
    outer loop
      vertex 146.525 6.52513 2.5
      vertex 11.4749 6.52513 2.5
      vertex 146.943 6.16844 2.5
    endloop
  endfacet
  facet normal 0 0 1
    outer loop
      vertex 11.0572 6.16844 2.5
      vertex 146.943 6.16844 2.5
      vertex 11.4749 6.52513 2.5
    endloop
  endfacet
  facet normal 0 0 1
    outer loop
      vertex 146.943 6.16844 2.5
      vertex 11.0572 6.16844 2.5
      vertex 151.412 2.5 2.5
    endloop
  endfacet
  facet normal 0 0 1
    outer loop
      vertex 6.58844 2.5 2.5
      vertex 11.0572 6.16844 2.5
      vertex 10.589 5.88148 2.5
    endloop
  endfacet
  facet normal 0 0 1
    outer loop
      vertex 6.67302 2.63803 2.5
      vertex 10.589 5.88148 2.5
      vertex 10.0816 5.6713 2.5
    endloop
  endfacet
  facet normal 0 0 1
    outer loop
      vertex 6.85317 3.07295 2.5
      vertex 10.0816 5.6713 2.5
      vertex 9.54752 5.54309 2.5
    endloop
  endfacet
  facet normal 0 0 1
    outer loop
      vertex 6.96306 3.5307 2.5
      vertex 9.54752 5.54309 2.5
      vertex 9 5.5 2.5
    endloop
  endfacet
  facet normal 0 0 1
    outer loop
      vertex 6.85317 4.92705 2.5
      vertex 7.91844 5.6713 2.5
      vertex 7.41103 5.88148 2.5
    endloop
  endfacet
  facet normal 0 0 1
    outer loop
      vertex 6.96306 4.4693 2.5
      vertex 8.45248 5.54309 2.5
      vertex 7.91844 5.6713 2.5
    endloop
  endfacet
  facet normal 0 0 1
    outer loop
      vertex 7 4 2.5
      vertex 9 5.5 2.5
      vertex 8.45248 5.54309 2.5
    endloop
  endfacet
  facet normal 0 0 1
    outer loop
      vertex 6.96306 3.5307 2.5
      vertex 9 5.5 2.5
      vertex 7 4 2.5
    endloop
  endfacet
  facet normal 0 0 1
    outer loop
      vertex 9.54752 5.54309 2.5
      vertex 6.96306 3.5307 2.5
      vertex 6.85317 3.07295 2.5
    endloop
  endfacet
  facet normal 0 0 1
    outer loop
      vertex 10.0816 5.6713 2.5
      vertex 6.85317 3.07295 2.5
      vertex 6.67302 2.63803 2.5
    endloop
  endfacet
  facet normal 0 0 1
    outer loop
      vertex 10.589 5.88148 2.5
      vertex 6.67302 2.63803 2.5
      vertex 6.58844 2.5 2.5
    endloop
  endfacet
  facet normal 0 0 1
    outer loop
      vertex 11.0572 6.16844 2.5
      vertex 6.58844 2.5 2.5
      vertex 151.412 2.5 2.5
    endloop
  endfacet
  facet normal 0 0 1
    outer loop
      vertex 8.45248 5.54309 2.5
      vertex 6.96306 4.4693 2.5
      vertex 7 4 2.5
    endloop
  endfacet
  facet normal 0 0 1
    outer loop
      vertex 6.67302 5.36197 2.5
      vertex 7.41103 5.88148 2.5
      vertex 6.94275 6.16844 2.5
    endloop
  endfacet
  facet normal 0 0 1
    outer loop
      vertex 7.91844 5.6713 2.5
      vertex 6.85317 4.92705 2.5
      vertex 6.96306 4.4693 2.5
    endloop
  endfacet
  facet normal 0 0 1
    outer loop
      vertex 7.41103 5.88148 2.5
      vertex 6.67302 5.36197 2.5
      vertex 6.85317 4.92705 2.5
    endloop
  endfacet
  facet normal 0 0 1
    outer loop
      vertex 6.42705 5.76336 2.5
      vertex 6.94275 6.16844 2.5
      vertex 6.52513 6.52513 2.5
    endloop
  endfacet
  facet normal 0 0 1
    outer loop
      vertex 6.94275 6.16844 2.5
      vertex 6.42705 5.76336 2.5
      vertex 6.67302 5.36197 2.5
    endloop
  endfacet
  facet normal 0 0 1
    outer loop
      vertex 5.76336 6.42705 2.5
      vertex 6.52513 6.52513 2.5
      vertex 6.16844 6.94275 2.5
    endloop
  endfacet
  facet normal 0 0 1
    outer loop
      vertex 6.52513 6.52513 2.5
      vertex 6.12132 6.12132 2.5
      vertex 6.42705 5.76336 2.5
    endloop
  endfacet
  facet normal 0 0 1
    outer loop
      vertex 5.36197 6.67302 2.5
      vertex 6.16844 6.94275 2.5
      vertex 5.88148 7.41103 2.5
    endloop
  endfacet
  facet normal 0 0 1
    outer loop
      vertex 6.52513 6.52513 2.5
      vertex 5.76336 6.42705 2.5
      vertex 6.12132 6.12132 2.5
    endloop
  endfacet
  facet normal 0 0 1
    outer loop
      vertex 4.92705 6.85317 2.5
      vertex 5.88148 7.41103 2.5
      vertex 5.6713 7.91844 2.5
    endloop
  endfacet
  facet normal 0 0 1
    outer loop
      vertex 4.4693 6.96306 2.5
      vertex 5.6713 7.91844 2.5
      vertex 5.54309 8.45248 2.5
    endloop
  endfacet
  facet normal 0 0 1
    outer loop
      vertex 6.16844 6.94275 2.5
      vertex 5.36197 6.67302 2.5
      vertex 5.76336 6.42705 2.5
    endloop
  endfacet
  facet normal 0 0 1
    outer loop
      vertex 4 7 2.5
      vertex 5.54309 8.45248 2.5
      vertex 5.5 9 2.5
    endloop
  endfacet
  facet normal 0 0 1
    outer loop
      vertex 2.63803 111.327 2.5
      vertex 5.6713 107.918 2.5
      vertex 3.07295 111.147 2.5
    endloop
  endfacet
  facet normal 0 0 1
    outer loop
      vertex 5.6713 107.918 2.5
      vertex 2.63803 111.327 2.5
      vertex 5.88148 107.411 2.5
    endloop
  endfacet
  facet normal 0 0 1
    outer loop
      vertex 5.88148 7.41103 2.5
      vertex 4.92705 6.85317 2.5
      vertex 5.36197 6.67302 2.5
    endloop
  endfacet
  facet normal 0 0 1
    outer loop
      vertex 2.5 111.412 2.5
      vertex 5.88148 107.411 2.5
      vertex 2.63803 111.327 2.5
    endloop
  endfacet
  facet normal 0 0 1
    outer loop
      vertex 5.6713 7.91844 2.5
      vertex 4.4693 6.96306 2.5
      vertex 4.92705 6.85317 2.5
    endloop
  endfacet
  facet normal 0 0 1
    outer loop
      vertex 5.88148 107.411 2.5
      vertex 2.5 111.412 2.5
      vertex 5.88148 10.589 2.5
    endloop
  endfacet
  facet normal 0 0 1
    outer loop
      vertex 5.54309 8.45248 2.5
      vertex 4 7 2.5
      vertex 4.4693 6.96306 2.5
    endloop
  endfacet
  facet normal 0 0 1
    outer loop
      vertex 2.5 6.58844 2.5
      vertex 5.88148 10.589 2.5
      vertex 2.5 111.412 2.5
    endloop
  endfacet
  facet normal 0 0 1
    outer loop
      vertex 5.5 9 2.5
      vertex 3.5307 6.96306 2.5
      vertex 4 7 2.5
    endloop
  endfacet
  facet normal 0 -0 1
    outer loop
      vertex 2.63803 6.67302 2.5
      vertex 5.88148 10.589 2.5
      vertex 2.5 6.58844 2.5
    endloop
  endfacet
  facet normal 0 0 1
    outer loop
      vertex 5.54309 9.54752 2.5
      vertex 3.5307 6.96306 2.5
      vertex 5.5 9 2.5
    endloop
  endfacet
  facet normal 0 0 1
    outer loop
      vertex 5.88148 10.589 2.5
      vertex 2.63803 6.67302 2.5
      vertex 5.6713 10.0816 2.5
    endloop
  endfacet
  facet normal 0 -0 1
    outer loop
      vertex 3.5307 6.96306 2.5
      vertex 5.54309 9.54752 2.5
      vertex 3.07295 6.85317 2.5
    endloop
  endfacet
  facet normal 0 -0 1
    outer loop
      vertex 3.07295 6.85317 2.5
      vertex 5.6713 10.0816 2.5
      vertex 2.63803 6.67302 2.5
    endloop
  endfacet
  facet normal 0 0 1
    outer loop
      vertex 5.6713 10.0816 2.5
      vertex 3.07295 6.85317 2.5
      vertex 5.54309 9.54752 2.5
    endloop
  endfacet
  facet normal 0 -0 1
    outer loop
      vertex 12.5 9 2.5
      vertex 145.5 9 2.5
      vertex 12.4569 9.54752 2.5
    endloop
  endfacet
  facet normal 0 0 1
    outer loop
      vertex 145.881 7.41103 2.5
      vertex 12.1185 7.41103 2.5
      vertex 146.168 6.94275 2.5
    endloop
  endfacet
  facet normal 0 0 1
    outer loop
      vertex 145.5 9 2.5
      vertex 12.5 9 2.5
      vertex 145.543 8.45248 2.5
    endloop
  endfacet
  facet normal 0 0 1
    outer loop
      vertex 12.1185 7.41103 2.5
      vertex 145.881 7.41103 2.5
      vertex 12.3287 7.91844 2.5
    endloop
  endfacet
  facet normal 0 0 1
    outer loop
      vertex 12.4569 8.45248 2.5
      vertex 145.543 8.45248 2.5
      vertex 12.5 9 2.5
    endloop
  endfacet
  facet normal 0 0 1
    outer loop
      vertex 145.671 7.91844 2.5
      vertex 12.3287 7.91844 2.5
      vertex 145.881 7.41103 2.5
    endloop
  endfacet
  facet normal 0 0 1
    outer loop
      vertex 145.543 8.45248 2.5
      vertex 12.4569 8.45248 2.5
      vertex 145.671 7.91844 2.5
    endloop
  endfacet
  facet normal 0 0 1
    outer loop
      vertex 12.3287 7.91844 2.5
      vertex 145.671 7.91844 2.5
      vertex 12.4569 8.45248 2.5
    endloop
  endfacet
  facet normal -0 0 1
    outer loop
      vertex 11.4749 106.525 2.5
      vertex 11.8316 11.0572 2.5
      vertex 11.8316 106.943 2.5
    endloop
  endfacet
  facet normal 0 0 1
    outer loop
      vertex 11.4749 106.525 2.5
      vertex 11.4749 11.4749 2.5
      vertex 11.8316 11.0572 2.5
    endloop
  endfacet
  facet normal -0 0 1
    outer loop
      vertex 11.0572 106.168 2.5
      vertex 11.4749 11.4749 2.5
      vertex 11.4749 106.525 2.5
    endloop
  endfacet
  facet normal 0 0 1
    outer loop
      vertex 11.0572 106.168 2.5
      vertex 11.0572 11.8316 2.5
      vertex 11.4749 11.4749 2.5
    endloop
  endfacet
  facet normal -0 0 1
    outer loop
      vertex 10.589 105.881 2.5
      vertex 11.0572 11.8316 2.5
      vertex 11.0572 106.168 2.5
    endloop
  endfacet
  facet normal 0 0 1
    outer loop
      vertex 10.589 105.881 2.5
      vertex 10.589 12.1185 2.5
      vertex 11.0572 11.8316 2.5
    endloop
  endfacet
  facet normal -0 0 1
    outer loop
      vertex 10.0816 105.671 2.5
      vertex 10.589 12.1185 2.5
      vertex 10.589 105.881 2.5
    endloop
  endfacet
  facet normal 0 0 1
    outer loop
      vertex 10.0816 105.671 2.5
      vertex 10.0816 12.3287 2.5
      vertex 10.589 12.1185 2.5
    endloop
  endfacet
  facet normal -0 0 1
    outer loop
      vertex 9.54752 105.543 2.5
      vertex 10.0816 12.3287 2.5
      vertex 10.0816 105.671 2.5
    endloop
  endfacet
  facet normal 0 0 1
    outer loop
      vertex 9.54752 105.543 2.5
      vertex 9.54752 12.4569 2.5
      vertex 10.0816 12.3287 2.5
    endloop
  endfacet
  facet normal -0 0 1
    outer loop
      vertex 9 105.5 2.5
      vertex 9.54752 12.4569 2.5
      vertex 9.54752 105.543 2.5
    endloop
  endfacet
  facet normal 0 0 1
    outer loop
      vertex 9 105.5 2.5
      vertex 9 12.5 2.5
      vertex 9.54752 12.4569 2.5
    endloop
  endfacet
  facet normal 0 0 1
    outer loop
      vertex 8.45248 105.543 2.5
      vertex 9 12.5 2.5
      vertex 9 105.5 2.5
    endloop
  endfacet
  facet normal 0 0 1
    outer loop
      vertex 8.45248 105.543 2.5
      vertex 8.45248 12.4569 2.5
      vertex 9 12.5 2.5
    endloop
  endfacet
  facet normal 0 0 1
    outer loop
      vertex 7.91844 105.671 2.5
      vertex 8.45248 12.4569 2.5
      vertex 8.45248 105.543 2.5
    endloop
  endfacet
  facet normal 0 0 1
    outer loop
      vertex 7.91844 105.671 2.5
      vertex 7.91844 12.3287 2.5
      vertex 8.45248 12.4569 2.5
    endloop
  endfacet
  facet normal 0 0 1
    outer loop
      vertex 7.41103 105.881 2.5
      vertex 7.91844 12.3287 2.5
      vertex 7.91844 105.671 2.5
    endloop
  endfacet
  facet normal 0 0 1
    outer loop
      vertex 7.41103 105.881 2.5
      vertex 7.41103 12.1185 2.5
      vertex 7.91844 12.3287 2.5
    endloop
  endfacet
  facet normal 0 0 1
    outer loop
      vertex 6.94275 106.168 2.5
      vertex 7.41103 12.1185 2.5
      vertex 7.41103 105.881 2.5
    endloop
  endfacet
  facet normal 0 0 1
    outer loop
      vertex 6.94275 106.168 2.5
      vertex 6.94275 11.8316 2.5
      vertex 7.41103 12.1185 2.5
    endloop
  endfacet
  facet normal 0 0 1
    outer loop
      vertex 6.52513 106.525 2.5
      vertex 6.94275 11.8316 2.5
      vertex 6.94275 106.168 2.5
    endloop
  endfacet
  facet normal 0 0 1
    outer loop
      vertex 6.52513 106.525 2.5
      vertex 6.52513 11.4749 2.5
      vertex 6.94275 11.8316 2.5
    endloop
  endfacet
  facet normal 0 0 1
    outer loop
      vertex 6.16844 106.943 2.5
      vertex 6.52513 11.4749 2.5
      vertex 6.52513 106.525 2.5
    endloop
  endfacet
  facet normal 0 0 1
    outer loop
      vertex 6.16844 106.943 2.5
      vertex 6.16844 11.0572 2.5
      vertex 6.52513 11.4749 2.5
    endloop
  endfacet
  facet normal 0 0 1
    outer loop
      vertex 5.88148 107.411 2.5
      vertex 6.16844 11.0572 2.5
      vertex 6.16844 106.943 2.5
    endloop
  endfacet
  facet normal 0 0 1
    outer loop
      vertex 5.88148 107.411 2.5
      vertex 5.88148 10.589 2.5
      vertex 6.16844 11.0572 2.5
    endloop
  endfacet
  facet normal 0 0 1
    outer loop
      vertex 3.07295 111.147 2.5
      vertex 5.54309 108.452 2.5
      vertex 3.5307 111.037 2.5
    endloop
  endfacet
  facet normal 0 0 1
    outer loop
      vertex 5.54309 108.452 2.5
      vertex 3.07295 111.147 2.5
      vertex 5.6713 107.918 2.5
    endloop
  endfacet
  facet normal 0 0 1
    outer loop
      vertex 3.5307 111.037 2.5
      vertex 5.5 109 2.5
      vertex 4 111 2.5
    endloop
  endfacet
  facet normal 0 0 1
    outer loop
      vertex 5.5 109 2.5
      vertex 3.5307 111.037 2.5
      vertex 5.54309 108.452 2.5
    endloop
  endfacet
  facet normal -0 0 1
    outer loop
      vertex 4 111 2.5
      vertex 5.54309 109.548 2.5
      vertex 4.4693 111.037 2.5
    endloop
  endfacet
  facet normal 0 0 1
    outer loop
      vertex 5.54309 109.548 2.5
      vertex 4 111 2.5
      vertex 5.5 109 2.5
    endloop
  endfacet
  facet normal -0 0 1
    outer loop
      vertex 6.85317 113.073 2.5
      vertex 7.91844 112.329 2.5
      vertex 6.96306 113.531 2.5
    endloop
  endfacet
  facet normal 0 0 1
    outer loop
      vertex 7.91844 112.329 2.5
      vertex 6.85317 113.073 2.5
      vertex 7.41103 112.119 2.5
    endloop
  endfacet
  facet normal -0 0 1
    outer loop
      vertex 6.67302 112.638 2.5
      vertex 7.41103 112.119 2.5
      vertex 6.85317 113.073 2.5
    endloop
  endfacet
  facet normal 0 0 1
    outer loop
      vertex 7.41103 112.119 2.5
      vertex 6.67302 112.638 2.5
      vertex 6.94275 111.832 2.5
    endloop
  endfacet
  facet normal -0 0 1
    outer loop
      vertex 6.42705 112.237 2.5
      vertex 6.94275 111.832 2.5
      vertex 6.67302 112.638 2.5
    endloop
  endfacet
  facet normal 0 0 1
    outer loop
      vertex 6.94275 111.832 2.5
      vertex 6.42705 112.237 2.5
      vertex 6.52513 111.475 2.5
    endloop
  endfacet
  facet normal -0 0 1
    outer loop
      vertex 6.12132 111.879 2.5
      vertex 6.52513 111.475 2.5
      vertex 6.42705 112.237 2.5
    endloop
  endfacet
  facet normal -0 0 1
    outer loop
      vertex 5.76336 111.573 2.5
      vertex 6.52513 111.475 2.5
      vertex 6.12132 111.879 2.5
    endloop
  endfacet
  facet normal 0 0 1
    outer loop
      vertex 6.52513 111.475 2.5
      vertex 5.76336 111.573 2.5
      vertex 6.16844 111.057 2.5
    endloop
  endfacet
  facet normal -0 0 1
    outer loop
      vertex 5.36197 111.327 2.5
      vertex 6.16844 111.057 2.5
      vertex 5.76336 111.573 2.5
    endloop
  endfacet
  facet normal 0 0 1
    outer loop
      vertex 6.16844 111.057 2.5
      vertex 5.36197 111.327 2.5
      vertex 5.88148 110.589 2.5
    endloop
  endfacet
  facet normal -0 0 1
    outer loop
      vertex 4.92705 111.147 2.5
      vertex 5.88148 110.589 2.5
      vertex 5.36197 111.327 2.5
    endloop
  endfacet
  facet normal 0 0 1
    outer loop
      vertex 5.6713 110.082 2.5
      vertex 4.4693 111.037 2.5
      vertex 5.54309 109.548 2.5
    endloop
  endfacet
  facet normal -0 0 1
    outer loop
      vertex 4.4693 111.037 2.5
      vertex 5.6713 110.082 2.5
      vertex 4.92705 111.147 2.5
    endloop
  endfacet
  facet normal 0 0 1
    outer loop
      vertex 5.88148 110.589 2.5
      vertex 4.92705 111.147 2.5
      vertex 5.6713 110.082 2.5
    endloop
  endfacet
  facet normal 1 0 0
    outer loop
      vertex 2.5 111.412 35
      vertex 2.5 80 19.5
      vertex 2.5 111.412 2.5
    endloop
  endfacet
  facet normal 1 0 0
    outer loop
      vertex 2.5 111.412 35
      vertex 2.5 68 19.5
      vertex 2.5 80 19.5
    endloop
  endfacet
  facet normal 1 0 0
    outer loop
      vertex 2.5 68 19.5
      vertex 2.5 66 19.5
      vertex 2.5 68 7.5
    endloop
  endfacet
  facet normal 1 0 0
    outer loop
      vertex 2.5 111.412 35
      vertex 2.5 66 19.5
      vertex 2.5 68 19.5
    endloop
  endfacet
  facet normal 1 0 0
    outer loop
      vertex 2.5 111.412 35
      vertex 2.5 52 19.5
      vertex 2.5 66 19.5
    endloop
  endfacet
  facet normal 1 0 0
    outer loop
      vertex 2.5 6.58844 2.5
      vertex 2.5 52 19.5
      vertex 2.5 6.58844 35
    endloop
  endfacet
  facet normal 1 -0 0
    outer loop
      vertex 2.5 6.58844 35
      vertex 2.5 52 19.5
      vertex 2.5 111.412 35
    endloop
  endfacet
  facet normal 1 -0 0
    outer loop
      vertex 2.5 80 7.5
      vertex 2.5 111.412 2.5
      vertex 2.5 80 19.5
    endloop
  endfacet
  facet normal 1 -0 0
    outer loop
      vertex 2.5 68 7.5
      vertex 2.5 111.412 2.5
      vertex 2.5 80 7.5
    endloop
  endfacet
  facet normal 1 0 0
    outer loop
      vertex 2.5 66 7.5
      vertex 2.5 68 7.5
      vertex 2.5 66 19.5
    endloop
  endfacet
  facet normal 1 -0 0
    outer loop
      vertex 2.5 66 7.5
      vertex 2.5 111.412 2.5
      vertex 2.5 68 7.5
    endloop
  endfacet
  facet normal 1 -0 0
    outer loop
      vertex 2.5 52 7.5
      vertex 2.5 111.412 2.5
      vertex 2.5 66 7.5
    endloop
  endfacet
  facet normal 1 0 0
    outer loop
      vertex 2.5 52 7.5
      vertex 2.5 6.58844 2.5
      vertex 2.5 111.412 2.5
    endloop
  endfacet
  facet normal 1 0 0
    outer loop
      vertex 2.5 52 19.5
      vertex 2.5 6.58844 2.5
      vertex 2.5 52 7.5
    endloop
  endfacet
  facet normal 0 0 0
    outer loop
      vertex 2.5 115.5 35
      vertex 2.5 2.5 35
      vertex 2.5 6.58844 35
    endloop
  endfacet
  facet normal 0 0 0
    outer loop
      vertex 2.5 6.58844 35
      vertex 2.5 111.412 35
      vertex 2.5 115.5 35
    endloop
  endfacet
  facet normal 0 -1 0
    outer loop
      vertex 112.62 115.5 7.5
      vertex 120.62 115.5 21.5
      vertex 112.62 115.5 21.5
    endloop
  endfacet
  facet normal 0 -1 -0
    outer loop
      vertex 120.62 115.5 21.5
      vertex 112.62 115.5 7.5
      vertex 120.62 115.5 7.5
    endloop
  endfacet
  facet normal 0 -1 0
    outer loop
      vertex 82.62 115.5 7.5
      vertex 90.62 115.5 21.5
      vertex 82.62 115.5 21.5
    endloop
  endfacet
  facet normal 0 -1 -0
    outer loop
      vertex 90.62 115.5 21.5
      vertex 82.62 115.5 7.5
      vertex 90.62 115.5 7.5
    endloop
  endfacet
  facet normal 0 -1 0
    outer loop
      vertex 52.62 115.5 7.5
      vertex 60.62 115.5 21.5
      vertex 52.62 115.5 21.5
    endloop
  endfacet
  facet normal 0 -1 -0
    outer loop
      vertex 60.62 115.5 21.5
      vertex 52.62 115.5 7.5
      vertex 60.62 115.5 7.5
    endloop
  endfacet
  facet normal 0 -1 0
    outer loop
      vertex 52.62 115.5 21.5
      vertex 6.58844 115.5 35
      vertex 30.62 115.5 21.5
    endloop
  endfacet
  facet normal 0 -1 0
    outer loop
      vertex 6.58844 115.5 2.5
      vertex 30.62 115.5 21.5
      vertex 6.58844 115.5 35
    endloop
  endfacet
  facet normal 0 -1 0
    outer loop
      vertex 6.58844 115.5 2.5
      vertex 52.62 115.5 7.5
      vertex 30.62 115.5 7.5
    endloop
  endfacet
  facet normal 0 -1 -0
    outer loop
      vertex 52.62 115.5 7.5
      vertex 6.58844 115.5 2.5
      vertex 60.62 115.5 7.5
    endloop
  endfacet
  facet normal 0 -1 -0
    outer loop
      vertex 60.62 115.5 7.5
      vertex 6.58844 115.5 2.5
      vertex 82.62 115.5 7.5
    endloop
  endfacet
  facet normal 0 -1 0
    outer loop
      vertex 151.412 115.5 2.5
      vertex 82.62 115.5 7.5
      vertex 6.58844 115.5 2.5
    endloop
  endfacet
  facet normal 0 -1 0
    outer loop
      vertex 82.62 115.5 7.5
      vertex 151.412 115.5 2.5
      vertex 90.62 115.5 7.5
    endloop
  endfacet
  facet normal 0 -1 0
    outer loop
      vertex 90.62 115.5 7.5
      vertex 151.412 115.5 2.5
      vertex 112.62 115.5 7.5
    endloop
  endfacet
  facet normal 0 -1 0
    outer loop
      vertex 112.62 115.5 7.5
      vertex 151.412 115.5 2.5
      vertex 120.62 115.5 7.5
    endloop
  endfacet
  facet normal 0 -1 -0
    outer loop
      vertex 30.62 115.5 21.5
      vertex 6.58844 115.5 2.5
      vertex 30.62 115.5 7.5
    endloop
  endfacet
  facet normal 0 -1 0
    outer loop
      vertex 60.62 115.5 21.5
      vertex 6.58844 115.5 35
      vertex 52.62 115.5 21.5
    endloop
  endfacet
  facet normal 0 -1 0
    outer loop
      vertex 82.62 115.5 21.5
      vertex 6.58844 115.5 35
      vertex 60.62 115.5 21.5
    endloop
  endfacet
  facet normal 0 -1 0
    outer loop
      vertex 6.58844 115.5 35
      vertex 82.62 115.5 21.5
      vertex 151.412 115.5 35
    endloop
  endfacet
  facet normal 0 -1 0
    outer loop
      vertex 90.62 115.5 21.5
      vertex 151.412 115.5 35
      vertex 82.62 115.5 21.5
    endloop
  endfacet
  facet normal 0 -1 0
    outer loop
      vertex 112.62 115.5 21.5
      vertex 151.412 115.5 35
      vertex 90.62 115.5 21.5
    endloop
  endfacet
  facet normal 0 -1 0
    outer loop
      vertex 120.62 115.5 21.5
      vertex 151.412 115.5 35
      vertex 112.62 115.5 21.5
    endloop
  endfacet
  facet normal 0 -1 0
    outer loop
      vertex 142.62 115.5 21.5
      vertex 151.412 115.5 35
      vertex 120.62 115.5 21.5
    endloop
  endfacet
  facet normal 0 -1 0
    outer loop
      vertex 151.412 115.5 2.5
      vertex 142.62 115.5 21.5
      vertex 142.62 115.5 7.5
    endloop
  endfacet
  facet normal 0 -1 0
    outer loop
      vertex 142.62 115.5 21.5
      vertex 151.412 115.5 2.5
      vertex 151.412 115.5 35
    endloop
  endfacet
  facet normal 0 -1 0
    outer loop
      vertex 120.62 115.5 7.5
      vertex 151.412 115.5 2.5
      vertex 142.62 115.5 7.5
    endloop
  endfacet
  facet normal 0 0 0
    outer loop
      vertex 6.58844 115.5 35
      vertex 151.412 115.5 35
      vertex 155.5 115.5 35
    endloop
  endfacet
  facet normal 0 0 0
    outer loop
      vertex 155.5 115.5 35
      vertex 2.5 115.5 35
      vertex 6.58844 115.5 35
    endloop
  endfacet
  facet normal 0 1 0
    outer loop
      vertex 151.412 2.5 35
      vertex 86.5 2.5 20.5
      vertex 6.58844 2.5 35
    endloop
  endfacet
  facet normal 0 1 -0
    outer loop
      vertex 151.412 2.5 2.5
      vertex 86.5 2.5 20.5
      vertex 151.412 2.5 35
    endloop
  endfacet
  facet normal 0 1 0
    outer loop
      vertex 86.5 2.5 7.5
      vertex 151.412 2.5 2.5
      vertex 71.5 2.5 7.5
    endloop
  endfacet
  facet normal 0 1 0
    outer loop
      vertex 86.5 2.5 20.5
      vertex 151.412 2.5 2.5
      vertex 86.5 2.5 7.5
    endloop
  endfacet
  facet normal 0 1 -0
    outer loop
      vertex 71.5 2.5 20.5
      vertex 6.58844 2.5 35
      vertex 86.5 2.5 20.5
    endloop
  endfacet
  facet normal 0 1 0
    outer loop
      vertex 6.58844 2.5 2.5
      vertex 71.5 2.5 20.5
      vertex 71.5 2.5 7.5
    endloop
  endfacet
  facet normal 0 1 0
    outer loop
      vertex 71.5 2.5 20.5
      vertex 6.58844 2.5 2.5
      vertex 6.58844 2.5 35
    endloop
  endfacet
  facet normal 0 1 0
    outer loop
      vertex 6.58844 2.5 2.5
      vertex 71.5 2.5 7.5
      vertex 151.412 2.5 2.5
    endloop
  endfacet
  facet normal 0 0 0
    outer loop
      vertex 155.5 2.5 35
      vertex 151.412 2.5 35
      vertex 6.58844 2.5 35
    endloop
  endfacet
  facet normal 0 0 0
    outer loop
      vertex 155.5 2.5 35
      vertex 6.58844 2.5 35
      vertex 2.5 2.5 35
    endloop
  endfacet
  facet normal -1 0 0
    outer loop
      vertex 86.5 0 7.5
      vertex 86.5 2.5 20.5
      vertex 86.5 2.5 7.5
    endloop
  endfacet
  facet normal -1 -0 0
    outer loop
      vertex 86.5 2.5 20.5
      vertex 86.5 0 7.5
      vertex 86.5 0 20.5
    endloop
  endfacet
  facet normal 0 0 -1
    outer loop
      vertex 71.5 0 20.5
      vertex 86.5 2.5 20.5
      vertex 86.5 0 20.5
    endloop
  endfacet
  facet normal -0 0 -1
    outer loop
      vertex 86.5 2.5 20.5
      vertex 71.5 0 20.5
      vertex 71.5 2.5 20.5
    endloop
  endfacet
  facet normal -0 0 1
    outer loop
      vertex 71.5 2.5 7.5
      vertex 86.5 0 7.5
      vertex 86.5 2.5 7.5
    endloop
  endfacet
  facet normal 0 0 1
    outer loop
      vertex 86.5 0 7.5
      vertex 71.5 2.5 7.5
      vertex 71.5 0 7.5
    endloop
  endfacet
  facet normal 1 -0 0
    outer loop
      vertex 71.5 0 20.5
      vertex 71.5 2.5 7.5
      vertex 71.5 2.5 20.5
    endloop
  endfacet
  facet normal 1 0 0
    outer loop
      vertex 71.5 2.5 7.5
      vertex 71.5 0 20.5
      vertex 71.5 0 7.5
    endloop
  endfacet
  facet normal 0 0 -1
    outer loop
      vertex 0 52 19.5
      vertex 2.5 66 19.5
      vertex 2.5 52 19.5
    endloop
  endfacet
  facet normal -0 0 -1
    outer loop
      vertex 2.5 66 19.5
      vertex 0 52 19.5
      vertex 0 66 19.5
    endloop
  endfacet
  facet normal -0 0 1
    outer loop
      vertex 0 66 7.5
      vertex 2.5 52 7.5
      vertex 2.5 66 7.5
    endloop
  endfacet
  facet normal 0 0 1
    outer loop
      vertex 2.5 52 7.5
      vertex 0 66 7.5
      vertex 0 52 7.5
    endloop
  endfacet
  facet normal 0 -1 0
    outer loop
      vertex 0 66 7.5
      vertex 2.5 66 19.5
      vertex 0 66 19.5
    endloop
  endfacet
  facet normal 0 -1 -0
    outer loop
      vertex 2.5 66 19.5
      vertex 0 66 7.5
      vertex 2.5 66 7.5
    endloop
  endfacet
  facet normal 0 1 -0
    outer loop
      vertex 2.5 52 7.5
      vertex 0 52 19.5
      vertex 2.5 52 19.5
    endloop
  endfacet
  facet normal 0 1 0
    outer loop
      vertex 0 52 19.5
      vertex 2.5 52 7.5
      vertex 0 52 7.5
    endloop
  endfacet
  facet normal 0 0 -1
    outer loop
      vertex 0 68 19.5
      vertex 2.5 80 19.5
      vertex 2.5 68 19.5
    endloop
  endfacet
  facet normal -0 0 -1
    outer loop
      vertex 2.5 80 19.5
      vertex 0 68 19.5
      vertex 0 80 19.5
    endloop
  endfacet
  facet normal -0 0 1
    outer loop
      vertex 0 80 7.5
      vertex 2.5 68 7.5
      vertex 2.5 80 7.5
    endloop
  endfacet
  facet normal 0 0 1
    outer loop
      vertex 2.5 68 7.5
      vertex 0 80 7.5
      vertex 0 68 7.5
    endloop
  endfacet
  facet normal 0 -1 0
    outer loop
      vertex 0 80 7.5
      vertex 2.5 80 19.5
      vertex 0 80 19.5
    endloop
  endfacet
  facet normal 0 -1 -0
    outer loop
      vertex 2.5 80 19.5
      vertex 0 80 7.5
      vertex 2.5 80 7.5
    endloop
  endfacet
  facet normal 0 1 -0
    outer loop
      vertex 2.5 68 7.5
      vertex 0 68 19.5
      vertex 2.5 68 19.5
    endloop
  endfacet
  facet normal 0 1 0
    outer loop
      vertex 0 68 19.5
      vertex 2.5 68 7.5
      vertex 0 68 7.5
    endloop
  endfacet
  facet normal 0 0 -1
    outer loop
      vertex 155.5 64.81 19.5
      vertex 158 80.81 19.5
      vertex 158 64.81 19.5
    endloop
  endfacet
  facet normal -0 0 -1
    outer loop
      vertex 158 80.81 19.5
      vertex 155.5 64.81 19.5
      vertex 155.5 80.81 19.5
    endloop
  endfacet
  facet normal -0 0 1
    outer loop
      vertex 155.5 80.81 7.5
      vertex 158 64.81 7.5
      vertex 158 80.81 7.5
    endloop
  endfacet
  facet normal 0 0 1
    outer loop
      vertex 158 64.81 7.5
      vertex 155.5 80.81 7.5
      vertex 155.5 64.81 7.5
    endloop
  endfacet
  facet normal 0 -1 0
    outer loop
      vertex 155.5 80.81 7.5
      vertex 158 80.81 19.5
      vertex 155.5 80.81 19.5
    endloop
  endfacet
  facet normal 0 -1 -0
    outer loop
      vertex 158 80.81 19.5
      vertex 155.5 80.81 7.5
      vertex 158 80.81 7.5
    endloop
  endfacet
  facet normal 0 1 -0
    outer loop
      vertex 158 64.81 7.5
      vertex 155.5 64.81 19.5
      vertex 158 64.81 19.5
    endloop
  endfacet
  facet normal 0 1 0
    outer loop
      vertex 155.5 64.81 19.5
      vertex 158 64.81 7.5
      vertex 155.5 64.81 7.5
    endloop
  endfacet
  facet normal 0 0 -1
    outer loop
      vertex 155.5 44.81 19.5
      vertex 158 60.81 19.5
      vertex 158 44.81 19.5
    endloop
  endfacet
  facet normal -0 0 -1
    outer loop
      vertex 158 60.81 19.5
      vertex 155.5 44.81 19.5
      vertex 155.5 60.81 19.5
    endloop
  endfacet
  facet normal -0 0 1
    outer loop
      vertex 155.5 60.81 7.5
      vertex 158 44.81 7.5
      vertex 158 60.81 7.5
    endloop
  endfacet
  facet normal 0 0 1
    outer loop
      vertex 158 44.81 7.5
      vertex 155.5 60.81 7.5
      vertex 155.5 44.81 7.5
    endloop
  endfacet
  facet normal 0 -1 0
    outer loop
      vertex 155.5 60.81 7.5
      vertex 158 60.81 19.5
      vertex 155.5 60.81 19.5
    endloop
  endfacet
  facet normal 0 -1 -0
    outer loop
      vertex 158 60.81 19.5
      vertex 155.5 60.81 7.5
      vertex 158 60.81 7.5
    endloop
  endfacet
  facet normal 0 1 -0
    outer loop
      vertex 158 44.81 7.5
      vertex 155.5 44.81 19.5
      vertex 158 44.81 19.5
    endloop
  endfacet
  facet normal 0 1 0
    outer loop
      vertex 155.5 44.81 19.5
      vertex 158 44.81 7.5
      vertex 155.5 44.81 7.5
    endloop
  endfacet
  facet normal 0.0784577 -0.996917 0
    outer loop
      vertex 9 5.5 2.5
      vertex 9.54752 5.54309 7.5
      vertex 9 5.5 7.5
    endloop
  endfacet
  facet normal 0.0784577 -0.996917 0
    outer loop
      vertex 9.54752 5.54309 7.5
      vertex 9 5.5 2.5
      vertex 9.54752 5.54309 2.5
    endloop
  endfacet
  facet normal 0.972379 0.233409 0
    outer loop
      vertex 12.4569 9.54752 7.5
      vertex 12.3287 10.0816 2.5
      vertex 12.3287 10.0816 7.5
    endloop
  endfacet
  facet normal 0.972379 0.233409 0
    outer loop
      vertex 12.3287 10.0816 2.5
      vertex 12.4569 9.54752 7.5
      vertex 12.4569 9.54752 2.5
    endloop
  endfacet
  facet normal 0.996916 0.0784758 0
    outer loop
      vertex 12.5 9 7.5
      vertex 12.4569 9.54752 2.5
      vertex 12.4569 9.54752 7.5
    endloop
  endfacet
  facet normal 0.996916 0.0784758 0
    outer loop
      vertex 12.4569 9.54752 2.5
      vertex 12.5 9 7.5
      vertex 12.5 9 2.5
    endloop
  endfacet
  facet normal 0.923861 0.382727 0
    outer loop
      vertex 12.3287 10.0816 7.5
      vertex 12.1185 10.589 2.5
      vertex 12.1185 10.589 7.5
    endloop
  endfacet
  facet normal 0.923861 0.382727 0
    outer loop
      vertex 12.1185 10.589 2.5
      vertex 12.3287 10.0816 7.5
      vertex 12.3287 10.0816 2.5
    endloop
  endfacet
  facet normal 0 0 1
    outer loop
      vertex 10.4 9 7.5
      vertex 12.5 9 7.5
      vertex 12.4569 9.54752 7.5
    endloop
  endfacet
  facet normal 0 0 1
    outer loop
      vertex 10.3828 9.21901 7.5
      vertex 12.4569 9.54752 7.5
      vertex 12.3287 10.0816 7.5
    endloop
  endfacet
  facet normal 0 0 1
    outer loop
      vertex 12.5 9 7.5
      vertex 10.4 9 7.5
      vertex 12.4569 8.45248 7.5
    endloop
  endfacet
  facet normal 0 0 1
    outer loop
      vertex 10.3315 9.43262 7.5
      vertex 12.3287 10.0816 7.5
      vertex 12.1185 10.589 7.5
    endloop
  endfacet
  facet normal -0 0 1
    outer loop
      vertex 10.3828 8.78099 7.5
      vertex 12.4569 8.45248 7.5
      vertex 10.4 9 7.5
    endloop
  endfacet
  facet normal 0 0 1
    outer loop
      vertex 10.2474 9.63559 7.5
      vertex 12.1185 10.589 7.5
      vertex 11.8316 11.0572 7.5
    endloop
  endfacet
  facet normal 0 0 1
    outer loop
      vertex 12.4569 8.45248 7.5
      vertex 10.3828 8.78099 7.5
      vertex 12.3287 7.91844 7.5
    endloop
  endfacet
  facet normal 0 0 1
    outer loop
      vertex 10.1326 9.8229 7.5
      vertex 11.8316 11.0572 7.5
      vertex 11.4749 11.4749 7.5
    endloop
  endfacet
  facet normal -0 0 1
    outer loop
      vertex 10.3315 8.56738 7.5
      vertex 12.3287 7.91844 7.5
      vertex 10.3828 8.78099 7.5
    endloop
  endfacet
  facet normal 0 0 1
    outer loop
      vertex 9.98995 9.98995 7.5
      vertex 11.4749 11.4749 7.5
      vertex 11.0572 11.8316 7.5
    endloop
  endfacet
  facet normal 0 0 1
    outer loop
      vertex 12.3287 7.91844 7.5
      vertex 10.3315 8.56738 7.5
      vertex 12.1185 7.41103 7.5
    endloop
  endfacet
  facet normal 0 0 1
    outer loop
      vertex 9.8229 10.1326 7.5
      vertex 11.0572 11.8316 7.5
      vertex 10.589 12.1185 7.5
    endloop
  endfacet
  facet normal -0 0 1
    outer loop
      vertex 10.2474 8.36441 7.5
      vertex 12.1185 7.41103 7.5
      vertex 10.3315 8.56738 7.5
    endloop
  endfacet
  facet normal 0 0 1
    outer loop
      vertex 12.1185 7.41103 7.5
      vertex 10.2474 8.36441 7.5
      vertex 11.8316 6.94275 7.5
    endloop
  endfacet
  facet normal 0 0 1
    outer loop
      vertex 12.4569 9.54752 7.5
      vertex 10.3828 9.21901 7.5
      vertex 10.4 9 7.5
    endloop
  endfacet
  facet normal 0 0 1
    outer loop
      vertex 12.3287 10.0816 7.5
      vertex 10.3315 9.43262 7.5
      vertex 10.3828 9.21901 7.5
    endloop
  endfacet
  facet normal 0 0 1
    outer loop
      vertex 12.1185 10.589 7.5
      vertex 10.2474 9.63559 7.5
      vertex 10.3315 9.43262 7.5
    endloop
  endfacet
  facet normal 0 0 1
    outer loop
      vertex 11.8316 11.0572 7.5
      vertex 10.1326 9.8229 7.5
      vertex 10.2474 9.63559 7.5
    endloop
  endfacet
  facet normal 0 0 1
    outer loop
      vertex 9.63559 10.2474 7.5
      vertex 10.589 12.1185 7.5
      vertex 10.0816 12.3287 7.5
    endloop
  endfacet
  facet normal 0 0 1
    outer loop
      vertex 11.4749 11.4749 7.5
      vertex 9.98995 9.98995 7.5
      vertex 10.1326 9.8229 7.5
    endloop
  endfacet
  facet normal 0 0 1
    outer loop
      vertex 11.0572 11.8316 7.5
      vertex 9.8229 10.1326 7.5
      vertex 9.98995 9.98995 7.5
    endloop
  endfacet
  facet normal 0 0 1
    outer loop
      vertex 10.589 12.1185 7.5
      vertex 9.63559 10.2474 7.5
      vertex 9.8229 10.1326 7.5
    endloop
  endfacet
  facet normal 0 0 1
    outer loop
      vertex 9.43262 10.3315 7.5
      vertex 10.0816 12.3287 7.5
      vertex 9.54752 12.4569 7.5
    endloop
  endfacet
  facet normal 0 0 1
    outer loop
      vertex 10.0816 12.3287 7.5
      vertex 9.43262 10.3315 7.5
      vertex 9.63559 10.2474 7.5
    endloop
  endfacet
  facet normal 0 0 1
    outer loop
      vertex 9.54752 12.4569 7.5
      vertex 9.21901 10.3828 7.5
      vertex 9.43262 10.3315 7.5
    endloop
  endfacet
  facet normal 0 0 1
    outer loop
      vertex 9 12.5 7.5
      vertex 9.21901 10.3828 7.5
      vertex 9.54752 12.4569 7.5
    endloop
  endfacet
  facet normal 0 0 1
    outer loop
      vertex 9 12.5 7.5
      vertex 9 10.4 7.5
      vertex 9.21901 10.3828 7.5
    endloop
  endfacet
  facet normal 0 0 1
    outer loop
      vertex 9 12.5 7.5
      vertex 8.78099 10.3828 7.5
      vertex 9 10.4 7.5
    endloop
  endfacet
  facet normal -0 0 1
    outer loop
      vertex 8.45248 12.4569 7.5
      vertex 8.78099 10.3828 7.5
      vertex 9 12.5 7.5
    endloop
  endfacet
  facet normal 0 0 1
    outer loop
      vertex 8.78099 10.3828 7.5
      vertex 8.45248 12.4569 7.5
      vertex 8.56738 10.3315 7.5
    endloop
  endfacet
  facet normal -0 0 1
    outer loop
      vertex 7.91844 12.3287 7.5
      vertex 8.56738 10.3315 7.5
      vertex 8.45248 12.4569 7.5
    endloop
  endfacet
  facet normal 0 0 1
    outer loop
      vertex 8.56738 10.3315 7.5
      vertex 7.91844 12.3287 7.5
      vertex 8.36441 10.2474 7.5
    endloop
  endfacet
  facet normal -0 0 1
    outer loop
      vertex 7.41103 12.1185 7.5
      vertex 8.36441 10.2474 7.5
      vertex 7.91844 12.3287 7.5
    endloop
  endfacet
  facet normal 0 0 1
    outer loop
      vertex 8.36441 10.2474 7.5
      vertex 7.41103 12.1185 7.5
      vertex 8.1771 10.1326 7.5
    endloop
  endfacet
  facet normal -0 0 1
    outer loop
      vertex 6.94275 11.8316 7.5
      vertex 8.1771 10.1326 7.5
      vertex 7.41103 12.1185 7.5
    endloop
  endfacet
  facet normal 0 0 1
    outer loop
      vertex 8.1771 10.1326 7.5
      vertex 6.94275 11.8316 7.5
      vertex 8.01005 9.98995 7.5
    endloop
  endfacet
  facet normal -0 0 1
    outer loop
      vertex 6.52513 11.4749 7.5
      vertex 8.01005 9.98995 7.5
      vertex 6.94275 11.8316 7.5
    endloop
  endfacet
  facet normal 0 0 1
    outer loop
      vertex 8.01005 9.98995 7.5
      vertex 6.52513 11.4749 7.5
      vertex 7.86738 9.8229 7.5
    endloop
  endfacet
  facet normal 0 0 1
    outer loop
      vertex 7.86738 9.8229 7.5
      vertex 6.16844 11.0572 7.5
      vertex 7.75259 9.63559 7.5
    endloop
  endfacet
  facet normal -0 0 1
    outer loop
      vertex 6.16844 11.0572 7.5
      vertex 7.86738 9.8229 7.5
      vertex 6.52513 11.4749 7.5
    endloop
  endfacet
  facet normal -0 0 1
    outer loop
      vertex 10.1326 8.1771 7.5
      vertex 11.8316 6.94275 7.5
      vertex 10.2474 8.36441 7.5
    endloop
  endfacet
  facet normal 0 0 1
    outer loop
      vertex 11.8316 6.94275 7.5
      vertex 10.1326 8.1771 7.5
      vertex 11.4749 6.52513 7.5
    endloop
  endfacet
  facet normal -0 0 1
    outer loop
      vertex 9.98995 8.01005 7.5
      vertex 11.4749 6.52513 7.5
      vertex 10.1326 8.1771 7.5
    endloop
  endfacet
  facet normal 0 0 1
    outer loop
      vertex 11.4749 6.52513 7.5
      vertex 9.98995 8.01005 7.5
      vertex 11.0572 6.16844 7.5
    endloop
  endfacet
  facet normal -0 0 1
    outer loop
      vertex 9.8229 7.86738 7.5
      vertex 11.0572 6.16844 7.5
      vertex 9.98995 8.01005 7.5
    endloop
  endfacet
  facet normal 0 0 1
    outer loop
      vertex 11.0572 6.16844 7.5
      vertex 9.8229 7.86738 7.5
      vertex 10.589 5.88148 7.5
    endloop
  endfacet
  facet normal -0 0 1
    outer loop
      vertex 9.63559 7.75259 7.5
      vertex 10.589 5.88148 7.5
      vertex 9.8229 7.86738 7.5
    endloop
  endfacet
  facet normal 0 0 1
    outer loop
      vertex 10.589 5.88148 7.5
      vertex 9.63559 7.75259 7.5
      vertex 10.0816 5.6713 7.5
    endloop
  endfacet
  facet normal -0 0 1
    outer loop
      vertex 9.43262 7.66852 7.5
      vertex 10.0816 5.6713 7.5
      vertex 9.63559 7.75259 7.5
    endloop
  endfacet
  facet normal 0 0 1
    outer loop
      vertex 10.0816 5.6713 7.5
      vertex 9.43262 7.66852 7.5
      vertex 9.54752 5.54309 7.5
    endloop
  endfacet
  facet normal -0 0 1
    outer loop
      vertex 9.21901 7.61724 7.5
      vertex 9.54752 5.54309 7.5
      vertex 9.43262 7.66852 7.5
    endloop
  endfacet
  facet normal -0 0 1
    outer loop
      vertex 9 7.6 7.5
      vertex 9.54752 5.54309 7.5
      vertex 9.21901 7.61724 7.5
    endloop
  endfacet
  facet normal 0 0 1
    outer loop
      vertex 9 7.6 7.5
      vertex 9 5.5 7.5
      vertex 9.54752 5.54309 7.5
    endloop
  endfacet
  facet normal 0 0 1
    outer loop
      vertex 8.78099 7.61724 7.5
      vertex 9 5.5 7.5
      vertex 9 7.6 7.5
    endloop
  endfacet
  facet normal 0 0 1
    outer loop
      vertex 8.45248 5.54309 7.5
      vertex 8.78099 7.61724 7.5
      vertex 8.56738 7.66852 7.5
    endloop
  endfacet
  facet normal 0 0 1
    outer loop
      vertex 8.78099 7.61724 7.5
      vertex 8.45248 5.54309 7.5
      vertex 9 5.5 7.5
    endloop
  endfacet
  facet normal 0 0 1
    outer loop
      vertex 7.91844 5.6713 7.5
      vertex 8.56738 7.66852 7.5
      vertex 8.36441 7.75259 7.5
    endloop
  endfacet
  facet normal 0 0 1
    outer loop
      vertex 7.41103 5.88148 7.5
      vertex 8.36441 7.75259 7.5
      vertex 8.1771 7.86738 7.5
    endloop
  endfacet
  facet normal 0 0 1
    outer loop
      vertex 6.94275 6.16844 7.5
      vertex 8.1771 7.86738 7.5
      vertex 8.01005 8.01005 7.5
    endloop
  endfacet
  facet normal 0 0 1
    outer loop
      vertex 8.56738 7.66852 7.5
      vertex 7.91844 5.6713 7.5
      vertex 8.45248 5.54309 7.5
    endloop
  endfacet
  facet normal 0 0 1
    outer loop
      vertex 6.52513 6.52513 7.5
      vertex 8.01005 8.01005 7.5
      vertex 7.86738 8.1771 7.5
    endloop
  endfacet
  facet normal 0 0 1
    outer loop
      vertex 6.16844 6.94275 7.5
      vertex 7.86738 8.1771 7.5
      vertex 7.75259 8.36441 7.5
    endloop
  endfacet
  facet normal 0 0 1
    outer loop
      vertex 5.88148 7.41103 7.5
      vertex 7.75259 8.36441 7.5
      vertex 7.66852 8.56738 7.5
    endloop
  endfacet
  facet normal 0 0 1
    outer loop
      vertex 5.6713 7.91844 7.5
      vertex 7.66852 8.56738 7.5
      vertex 7.61724 8.78099 7.5
    endloop
  endfacet
  facet normal 0 0 1
    outer loop
      vertex 8.36441 7.75259 7.5
      vertex 7.41103 5.88148 7.5
      vertex 7.91844 5.6713 7.5
    endloop
  endfacet
  facet normal 0 0 1
    outer loop
      vertex 5.54309 8.45248 7.5
      vertex 7.61724 8.78099 7.5
      vertex 7.6 9 7.5
    endloop
  endfacet
  facet normal -0 0 1
    outer loop
      vertex 5.88148 10.589 7.5
      vertex 7.75259 9.63559 7.5
      vertex 6.16844 11.0572 7.5
    endloop
  endfacet
  facet normal 0 0 1
    outer loop
      vertex 7.75259 9.63559 7.5
      vertex 5.88148 10.589 7.5
      vertex 7.66852 9.43262 7.5
    endloop
  endfacet
  facet normal 0 0 1
    outer loop
      vertex 8.1771 7.86738 7.5
      vertex 6.94275 6.16844 7.5
      vertex 7.41103 5.88148 7.5
    endloop
  endfacet
  facet normal -0 0 1
    outer loop
      vertex 5.6713 10.0816 7.5
      vertex 7.66852 9.43262 7.5
      vertex 5.88148 10.589 7.5
    endloop
  endfacet
  facet normal 0 0 1
    outer loop
      vertex 8.01005 8.01005 7.5
      vertex 6.52513 6.52513 7.5
      vertex 6.94275 6.16844 7.5
    endloop
  endfacet
  facet normal 0 0 1
    outer loop
      vertex 7.66852 9.43262 7.5
      vertex 5.6713 10.0816 7.5
      vertex 7.61724 9.21901 7.5
    endloop
  endfacet
  facet normal 0 0 1
    outer loop
      vertex 7.86738 8.1771 7.5
      vertex 6.16844 6.94275 7.5
      vertex 6.52513 6.52513 7.5
    endloop
  endfacet
  facet normal -0 0 1
    outer loop
      vertex 5.54309 9.54752 7.5
      vertex 7.61724 9.21901 7.5
      vertex 5.6713 10.0816 7.5
    endloop
  endfacet
  facet normal 0 0 1
    outer loop
      vertex 7.75259 8.36441 7.5
      vertex 5.88148 7.41103 7.5
      vertex 6.16844 6.94275 7.5
    endloop
  endfacet
  facet normal 0 0 1
    outer loop
      vertex 7.61724 9.21901 7.5
      vertex 5.54309 9.54752 7.5
      vertex 7.6 9 7.5
    endloop
  endfacet
  facet normal 0 0 1
    outer loop
      vertex 7.66852 8.56738 7.5
      vertex 5.6713 7.91844 7.5
      vertex 5.88148 7.41103 7.5
    endloop
  endfacet
  facet normal 0 0 1
    outer loop
      vertex 5.5 9 7.5
      vertex 7.6 9 7.5
      vertex 5.54309 9.54752 7.5
    endloop
  endfacet
  facet normal 0 0 1
    outer loop
      vertex 7.61724 8.78099 7.5
      vertex 5.54309 8.45248 7.5
      vertex 5.6713 7.91844 7.5
    endloop
  endfacet
  facet normal 0 0 1
    outer loop
      vertex 7.6 9 7.5
      vertex 5.5 9 7.5
      vertex 5.54309 8.45248 7.5
    endloop
  endfacet
  facet normal 0.852651 0.522481 0
    outer loop
      vertex 12.1185 10.589 7.5
      vertex 11.8316 11.0572 2.5
      vertex 11.8316 11.0572 7.5
    endloop
  endfacet
  facet normal 0.852651 0.522481 0
    outer loop
      vertex 11.8316 11.0572 2.5
      vertex 12.1185 10.589 7.5
      vertex 12.1185 10.589 2.5
    endloop
  endfacet
  facet normal -0.522495 -0.852642 0
    outer loop
      vertex 6.94275 6.16844 2.5
      vertex 7.41103 5.88148 7.5
      vertex 6.94275 6.16844 7.5
    endloop
  endfacet
  facet normal -0.522495 -0.852642 -0
    outer loop
      vertex 7.41103 5.88148 7.5
      vertex 6.94275 6.16844 2.5
      vertex 7.41103 5.88148 2.5
    endloop
  endfacet
  facet normal 0.923864 -0.382721 0
    outer loop
      vertex 12.1185 7.41103 7.5
      vertex 12.3287 7.91844 2.5
      vertex 12.3287 7.91844 7.5
    endloop
  endfacet
  facet normal 0.923864 -0.382721 0
    outer loop
      vertex 12.3287 7.91844 2.5
      vertex 12.1185 7.41103 7.5
      vertex 12.1185 7.41103 2.5
    endloop
  endfacet
  facet normal 0.76045 0.649396 0
    outer loop
      vertex 11.8316 11.0572 7.5
      vertex 11.4749 11.4749 2.5
      vertex 11.4749 11.4749 7.5
    endloop
  endfacet
  facet normal 0.76045 0.649396 0
    outer loop
      vertex 11.4749 11.4749 2.5
      vertex 11.8316 11.0572 7.5
      vertex 11.8316 11.0572 2.5
    endloop
  endfacet
  facet normal 0.233409 0.972379 -0
    outer loop
      vertex 10.0816 12.3287 2.5
      vertex 9.54752 12.4569 7.5
      vertex 10.0816 12.3287 7.5
    endloop
  endfacet
  facet normal 0.233409 0.972379 0
    outer loop
      vertex 9.54752 12.4569 7.5
      vertex 10.0816 12.3287 2.5
      vertex 9.54752 12.4569 2.5
    endloop
  endfacet
  facet normal 0.0784758 0.996916 -0
    outer loop
      vertex 9.54752 12.4569 2.5
      vertex 9 12.5 7.5
      vertex 9.54752 12.4569 7.5
    endloop
  endfacet
  facet normal 0.0784758 0.996916 0
    outer loop
      vertex 9 12.5 7.5
      vertex 9.54752 12.4569 2.5
      vertex 9 12.5 2.5
    endloop
  endfacet
  facet normal -0.972371 -0.233443 0
    outer loop
      vertex 5.6713 7.91844 2.5
      vertex 5.54309 8.45248 7.5
      vertex 5.54309 8.45248 2.5
    endloop
  endfacet
  facet normal -0.972371 -0.233443 0
    outer loop
      vertex 5.54309 8.45248 7.5
      vertex 5.6713 7.91844 2.5
      vertex 5.6713 7.91844 7.5
    endloop
  endfacet
  facet normal 0.852691 -0.522416 0
    outer loop
      vertex 11.8316 6.94275 7.5
      vertex 12.1185 7.41103 2.5
      vertex 12.1185 7.41103 7.5
    endloop
  endfacet
  facet normal 0.852691 -0.522416 0
    outer loop
      vertex 12.1185 7.41103 2.5
      vertex 11.8316 6.94275 7.5
      vertex 11.8316 6.94275 2.5
    endloop
  endfacet
  facet normal -0.923877 -0.382689 0
    outer loop
      vertex 5.88148 7.41103 2.5
      vertex 5.6713 7.91844 7.5
      vertex 5.6713 7.91844 2.5
    endloop
  endfacet
  facet normal -0.923877 -0.382689 0
    outer loop
      vertex 5.6713 7.91844 7.5
      vertex 5.88148 7.41103 2.5
      vertex 5.88148 7.41103 7.5
    endloop
  endfacet
  facet normal 0.522481 0.852651 -0
    outer loop
      vertex 11.0572 11.8316 2.5
      vertex 10.589 12.1185 7.5
      vertex 11.0572 11.8316 7.5
    endloop
  endfacet
  facet normal 0.522481 0.852651 0
    outer loop
      vertex 10.589 12.1185 7.5
      vertex 11.0572 11.8316 2.5
      vertex 10.589 12.1185 2.5
    endloop
  endfacet
  facet normal -0.760398 -0.649457 0
    outer loop
      vertex 6.52513 6.52513 2.5
      vertex 6.16844 6.94275 7.5
      vertex 6.16844 6.94275 2.5
    endloop
  endfacet
  facet normal -0.760398 -0.649457 0
    outer loop
      vertex 6.16844 6.94275 7.5
      vertex 6.52513 6.52513 2.5
      vertex 6.52513 6.52513 7.5
    endloop
  endfacet
  facet normal 0.382727 0.923861 -0
    outer loop
      vertex 10.589 12.1185 2.5
      vertex 10.0816 12.3287 7.5
      vertex 10.589 12.1185 7.5
    endloop
  endfacet
  facet normal 0.382727 0.923861 0
    outer loop
      vertex 10.0816 12.3287 7.5
      vertex 10.589 12.1185 2.5
      vertex 10.0816 12.3287 2.5
    endloop
  endfacet
  facet normal -0.0784577 -0.996917 0
    outer loop
      vertex 8.45248 5.54309 2.5
      vertex 9 5.5 7.5
      vertex 8.45248 5.54309 7.5
    endloop
  endfacet
  facet normal -0.0784577 -0.996917 -0
    outer loop
      vertex 9 5.5 7.5
      vertex 8.45248 5.54309 2.5
      vertex 9 5.5 2.5
    endloop
  endfacet
  facet normal 0.649385 -0.760459 0
    outer loop
      vertex 11.0572 6.16844 2.5
      vertex 11.4749 6.52513 7.5
      vertex 11.0572 6.16844 7.5
    endloop
  endfacet
  facet normal 0.649385 -0.760459 0
    outer loop
      vertex 11.4749 6.52513 7.5
      vertex 11.0572 6.16844 2.5
      vertex 11.4749 6.52513 2.5
    endloop
  endfacet
  facet normal 0.996916 -0.0784758 0
    outer loop
      vertex 12.4569 8.45248 7.5
      vertex 12.5 9 2.5
      vertex 12.5 9 7.5
    endloop
  endfacet
  facet normal 0.996916 -0.0784758 0
    outer loop
      vertex 12.5 9 2.5
      vertex 12.4569 8.45248 7.5
      vertex 12.4569 8.45248 2.5
    endloop
  endfacet
  facet normal -0.972375 0.233426 0
    outer loop
      vertex 5.54309 9.54752 2.5
      vertex 5.6713 10.0816 7.5
      vertex 5.6713 10.0816 2.5
    endloop
  endfacet
  facet normal -0.972375 0.233426 0
    outer loop
      vertex 5.6713 10.0816 7.5
      vertex 5.54309 9.54752 2.5
      vertex 5.54309 9.54752 7.5
    endloop
  endfacet
  facet normal -0.649468 0.760389 0
    outer loop
      vertex 6.94275 11.8316 2.5
      vertex 6.52513 11.4749 7.5
      vertex 6.94275 11.8316 7.5
    endloop
  endfacet
  facet normal -0.649468 0.760389 0
    outer loop
      vertex 6.52513 11.4749 7.5
      vertex 6.94275 11.8316 2.5
      vertex 6.52513 11.4749 2.5
    endloop
  endfacet
  facet normal 0.52256 -0.852602 0
    outer loop
      vertex 10.589 5.88148 2.5
      vertex 11.0572 6.16844 7.5
      vertex 10.589 5.88148 7.5
    endloop
  endfacet
  facet normal 0.52256 -0.852602 0
    outer loop
      vertex 11.0572 6.16844 7.5
      vertex 10.589 5.88148 2.5
      vertex 11.0572 6.16844 2.5
    endloop
  endfacet
  facet normal -0.522416 0.852691 0
    outer loop
      vertex 7.41103 12.1185 2.5
      vertex 6.94275 11.8316 7.5
      vertex 7.41103 12.1185 7.5
    endloop
  endfacet
  facet normal -0.522416 0.852691 0
    outer loop
      vertex 6.94275 11.8316 7.5
      vertex 7.41103 12.1185 2.5
      vertex 6.94275 11.8316 2.5
    endloop
  endfacet
  facet normal -0.923874 0.382696 0
    outer loop
      vertex 5.6713 10.0816 2.5
      vertex 5.88148 10.589 7.5
      vertex 5.88148 10.589 2.5
    endloop
  endfacet
  facet normal -0.923874 0.382696 0
    outer loop
      vertex 5.88148 10.589 7.5
      vertex 5.6713 10.0816 2.5
      vertex 5.6713 10.0816 7.5
    endloop
  endfacet
  facet normal -0.233425 0.972375 0
    outer loop
      vertex 8.45248 12.4569 2.5
      vertex 7.91844 12.3287 7.5
      vertex 8.45248 12.4569 7.5
    endloop
  endfacet
  facet normal -0.233425 0.972375 0
    outer loop
      vertex 7.91844 12.3287 7.5
      vertex 8.45248 12.4569 2.5
      vertex 7.91844 12.3287 2.5
    endloop
  endfacet
  facet normal 0.649396 0.76045 -0
    outer loop
      vertex 11.4749 11.4749 2.5
      vertex 11.0572 11.8316 7.5
      vertex 11.4749 11.4749 7.5
    endloop
  endfacet
  facet normal 0.649396 0.76045 0
    outer loop
      vertex 11.0572 11.8316 7.5
      vertex 11.4749 11.4749 2.5
      vertex 11.0572 11.8316 2.5
    endloop
  endfacet
  facet normal 0.233426 -0.972375 0
    outer loop
      vertex 9.54752 5.54309 2.5
      vertex 10.0816 5.6713 7.5
      vertex 9.54752 5.54309 7.5
    endloop
  endfacet
  facet normal 0.233426 -0.972375 0
    outer loop
      vertex 10.0816 5.6713 7.5
      vertex 9.54752 5.54309 2.5
      vertex 10.0816 5.6713 2.5
    endloop
  endfacet
  facet normal -0.0784758 0.996916 0
    outer loop
      vertex 9 12.5 2.5
      vertex 8.45248 12.4569 7.5
      vertex 9 12.5 7.5
    endloop
  endfacet
  facet normal -0.0784758 0.996916 0
    outer loop
      vertex 8.45248 12.4569 7.5
      vertex 9 12.5 2.5
      vertex 8.45248 12.4569 2.5
    endloop
  endfacet
  facet normal -0.852642 -0.522495 0
    outer loop
      vertex 6.16844 6.94275 2.5
      vertex 5.88148 7.41103 7.5
      vertex 5.88148 7.41103 2.5
    endloop
  endfacet
  facet normal -0.852642 -0.522495 0
    outer loop
      vertex 5.88148 7.41103 7.5
      vertex 6.16844 6.94275 2.5
      vertex 6.16844 6.94275 7.5
    endloop
  endfacet
  facet normal -0.852602 0.52256 0
    outer loop
      vertex 5.88148 10.589 2.5
      vertex 6.16844 11.0572 7.5
      vertex 6.16844 11.0572 2.5
    endloop
  endfacet
  facet normal -0.852602 0.52256 0
    outer loop
      vertex 6.16844 11.0572 7.5
      vertex 5.88148 10.589 2.5
      vertex 5.88148 10.589 7.5
    endloop
  endfacet
  facet normal -0.996917 -0.0784577 0
    outer loop
      vertex 5.54309 8.45248 2.5
      vertex 5.5 9 7.5
      vertex 5.5 9 2.5
    endloop
  endfacet
  facet normal -0.996917 -0.0784577 0
    outer loop
      vertex 5.5 9 7.5
      vertex 5.54309 8.45248 2.5
      vertex 5.54309 8.45248 7.5
    endloop
  endfacet
  facet normal -0.382721 0.923864 0
    outer loop
      vertex 7.91844 12.3287 2.5
      vertex 7.41103 12.1185 7.5
      vertex 7.91844 12.3287 7.5
    endloop
  endfacet
  facet normal -0.382721 0.923864 0
    outer loop
      vertex 7.41103 12.1185 7.5
      vertex 7.91844 12.3287 2.5
      vertex 7.41103 12.1185 2.5
    endloop
  endfacet
  facet normal 0.382696 -0.923874 0
    outer loop
      vertex 10.0816 5.6713 2.5
      vertex 10.589 5.88148 7.5
      vertex 10.0816 5.6713 7.5
    endloop
  endfacet
  facet normal 0.382696 -0.923874 0
    outer loop
      vertex 10.589 5.88148 7.5
      vertex 10.0816 5.6713 2.5
      vertex 10.589 5.88148 2.5
    endloop
  endfacet
  facet normal 0.760389 -0.649468 0
    outer loop
      vertex 11.4749 6.52513 7.5
      vertex 11.8316 6.94275 2.5
      vertex 11.8316 6.94275 7.5
    endloop
  endfacet
  facet normal 0.760389 -0.649468 0
    outer loop
      vertex 11.8316 6.94275 2.5
      vertex 11.4749 6.52513 7.5
      vertex 11.4749 6.52513 2.5
    endloop
  endfacet
  facet normal -0.996917 0.0784577 0
    outer loop
      vertex 5.5 9 2.5
      vertex 5.54309 9.54752 7.5
      vertex 5.54309 9.54752 2.5
    endloop
  endfacet
  facet normal -0.996917 0.0784577 0
    outer loop
      vertex 5.54309 9.54752 7.5
      vertex 5.5 9 2.5
      vertex 5.5 9 7.5
    endloop
  endfacet
  facet normal 0.972375 -0.233425 0
    outer loop
      vertex 12.3287 7.91844 7.5
      vertex 12.4569 8.45248 2.5
      vertex 12.4569 8.45248 7.5
    endloop
  endfacet
  facet normal 0.972375 -0.233425 0
    outer loop
      vertex 12.4569 8.45248 2.5
      vertex 12.3287 7.91844 7.5
      vertex 12.3287 7.91844 2.5
    endloop
  endfacet
  facet normal -0.649457 -0.760398 0
    outer loop
      vertex 6.52513 6.52513 2.5
      vertex 6.94275 6.16844 7.5
      vertex 6.52513 6.52513 7.5
    endloop
  endfacet
  facet normal -0.649457 -0.760398 -0
    outer loop
      vertex 6.94275 6.16844 7.5
      vertex 6.52513 6.52513 2.5
      vertex 6.94275 6.16844 2.5
    endloop
  endfacet
  facet normal -0.382689 -0.923877 0
    outer loop
      vertex 7.41103 5.88148 2.5
      vertex 7.91844 5.6713 7.5
      vertex 7.41103 5.88148 7.5
    endloop
  endfacet
  facet normal -0.382689 -0.923877 -0
    outer loop
      vertex 7.91844 5.6713 7.5
      vertex 7.41103 5.88148 2.5
      vertex 7.91844 5.6713 2.5
    endloop
  endfacet
  facet normal -0.233443 -0.972371 0
    outer loop
      vertex 7.91844 5.6713 2.5
      vertex 8.45248 5.54309 7.5
      vertex 7.91844 5.6713 7.5
    endloop
  endfacet
  facet normal -0.233443 -0.972371 -0
    outer loop
      vertex 8.45248 5.54309 7.5
      vertex 7.91844 5.6713 2.5
      vertex 8.45248 5.54309 2.5
    endloop
  endfacet
  facet normal -0.760459 0.649385 0
    outer loop
      vertex 6.16844 11.0572 2.5
      vertex 6.52513 11.4749 7.5
      vertex 6.52513 11.4749 2.5
    endloop
  endfacet
  facet normal -0.760459 0.649385 0
    outer loop
      vertex 6.52513 11.4749 7.5
      vertex 6.16844 11.0572 2.5
      vertex 6.16844 11.0572 7.5
    endloop
  endfacet
  facet normal -0.0784751 0.996916 0
    outer loop
      vertex 9.21901 7.61724 2.5
      vertex 9 7.6 7.5
      vertex 9.21901 7.61724 7.5
    endloop
  endfacet
  facet normal -0.0784751 0.996916 0
    outer loop
      vertex 9 7.6 7.5
      vertex 9.21901 7.61724 2.5
      vertex 9 7.6 2.5
    endloop
  endfacet
  facet normal -0.972353 -0.233518 0
    outer loop
      vertex 10.3828 9.21901 2.5
      vertex 10.3315 9.43262 7.5
      vertex 10.3315 9.43262 2.5
    endloop
  endfacet
  facet normal -0.972353 -0.233518 0
    outer loop
      vertex 10.3315 9.43262 7.5
      vertex 10.3828 9.21901 2.5
      vertex 10.3828 9.21901 7.5
    endloop
  endfacet
  facet normal -0.99693 -0.0782941 0
    outer loop
      vertex 10.4 9 2.5
      vertex 10.3828 9.21901 7.5
      vertex 10.3828 9.21901 2.5
    endloop
  endfacet
  facet normal -0.99693 -0.0782941 0
    outer loop
      vertex 10.3828 9.21901 7.5
      vertex 10.4 9 2.5
      vertex 10.4 9 7.5
    endloop
  endfacet
  facet normal -0.923836 -0.382789 0
    outer loop
      vertex 10.3315 9.43262 2.5
      vertex 10.2474 9.63559 7.5
      vertex 10.2474 9.63559 2.5
    endloop
  endfacet
  facet normal -0.923836 -0.382789 0
    outer loop
      vertex 10.2474 9.63559 7.5
      vertex 10.3315 9.43262 2.5
      vertex 10.3315 9.43262 7.5
    endloop
  endfacet
  facet normal -0.522519 0.852627 0
    outer loop
      vertex 9.8229 7.86738 2.5
      vertex 9.63559 7.75259 7.5
      vertex 9.8229 7.86738 7.5
    endloop
  endfacet
  facet normal -0.522519 0.852627 0
    outer loop
      vertex 9.63559 7.75259 7.5
      vertex 9.8229 7.86738 2.5
      vertex 9.63559 7.75259 2.5
    endloop
  endfacet
  facet normal -0.852607 -0.522552 0
    outer loop
      vertex 10.2474 9.63559 2.5
      vertex 10.1326 9.8229 7.5
      vertex 10.1326 9.8229 2.5
    endloop
  endfacet
  facet normal -0.852607 -0.522552 0
    outer loop
      vertex 10.1326 9.8229 7.5
      vertex 10.2474 9.63559 2.5
      vertex 10.2474 9.63559 7.5
    endloop
  endfacet
  facet normal -0.76046 -0.649384 0
    outer loop
      vertex 10.1326 9.8229 2.5
      vertex 9.98995 9.98995 7.5
      vertex 9.98995 9.98995 2.5
    endloop
  endfacet
  facet normal -0.76046 -0.649384 0
    outer loop
      vertex 9.98995 9.98995 7.5
      vertex 10.1326 9.8229 2.5
      vertex 10.1326 9.8229 7.5
    endloop
  endfacet
  facet normal 0.996916 -0.0784751 0
    outer loop
      vertex 7.6 9 7.5
      vertex 7.61724 9.21901 2.5
      vertex 7.61724 9.21901 7.5
    endloop
  endfacet
  facet normal 0.996916 -0.0784751 0
    outer loop
      vertex 7.61724 9.21901 2.5
      vertex 7.6 9 7.5
      vertex 7.6 9 2.5
    endloop
  endfacet
  facet normal -0.233431 0.972373 0
    outer loop
      vertex 9.43262 7.66852 2.5
      vertex 9.21901 7.61724 7.5
      vertex 9.43262 7.66852 7.5
    endloop
  endfacet
  facet normal -0.233431 0.972373 0
    outer loop
      vertex 9.21901 7.61724 7.5
      vertex 9.43262 7.66852 2.5
      vertex 9.21901 7.61724 2.5
    endloop
  endfacet
  facet normal 0.852627 0.522519 0
    outer loop
      vertex 7.86738 8.1771 7.5
      vertex 7.75259 8.36441 2.5
      vertex 7.75259 8.36441 7.5
    endloop
  endfacet
  facet normal 0.852627 0.522519 0
    outer loop
      vertex 7.75259 8.36441 2.5
      vertex 7.86738 8.1771 7.5
      vertex 7.86738 8.1771 2.5
    endloop
  endfacet
  facet normal 0.923884 0.382672 0
    outer loop
      vertex 7.75259 8.36441 7.5
      vertex 7.66852 8.56738 2.5
      vertex 7.66852 8.56738 7.5
    endloop
  endfacet
  facet normal 0.923884 0.382672 0
    outer loop
      vertex 7.66852 8.56738 2.5
      vertex 7.75259 8.36441 7.5
      vertex 7.75259 8.36441 2.5
    endloop
  endfacet
  facet normal -0.522552 -0.852607 0
    outer loop
      vertex 9.63559 10.2474 2.5
      vertex 9.8229 10.1326 7.5
      vertex 9.63559 10.2474 7.5
    endloop
  endfacet
  facet normal -0.522552 -0.852607 -0
    outer loop
      vertex 9.8229 10.1326 7.5
      vertex 9.63559 10.2474 2.5
      vertex 9.8229 10.1326 2.5
    endloop
  endfacet
  facet normal -0.923836 0.382789 0
    outer loop
      vertex 10.2474 8.36441 2.5
      vertex 10.3315 8.56738 7.5
      vertex 10.3315 8.56738 2.5
    endloop
  endfacet
  facet normal -0.923836 0.382789 0
    outer loop
      vertex 10.3315 8.56738 7.5
      vertex 10.2474 8.36441 2.5
      vertex 10.2474 8.36441 7.5
    endloop
  endfacet
  facet normal 0.760415 -0.649437 0
    outer loop
      vertex 7.86738 9.8229 7.5
      vertex 8.01005 9.98995 2.5
      vertex 8.01005 9.98995 7.5
    endloop
  endfacet
  facet normal 0.760415 -0.649437 0
    outer loop
      vertex 8.01005 9.98995 2.5
      vertex 7.86738 9.8229 7.5
      vertex 7.86738 9.8229 2.5
    endloop
  endfacet
  facet normal 0.996916 0.0784751 0
    outer loop
      vertex 7.61724 8.78099 7.5
      vertex 7.6 9 2.5
      vertex 7.6 9 7.5
    endloop
  endfacet
  facet normal 0.996916 0.0784751 0
    outer loop
      vertex 7.6 9 2.5
      vertex 7.61724 8.78099 7.5
      vertex 7.61724 8.78099 2.5
    endloop
  endfacet
  facet normal -0.76046 0.649384 0
    outer loop
      vertex 9.98995 8.01005 2.5
      vertex 10.1326 8.1771 7.5
      vertex 10.1326 8.1771 2.5
    endloop
  endfacet
  facet normal -0.76046 0.649384 0
    outer loop
      vertex 10.1326 8.1771 7.5
      vertex 9.98995 8.01005 2.5
      vertex 9.98995 8.01005 7.5
    endloop
  endfacet
  facet normal -0.852607 0.522552 0
    outer loop
      vertex 10.1326 8.1771 2.5
      vertex 10.2474 8.36441 7.5
      vertex 10.2474 8.36441 2.5
    endloop
  endfacet
  facet normal -0.852607 0.522552 0
    outer loop
      vertex 10.2474 8.36441 7.5
      vertex 10.1326 8.1771 2.5
      vertex 10.1326 8.1771 7.5
    endloop
  endfacet
  facet normal 0.233431 0.972373 -0
    outer loop
      vertex 8.78099 7.61724 2.5
      vertex 8.56738 7.66852 7.5
      vertex 8.78099 7.61724 7.5
    endloop
  endfacet
  facet normal 0.233431 0.972373 0
    outer loop
      vertex 8.56738 7.66852 7.5
      vertex 8.78099 7.61724 2.5
      vertex 8.56738 7.66852 2.5
    endloop
  endfacet
  facet normal 0.972373 0.233431 0
    outer loop
      vertex 7.66852 8.56738 7.5
      vertex 7.61724 8.78099 2.5
      vertex 7.61724 8.78099 7.5
    endloop
  endfacet
  facet normal 0.972373 0.233431 0
    outer loop
      vertex 7.61724 8.78099 2.5
      vertex 7.66852 8.56738 7.5
      vertex 7.66852 8.56738 2.5
    endloop
  endfacet
  facet normal 0.382672 0.923884 -0
    outer loop
      vertex 8.56738 7.66852 2.5
      vertex 8.36441 7.75259 7.5
      vertex 8.56738 7.66852 7.5
    endloop
  endfacet
  facet normal 0.382672 0.923884 0
    outer loop
      vertex 8.36441 7.75259 7.5
      vertex 8.56738 7.66852 2.5
      vertex 8.36441 7.75259 2.5
    endloop
  endfacet
  facet normal -0.99693 0.0782941 0
    outer loop
      vertex 10.3828 8.78099 2.5
      vertex 10.4 9 7.5
      vertex 10.4 9 2.5
    endloop
  endfacet
  facet normal -0.99693 0.0782941 0
    outer loop
      vertex 10.4 9 7.5
      vertex 10.3828 8.78099 2.5
      vertex 10.3828 8.78099 7.5
    endloop
  endfacet
  facet normal -0.972353 0.233518 0
    outer loop
      vertex 10.3315 8.56738 2.5
      vertex 10.3828 8.78099 7.5
      vertex 10.3828 8.78099 2.5
    endloop
  endfacet
  facet normal -0.972353 0.233518 0
    outer loop
      vertex 10.3828 8.78099 7.5
      vertex 10.3315 8.56738 2.5
      vertex 10.3315 8.56738 7.5
    endloop
  endfacet
  facet normal 0.649384 -0.76046 0
    outer loop
      vertex 8.01005 9.98995 2.5
      vertex 8.1771 10.1326 7.5
      vertex 8.01005 9.98995 7.5
    endloop
  endfacet
  facet normal 0.649384 -0.76046 0
    outer loop
      vertex 8.1771 10.1326 7.5
      vertex 8.01005 9.98995 2.5
      vertex 8.1771 10.1326 2.5
    endloop
  endfacet
  facet normal 0.382789 -0.923836 0
    outer loop
      vertex 8.36441 10.2474 2.5
      vertex 8.56738 10.3315 7.5
      vertex 8.36441 10.2474 7.5
    endloop
  endfacet
  facet normal 0.382789 -0.923836 0
    outer loop
      vertex 8.56738 10.3315 7.5
      vertex 8.36441 10.2474 2.5
      vertex 8.56738 10.3315 2.5
    endloop
  endfacet
  facet normal -0.649384 -0.76046 0
    outer loop
      vertex 9.8229 10.1326 2.5
      vertex 9.98995 9.98995 7.5
      vertex 9.8229 10.1326 7.5
    endloop
  endfacet
  facet normal -0.649384 -0.76046 -0
    outer loop
      vertex 9.98995 9.98995 7.5
      vertex 9.8229 10.1326 2.5
      vertex 9.98995 9.98995 2.5
    endloop
  endfacet
  facet normal 0.852627 -0.522519 0
    outer loop
      vertex 7.75259 9.63559 7.5
      vertex 7.86738 9.8229 2.5
      vertex 7.86738 9.8229 7.5
    endloop
  endfacet
  facet normal 0.852627 -0.522519 0
    outer loop
      vertex 7.86738 9.8229 2.5
      vertex 7.75259 9.63559 7.5
      vertex 7.75259 9.63559 2.5
    endloop
  endfacet
  facet normal 0.923884 -0.382672 0
    outer loop
      vertex 7.66852 9.43262 7.5
      vertex 7.75259 9.63559 2.5
      vertex 7.75259 9.63559 7.5
    endloop
  endfacet
  facet normal 0.923884 -0.382672 0
    outer loop
      vertex 7.75259 9.63559 2.5
      vertex 7.66852 9.43262 7.5
      vertex 7.66852 9.43262 2.5
    endloop
  endfacet
  facet normal 0.233518 -0.972353 0
    outer loop
      vertex 8.56738 10.3315 2.5
      vertex 8.78099 10.3828 7.5
      vertex 8.56738 10.3315 7.5
    endloop
  endfacet
  facet normal 0.233518 -0.972353 0
    outer loop
      vertex 8.78099 10.3828 7.5
      vertex 8.56738 10.3315 2.5
      vertex 8.78099 10.3828 2.5
    endloop
  endfacet
  facet normal 0.0782941 -0.99693 0
    outer loop
      vertex 8.78099 10.3828 2.5
      vertex 9 10.4 7.5
      vertex 8.78099 10.3828 7.5
    endloop
  endfacet
  facet normal 0.0782941 -0.99693 0
    outer loop
      vertex 9 10.4 7.5
      vertex 8.78099 10.3828 2.5
      vertex 9 10.4 2.5
    endloop
  endfacet
  facet normal 0.649437 0.760415 -0
    outer loop
      vertex 8.1771 7.86738 2.5
      vertex 8.01005 8.01005 7.5
      vertex 8.1771 7.86738 7.5
    endloop
  endfacet
  facet normal 0.649437 0.760415 0
    outer loop
      vertex 8.01005 8.01005 7.5
      vertex 8.1771 7.86738 2.5
      vertex 8.01005 8.01005 2.5
    endloop
  endfacet
  facet normal -0.0782941 -0.99693 0
    outer loop
      vertex 9 10.4 2.5
      vertex 9.21901 10.3828 7.5
      vertex 9 10.4 7.5
    endloop
  endfacet
  facet normal -0.0782941 -0.99693 -0
    outer loop
      vertex 9.21901 10.3828 7.5
      vertex 9 10.4 2.5
      vertex 9.21901 10.3828 2.5
    endloop
  endfacet
  facet normal 0.760415 0.649437 0
    outer loop
      vertex 8.01005 8.01005 7.5
      vertex 7.86738 8.1771 2.5
      vertex 7.86738 8.1771 7.5
    endloop
  endfacet
  facet normal 0.760415 0.649437 0
    outer loop
      vertex 7.86738 8.1771 2.5
      vertex 8.01005 8.01005 7.5
      vertex 8.01005 8.01005 2.5
    endloop
  endfacet
  facet normal -0.649437 0.760415 0
    outer loop
      vertex 9.98995 8.01005 2.5
      vertex 9.8229 7.86738 7.5
      vertex 9.98995 8.01005 7.5
    endloop
  endfacet
  facet normal -0.649437 0.760415 0
    outer loop
      vertex 9.8229 7.86738 7.5
      vertex 9.98995 8.01005 2.5
      vertex 9.8229 7.86738 2.5
    endloop
  endfacet
  facet normal -0.382789 -0.923836 0
    outer loop
      vertex 9.43262 10.3315 2.5
      vertex 9.63559 10.2474 7.5
      vertex 9.43262 10.3315 7.5
    endloop
  endfacet
  facet normal -0.382789 -0.923836 -0
    outer loop
      vertex 9.63559 10.2474 7.5
      vertex 9.43262 10.3315 2.5
      vertex 9.63559 10.2474 2.5
    endloop
  endfacet
  facet normal 0.972373 -0.233431 0
    outer loop
      vertex 7.61724 9.21901 7.5
      vertex 7.66852 9.43262 2.5
      vertex 7.66852 9.43262 7.5
    endloop
  endfacet
  facet normal 0.972373 -0.233431 0
    outer loop
      vertex 7.66852 9.43262 2.5
      vertex 7.61724 9.21901 7.5
      vertex 7.61724 9.21901 2.5
    endloop
  endfacet
  facet normal -0.233518 -0.972353 0
    outer loop
      vertex 9.21901 10.3828 2.5
      vertex 9.43262 10.3315 7.5
      vertex 9.21901 10.3828 7.5
    endloop
  endfacet
  facet normal -0.233518 -0.972353 -0
    outer loop
      vertex 9.43262 10.3315 7.5
      vertex 9.21901 10.3828 2.5
      vertex 9.43262 10.3315 2.5
    endloop
  endfacet
  facet normal -0.382672 0.923884 0
    outer loop
      vertex 9.63559 7.75259 2.5
      vertex 9.43262 7.66852 7.5
      vertex 9.63559 7.75259 7.5
    endloop
  endfacet
  facet normal -0.382672 0.923884 0
    outer loop
      vertex 9.43262 7.66852 7.5
      vertex 9.63559 7.75259 2.5
      vertex 9.43262 7.66852 2.5
    endloop
  endfacet
  facet normal 0.522552 -0.852607 0
    outer loop
      vertex 8.1771 10.1326 2.5
      vertex 8.36441 10.2474 7.5
      vertex 8.1771 10.1326 7.5
    endloop
  endfacet
  facet normal 0.522552 -0.852607 0
    outer loop
      vertex 8.36441 10.2474 7.5
      vertex 8.1771 10.1326 2.5
      vertex 8.36441 10.2474 2.5
    endloop
  endfacet
  facet normal 0.0784751 0.996916 -0
    outer loop
      vertex 9 7.6 2.5
      vertex 8.78099 7.61724 7.5
      vertex 9 7.6 7.5
    endloop
  endfacet
  facet normal 0.0784751 0.996916 0
    outer loop
      vertex 8.78099 7.61724 7.5
      vertex 9 7.6 2.5
      vertex 8.78099 7.61724 2.5
    endloop
  endfacet
  facet normal 0.522519 0.852627 -0
    outer loop
      vertex 8.36441 7.75259 2.5
      vertex 8.1771 7.86738 7.5
      vertex 8.36441 7.75259 7.5
    endloop
  endfacet
  facet normal 0.522519 0.852627 0
    outer loop
      vertex 8.1771 7.86738 7.5
      vertex 8.36441 7.75259 2.5
      vertex 8.1771 7.86738 2.5
    endloop
  endfacet
  facet normal 0.0783894 -0.996923 0
    outer loop
      vertex 149 5.5 2.5
      vertex 149.548 5.54309 7.5
      vertex 149 5.5 7.5
    endloop
  endfacet
  facet normal 0.0783894 -0.996923 0
    outer loop
      vertex 149.548 5.54309 7.5
      vertex 149 5.5 2.5
      vertex 149.548 5.54309 2.5
    endloop
  endfacet
  facet normal 0.972461 0.233064 0
    outer loop
      vertex 152.457 9.54752 7.5
      vertex 152.329 10.0816 2.5
      vertex 152.329 10.0816 7.5
    endloop
  endfacet
  facet normal 0.972461 0.233064 0
    outer loop
      vertex 152.329 10.0816 2.5
      vertex 152.457 9.54752 7.5
      vertex 152.457 9.54752 2.5
    endloop
  endfacet
  facet normal 0.99693 0.0782949 0
    outer loop
      vertex 152.5 9 7.5
      vertex 152.457 9.54752 2.5
      vertex 152.457 9.54752 7.5
    endloop
  endfacet
  facet normal 0.99693 0.0782949 0
    outer loop
      vertex 152.457 9.54752 2.5
      vertex 152.5 9 7.5
      vertex 152.5 9 2.5
    endloop
  endfacet
  facet normal 0.92399 0.382416 0
    outer loop
      vertex 152.329 10.0816 7.5
      vertex 152.119 10.589 2.5
      vertex 152.119 10.589 7.5
    endloop
  endfacet
  facet normal 0.92399 0.382416 0
    outer loop
      vertex 152.119 10.589 2.5
      vertex 152.329 10.0816 7.5
      vertex 152.329 10.0816 2.5
    endloop
  endfacet
  facet normal 0 0 1
    outer loop
      vertex 150.4 9 7.5
      vertex 152.5 9 7.5
      vertex 152.457 9.54752 7.5
    endloop
  endfacet
  facet normal 0 0 1
    outer loop
      vertex 150.383 9.21901 7.5
      vertex 152.457 9.54752 7.5
      vertex 152.329 10.0816 7.5
    endloop
  endfacet
  facet normal 0 0 1
    outer loop
      vertex 152.5 9 7.5
      vertex 150.4 9 7.5
      vertex 152.457 8.45248 7.5
    endloop
  endfacet
  facet normal 0 0 1
    outer loop
      vertex 150.331 9.43262 7.5
      vertex 152.329 10.0816 7.5
      vertex 152.119 10.589 7.5
    endloop
  endfacet
  facet normal -0 0 1
    outer loop
      vertex 150.383 8.78099 7.5
      vertex 152.457 8.45248 7.5
      vertex 150.4 9 7.5
    endloop
  endfacet
  facet normal 0 0 1
    outer loop
      vertex 150.247 9.63559 7.5
      vertex 152.119 10.589 7.5
      vertex 151.832 11.0572 7.5
    endloop
  endfacet
  facet normal 0 0 1
    outer loop
      vertex 152.457 8.45248 7.5
      vertex 150.383 8.78099 7.5
      vertex 152.329 7.91844 7.5
    endloop
  endfacet
  facet normal 0 0 1
    outer loop
      vertex 150.133 9.8229 7.5
      vertex 151.832 11.0572 7.5
      vertex 151.475 11.4749 7.5
    endloop
  endfacet
  facet normal -0 0 1
    outer loop
      vertex 150.331 8.56738 7.5
      vertex 152.329 7.91844 7.5
      vertex 150.383 8.78099 7.5
    endloop
  endfacet
  facet normal 0 0 1
    outer loop
      vertex 149.99 9.98995 7.5
      vertex 151.475 11.4749 7.5
      vertex 151.057 11.8316 7.5
    endloop
  endfacet
  facet normal 0 0 1
    outer loop
      vertex 152.329 7.91844 7.5
      vertex 150.331 8.56738 7.5
      vertex 152.119 7.41103 7.5
    endloop
  endfacet
  facet normal 0 0 1
    outer loop
      vertex 149.823 10.1326 7.5
      vertex 151.057 11.8316 7.5
      vertex 150.589 12.1185 7.5
    endloop
  endfacet
  facet normal -0 0 1
    outer loop
      vertex 150.247 8.36441 7.5
      vertex 152.119 7.41103 7.5
      vertex 150.331 8.56738 7.5
    endloop
  endfacet
  facet normal 0 0 1
    outer loop
      vertex 152.119 7.41103 7.5
      vertex 150.247 8.36441 7.5
      vertex 151.832 6.94275 7.5
    endloop
  endfacet
  facet normal 0 0 1
    outer loop
      vertex 152.457 9.54752 7.5
      vertex 150.383 9.21901 7.5
      vertex 150.4 9 7.5
    endloop
  endfacet
  facet normal 0 0 1
    outer loop
      vertex 152.329 10.0816 7.5
      vertex 150.331 9.43262 7.5
      vertex 150.383 9.21901 7.5
    endloop
  endfacet
  facet normal 0 0 1
    outer loop
      vertex 152.119 10.589 7.5
      vertex 150.247 9.63559 7.5
      vertex 150.331 9.43262 7.5
    endloop
  endfacet
  facet normal 0 0 1
    outer loop
      vertex 151.832 11.0572 7.5
      vertex 150.133 9.8229 7.5
      vertex 150.247 9.63559 7.5
    endloop
  endfacet
  facet normal 0 0 1
    outer loop
      vertex 149.636 10.2474 7.5
      vertex 150.589 12.1185 7.5
      vertex 150.082 12.3287 7.5
    endloop
  endfacet
  facet normal 0 0 1
    outer loop
      vertex 151.475 11.4749 7.5
      vertex 149.99 9.98995 7.5
      vertex 150.133 9.8229 7.5
    endloop
  endfacet
  facet normal 0 0 1
    outer loop
      vertex 151.057 11.8316 7.5
      vertex 149.823 10.1326 7.5
      vertex 149.99 9.98995 7.5
    endloop
  endfacet
  facet normal 0 0 1
    outer loop
      vertex 150.589 12.1185 7.5
      vertex 149.636 10.2474 7.5
      vertex 149.823 10.1326 7.5
    endloop
  endfacet
  facet normal 0 0 1
    outer loop
      vertex 149.433 10.3315 7.5
      vertex 150.082 12.3287 7.5
      vertex 149.548 12.4569 7.5
    endloop
  endfacet
  facet normal 0 0 1
    outer loop
      vertex 150.082 12.3287 7.5
      vertex 149.433 10.3315 7.5
      vertex 149.636 10.2474 7.5
    endloop
  endfacet
  facet normal 0 0 1
    outer loop
      vertex 149.548 12.4569 7.5
      vertex 149.219 10.3828 7.5
      vertex 149.433 10.3315 7.5
    endloop
  endfacet
  facet normal 0 0 1
    outer loop
      vertex 149 12.5 7.5
      vertex 149.219 10.3828 7.5
      vertex 149.548 12.4569 7.5
    endloop
  endfacet
  facet normal 0 0 1
    outer loop
      vertex 149 12.5 7.5
      vertex 149 10.4 7.5
      vertex 149.219 10.3828 7.5
    endloop
  endfacet
  facet normal 0 0 1
    outer loop
      vertex 149 12.5 7.5
      vertex 148.781 10.3828 7.5
      vertex 149 10.4 7.5
    endloop
  endfacet
  facet normal -0 0 1
    outer loop
      vertex 148.452 12.4569 7.5
      vertex 148.781 10.3828 7.5
      vertex 149 12.5 7.5
    endloop
  endfacet
  facet normal 0 0 1
    outer loop
      vertex 148.781 10.3828 7.5
      vertex 148.452 12.4569 7.5
      vertex 148.567 10.3315 7.5
    endloop
  endfacet
  facet normal -0 0 1
    outer loop
      vertex 147.918 12.3287 7.5
      vertex 148.567 10.3315 7.5
      vertex 148.452 12.4569 7.5
    endloop
  endfacet
  facet normal 0 0 1
    outer loop
      vertex 148.567 10.3315 7.5
      vertex 147.918 12.3287 7.5
      vertex 148.364 10.2474 7.5
    endloop
  endfacet
  facet normal -0 0 1
    outer loop
      vertex 147.411 12.1185 7.5
      vertex 148.364 10.2474 7.5
      vertex 147.918 12.3287 7.5
    endloop
  endfacet
  facet normal 0 0 1
    outer loop
      vertex 148.364 10.2474 7.5
      vertex 147.411 12.1185 7.5
      vertex 148.177 10.1326 7.5
    endloop
  endfacet
  facet normal -0 0 1
    outer loop
      vertex 146.943 11.8316 7.5
      vertex 148.177 10.1326 7.5
      vertex 147.411 12.1185 7.5
    endloop
  endfacet
  facet normal 0 0 1
    outer loop
      vertex 148.177 10.1326 7.5
      vertex 146.943 11.8316 7.5
      vertex 148.01 9.98995 7.5
    endloop
  endfacet
  facet normal -0 0 1
    outer loop
      vertex 146.525 11.4749 7.5
      vertex 148.01 9.98995 7.5
      vertex 146.943 11.8316 7.5
    endloop
  endfacet
  facet normal 0 0 1
    outer loop
      vertex 148.01 9.98995 7.5
      vertex 146.525 11.4749 7.5
      vertex 147.867 9.8229 7.5
    endloop
  endfacet
  facet normal 0 0 1
    outer loop
      vertex 147.867 9.8229 7.5
      vertex 146.168 11.0572 7.5
      vertex 147.753 9.63559 7.5
    endloop
  endfacet
  facet normal -0 0 1
    outer loop
      vertex 146.168 11.0572 7.5
      vertex 147.867 9.8229 7.5
      vertex 146.525 11.4749 7.5
    endloop
  endfacet
  facet normal -0 0 1
    outer loop
      vertex 150.133 8.1771 7.5
      vertex 151.832 6.94275 7.5
      vertex 150.247 8.36441 7.5
    endloop
  endfacet
  facet normal 0 0 1
    outer loop
      vertex 151.832 6.94275 7.5
      vertex 150.133 8.1771 7.5
      vertex 151.475 6.52513 7.5
    endloop
  endfacet
  facet normal -0 0 1
    outer loop
      vertex 149.99 8.01005 7.5
      vertex 151.475 6.52513 7.5
      vertex 150.133 8.1771 7.5
    endloop
  endfacet
  facet normal 0 0 1
    outer loop
      vertex 151.475 6.52513 7.5
      vertex 149.99 8.01005 7.5
      vertex 151.057 6.16844 7.5
    endloop
  endfacet
  facet normal -0 0 1
    outer loop
      vertex 149.823 7.86738 7.5
      vertex 151.057 6.16844 7.5
      vertex 149.99 8.01005 7.5
    endloop
  endfacet
  facet normal 0 0 1
    outer loop
      vertex 151.057 6.16844 7.5
      vertex 149.823 7.86738 7.5
      vertex 150.589 5.88148 7.5
    endloop
  endfacet
  facet normal -0 0 1
    outer loop
      vertex 149.636 7.75259 7.5
      vertex 150.589 5.88148 7.5
      vertex 149.823 7.86738 7.5
    endloop
  endfacet
  facet normal 0 0 1
    outer loop
      vertex 150.589 5.88148 7.5
      vertex 149.636 7.75259 7.5
      vertex 150.082 5.6713 7.5
    endloop
  endfacet
  facet normal -0 0 1
    outer loop
      vertex 149.433 7.66852 7.5
      vertex 150.082 5.6713 7.5
      vertex 149.636 7.75259 7.5
    endloop
  endfacet
  facet normal 0 0 1
    outer loop
      vertex 150.082 5.6713 7.5
      vertex 149.433 7.66852 7.5
      vertex 149.548 5.54309 7.5
    endloop
  endfacet
  facet normal -0 0 1
    outer loop
      vertex 149.219 7.61724 7.5
      vertex 149.548 5.54309 7.5
      vertex 149.433 7.66852 7.5
    endloop
  endfacet
  facet normal -0 0 1
    outer loop
      vertex 149 7.6 7.5
      vertex 149.548 5.54309 7.5
      vertex 149.219 7.61724 7.5
    endloop
  endfacet
  facet normal 0 0 1
    outer loop
      vertex 149 7.6 7.5
      vertex 149 5.5 7.5
      vertex 149.548 5.54309 7.5
    endloop
  endfacet
  facet normal 0 0 1
    outer loop
      vertex 148.781 7.61724 7.5
      vertex 149 5.5 7.5
      vertex 149 7.6 7.5
    endloop
  endfacet
  facet normal 0 0 1
    outer loop
      vertex 148.452 5.54309 7.5
      vertex 148.781 7.61724 7.5
      vertex 148.567 7.66852 7.5
    endloop
  endfacet
  facet normal 0 0 1
    outer loop
      vertex 148.781 7.61724 7.5
      vertex 148.452 5.54309 7.5
      vertex 149 5.5 7.5
    endloop
  endfacet
  facet normal 0 0 1
    outer loop
      vertex 147.918 5.6713 7.5
      vertex 148.567 7.66852 7.5
      vertex 148.364 7.75259 7.5
    endloop
  endfacet
  facet normal 0 0 1
    outer loop
      vertex 147.411 5.88148 7.5
      vertex 148.364 7.75259 7.5
      vertex 148.177 7.86738 7.5
    endloop
  endfacet
  facet normal 0 0 1
    outer loop
      vertex 146.943 6.16844 7.5
      vertex 148.177 7.86738 7.5
      vertex 148.01 8.01005 7.5
    endloop
  endfacet
  facet normal 0 0 1
    outer loop
      vertex 148.567 7.66852 7.5
      vertex 147.918 5.6713 7.5
      vertex 148.452 5.54309 7.5
    endloop
  endfacet
  facet normal 0 0 1
    outer loop
      vertex 146.525 6.52513 7.5
      vertex 148.01 8.01005 7.5
      vertex 147.867 8.1771 7.5
    endloop
  endfacet
  facet normal 0 0 1
    outer loop
      vertex 146.168 6.94275 7.5
      vertex 147.867 8.1771 7.5
      vertex 147.753 8.36441 7.5
    endloop
  endfacet
  facet normal 0 0 1
    outer loop
      vertex 145.881 7.41103 7.5
      vertex 147.753 8.36441 7.5
      vertex 147.669 8.56738 7.5
    endloop
  endfacet
  facet normal 0 0 1
    outer loop
      vertex 145.671 7.91844 7.5
      vertex 147.669 8.56738 7.5
      vertex 147.617 8.78099 7.5
    endloop
  endfacet
  facet normal 0 0 1
    outer loop
      vertex 148.364 7.75259 7.5
      vertex 147.411 5.88148 7.5
      vertex 147.918 5.6713 7.5
    endloop
  endfacet
  facet normal 0 0 1
    outer loop
      vertex 145.543 8.45248 7.5
      vertex 147.617 8.78099 7.5
      vertex 147.6 9 7.5
    endloop
  endfacet
  facet normal -0 0 1
    outer loop
      vertex 145.881 10.589 7.5
      vertex 147.753 9.63559 7.5
      vertex 146.168 11.0572 7.5
    endloop
  endfacet
  facet normal 0 0 1
    outer loop
      vertex 147.753 9.63559 7.5
      vertex 145.881 10.589 7.5
      vertex 147.669 9.43262 7.5
    endloop
  endfacet
  facet normal 0 0 1
    outer loop
      vertex 148.177 7.86738 7.5
      vertex 146.943 6.16844 7.5
      vertex 147.411 5.88148 7.5
    endloop
  endfacet
  facet normal -0 0 1
    outer loop
      vertex 145.671 10.0816 7.5
      vertex 147.669 9.43262 7.5
      vertex 145.881 10.589 7.5
    endloop
  endfacet
  facet normal 0 0 1
    outer loop
      vertex 148.01 8.01005 7.5
      vertex 146.525 6.52513 7.5
      vertex 146.943 6.16844 7.5
    endloop
  endfacet
  facet normal 0 0 1
    outer loop
      vertex 147.669 9.43262 7.5
      vertex 145.671 10.0816 7.5
      vertex 147.617 9.21901 7.5
    endloop
  endfacet
  facet normal 0 0 1
    outer loop
      vertex 147.867 8.1771 7.5
      vertex 146.168 6.94275 7.5
      vertex 146.525 6.52513 7.5
    endloop
  endfacet
  facet normal -0 0 1
    outer loop
      vertex 145.543 9.54752 7.5
      vertex 147.617 9.21901 7.5
      vertex 145.671 10.0816 7.5
    endloop
  endfacet
  facet normal 0 0 1
    outer loop
      vertex 147.753 8.36441 7.5
      vertex 145.881 7.41103 7.5
      vertex 146.168 6.94275 7.5
    endloop
  endfacet
  facet normal 0 0 1
    outer loop
      vertex 147.617 9.21901 7.5
      vertex 145.543 9.54752 7.5
      vertex 147.6 9 7.5
    endloop
  endfacet
  facet normal 0 0 1
    outer loop
      vertex 147.669 8.56738 7.5
      vertex 145.671 7.91844 7.5
      vertex 145.881 7.41103 7.5
    endloop
  endfacet
  facet normal 0 0 1
    outer loop
      vertex 145.5 9 7.5
      vertex 147.6 9 7.5
      vertex 145.543 9.54752 7.5
    endloop
  endfacet
  facet normal 0 0 1
    outer loop
      vertex 147.617 8.78099 7.5
      vertex 145.543 8.45248 7.5
      vertex 145.671 7.91844 7.5
    endloop
  endfacet
  facet normal 0 0 1
    outer loop
      vertex 147.6 9 7.5
      vertex 145.5 9 7.5
      vertex 145.543 8.45248 7.5
    endloop
  endfacet
  facet normal 0.85257 0.522613 0
    outer loop
      vertex 152.119 10.589 7.5
      vertex 151.832 11.0572 2.5
      vertex 151.832 11.0572 7.5
    endloop
  endfacet
  facet normal 0.85257 0.522613 0
    outer loop
      vertex 151.832 11.0572 2.5
      vertex 152.119 10.589 7.5
      vertex 152.119 10.589 2.5
    endloop
  endfacet
  facet normal -0.522723 -0.852503 0
    outer loop
      vertex 146.943 6.16844 2.5
      vertex 147.411 5.88148 7.5
      vertex 146.943 6.16844 7.5
    endloop
  endfacet
  facet normal -0.522723 -0.852503 -0
    outer loop
      vertex 147.411 5.88148 7.5
      vertex 146.943 6.16844 2.5
      vertex 147.411 5.88148 2.5
    endloop
  endfacet
  facet normal 0.923993 -0.38241 0
    outer loop
      vertex 152.119 7.41103 7.5
      vertex 152.329 7.91844 2.5
      vertex 152.329 7.91844 7.5
    endloop
  endfacet
  facet normal 0.923993 -0.38241 0
    outer loop
      vertex 152.329 7.91844 2.5
      vertex 152.119 7.41103 7.5
      vertex 152.119 7.41103 2.5
    endloop
  endfacet
  facet normal 0.760181 0.649712 0
    outer loop
      vertex 151.832 11.0572 7.5
      vertex 151.475 11.4749 2.5
      vertex 151.475 11.4749 7.5
    endloop
  endfacet
  facet normal 0.760181 0.649712 0
    outer loop
      vertex 151.475 11.4749 2.5
      vertex 151.832 11.0572 7.5
      vertex 151.832 11.0572 2.5
    endloop
  endfacet
  facet normal 0.233442 0.972371 -0
    outer loop
      vertex 150.082 12.3287 2.5
      vertex 149.548 12.4569 7.5
      vertex 150.082 12.3287 7.5
    endloop
  endfacet
  facet normal 0.233442 0.972371 0
    outer loop
      vertex 149.548 12.4569 7.5
      vertex 150.082 12.3287 2.5
      vertex 149.548 12.4569 2.5
    endloop
  endfacet
  facet normal 0.0784075 0.996921 -0
    outer loop
      vertex 149.548 12.4569 2.5
      vertex 149 12.5 7.5
      vertex 149.548 12.4569 7.5
    endloop
  endfacet
  facet normal 0.0784075 0.996921 0
    outer loop
      vertex 149 12.5 7.5
      vertex 149.548 12.4569 2.5
      vertex 149 12.5 2.5
    endloop
  endfacet
  facet normal -0.972457 -0.233081 0
    outer loop
      vertex 145.671 7.91844 2.5
      vertex 145.543 8.45248 7.5
      vertex 145.543 8.45248 2.5
    endloop
  endfacet
  facet normal -0.972457 -0.233081 0
    outer loop
      vertex 145.543 8.45248 7.5
      vertex 145.671 7.91844 2.5
      vertex 145.671 7.91844 7.5
    endloop
  endfacet
  facet normal 0.85261 -0.522548 0
    outer loop
      vertex 151.832 6.94275 7.5
      vertex 152.119 7.41103 2.5
      vertex 152.119 7.41103 7.5
    endloop
  endfacet
  facet normal 0.85261 -0.522548 0
    outer loop
      vertex 152.119 7.41103 2.5
      vertex 151.832 6.94275 7.5
      vertex 151.832 6.94275 2.5
    endloop
  endfacet
  facet normal -0.923993 -0.38241 0
    outer loop
      vertex 145.881 7.41103 2.5
      vertex 145.671 7.91844 7.5
      vertex 145.671 7.91844 2.5
    endloop
  endfacet
  facet normal -0.923993 -0.38241 0
    outer loop
      vertex 145.671 7.91844 7.5
      vertex 145.881 7.41103 2.5
      vertex 145.881 7.41103 7.5
    endloop
  endfacet
  facet normal 0.522643 0.852552 -0
    outer loop
      vertex 151.057 11.8316 2.5
      vertex 150.589 12.1185 7.5
      vertex 151.057 11.8316 7.5
    endloop
  endfacet
  facet normal 0.522643 0.852552 0
    outer loop
      vertex 150.589 12.1185 7.5
      vertex 151.057 11.8316 2.5
      vertex 150.589 12.1185 2.5
    endloop
  endfacet
  facet normal -0.760119 -0.649784 0
    outer loop
      vertex 146.525 6.52513 2.5
      vertex 146.168 6.94275 7.5
      vertex 146.168 6.94275 2.5
    endloop
  endfacet
  facet normal -0.760119 -0.649784 0
    outer loop
      vertex 146.168 6.94275 7.5
      vertex 146.525 6.52513 2.5
      vertex 146.525 6.52513 7.5
    endloop
  endfacet
  facet normal 0.382985 0.923755 -0
    outer loop
      vertex 150.589 12.1185 2.5
      vertex 150.082 12.3287 7.5
      vertex 150.589 12.1185 7.5
    endloop
  endfacet
  facet normal 0.382985 0.923755 0
    outer loop
      vertex 150.082 12.3287 7.5
      vertex 150.589 12.1185 2.5
      vertex 150.082 12.3287 2.5
    endloop
  endfacet
  facet normal -0.0783894 -0.996923 0
    outer loop
      vertex 148.452 5.54309 2.5
      vertex 149 5.5 7.5
      vertex 148.452 5.54309 7.5
    endloop
  endfacet
  facet normal -0.0783894 -0.996923 -0
    outer loop
      vertex 149 5.5 7.5
      vertex 148.452 5.54309 2.5
      vertex 149 5.5 2.5
    endloop
  endfacet
  facet normal 0.649116 -0.76069 0
    outer loop
      vertex 151.057 6.16844 2.5
      vertex 151.475 6.52513 7.5
      vertex 151.057 6.16844 7.5
    endloop
  endfacet
  facet normal 0.649116 -0.76069 0
    outer loop
      vertex 151.475 6.52513 7.5
      vertex 151.057 6.16844 2.5
      vertex 151.475 6.52513 2.5
    endloop
  endfacet
  facet normal 0.99693 -0.0782949 0
    outer loop
      vertex 152.457 8.45248 7.5
      vertex 152.5 9 2.5
      vertex 152.5 9 7.5
    endloop
  endfacet
  facet normal 0.99693 -0.0782949 0
    outer loop
      vertex 152.5 9 2.5
      vertex 152.457 8.45248 7.5
      vertex 152.457 8.45248 2.5
    endloop
  endfacet
  facet normal -0.972461 0.233064 0
    outer loop
      vertex 145.543 9.54752 2.5
      vertex 145.671 10.0816 7.5
      vertex 145.671 10.0816 2.5
    endloop
  endfacet
  facet normal -0.972461 0.233064 0
    outer loop
      vertex 145.671 10.0816 7.5
      vertex 145.543 9.54752 2.5
      vertex 145.543 9.54752 7.5
    endloop
  endfacet
  facet normal -0.649126 0.760681 0
    outer loop
      vertex 146.943 11.8316 2.5
      vertex 146.525 11.4749 7.5
      vertex 146.943 11.8316 7.5
    endloop
  endfacet
  facet normal -0.649126 0.760681 0
    outer loop
      vertex 146.525 11.4749 7.5
      vertex 146.943 11.8316 2.5
      vertex 146.525 11.4749 2.5
    endloop
  endfacet
  facet normal 0.522723 -0.852503 0
    outer loop
      vertex 150.589 5.88148 2.5
      vertex 151.057 6.16844 7.5
      vertex 150.589 5.88148 7.5
    endloop
  endfacet
  facet normal 0.522723 -0.852503 0
    outer loop
      vertex 151.057 6.16844 7.5
      vertex 150.589 5.88148 2.5
      vertex 151.057 6.16844 2.5
    endloop
  endfacet
  facet normal -0.522643 0.852552 0
    outer loop
      vertex 147.411 12.1185 2.5
      vertex 146.943 11.8316 7.5
      vertex 147.411 12.1185 7.5
    endloop
  endfacet
  facet normal -0.522643 0.852552 0
    outer loop
      vertex 146.943 11.8316 7.5
      vertex 147.411 12.1185 2.5
      vertex 146.943 11.8316 2.5
    endloop
  endfacet
  facet normal -0.92399 0.382416 0
    outer loop
      vertex 145.671 10.0816 2.5
      vertex 145.881 10.589 7.5
      vertex 145.881 10.589 2.5
    endloop
  endfacet
  facet normal -0.92399 0.382416 0
    outer loop
      vertex 145.881 10.589 7.5
      vertex 145.671 10.0816 2.5
      vertex 145.671 10.0816 7.5
    endloop
  endfacet
  facet normal -0.233442 0.972371 0
    outer loop
      vertex 148.452 12.4569 2.5
      vertex 147.918 12.3287 7.5
      vertex 148.452 12.4569 7.5
    endloop
  endfacet
  facet normal -0.233442 0.972371 0
    outer loop
      vertex 147.918 12.3287 7.5
      vertex 148.452 12.4569 2.5
      vertex 147.918 12.3287 2.5
    endloop
  endfacet
  facet normal 0.649126 0.760681 -0
    outer loop
      vertex 151.475 11.4749 2.5
      vertex 151.057 11.8316 7.5
      vertex 151.475 11.4749 7.5
    endloop
  endfacet
  facet normal 0.649126 0.760681 0
    outer loop
      vertex 151.057 11.8316 7.5
      vertex 151.475 11.4749 2.5
      vertex 151.057 11.8316 2.5
    endloop
  endfacet
  facet normal 0.233459 -0.972367 0
    outer loop
      vertex 149.548 5.54309 2.5
      vertex 150.082 5.6713 7.5
      vertex 149.548 5.54309 7.5
    endloop
  endfacet
  facet normal 0.233459 -0.972367 0
    outer loop
      vertex 150.082 5.6713 7.5
      vertex 149.548 5.54309 2.5
      vertex 150.082 5.6713 2.5
    endloop
  endfacet
  facet normal -0.0784075 0.996921 0
    outer loop
      vertex 149 12.5 2.5
      vertex 148.452 12.4569 7.5
      vertex 149 12.5 7.5
    endloop
  endfacet
  facet normal -0.0784075 0.996921 0
    outer loop
      vertex 148.452 12.4569 7.5
      vertex 149 12.5 2.5
      vertex 148.452 12.4569 2.5
    endloop
  endfacet
  facet normal -0.85261 -0.522548 0
    outer loop
      vertex 146.168 6.94275 2.5
      vertex 145.881 7.41103 7.5
      vertex 145.881 7.41103 2.5
    endloop
  endfacet
  facet normal -0.85261 -0.522548 0
    outer loop
      vertex 145.881 7.41103 7.5
      vertex 146.168 6.94275 2.5
      vertex 146.168 6.94275 7.5
    endloop
  endfacet
  facet normal -0.85257 0.522613 0
    outer loop
      vertex 145.881 10.589 2.5
      vertex 146.168 11.0572 7.5
      vertex 146.168 11.0572 2.5
    endloop
  endfacet
  facet normal -0.85257 0.522613 0
    outer loop
      vertex 146.168 11.0572 7.5
      vertex 145.881 10.589 2.5
      vertex 145.881 10.589 7.5
    endloop
  endfacet
  facet normal -0.99693 -0.0782949 0
    outer loop
      vertex 145.543 8.45248 2.5
      vertex 145.5 9 7.5
      vertex 145.5 9 2.5
    endloop
  endfacet
  facet normal -0.99693 -0.0782949 0
    outer loop
      vertex 145.5 9 7.5
      vertex 145.543 8.45248 2.5
      vertex 145.543 8.45248 7.5
    endloop
  endfacet
  facet normal -0.382985 0.923755 0
    outer loop
      vertex 147.918 12.3287 2.5
      vertex 147.411 12.1185 7.5
      vertex 147.918 12.3287 7.5
    endloop
  endfacet
  facet normal -0.382985 0.923755 0
    outer loop
      vertex 147.411 12.1185 7.5
      vertex 147.918 12.3287 2.5
      vertex 147.411 12.1185 2.5
    endloop
  endfacet
  facet normal 0.382954 -0.923768 0
    outer loop
      vertex 150.082 5.6713 2.5
      vertex 150.589 5.88148 7.5
      vertex 150.082 5.6713 7.5
    endloop
  endfacet
  facet normal 0.382954 -0.923768 0
    outer loop
      vertex 150.589 5.88148 7.5
      vertex 150.082 5.6713 2.5
      vertex 150.589 5.88148 2.5
    endloop
  endfacet
  facet normal 0.760119 -0.649784 0
    outer loop
      vertex 151.475 6.52513 7.5
      vertex 151.832 6.94275 2.5
      vertex 151.832 6.94275 7.5
    endloop
  endfacet
  facet normal 0.760119 -0.649784 0
    outer loop
      vertex 151.832 6.94275 2.5
      vertex 151.475 6.52513 7.5
      vertex 151.475 6.52513 2.5
    endloop
  endfacet
  facet normal -0.99693 0.0782949 0
    outer loop
      vertex 145.5 9 2.5
      vertex 145.543 9.54752 7.5
      vertex 145.543 9.54752 2.5
    endloop
  endfacet
  facet normal -0.99693 0.0782949 0
    outer loop
      vertex 145.543 9.54752 7.5
      vertex 145.5 9 2.5
      vertex 145.5 9 7.5
    endloop
  endfacet
  facet normal 0.972457 -0.233081 0
    outer loop
      vertex 152.329 7.91844 7.5
      vertex 152.457 8.45248 2.5
      vertex 152.457 8.45248 7.5
    endloop
  endfacet
  facet normal 0.972457 -0.233081 0
    outer loop
      vertex 152.457 8.45248 2.5
      vertex 152.329 7.91844 7.5
      vertex 152.329 7.91844 2.5
    endloop
  endfacet
  facet normal -0.649116 -0.76069 0
    outer loop
      vertex 146.525 6.52513 2.5
      vertex 146.943 6.16844 7.5
      vertex 146.525 6.52513 7.5
    endloop
  endfacet
  facet normal -0.649116 -0.76069 -0
    outer loop
      vertex 146.943 6.16844 7.5
      vertex 146.525 6.52513 2.5
      vertex 146.943 6.16844 2.5
    endloop
  endfacet
  facet normal -0.382954 -0.923768 0
    outer loop
      vertex 147.411 5.88148 2.5
      vertex 147.918 5.6713 7.5
      vertex 147.411 5.88148 7.5
    endloop
  endfacet
  facet normal -0.382954 -0.923768 -0
    outer loop
      vertex 147.918 5.6713 7.5
      vertex 147.411 5.88148 2.5
      vertex 147.918 5.6713 2.5
    endloop
  endfacet
  facet normal -0.233459 -0.972367 0
    outer loop
      vertex 147.918 5.6713 2.5
      vertex 148.452 5.54309 7.5
      vertex 147.918 5.6713 7.5
    endloop
  endfacet
  facet normal -0.233459 -0.972367 -0
    outer loop
      vertex 148.452 5.54309 7.5
      vertex 147.918 5.6713 2.5
      vertex 148.452 5.54309 2.5
    endloop
  endfacet
  facet normal -0.760181 0.649712 0
    outer loop
      vertex 146.168 11.0572 2.5
      vertex 146.525 11.4749 7.5
      vertex 146.525 11.4749 2.5
    endloop
  endfacet
  facet normal -0.760181 0.649712 0
    outer loop
      vertex 146.525 11.4749 7.5
      vertex 146.168 11.0572 2.5
      vertex 146.168 11.0572 7.5
    endloop
  endfacet
  facet normal -0.0784787 0.996916 0
    outer loop
      vertex 149.219 7.61724 2.5
      vertex 149 7.6 7.5
      vertex 149.219 7.61724 7.5
    endloop
  endfacet
  facet normal -0.0784787 0.996916 0
    outer loop
      vertex 149 7.6 7.5
      vertex 149.219 7.61724 2.5
      vertex 149 7.6 2.5
    endloop
  endfacet
  facet normal -0.971625 -0.236527 0
    outer loop
      vertex 150.383 9.21901 2.5
      vertex 150.331 9.43262 7.5
      vertex 150.331 9.43262 2.5
    endloop
  endfacet
  facet normal -0.971625 -0.236527 0
    outer loop
      vertex 150.331 9.43262 7.5
      vertex 150.383 9.21901 2.5
      vertex 150.383 9.21901 7.5
    endloop
  endfacet
  facet normal -0.997001 -0.0773892 0
    outer loop
      vertex 150.4 9 2.5
      vertex 150.383 9.21901 7.5
      vertex 150.383 9.21901 2.5
    endloop
  endfacet
  facet normal -0.997001 -0.0773892 0
    outer loop
      vertex 150.383 9.21901 7.5
      vertex 150.4 9 2.5
      vertex 150.4 9 7.5
    endloop
  endfacet
  facet normal -0.923997 -0.3824 0
    outer loop
      vertex 150.331 9.43262 2.5
      vertex 150.247 9.63559 7.5
      vertex 150.247 9.63559 2.5
    endloop
  endfacet
  facet normal -0.923997 -0.3824 0
    outer loop
      vertex 150.247 9.63559 7.5
      vertex 150.331 9.43262 2.5
      vertex 150.331 9.43262 7.5
    endloop
  endfacet
  facet normal -0.523149 0.852241 0
    outer loop
      vertex 149.823 7.86738 2.5
      vertex 149.636 7.75259 7.5
      vertex 149.823 7.86738 7.5
    endloop
  endfacet
  facet normal -0.523149 0.852241 0
    outer loop
      vertex 149.636 7.75259 7.5
      vertex 149.823 7.86738 2.5
      vertex 149.636 7.75259 2.5
    endloop
  endfacet
  facet normal -0.854228 -0.519898 0
    outer loop
      vertex 150.247 9.63559 2.5
      vertex 150.133 9.8229 7.5
      vertex 150.133 9.8229 2.5
    endloop
  endfacet
  facet normal -0.854228 -0.519898 0
    outer loop
      vertex 150.133 9.8229 7.5
      vertex 150.247 9.63559 2.5
      vertex 150.247 9.63559 7.5
    endloop
  endfacet
  facet normal -0.759674 -0.650304 0
    outer loop
      vertex 150.133 9.8229 2.5
      vertex 149.99 9.98995 7.5
      vertex 149.99 9.98995 2.5
    endloop
  endfacet
  facet normal -0.759674 -0.650304 0
    outer loop
      vertex 149.99 9.98995 7.5
      vertex 150.133 9.8229 2.5
      vertex 150.133 9.8229 7.5
    endloop
  endfacet
  facet normal 0.997001 -0.0773892 0
    outer loop
      vertex 147.6 9 7.5
      vertex 147.617 9.21901 2.5
      vertex 147.617 9.21901 7.5
    endloop
  endfacet
  facet normal 0.997001 -0.0773892 0
    outer loop
      vertex 147.617 9.21901 2.5
      vertex 147.6 9 7.5
      vertex 147.6 9 2.5
    endloop
  endfacet
  facet normal -0.233029 0.97247 0
    outer loop
      vertex 149.433 7.66852 2.5
      vertex 149.219 7.61724 7.5
      vertex 149.433 7.66852 7.5
    endloop
  endfacet
  facet normal -0.233029 0.97247 0
    outer loop
      vertex 149.219 7.61724 7.5
      vertex 149.433 7.66852 2.5
      vertex 149.219 7.61724 2.5
    endloop
  endfacet
  facet normal 0.854228 0.519898 0
    outer loop
      vertex 147.867 8.1771 7.5
      vertex 147.753 8.36441 2.5
      vertex 147.753 8.36441 7.5
    endloop
  endfacet
  facet normal 0.854228 0.519898 0
    outer loop
      vertex 147.753 8.36441 2.5
      vertex 147.867 8.1771 7.5
      vertex 147.867 8.1771 2.5
    endloop
  endfacet
  facet normal 0.923997 0.3824 0
    outer loop
      vertex 147.753 8.36441 7.5
      vertex 147.669 8.56738 2.5
      vertex 147.669 8.56738 7.5
    endloop
  endfacet
  facet normal 0.923997 0.3824 0
    outer loop
      vertex 147.669 8.56738 2.5
      vertex 147.753 8.36441 7.5
      vertex 147.753 8.36441 2.5
    endloop
  endfacet
  facet normal -0.523182 -0.852221 0
    outer loop
      vertex 149.636 10.2474 2.5
      vertex 149.823 10.1326 7.5
      vertex 149.636 10.2474 7.5
    endloop
  endfacet
  facet normal -0.523182 -0.852221 -0
    outer loop
      vertex 149.823 10.1326 7.5
      vertex 149.636 10.2474 2.5
      vertex 149.823 10.1326 2.5
    endloop
  endfacet
  facet normal -0.923997 0.3824 0
    outer loop
      vertex 150.247 8.36441 2.5
      vertex 150.331 8.56738 7.5
      vertex 150.331 8.56738 2.5
    endloop
  endfacet
  facet normal -0.923997 0.3824 0
    outer loop
      vertex 150.331 8.56738 7.5
      vertex 150.247 8.36441 2.5
      vertex 150.247 8.36441 7.5
    endloop
  endfacet
  facet normal 0.759674 -0.650304 0
    outer loop
      vertex 147.867 9.8229 7.5
      vertex 148.01 9.98995 2.5
      vertex 148.01 9.98995 7.5
    endloop
  endfacet
  facet normal 0.759674 -0.650304 0
    outer loop
      vertex 148.01 9.98995 2.5
      vertex 147.867 9.8229 7.5
      vertex 147.867 9.8229 2.5
    endloop
  endfacet
  facet normal 0.997001 0.0773892 0
    outer loop
      vertex 147.617 8.78099 7.5
      vertex 147.6 9 2.5
      vertex 147.6 9 7.5
    endloop
  endfacet
  facet normal 0.997001 0.0773892 0
    outer loop
      vertex 147.6 9 2.5
      vertex 147.617 8.78099 7.5
      vertex 147.617 8.78099 2.5
    endloop
  endfacet
  facet normal -0.759674 0.650304 0
    outer loop
      vertex 149.99 8.01005 2.5
      vertex 150.133 8.1771 7.5
      vertex 150.133 8.1771 2.5
    endloop
  endfacet
  facet normal -0.759674 0.650304 0
    outer loop
      vertex 150.133 8.1771 7.5
      vertex 149.99 8.01005 2.5
      vertex 149.99 8.01005 7.5
    endloop
  endfacet
  facet normal -0.854228 0.519898 0
    outer loop
      vertex 150.133 8.1771 2.5
      vertex 150.247 8.36441 7.5
      vertex 150.247 8.36441 2.5
    endloop
  endfacet
  facet normal -0.854228 0.519898 0
    outer loop
      vertex 150.247 8.36441 7.5
      vertex 150.133 8.1771 2.5
      vertex 150.133 8.1771 7.5
    endloop
  endfacet
  facet normal 0.233029 0.97247 -0
    outer loop
      vertex 148.781 7.61724 2.5
      vertex 148.567 7.66852 7.5
      vertex 148.781 7.61724 7.5
    endloop
  endfacet
  facet normal 0.233029 0.97247 0
    outer loop
      vertex 148.567 7.66852 7.5
      vertex 148.781 7.61724 2.5
      vertex 148.567 7.66852 2.5
    endloop
  endfacet
  facet normal 0.971625 0.236527 0
    outer loop
      vertex 147.669 8.56738 7.5
      vertex 147.617 8.78099 2.5
      vertex 147.617 8.78099 7.5
    endloop
  endfacet
  facet normal 0.971625 0.236527 0
    outer loop
      vertex 147.617 8.78099 2.5
      vertex 147.669 8.56738 7.5
      vertex 147.669 8.56738 2.5
    endloop
  endfacet
  facet normal 0.382624 0.923904 -0
    outer loop
      vertex 148.567 7.66852 2.5
      vertex 148.364 7.75259 7.5
      vertex 148.567 7.66852 7.5
    endloop
  endfacet
  facet normal 0.382624 0.923904 0
    outer loop
      vertex 148.364 7.75259 7.5
      vertex 148.567 7.66852 2.5
      vertex 148.364 7.75259 2.5
    endloop
  endfacet
  facet normal -0.997001 0.0773892 0
    outer loop
      vertex 150.383 8.78099 2.5
      vertex 150.4 9 7.5
      vertex 150.4 9 2.5
    endloop
  endfacet
  facet normal -0.997001 0.0773892 0
    outer loop
      vertex 150.4 9 7.5
      vertex 150.383 8.78099 2.5
      vertex 150.383 8.78099 7.5
    endloop
  endfacet
  facet normal -0.971625 0.236527 0
    outer loop
      vertex 150.331 8.56738 2.5
      vertex 150.383 8.78099 7.5
      vertex 150.383 8.78099 2.5
    endloop
  endfacet
  facet normal -0.971625 0.236527 0
    outer loop
      vertex 150.383 8.78099 7.5
      vertex 150.331 8.56738 2.5
      vertex 150.331 8.56738 7.5
    endloop
  endfacet
  facet normal 0.649497 -0.760364 0
    outer loop
      vertex 148.01 9.98995 2.5
      vertex 148.177 10.1326 7.5
      vertex 148.01 9.98995 7.5
    endloop
  endfacet
  facet normal 0.649497 -0.760364 0
    outer loop
      vertex 148.177 10.1326 7.5
      vertex 148.01 9.98995 2.5
      vertex 148.177 10.1326 2.5
    endloop
  endfacet
  facet normal 0.38274 -0.923856 0
    outer loop
      vertex 148.364 10.2474 2.5
      vertex 148.567 10.3315 7.5
      vertex 148.364 10.2474 7.5
    endloop
  endfacet
  facet normal 0.38274 -0.923856 0
    outer loop
      vertex 148.567 10.3315 7.5
      vertex 148.364 10.2474 2.5
      vertex 148.567 10.3315 2.5
    endloop
  endfacet
  facet normal -0.649497 -0.760364 0
    outer loop
      vertex 149.823 10.1326 2.5
      vertex 149.99 9.98995 7.5
      vertex 149.823 10.1326 7.5
    endloop
  endfacet
  facet normal -0.649497 -0.760364 -0
    outer loop
      vertex 149.99 9.98995 7.5
      vertex 149.823 10.1326 2.5
      vertex 149.99 9.98995 2.5
    endloop
  endfacet
  facet normal 0.854228 -0.519898 0
    outer loop
      vertex 147.753 9.63559 7.5
      vertex 147.867 9.8229 2.5
      vertex 147.867 9.8229 7.5
    endloop
  endfacet
  facet normal 0.854228 -0.519898 0
    outer loop
      vertex 147.867 9.8229 2.5
      vertex 147.753 9.63559 7.5
      vertex 147.753 9.63559 2.5
    endloop
  endfacet
  facet normal 0.923997 -0.3824 0
    outer loop
      vertex 147.669 9.43262 7.5
      vertex 147.753 9.63559 2.5
      vertex 147.753 9.63559 7.5
    endloop
  endfacet
  facet normal 0.923997 -0.3824 0
    outer loop
      vertex 147.753 9.63559 2.5
      vertex 147.669 9.43262 7.5
      vertex 147.669 9.43262 2.5
    endloop
  endfacet
  facet normal 0.233115 -0.972449 0
    outer loop
      vertex 148.567 10.3315 2.5
      vertex 148.781 10.3828 7.5
      vertex 148.567 10.3315 7.5
    endloop
  endfacet
  facet normal 0.233115 -0.972449 0
    outer loop
      vertex 148.781 10.3828 7.5
      vertex 148.567 10.3315 2.5
      vertex 148.781 10.3828 2.5
    endloop
  endfacet
  facet normal 0.0782977 -0.99693 0
    outer loop
      vertex 148.781 10.3828 2.5
      vertex 149 10.4 7.5
      vertex 148.781 10.3828 7.5
    endloop
  endfacet
  facet normal 0.0782977 -0.99693 0
    outer loop
      vertex 149 10.4 7.5
      vertex 148.781 10.3828 2.5
      vertex 149 10.4 2.5
    endloop
  endfacet
  facet normal 0.649549 0.760319 -0
    outer loop
      vertex 148.177 7.86738 2.5
      vertex 148.01 8.01005 7.5
      vertex 148.177 7.86738 7.5
    endloop
  endfacet
  facet normal 0.649549 0.760319 0
    outer loop
      vertex 148.01 8.01005 7.5
      vertex 148.177 7.86738 2.5
      vertex 148.01 8.01005 2.5
    endloop
  endfacet
  facet normal -0.0782977 -0.99693 0
    outer loop
      vertex 149 10.4 2.5
      vertex 149.219 10.3828 7.5
      vertex 149 10.4 7.5
    endloop
  endfacet
  facet normal -0.0782977 -0.99693 -0
    outer loop
      vertex 149.219 10.3828 7.5
      vertex 149 10.4 2.5
      vertex 149.219 10.3828 2.5
    endloop
  endfacet
  facet normal 0.759674 0.650304 0
    outer loop
      vertex 148.01 8.01005 7.5
      vertex 147.867 8.1771 2.5
      vertex 147.867 8.1771 7.5
    endloop
  endfacet
  facet normal 0.759674 0.650304 0
    outer loop
      vertex 147.867 8.1771 2.5
      vertex 148.01 8.01005 7.5
      vertex 148.01 8.01005 2.5
    endloop
  endfacet
  facet normal -0.649549 0.760319 0
    outer loop
      vertex 149.99 8.01005 2.5
      vertex 149.823 7.86738 7.5
      vertex 149.99 8.01005 7.5
    endloop
  endfacet
  facet normal -0.649549 0.760319 0
    outer loop
      vertex 149.823 7.86738 7.5
      vertex 149.99 8.01005 2.5
      vertex 149.823 7.86738 2.5
    endloop
  endfacet
  facet normal -0.38274 -0.923856 0
    outer loop
      vertex 149.433 10.3315 2.5
      vertex 149.636 10.2474 7.5
      vertex 149.433 10.3315 7.5
    endloop
  endfacet
  facet normal -0.38274 -0.923856 -0
    outer loop
      vertex 149.636 10.2474 7.5
      vertex 149.433 10.3315 2.5
      vertex 149.636 10.2474 2.5
    endloop
  endfacet
  facet normal 0.971625 -0.236527 0
    outer loop
      vertex 147.617 9.21901 7.5
      vertex 147.669 9.43262 2.5
      vertex 147.669 9.43262 7.5
    endloop
  endfacet
  facet normal 0.971625 -0.236527 0
    outer loop
      vertex 147.669 9.43262 2.5
      vertex 147.617 9.21901 7.5
      vertex 147.617 9.21901 2.5
    endloop
  endfacet
  facet normal -0.233115 -0.972449 0
    outer loop
      vertex 149.219 10.3828 2.5
      vertex 149.433 10.3315 7.5
      vertex 149.219 10.3828 7.5
    endloop
  endfacet
  facet normal -0.233115 -0.972449 -0
    outer loop
      vertex 149.433 10.3315 7.5
      vertex 149.219 10.3828 2.5
      vertex 149.433 10.3315 2.5
    endloop
  endfacet
  facet normal -0.382624 0.923904 0
    outer loop
      vertex 149.636 7.75259 2.5
      vertex 149.433 7.66852 7.5
      vertex 149.636 7.75259 7.5
    endloop
  endfacet
  facet normal -0.382624 0.923904 0
    outer loop
      vertex 149.433 7.66852 7.5
      vertex 149.636 7.75259 2.5
      vertex 149.433 7.66852 2.5
    endloop
  endfacet
  facet normal 0.523182 -0.852221 0
    outer loop
      vertex 148.177 10.1326 2.5
      vertex 148.364 10.2474 7.5
      vertex 148.177 10.1326 7.5
    endloop
  endfacet
  facet normal 0.523182 -0.852221 0
    outer loop
      vertex 148.364 10.2474 7.5
      vertex 148.177 10.1326 2.5
      vertex 148.364 10.2474 2.5
    endloop
  endfacet
  facet normal 0.0784787 0.996916 -0
    outer loop
      vertex 149 7.6 2.5
      vertex 148.781 7.61724 7.5
      vertex 149 7.6 7.5
    endloop
  endfacet
  facet normal 0.0784787 0.996916 0
    outer loop
      vertex 148.781 7.61724 7.5
      vertex 149 7.6 2.5
      vertex 148.781 7.61724 2.5
    endloop
  endfacet
  facet normal 0.523149 0.852241 -0
    outer loop
      vertex 148.364 7.75259 2.5
      vertex 148.177 7.86738 7.5
      vertex 148.364 7.75259 7.5
    endloop
  endfacet
  facet normal 0.523149 0.852241 0
    outer loop
      vertex 148.177 7.86738 7.5
      vertex 148.364 7.75259 2.5
      vertex 148.177 7.86738 2.5
    endloop
  endfacet
  facet normal 0.0782949 -0.99693 0
    outer loop
      vertex 9 105.5 2.5
      vertex 9.54752 105.543 7.5
      vertex 9 105.5 7.5
    endloop
  endfacet
  facet normal 0.0782949 -0.99693 0
    outer loop
      vertex 9.54752 105.543 7.5
      vertex 9 105.5 2.5
      vertex 9.54752 105.543 2.5
    endloop
  endfacet
  facet normal 0.972371 0.233442 0
    outer loop
      vertex 12.4569 109.548 7.5
      vertex 12.3287 110.082 2.5
      vertex 12.3287 110.082 7.5
    endloop
  endfacet
  facet normal 0.972371 0.233442 0
    outer loop
      vertex 12.3287 110.082 2.5
      vertex 12.4569 109.548 7.5
      vertex 12.4569 109.548 2.5
    endloop
  endfacet
  facet normal 0.996921 0.0784075 0
    outer loop
      vertex 12.5 109 7.5
      vertex 12.4569 109.548 2.5
      vertex 12.4569 109.548 7.5
    endloop
  endfacet
  facet normal 0.996921 0.0784075 0
    outer loop
      vertex 12.4569 109.548 2.5
      vertex 12.5 109 7.5
      vertex 12.5 109 2.5
    endloop
  endfacet
  facet normal 0.923755 0.382985 0
    outer loop
      vertex 12.3287 110.082 7.5
      vertex 12.1185 110.589 2.5
      vertex 12.1185 110.589 7.5
    endloop
  endfacet
  facet normal 0.923755 0.382985 0
    outer loop
      vertex 12.1185 110.589 2.5
      vertex 12.3287 110.082 7.5
      vertex 12.3287 110.082 2.5
    endloop
  endfacet
  facet normal 0 0 1
    outer loop
      vertex 10.4 109 7.5
      vertex 12.5 109 7.5
      vertex 12.4569 109.548 7.5
    endloop
  endfacet
  facet normal 0 0 1
    outer loop
      vertex 10.3828 109.219 7.5
      vertex 12.4569 109.548 7.5
      vertex 12.3287 110.082 7.5
    endloop
  endfacet
  facet normal 0 0 1
    outer loop
      vertex 12.5 109 7.5
      vertex 10.4 109 7.5
      vertex 12.4569 108.452 7.5
    endloop
  endfacet
  facet normal 0 0 1
    outer loop
      vertex 10.3315 109.433 7.5
      vertex 12.3287 110.082 7.5
      vertex 12.1185 110.589 7.5
    endloop
  endfacet
  facet normal -0 0 1
    outer loop
      vertex 10.3828 108.781 7.5
      vertex 12.4569 108.452 7.5
      vertex 10.4 109 7.5
    endloop
  endfacet
  facet normal 0 0 1
    outer loop
      vertex 10.2474 109.636 7.5
      vertex 12.1185 110.589 7.5
      vertex 11.8316 111.057 7.5
    endloop
  endfacet
  facet normal 0 0 1
    outer loop
      vertex 12.4569 108.452 7.5
      vertex 10.3828 108.781 7.5
      vertex 12.3287 107.918 7.5
    endloop
  endfacet
  facet normal 0 0 1
    outer loop
      vertex 10.1326 109.823 7.5
      vertex 11.8316 111.057 7.5
      vertex 11.4749 111.475 7.5
    endloop
  endfacet
  facet normal -0 0 1
    outer loop
      vertex 10.3315 108.567 7.5
      vertex 12.3287 107.918 7.5
      vertex 10.3828 108.781 7.5
    endloop
  endfacet
  facet normal 0 0 1
    outer loop
      vertex 9.98995 109.99 7.5
      vertex 11.4749 111.475 7.5
      vertex 11.0572 111.832 7.5
    endloop
  endfacet
  facet normal 0 0 1
    outer loop
      vertex 12.3287 107.918 7.5
      vertex 10.3315 108.567 7.5
      vertex 12.1185 107.411 7.5
    endloop
  endfacet
  facet normal 0 0 1
    outer loop
      vertex 9.8229 110.133 7.5
      vertex 11.0572 111.832 7.5
      vertex 10.589 112.119 7.5
    endloop
  endfacet
  facet normal -0 0 1
    outer loop
      vertex 10.2474 108.364 7.5
      vertex 12.1185 107.411 7.5
      vertex 10.3315 108.567 7.5
    endloop
  endfacet
  facet normal 0 0 1
    outer loop
      vertex 12.1185 107.411 7.5
      vertex 10.2474 108.364 7.5
      vertex 11.8316 106.943 7.5
    endloop
  endfacet
  facet normal 0 0 1
    outer loop
      vertex 12.4569 109.548 7.5
      vertex 10.3828 109.219 7.5
      vertex 10.4 109 7.5
    endloop
  endfacet
  facet normal 0 0 1
    outer loop
      vertex 12.3287 110.082 7.5
      vertex 10.3315 109.433 7.5
      vertex 10.3828 109.219 7.5
    endloop
  endfacet
  facet normal 0 0 1
    outer loop
      vertex 12.1185 110.589 7.5
      vertex 10.2474 109.636 7.5
      vertex 10.3315 109.433 7.5
    endloop
  endfacet
  facet normal 0 0 1
    outer loop
      vertex 11.8316 111.057 7.5
      vertex 10.1326 109.823 7.5
      vertex 10.2474 109.636 7.5
    endloop
  endfacet
  facet normal 0 0 1
    outer loop
      vertex 9.63559 110.247 7.5
      vertex 10.589 112.119 7.5
      vertex 10.0816 112.329 7.5
    endloop
  endfacet
  facet normal 0 0 1
    outer loop
      vertex 11.4749 111.475 7.5
      vertex 9.98995 109.99 7.5
      vertex 10.1326 109.823 7.5
    endloop
  endfacet
  facet normal 0 0 1
    outer loop
      vertex 11.0572 111.832 7.5
      vertex 9.8229 110.133 7.5
      vertex 9.98995 109.99 7.5
    endloop
  endfacet
  facet normal 0 0 1
    outer loop
      vertex 10.589 112.119 7.5
      vertex 9.63559 110.247 7.5
      vertex 9.8229 110.133 7.5
    endloop
  endfacet
  facet normal 0 0 1
    outer loop
      vertex 9.43262 110.331 7.5
      vertex 10.0816 112.329 7.5
      vertex 9.54752 112.457 7.5
    endloop
  endfacet
  facet normal 0 0 1
    outer loop
      vertex 10.0816 112.329 7.5
      vertex 9.43262 110.331 7.5
      vertex 9.63559 110.247 7.5
    endloop
  endfacet
  facet normal 0 0 1
    outer loop
      vertex 9.54752 112.457 7.5
      vertex 9.21901 110.383 7.5
      vertex 9.43262 110.331 7.5
    endloop
  endfacet
  facet normal 0 0 1
    outer loop
      vertex 9 112.5 7.5
      vertex 9.21901 110.383 7.5
      vertex 9.54752 112.457 7.5
    endloop
  endfacet
  facet normal 0 0 1
    outer loop
      vertex 9 112.5 7.5
      vertex 9 110.4 7.5
      vertex 9.21901 110.383 7.5
    endloop
  endfacet
  facet normal 0 0 1
    outer loop
      vertex 9 112.5 7.5
      vertex 8.78099 110.383 7.5
      vertex 9 110.4 7.5
    endloop
  endfacet
  facet normal -0 0 1
    outer loop
      vertex 8.45248 112.457 7.5
      vertex 8.78099 110.383 7.5
      vertex 9 112.5 7.5
    endloop
  endfacet
  facet normal 0 0 1
    outer loop
      vertex 8.78099 110.383 7.5
      vertex 8.45248 112.457 7.5
      vertex 8.56738 110.331 7.5
    endloop
  endfacet
  facet normal -0 0 1
    outer loop
      vertex 7.91844 112.329 7.5
      vertex 8.56738 110.331 7.5
      vertex 8.45248 112.457 7.5
    endloop
  endfacet
  facet normal 0 0 1
    outer loop
      vertex 8.56738 110.331 7.5
      vertex 7.91844 112.329 7.5
      vertex 8.36441 110.247 7.5
    endloop
  endfacet
  facet normal -0 0 1
    outer loop
      vertex 7.41103 112.119 7.5
      vertex 8.36441 110.247 7.5
      vertex 7.91844 112.329 7.5
    endloop
  endfacet
  facet normal 0 0 1
    outer loop
      vertex 8.36441 110.247 7.5
      vertex 7.41103 112.119 7.5
      vertex 8.1771 110.133 7.5
    endloop
  endfacet
  facet normal -0 0 1
    outer loop
      vertex 6.94275 111.832 7.5
      vertex 8.1771 110.133 7.5
      vertex 7.41103 112.119 7.5
    endloop
  endfacet
  facet normal 0 0 1
    outer loop
      vertex 8.1771 110.133 7.5
      vertex 6.94275 111.832 7.5
      vertex 8.01005 109.99 7.5
    endloop
  endfacet
  facet normal -0 0 1
    outer loop
      vertex 6.52513 111.475 7.5
      vertex 8.01005 109.99 7.5
      vertex 6.94275 111.832 7.5
    endloop
  endfacet
  facet normal 0 0 1
    outer loop
      vertex 8.01005 109.99 7.5
      vertex 6.52513 111.475 7.5
      vertex 7.86738 109.823 7.5
    endloop
  endfacet
  facet normal 0 0 1
    outer loop
      vertex 7.86738 109.823 7.5
      vertex 6.16844 111.057 7.5
      vertex 7.75259 109.636 7.5
    endloop
  endfacet
  facet normal -0 0 1
    outer loop
      vertex 6.16844 111.057 7.5
      vertex 7.86738 109.823 7.5
      vertex 6.52513 111.475 7.5
    endloop
  endfacet
  facet normal -0 0 1
    outer loop
      vertex 10.1326 108.177 7.5
      vertex 11.8316 106.943 7.5
      vertex 10.2474 108.364 7.5
    endloop
  endfacet
  facet normal 0 0 1
    outer loop
      vertex 11.8316 106.943 7.5
      vertex 10.1326 108.177 7.5
      vertex 11.4749 106.525 7.5
    endloop
  endfacet
  facet normal -0 0 1
    outer loop
      vertex 9.98995 108.01 7.5
      vertex 11.4749 106.525 7.5
      vertex 10.1326 108.177 7.5
    endloop
  endfacet
  facet normal 0 0 1
    outer loop
      vertex 11.4749 106.525 7.5
      vertex 9.98995 108.01 7.5
      vertex 11.0572 106.168 7.5
    endloop
  endfacet
  facet normal -0 0 1
    outer loop
      vertex 9.8229 107.867 7.5
      vertex 11.0572 106.168 7.5
      vertex 9.98995 108.01 7.5
    endloop
  endfacet
  facet normal 0 0 1
    outer loop
      vertex 11.0572 106.168 7.5
      vertex 9.8229 107.867 7.5
      vertex 10.589 105.881 7.5
    endloop
  endfacet
  facet normal -0 0 1
    outer loop
      vertex 9.63559 107.753 7.5
      vertex 10.589 105.881 7.5
      vertex 9.8229 107.867 7.5
    endloop
  endfacet
  facet normal 0 0 1
    outer loop
      vertex 10.589 105.881 7.5
      vertex 9.63559 107.753 7.5
      vertex 10.0816 105.671 7.5
    endloop
  endfacet
  facet normal -0 0 1
    outer loop
      vertex 9.43262 107.669 7.5
      vertex 10.0816 105.671 7.5
      vertex 9.63559 107.753 7.5
    endloop
  endfacet
  facet normal 0 0 1
    outer loop
      vertex 10.0816 105.671 7.5
      vertex 9.43262 107.669 7.5
      vertex 9.54752 105.543 7.5
    endloop
  endfacet
  facet normal -0 0 1
    outer loop
      vertex 9.21901 107.617 7.5
      vertex 9.54752 105.543 7.5
      vertex 9.43262 107.669 7.5
    endloop
  endfacet
  facet normal -0 0 1
    outer loop
      vertex 9 107.6 7.5
      vertex 9.54752 105.543 7.5
      vertex 9.21901 107.617 7.5
    endloop
  endfacet
  facet normal 0 0 1
    outer loop
      vertex 9 107.6 7.5
      vertex 9 105.5 7.5
      vertex 9.54752 105.543 7.5
    endloop
  endfacet
  facet normal 0 0 1
    outer loop
      vertex 8.78099 107.617 7.5
      vertex 9 105.5 7.5
      vertex 9 107.6 7.5
    endloop
  endfacet
  facet normal 0 0 1
    outer loop
      vertex 8.45248 105.543 7.5
      vertex 8.78099 107.617 7.5
      vertex 8.56738 107.669 7.5
    endloop
  endfacet
  facet normal 0 0 1
    outer loop
      vertex 8.78099 107.617 7.5
      vertex 8.45248 105.543 7.5
      vertex 9 105.5 7.5
    endloop
  endfacet
  facet normal 0 0 1
    outer loop
      vertex 7.91844 105.671 7.5
      vertex 8.56738 107.669 7.5
      vertex 8.36441 107.753 7.5
    endloop
  endfacet
  facet normal 0 0 1
    outer loop
      vertex 7.41103 105.881 7.5
      vertex 8.36441 107.753 7.5
      vertex 8.1771 107.867 7.5
    endloop
  endfacet
  facet normal 0 0 1
    outer loop
      vertex 6.94275 106.168 7.5
      vertex 8.1771 107.867 7.5
      vertex 8.01005 108.01 7.5
    endloop
  endfacet
  facet normal 0 0 1
    outer loop
      vertex 8.56738 107.669 7.5
      vertex 7.91844 105.671 7.5
      vertex 8.45248 105.543 7.5
    endloop
  endfacet
  facet normal 0 0 1
    outer loop
      vertex 6.52513 106.525 7.5
      vertex 8.01005 108.01 7.5
      vertex 7.86738 108.177 7.5
    endloop
  endfacet
  facet normal 0 0 1
    outer loop
      vertex 6.16844 106.943 7.5
      vertex 7.86738 108.177 7.5
      vertex 7.75259 108.364 7.5
    endloop
  endfacet
  facet normal 0 0 1
    outer loop
      vertex 5.88148 107.411 7.5
      vertex 7.75259 108.364 7.5
      vertex 7.66852 108.567 7.5
    endloop
  endfacet
  facet normal 0 0 1
    outer loop
      vertex 5.6713 107.918 7.5
      vertex 7.66852 108.567 7.5
      vertex 7.61724 108.781 7.5
    endloop
  endfacet
  facet normal 0 0 1
    outer loop
      vertex 8.36441 107.753 7.5
      vertex 7.41103 105.881 7.5
      vertex 7.91844 105.671 7.5
    endloop
  endfacet
  facet normal 0 0 1
    outer loop
      vertex 5.54309 108.452 7.5
      vertex 7.61724 108.781 7.5
      vertex 7.6 109 7.5
    endloop
  endfacet
  facet normal -0 0 1
    outer loop
      vertex 5.88148 110.589 7.5
      vertex 7.75259 109.636 7.5
      vertex 6.16844 111.057 7.5
    endloop
  endfacet
  facet normal 0 0 1
    outer loop
      vertex 7.75259 109.636 7.5
      vertex 5.88148 110.589 7.5
      vertex 7.66852 109.433 7.5
    endloop
  endfacet
  facet normal 0 0 1
    outer loop
      vertex 8.1771 107.867 7.5
      vertex 6.94275 106.168 7.5
      vertex 7.41103 105.881 7.5
    endloop
  endfacet
  facet normal -0 0 1
    outer loop
      vertex 5.6713 110.082 7.5
      vertex 7.66852 109.433 7.5
      vertex 5.88148 110.589 7.5
    endloop
  endfacet
  facet normal 0 0 1
    outer loop
      vertex 8.01005 108.01 7.5
      vertex 6.52513 106.525 7.5
      vertex 6.94275 106.168 7.5
    endloop
  endfacet
  facet normal 0 0 1
    outer loop
      vertex 7.66852 109.433 7.5
      vertex 5.6713 110.082 7.5
      vertex 7.61724 109.219 7.5
    endloop
  endfacet
  facet normal 0 0 1
    outer loop
      vertex 7.86738 108.177 7.5
      vertex 6.16844 106.943 7.5
      vertex 6.52513 106.525 7.5
    endloop
  endfacet
  facet normal -0 0 1
    outer loop
      vertex 5.54309 109.548 7.5
      vertex 7.61724 109.219 7.5
      vertex 5.6713 110.082 7.5
    endloop
  endfacet
  facet normal 0 0 1
    outer loop
      vertex 7.75259 108.364 7.5
      vertex 5.88148 107.411 7.5
      vertex 6.16844 106.943 7.5
    endloop
  endfacet
  facet normal 0 0 1
    outer loop
      vertex 7.61724 109.219 7.5
      vertex 5.54309 109.548 7.5
      vertex 7.6 109 7.5
    endloop
  endfacet
  facet normal 0 0 1
    outer loop
      vertex 7.66852 108.567 7.5
      vertex 5.6713 107.918 7.5
      vertex 5.88148 107.411 7.5
    endloop
  endfacet
  facet normal 0 0 1
    outer loop
      vertex 5.5 109 7.5
      vertex 7.6 109 7.5
      vertex 5.54309 109.548 7.5
    endloop
  endfacet
  facet normal 0 0 1
    outer loop
      vertex 7.61724 108.781 7.5
      vertex 5.54309 108.452 7.5
      vertex 5.6713 107.918 7.5
    endloop
  endfacet
  facet normal 0 0 1
    outer loop
      vertex 7.6 109 7.5
      vertex 5.5 109 7.5
      vertex 5.54309 108.452 7.5
    endloop
  endfacet
  facet normal 0.852552 0.522643 0
    outer loop
      vertex 12.1185 110.589 7.5
      vertex 11.8316 111.057 2.5
      vertex 11.8316 111.057 7.5
    endloop
  endfacet
  facet normal 0.852552 0.522643 0
    outer loop
      vertex 11.8316 111.057 2.5
      vertex 12.1185 110.589 7.5
      vertex 12.1185 110.589 2.5
    endloop
  endfacet
  facet normal -0.522548 -0.85261 0
    outer loop
      vertex 6.94275 106.168 2.5
      vertex 7.41103 105.881 7.5
      vertex 6.94275 106.168 7.5
    endloop
  endfacet
  facet normal -0.522548 -0.85261 -0
    outer loop
      vertex 7.41103 105.881 7.5
      vertex 6.94275 106.168 2.5
      vertex 7.41103 105.881 2.5
    endloop
  endfacet
  facet normal 0.923755 -0.382985 0
    outer loop
      vertex 12.1185 107.411 7.5
      vertex 12.3287 107.918 2.5
      vertex 12.3287 107.918 7.5
    endloop
  endfacet
  facet normal 0.923755 -0.382985 0
    outer loop
      vertex 12.3287 107.918 2.5
      vertex 12.1185 107.411 7.5
      vertex 12.1185 107.411 2.5
    endloop
  endfacet
  facet normal 0.760681 0.649126 0
    outer loop
      vertex 11.8316 111.057 7.5
      vertex 11.4749 111.475 2.5
      vertex 11.4749 111.475 7.5
    endloop
  endfacet
  facet normal 0.760681 0.649126 0
    outer loop
      vertex 11.4749 111.475 2.5
      vertex 11.8316 111.057 7.5
      vertex 11.8316 111.057 2.5
    endloop
  endfacet
  facet normal 0.233064 0.972461 -0
    outer loop
      vertex 10.0816 112.329 2.5
      vertex 9.54752 112.457 7.5
      vertex 10.0816 112.329 7.5
    endloop
  endfacet
  facet normal 0.233064 0.972461 0
    outer loop
      vertex 9.54752 112.457 7.5
      vertex 10.0816 112.329 2.5
      vertex 9.54752 112.457 2.5
    endloop
  endfacet
  facet normal 0.0782949 0.99693 -0
    outer loop
      vertex 9.54752 112.457 2.5
      vertex 9 112.5 7.5
      vertex 9.54752 112.457 7.5
    endloop
  endfacet
  facet normal 0.0782949 0.99693 0
    outer loop
      vertex 9 112.5 7.5
      vertex 9.54752 112.457 2.5
      vertex 9 112.5 2.5
    endloop
  endfacet
  facet normal -0.972367 -0.233459 0
    outer loop
      vertex 5.6713 107.918 2.5
      vertex 5.54309 108.452 7.5
      vertex 5.54309 108.452 2.5
    endloop
  endfacet
  facet normal -0.972367 -0.233459 0
    outer loop
      vertex 5.54309 108.452 7.5
      vertex 5.6713 107.918 2.5
      vertex 5.6713 107.918 7.5
    endloop
  endfacet
  facet normal 0.852552 -0.522643 0
    outer loop
      vertex 11.8316 106.943 7.5
      vertex 12.1185 107.411 2.5
      vertex 12.1185 107.411 7.5
    endloop
  endfacet
  facet normal 0.852552 -0.522643 0
    outer loop
      vertex 12.1185 107.411 2.5
      vertex 11.8316 106.943 7.5
      vertex 11.8316 106.943 2.5
    endloop
  endfacet
  facet normal -0.923768 -0.382954 0
    outer loop
      vertex 5.88148 107.411 2.5
      vertex 5.6713 107.918 7.5
      vertex 5.6713 107.918 2.5
    endloop
  endfacet
  facet normal -0.923768 -0.382954 0
    outer loop
      vertex 5.6713 107.918 7.5
      vertex 5.88148 107.411 2.5
      vertex 5.88148 107.411 7.5
    endloop
  endfacet
  facet normal 0.522613 0.85257 -0
    outer loop
      vertex 11.0572 111.832 2.5
      vertex 10.589 112.119 7.5
      vertex 11.0572 111.832 7.5
    endloop
  endfacet
  facet normal 0.522613 0.85257 0
    outer loop
      vertex 10.589 112.119 7.5
      vertex 11.0572 111.832 2.5
      vertex 10.589 112.119 2.5
    endloop
  endfacet
  facet normal -0.76069 -0.649116 0
    outer loop
      vertex 6.52513 106.525 2.5
      vertex 6.16844 106.943 7.5
      vertex 6.16844 106.943 2.5
    endloop
  endfacet
  facet normal -0.76069 -0.649116 0
    outer loop
      vertex 6.16844 106.943 7.5
      vertex 6.52513 106.525 2.5
      vertex 6.52513 106.525 7.5
    endloop
  endfacet
  facet normal 0.382416 0.92399 -0
    outer loop
      vertex 10.589 112.119 2.5
      vertex 10.0816 112.329 7.5
      vertex 10.589 112.119 7.5
    endloop
  endfacet
  facet normal 0.382416 0.92399 0
    outer loop
      vertex 10.0816 112.329 7.5
      vertex 10.589 112.119 2.5
      vertex 10.0816 112.329 2.5
    endloop
  endfacet
  facet normal -0.0782949 -0.99693 0
    outer loop
      vertex 8.45248 105.543 2.5
      vertex 9 105.5 7.5
      vertex 8.45248 105.543 7.5
    endloop
  endfacet
  facet normal -0.0782949 -0.99693 -0
    outer loop
      vertex 9 105.5 7.5
      vertex 8.45248 105.543 2.5
      vertex 9 105.5 2.5
    endloop
  endfacet
  facet normal 0.649712 -0.760181 0
    outer loop
      vertex 11.0572 106.168 2.5
      vertex 11.4749 106.525 7.5
      vertex 11.0572 106.168 7.5
    endloop
  endfacet
  facet normal 0.649712 -0.760181 0
    outer loop
      vertex 11.4749 106.525 7.5
      vertex 11.0572 106.168 2.5
      vertex 11.4749 106.525 2.5
    endloop
  endfacet
  facet normal 0.996921 -0.0784075 0
    outer loop
      vertex 12.4569 108.452 7.5
      vertex 12.5 109 2.5
      vertex 12.5 109 7.5
    endloop
  endfacet
  facet normal 0.996921 -0.0784075 0
    outer loop
      vertex 12.5 109 2.5
      vertex 12.4569 108.452 7.5
      vertex 12.4569 108.452 2.5
    endloop
  endfacet
  facet normal -0.972367 0.233459 0
    outer loop
      vertex 5.54309 109.548 2.5
      vertex 5.6713 110.082 7.5
      vertex 5.6713 110.082 2.5
    endloop
  endfacet
  facet normal -0.972367 0.233459 0
    outer loop
      vertex 5.6713 110.082 7.5
      vertex 5.54309 109.548 2.5
      vertex 5.54309 109.548 7.5
    endloop
  endfacet
  facet normal -0.649784 0.760119 0
    outer loop
      vertex 6.94275 111.832 2.5
      vertex 6.52513 111.475 7.5
      vertex 6.94275 111.832 7.5
    endloop
  endfacet
  facet normal -0.649784 0.760119 0
    outer loop
      vertex 6.52513 111.475 7.5
      vertex 6.94275 111.832 2.5
      vertex 6.52513 111.475 2.5
    endloop
  endfacet
  facet normal 0.522613 -0.85257 0
    outer loop
      vertex 10.589 105.881 2.5
      vertex 11.0572 106.168 7.5
      vertex 10.589 105.881 7.5
    endloop
  endfacet
  facet normal 0.522613 -0.85257 0
    outer loop
      vertex 11.0572 106.168 7.5
      vertex 10.589 105.881 2.5
      vertex 11.0572 106.168 2.5
    endloop
  endfacet
  facet normal -0.522548 0.85261 0
    outer loop
      vertex 7.41103 112.119 2.5
      vertex 6.94275 111.832 7.5
      vertex 7.41103 112.119 7.5
    endloop
  endfacet
  facet normal -0.522548 0.85261 0
    outer loop
      vertex 6.94275 111.832 7.5
      vertex 7.41103 112.119 2.5
      vertex 6.94275 111.832 2.5
    endloop
  endfacet
  facet normal -0.923768 0.382954 0
    outer loop
      vertex 5.6713 110.082 2.5
      vertex 5.88148 110.589 7.5
      vertex 5.88148 110.589 2.5
    endloop
  endfacet
  facet normal -0.923768 0.382954 0
    outer loop
      vertex 5.88148 110.589 7.5
      vertex 5.6713 110.082 2.5
      vertex 5.6713 110.082 7.5
    endloop
  endfacet
  facet normal -0.233081 0.972457 0
    outer loop
      vertex 8.45248 112.457 2.5
      vertex 7.91844 112.329 7.5
      vertex 8.45248 112.457 7.5
    endloop
  endfacet
  facet normal -0.233081 0.972457 0
    outer loop
      vertex 7.91844 112.329 7.5
      vertex 8.45248 112.457 2.5
      vertex 7.91844 112.329 2.5
    endloop
  endfacet
  facet normal 0.649712 0.760181 -0
    outer loop
      vertex 11.4749 111.475 2.5
      vertex 11.0572 111.832 7.5
      vertex 11.4749 111.475 7.5
    endloop
  endfacet
  facet normal 0.649712 0.760181 0
    outer loop
      vertex 11.0572 111.832 7.5
      vertex 11.4749 111.475 2.5
      vertex 11.0572 111.832 2.5
    endloop
  endfacet
  facet normal 0.233064 -0.972461 0
    outer loop
      vertex 9.54752 105.543 2.5
      vertex 10.0816 105.671 7.5
      vertex 9.54752 105.543 7.5
    endloop
  endfacet
  facet normal 0.233064 -0.972461 0
    outer loop
      vertex 10.0816 105.671 7.5
      vertex 9.54752 105.543 2.5
      vertex 10.0816 105.671 2.5
    endloop
  endfacet
  facet normal -0.0782949 0.99693 0
    outer loop
      vertex 9 112.5 2.5
      vertex 8.45248 112.457 7.5
      vertex 9 112.5 7.5
    endloop
  endfacet
  facet normal -0.0782949 0.99693 0
    outer loop
      vertex 8.45248 112.457 7.5
      vertex 9 112.5 2.5
      vertex 8.45248 112.457 2.5
    endloop
  endfacet
  facet normal -0.852503 -0.522723 0
    outer loop
      vertex 6.16844 106.943 2.5
      vertex 5.88148 107.411 7.5
      vertex 5.88148 107.411 2.5
    endloop
  endfacet
  facet normal -0.852503 -0.522723 0
    outer loop
      vertex 5.88148 107.411 7.5
      vertex 6.16844 106.943 2.5
      vertex 6.16844 106.943 7.5
    endloop
  endfacet
  facet normal -0.852503 0.522723 0
    outer loop
      vertex 5.88148 110.589 2.5
      vertex 6.16844 111.057 7.5
      vertex 6.16844 111.057 2.5
    endloop
  endfacet
  facet normal -0.852503 0.522723 0
    outer loop
      vertex 6.16844 111.057 7.5
      vertex 5.88148 110.589 2.5
      vertex 5.88148 110.589 7.5
    endloop
  endfacet
  facet normal -0.996923 -0.0783894 0
    outer loop
      vertex 5.54309 108.452 2.5
      vertex 5.5 109 7.5
      vertex 5.5 109 2.5
    endloop
  endfacet
  facet normal -0.996923 -0.0783894 0
    outer loop
      vertex 5.5 109 7.5
      vertex 5.54309 108.452 2.5
      vertex 5.54309 108.452 7.5
    endloop
  endfacet
  facet normal -0.38241 0.923993 0
    outer loop
      vertex 7.91844 112.329 2.5
      vertex 7.41103 112.119 7.5
      vertex 7.91844 112.329 7.5
    endloop
  endfacet
  facet normal -0.38241 0.923993 0
    outer loop
      vertex 7.41103 112.119 7.5
      vertex 7.91844 112.329 2.5
      vertex 7.41103 112.119 2.5
    endloop
  endfacet
  facet normal 0.382416 -0.92399 0
    outer loop
      vertex 10.0816 105.671 2.5
      vertex 10.589 105.881 7.5
      vertex 10.0816 105.671 7.5
    endloop
  endfacet
  facet normal 0.382416 -0.92399 0
    outer loop
      vertex 10.589 105.881 7.5
      vertex 10.0816 105.671 2.5
      vertex 10.589 105.881 2.5
    endloop
  endfacet
  facet normal 0.760681 -0.649126 0
    outer loop
      vertex 11.4749 106.525 7.5
      vertex 11.8316 106.943 2.5
      vertex 11.8316 106.943 7.5
    endloop
  endfacet
  facet normal 0.760681 -0.649126 0
    outer loop
      vertex 11.8316 106.943 2.5
      vertex 11.4749 106.525 7.5
      vertex 11.4749 106.525 2.5
    endloop
  endfacet
  facet normal -0.996923 0.0783894 0
    outer loop
      vertex 5.5 109 2.5
      vertex 5.54309 109.548 7.5
      vertex 5.54309 109.548 2.5
    endloop
  endfacet
  facet normal -0.996923 0.0783894 0
    outer loop
      vertex 5.54309 109.548 7.5
      vertex 5.5 109 2.5
      vertex 5.5 109 7.5
    endloop
  endfacet
  facet normal 0.972371 -0.233442 0
    outer loop
      vertex 12.3287 107.918 7.5
      vertex 12.4569 108.452 2.5
      vertex 12.4569 108.452 7.5
    endloop
  endfacet
  facet normal 0.972371 -0.233442 0
    outer loop
      vertex 12.4569 108.452 2.5
      vertex 12.3287 107.918 7.5
      vertex 12.3287 107.918 2.5
    endloop
  endfacet
  facet normal -0.649784 -0.760119 0
    outer loop
      vertex 6.52513 106.525 2.5
      vertex 6.94275 106.168 7.5
      vertex 6.52513 106.525 7.5
    endloop
  endfacet
  facet normal -0.649784 -0.760119 -0
    outer loop
      vertex 6.94275 106.168 7.5
      vertex 6.52513 106.525 2.5
      vertex 6.94275 106.168 2.5
    endloop
  endfacet
  facet normal -0.38241 -0.923993 0
    outer loop
      vertex 7.41103 105.881 2.5
      vertex 7.91844 105.671 7.5
      vertex 7.41103 105.881 7.5
    endloop
  endfacet
  facet normal -0.38241 -0.923993 -0
    outer loop
      vertex 7.91844 105.671 7.5
      vertex 7.41103 105.881 2.5
      vertex 7.91844 105.671 2.5
    endloop
  endfacet
  facet normal -0.233081 -0.972457 0
    outer loop
      vertex 7.91844 105.671 2.5
      vertex 8.45248 105.543 7.5
      vertex 7.91844 105.671 7.5
    endloop
  endfacet
  facet normal -0.233081 -0.972457 -0
    outer loop
      vertex 8.45248 105.543 7.5
      vertex 7.91844 105.671 2.5
      vertex 8.45248 105.543 2.5
    endloop
  endfacet
  facet normal -0.76069 0.649116 0
    outer loop
      vertex 6.16844 111.057 2.5
      vertex 6.52513 111.475 7.5
      vertex 6.52513 111.475 2.5
    endloop
  endfacet
  facet normal -0.76069 0.649116 0
    outer loop
      vertex 6.52513 111.475 7.5
      vertex 6.16844 111.057 2.5
      vertex 6.16844 111.057 7.5
    endloop
  endfacet
  facet normal -0.0773892 0.997001 0
    outer loop
      vertex 9.21901 107.617 2.5
      vertex 9 107.6 7.5
      vertex 9.21901 107.617 7.5
    endloop
  endfacet
  facet normal -0.0773892 0.997001 0
    outer loop
      vertex 9 107.6 7.5
      vertex 9.21901 107.617 2.5
      vertex 9 107.6 2.5
    endloop
  endfacet
  facet normal -0.972449 -0.233115 0
    outer loop
      vertex 10.3828 109.219 2.5
      vertex 10.3315 109.433 7.5
      vertex 10.3315 109.433 2.5
    endloop
  endfacet
  facet normal -0.972449 -0.233115 0
    outer loop
      vertex 10.3315 109.433 7.5
      vertex 10.3828 109.219 2.5
      vertex 10.3828 109.219 7.5
    endloop
  endfacet
  facet normal -0.99693 -0.0782977 0
    outer loop
      vertex 10.4 109 2.5
      vertex 10.3828 109.219 7.5
      vertex 10.3828 109.219 2.5
    endloop
  endfacet
  facet normal -0.99693 -0.0782977 0
    outer loop
      vertex 10.3828 109.219 7.5
      vertex 10.4 109 2.5
      vertex 10.4 109 7.5
    endloop
  endfacet
  facet normal -0.923856 -0.38274 0
    outer loop
      vertex 10.3315 109.433 2.5
      vertex 10.2474 109.636 7.5
      vertex 10.2474 109.636 2.5
    endloop
  endfacet
  facet normal -0.923856 -0.38274 0
    outer loop
      vertex 10.2474 109.636 7.5
      vertex 10.3315 109.433 2.5
      vertex 10.3315 109.433 7.5
    endloop
  endfacet
  facet normal -0.519898 0.854228 0
    outer loop
      vertex 9.8229 107.867 2.5
      vertex 9.63559 107.753 7.5
      vertex 9.8229 107.867 7.5
    endloop
  endfacet
  facet normal -0.519898 0.854228 0
    outer loop
      vertex 9.63559 107.753 7.5
      vertex 9.8229 107.867 2.5
      vertex 9.63559 107.753 2.5
    endloop
  endfacet
  facet normal -0.852221 -0.523182 0
    outer loop
      vertex 10.2474 109.636 2.5
      vertex 10.1326 109.823 7.5
      vertex 10.1326 109.823 2.5
    endloop
  endfacet
  facet normal -0.852221 -0.523182 0
    outer loop
      vertex 10.1326 109.823 7.5
      vertex 10.2474 109.636 2.5
      vertex 10.2474 109.636 7.5
    endloop
  endfacet
  facet normal -0.760364 -0.649497 0
    outer loop
      vertex 10.1326 109.823 2.5
      vertex 9.98995 109.99 7.5
      vertex 9.98995 109.99 2.5
    endloop
  endfacet
  facet normal -0.760364 -0.649497 0
    outer loop
      vertex 9.98995 109.99 7.5
      vertex 10.1326 109.823 2.5
      vertex 10.1326 109.823 7.5
    endloop
  endfacet
  facet normal 0.996916 -0.0784787 0
    outer loop
      vertex 7.6 109 7.5
      vertex 7.61724 109.219 2.5
      vertex 7.61724 109.219 7.5
    endloop
  endfacet
  facet normal 0.996916 -0.0784787 0
    outer loop
      vertex 7.61724 109.219 2.5
      vertex 7.6 109 7.5
      vertex 7.6 109 2.5
    endloop
  endfacet
  facet normal -0.236527 0.971625 0
    outer loop
      vertex 9.43262 107.669 2.5
      vertex 9.21901 107.617 7.5
      vertex 9.43262 107.669 7.5
    endloop
  endfacet
  facet normal -0.236527 0.971625 0
    outer loop
      vertex 9.21901 107.617 7.5
      vertex 9.43262 107.669 2.5
      vertex 9.21901 107.617 2.5
    endloop
  endfacet
  facet normal 0.852241 0.523149 0
    outer loop
      vertex 7.86738 108.177 7.5
      vertex 7.75259 108.364 2.5
      vertex 7.75259 108.364 7.5
    endloop
  endfacet
  facet normal 0.852241 0.523149 0
    outer loop
      vertex 7.75259 108.364 2.5
      vertex 7.86738 108.177 7.5
      vertex 7.86738 108.177 2.5
    endloop
  endfacet
  facet normal 0.923904 0.382624 0
    outer loop
      vertex 7.75259 108.364 7.5
      vertex 7.66852 108.567 2.5
      vertex 7.66852 108.567 7.5
    endloop
  endfacet
  facet normal 0.923904 0.382624 0
    outer loop
      vertex 7.66852 108.567 2.5
      vertex 7.75259 108.364 7.5
      vertex 7.75259 108.364 2.5
    endloop
  endfacet
  facet normal -0.519898 -0.854228 0
    outer loop
      vertex 9.63559 110.247 2.5
      vertex 9.8229 110.133 7.5
      vertex 9.63559 110.247 7.5
    endloop
  endfacet
  facet normal -0.519898 -0.854228 -0
    outer loop
      vertex 9.8229 110.133 7.5
      vertex 9.63559 110.247 2.5
      vertex 9.8229 110.133 2.5
    endloop
  endfacet
  facet normal -0.923856 0.38274 0
    outer loop
      vertex 10.2474 108.364 2.5
      vertex 10.3315 108.567 7.5
      vertex 10.3315 108.567 2.5
    endloop
  endfacet
  facet normal -0.923856 0.38274 0
    outer loop
      vertex 10.3315 108.567 7.5
      vertex 10.2474 108.364 2.5
      vertex 10.2474 108.364 7.5
    endloop
  endfacet
  facet normal 0.760319 -0.649549 0
    outer loop
      vertex 7.86738 109.823 7.5
      vertex 8.01005 109.99 2.5
      vertex 8.01005 109.99 7.5
    endloop
  endfacet
  facet normal 0.760319 -0.649549 0
    outer loop
      vertex 8.01005 109.99 2.5
      vertex 7.86738 109.823 7.5
      vertex 7.86738 109.823 2.5
    endloop
  endfacet
  facet normal 0.996916 0.0784787 0
    outer loop
      vertex 7.61724 108.781 7.5
      vertex 7.6 109 2.5
      vertex 7.6 109 7.5
    endloop
  endfacet
  facet normal 0.996916 0.0784787 0
    outer loop
      vertex 7.6 109 2.5
      vertex 7.61724 108.781 7.5
      vertex 7.61724 108.781 2.5
    endloop
  endfacet
  facet normal -0.760364 0.649497 0
    outer loop
      vertex 9.98995 108.01 2.5
      vertex 10.1326 108.177 7.5
      vertex 10.1326 108.177 2.5
    endloop
  endfacet
  facet normal -0.760364 0.649497 0
    outer loop
      vertex 10.1326 108.177 7.5
      vertex 9.98995 108.01 2.5
      vertex 9.98995 108.01 7.5
    endloop
  endfacet
  facet normal -0.852221 0.523182 0
    outer loop
      vertex 10.1326 108.177 2.5
      vertex 10.2474 108.364 7.5
      vertex 10.2474 108.364 2.5
    endloop
  endfacet
  facet normal -0.852221 0.523182 0
    outer loop
      vertex 10.2474 108.364 7.5
      vertex 10.1326 108.177 2.5
      vertex 10.1326 108.177 7.5
    endloop
  endfacet
  facet normal 0.236527 0.971625 -0
    outer loop
      vertex 8.78099 107.617 2.5
      vertex 8.56738 107.669 7.5
      vertex 8.78099 107.617 7.5
    endloop
  endfacet
  facet normal 0.236527 0.971625 0
    outer loop
      vertex 8.56738 107.669 7.5
      vertex 8.78099 107.617 2.5
      vertex 8.56738 107.669 2.5
    endloop
  endfacet
  facet normal 0.97247 0.233029 0
    outer loop
      vertex 7.66852 108.567 7.5
      vertex 7.61724 108.781 2.5
      vertex 7.61724 108.781 7.5
    endloop
  endfacet
  facet normal 0.97247 0.233029 0
    outer loop
      vertex 7.61724 108.781 2.5
      vertex 7.66852 108.567 7.5
      vertex 7.66852 108.567 2.5
    endloop
  endfacet
  facet normal 0.3824 0.923997 -0
    outer loop
      vertex 8.56738 107.669 2.5
      vertex 8.36441 107.753 7.5
      vertex 8.56738 107.669 7.5
    endloop
  endfacet
  facet normal 0.3824 0.923997 0
    outer loop
      vertex 8.36441 107.753 7.5
      vertex 8.56738 107.669 2.5
      vertex 8.36441 107.753 2.5
    endloop
  endfacet
  facet normal -0.99693 0.0782977 0
    outer loop
      vertex 10.3828 108.781 2.5
      vertex 10.4 109 7.5
      vertex 10.4 109 2.5
    endloop
  endfacet
  facet normal -0.99693 0.0782977 0
    outer loop
      vertex 10.4 109 7.5
      vertex 10.3828 108.781 2.5
      vertex 10.3828 108.781 7.5
    endloop
  endfacet
  facet normal -0.972449 0.233115 0
    outer loop
      vertex 10.3315 108.567 2.5
      vertex 10.3828 108.781 7.5
      vertex 10.3828 108.781 2.5
    endloop
  endfacet
  facet normal -0.972449 0.233115 0
    outer loop
      vertex 10.3828 108.781 7.5
      vertex 10.3315 108.567 2.5
      vertex 10.3315 108.567 7.5
    endloop
  endfacet
  facet normal 0.650304 -0.759674 0
    outer loop
      vertex 8.01005 109.99 2.5
      vertex 8.1771 110.133 7.5
      vertex 8.01005 109.99 7.5
    endloop
  endfacet
  facet normal 0.650304 -0.759674 0
    outer loop
      vertex 8.1771 110.133 7.5
      vertex 8.01005 109.99 2.5
      vertex 8.1771 110.133 2.5
    endloop
  endfacet
  facet normal 0.3824 -0.923997 0
    outer loop
      vertex 8.36441 110.247 2.5
      vertex 8.56738 110.331 7.5
      vertex 8.36441 110.247 7.5
    endloop
  endfacet
  facet normal 0.3824 -0.923997 0
    outer loop
      vertex 8.56738 110.331 7.5
      vertex 8.36441 110.247 2.5
      vertex 8.56738 110.331 2.5
    endloop
  endfacet
  facet normal -0.650304 -0.759674 0
    outer loop
      vertex 9.8229 110.133 2.5
      vertex 9.98995 109.99 7.5
      vertex 9.8229 110.133 7.5
    endloop
  endfacet
  facet normal -0.650304 -0.759674 -0
    outer loop
      vertex 9.98995 109.99 7.5
      vertex 9.8229 110.133 2.5
      vertex 9.98995 109.99 2.5
    endloop
  endfacet
  facet normal 0.852241 -0.523149 0
    outer loop
      vertex 7.75259 109.636 7.5
      vertex 7.86738 109.823 2.5
      vertex 7.86738 109.823 7.5
    endloop
  endfacet
  facet normal 0.852241 -0.523149 0
    outer loop
      vertex 7.86738 109.823 2.5
      vertex 7.75259 109.636 7.5
      vertex 7.75259 109.636 2.5
    endloop
  endfacet
  facet normal 0.923904 -0.382624 0
    outer loop
      vertex 7.66852 109.433 7.5
      vertex 7.75259 109.636 2.5
      vertex 7.75259 109.636 7.5
    endloop
  endfacet
  facet normal 0.923904 -0.382624 0
    outer loop
      vertex 7.75259 109.636 2.5
      vertex 7.66852 109.433 7.5
      vertex 7.66852 109.433 2.5
    endloop
  endfacet
  facet normal 0.236527 -0.971625 0
    outer loop
      vertex 8.56738 110.331 2.5
      vertex 8.78099 110.383 7.5
      vertex 8.56738 110.331 7.5
    endloop
  endfacet
  facet normal 0.236527 -0.971625 0
    outer loop
      vertex 8.78099 110.383 7.5
      vertex 8.56738 110.331 2.5
      vertex 8.78099 110.383 2.5
    endloop
  endfacet
  facet normal 0.0773892 -0.997001 0
    outer loop
      vertex 8.78099 110.383 2.5
      vertex 9 110.4 7.5
      vertex 8.78099 110.383 7.5
    endloop
  endfacet
  facet normal 0.0773892 -0.997001 0
    outer loop
      vertex 9 110.4 7.5
      vertex 8.78099 110.383 2.5
      vertex 9 110.4 2.5
    endloop
  endfacet
  facet normal 0.650304 0.759674 -0
    outer loop
      vertex 8.1771 107.867 2.5
      vertex 8.01005 108.01 7.5
      vertex 8.1771 107.867 7.5
    endloop
  endfacet
  facet normal 0.650304 0.759674 0
    outer loop
      vertex 8.01005 108.01 7.5
      vertex 8.1771 107.867 2.5
      vertex 8.01005 108.01 2.5
    endloop
  endfacet
  facet normal -0.0773892 -0.997001 0
    outer loop
      vertex 9 110.4 2.5
      vertex 9.21901 110.383 7.5
      vertex 9 110.4 7.5
    endloop
  endfacet
  facet normal -0.0773892 -0.997001 -0
    outer loop
      vertex 9.21901 110.383 7.5
      vertex 9 110.4 2.5
      vertex 9.21901 110.383 2.5
    endloop
  endfacet
  facet normal 0.760319 0.649549 0
    outer loop
      vertex 8.01005 108.01 7.5
      vertex 7.86738 108.177 2.5
      vertex 7.86738 108.177 7.5
    endloop
  endfacet
  facet normal 0.760319 0.649549 0
    outer loop
      vertex 7.86738 108.177 2.5
      vertex 8.01005 108.01 7.5
      vertex 8.01005 108.01 2.5
    endloop
  endfacet
  facet normal -0.650304 0.759674 0
    outer loop
      vertex 9.98995 108.01 2.5
      vertex 9.8229 107.867 7.5
      vertex 9.98995 108.01 7.5
    endloop
  endfacet
  facet normal -0.650304 0.759674 0
    outer loop
      vertex 9.8229 107.867 7.5
      vertex 9.98995 108.01 2.5
      vertex 9.8229 107.867 2.5
    endloop
  endfacet
  facet normal -0.3824 -0.923997 0
    outer loop
      vertex 9.43262 110.331 2.5
      vertex 9.63559 110.247 7.5
      vertex 9.43262 110.331 7.5
    endloop
  endfacet
  facet normal -0.3824 -0.923997 -0
    outer loop
      vertex 9.63559 110.247 7.5
      vertex 9.43262 110.331 2.5
      vertex 9.63559 110.247 2.5
    endloop
  endfacet
  facet normal 0.97247 -0.233029 0
    outer loop
      vertex 7.61724 109.219 7.5
      vertex 7.66852 109.433 2.5
      vertex 7.66852 109.433 7.5
    endloop
  endfacet
  facet normal 0.97247 -0.233029 0
    outer loop
      vertex 7.66852 109.433 2.5
      vertex 7.61724 109.219 7.5
      vertex 7.61724 109.219 2.5
    endloop
  endfacet
  facet normal -0.236527 -0.971625 0
    outer loop
      vertex 9.21901 110.383 2.5
      vertex 9.43262 110.331 7.5
      vertex 9.21901 110.383 7.5
    endloop
  endfacet
  facet normal -0.236527 -0.971625 -0
    outer loop
      vertex 9.43262 110.331 7.5
      vertex 9.21901 110.383 2.5
      vertex 9.43262 110.331 2.5
    endloop
  endfacet
  facet normal -0.3824 0.923997 0
    outer loop
      vertex 9.63559 107.753 2.5
      vertex 9.43262 107.669 7.5
      vertex 9.63559 107.753 7.5
    endloop
  endfacet
  facet normal -0.3824 0.923997 0
    outer loop
      vertex 9.43262 107.669 7.5
      vertex 9.63559 107.753 2.5
      vertex 9.43262 107.669 2.5
    endloop
  endfacet
  facet normal 0.519898 -0.854228 0
    outer loop
      vertex 8.1771 110.133 2.5
      vertex 8.36441 110.247 7.5
      vertex 8.1771 110.133 7.5
    endloop
  endfacet
  facet normal 0.519898 -0.854228 0
    outer loop
      vertex 8.36441 110.247 7.5
      vertex 8.1771 110.133 2.5
      vertex 8.36441 110.247 2.5
    endloop
  endfacet
  facet normal 0.0773892 0.997001 -0
    outer loop
      vertex 9 107.6 2.5
      vertex 8.78099 107.617 7.5
      vertex 9 107.6 7.5
    endloop
  endfacet
  facet normal 0.0773892 0.997001 0
    outer loop
      vertex 8.78099 107.617 7.5
      vertex 9 107.6 2.5
      vertex 8.78099 107.617 2.5
    endloop
  endfacet
  facet normal 0.519898 0.854228 -0
    outer loop
      vertex 8.36441 107.753 2.5
      vertex 8.1771 107.867 7.5
      vertex 8.36441 107.753 7.5
    endloop
  endfacet
  facet normal 0.519898 0.854228 0
    outer loop
      vertex 8.1771 107.867 7.5
      vertex 8.36441 107.753 2.5
      vertex 8.1771 107.867 2.5
    endloop
  endfacet
  facet normal 0.0782267 -0.996936 0
    outer loop
      vertex 149 105.5 2.5
      vertex 149.548 105.543 7.5
      vertex 149 105.5 7.5
    endloop
  endfacet
  facet normal 0.0782267 -0.996936 0
    outer loop
      vertex 149.548 105.543 7.5
      vertex 149 105.5 2.5
      vertex 149.548 105.543 2.5
    endloop
  endfacet
  facet normal 0.972453 0.233097 0
    outer loop
      vertex 152.457 109.548 7.5
      vertex 152.329 110.082 2.5
      vertex 152.329 110.082 7.5
    endloop
  endfacet
  facet normal 0.972453 0.233097 0
    outer loop
      vertex 152.329 110.082 2.5
      vertex 152.457 109.548 7.5
      vertex 152.457 109.548 2.5
    endloop
  endfacet
  facet normal 0.996936 0.0782267 0
    outer loop
      vertex 152.5 109 7.5
      vertex 152.457 109.548 2.5
      vertex 152.457 109.548 7.5
    endloop
  endfacet
  facet normal 0.996936 0.0782267 0
    outer loop
      vertex 152.457 109.548 2.5
      vertex 152.5 109 7.5
      vertex 152.5 109 2.5
    endloop
  endfacet
  facet normal 0.923884 0.382674 0
    outer loop
      vertex 152.329 110.082 7.5
      vertex 152.119 110.589 2.5
      vertex 152.119 110.589 7.5
    endloop
  endfacet
  facet normal 0.923884 0.382674 0
    outer loop
      vertex 152.119 110.589 2.5
      vertex 152.329 110.082 7.5
      vertex 152.329 110.082 2.5
    endloop
  endfacet
  facet normal 0 0 1
    outer loop
      vertex 150.4 109 7.5
      vertex 152.5 109 7.5
      vertex 152.457 109.548 7.5
    endloop
  endfacet
  facet normal 0 0 1
    outer loop
      vertex 150.383 109.219 7.5
      vertex 152.457 109.548 7.5
      vertex 152.329 110.082 7.5
    endloop
  endfacet
  facet normal 0 0 1
    outer loop
      vertex 152.5 109 7.5
      vertex 150.4 109 7.5
      vertex 152.457 108.452 7.5
    endloop
  endfacet
  facet normal 0 0 1
    outer loop
      vertex 150.331 109.433 7.5
      vertex 152.329 110.082 7.5
      vertex 152.119 110.589 7.5
    endloop
  endfacet
  facet normal -0 0 1
    outer loop
      vertex 150.383 108.781 7.5
      vertex 152.457 108.452 7.5
      vertex 150.4 109 7.5
    endloop
  endfacet
  facet normal 0 0 1
    outer loop
      vertex 150.247 109.636 7.5
      vertex 152.119 110.589 7.5
      vertex 151.832 111.057 7.5
    endloop
  endfacet
  facet normal 0 0 1
    outer loop
      vertex 152.457 108.452 7.5
      vertex 150.383 108.781 7.5
      vertex 152.329 107.918 7.5
    endloop
  endfacet
  facet normal 0 0 1
    outer loop
      vertex 150.133 109.823 7.5
      vertex 151.832 111.057 7.5
      vertex 151.475 111.475 7.5
    endloop
  endfacet
  facet normal -0 0 1
    outer loop
      vertex 150.331 108.567 7.5
      vertex 152.329 107.918 7.5
      vertex 150.383 108.781 7.5
    endloop
  endfacet
  facet normal 0 0 1
    outer loop
      vertex 149.99 109.99 7.5
      vertex 151.475 111.475 7.5
      vertex 151.057 111.832 7.5
    endloop
  endfacet
  facet normal 0 0 1
    outer loop
      vertex 152.329 107.918 7.5
      vertex 150.331 108.567 7.5
      vertex 152.119 107.411 7.5
    endloop
  endfacet
  facet normal 0 0 1
    outer loop
      vertex 149.823 110.133 7.5
      vertex 151.057 111.832 7.5
      vertex 150.589 112.119 7.5
    endloop
  endfacet
  facet normal -0 0 1
    outer loop
      vertex 150.247 108.364 7.5
      vertex 152.119 107.411 7.5
      vertex 150.331 108.567 7.5
    endloop
  endfacet
  facet normal 0 0 1
    outer loop
      vertex 152.119 107.411 7.5
      vertex 150.247 108.364 7.5
      vertex 151.832 106.943 7.5
    endloop
  endfacet
  facet normal 0 0 1
    outer loop
      vertex 152.457 109.548 7.5
      vertex 150.383 109.219 7.5
      vertex 150.4 109 7.5
    endloop
  endfacet
  facet normal 0 0 1
    outer loop
      vertex 152.329 110.082 7.5
      vertex 150.331 109.433 7.5
      vertex 150.383 109.219 7.5
    endloop
  endfacet
  facet normal 0 0 1
    outer loop
      vertex 152.119 110.589 7.5
      vertex 150.247 109.636 7.5
      vertex 150.331 109.433 7.5
    endloop
  endfacet
  facet normal 0 0 1
    outer loop
      vertex 151.832 111.057 7.5
      vertex 150.133 109.823 7.5
      vertex 150.247 109.636 7.5
    endloop
  endfacet
  facet normal 0 0 1
    outer loop
      vertex 149.636 110.247 7.5
      vertex 150.589 112.119 7.5
      vertex 150.082 112.329 7.5
    endloop
  endfacet
  facet normal 0 0 1
    outer loop
      vertex 151.475 111.475 7.5
      vertex 149.99 109.99 7.5
      vertex 150.133 109.823 7.5
    endloop
  endfacet
  facet normal 0 0 1
    outer loop
      vertex 151.057 111.832 7.5
      vertex 149.823 110.133 7.5
      vertex 149.99 109.99 7.5
    endloop
  endfacet
  facet normal 0 0 1
    outer loop
      vertex 150.589 112.119 7.5
      vertex 149.636 110.247 7.5
      vertex 149.823 110.133 7.5
    endloop
  endfacet
  facet normal 0 0 1
    outer loop
      vertex 149.433 110.331 7.5
      vertex 150.082 112.329 7.5
      vertex 149.548 112.457 7.5
    endloop
  endfacet
  facet normal 0 0 1
    outer loop
      vertex 150.082 112.329 7.5
      vertex 149.433 110.331 7.5
      vertex 149.636 110.247 7.5
    endloop
  endfacet
  facet normal 0 0 1
    outer loop
      vertex 149.548 112.457 7.5
      vertex 149.219 110.383 7.5
      vertex 149.433 110.331 7.5
    endloop
  endfacet
  facet normal 0 0 1
    outer loop
      vertex 149 112.5 7.5
      vertex 149.219 110.383 7.5
      vertex 149.548 112.457 7.5
    endloop
  endfacet
  facet normal 0 0 1
    outer loop
      vertex 149 112.5 7.5
      vertex 149 110.4 7.5
      vertex 149.219 110.383 7.5
    endloop
  endfacet
  facet normal 0 0 1
    outer loop
      vertex 149 112.5 7.5
      vertex 148.781 110.383 7.5
      vertex 149 110.4 7.5
    endloop
  endfacet
  facet normal -0 0 1
    outer loop
      vertex 148.452 112.457 7.5
      vertex 148.781 110.383 7.5
      vertex 149 112.5 7.5
    endloop
  endfacet
  facet normal 0 0 1
    outer loop
      vertex 148.781 110.383 7.5
      vertex 148.452 112.457 7.5
      vertex 148.567 110.331 7.5
    endloop
  endfacet
  facet normal -0 0 1
    outer loop
      vertex 147.918 112.329 7.5
      vertex 148.567 110.331 7.5
      vertex 148.452 112.457 7.5
    endloop
  endfacet
  facet normal 0 0 1
    outer loop
      vertex 148.567 110.331 7.5
      vertex 147.918 112.329 7.5
      vertex 148.364 110.247 7.5
    endloop
  endfacet
  facet normal -0 0 1
    outer loop
      vertex 147.411 112.119 7.5
      vertex 148.364 110.247 7.5
      vertex 147.918 112.329 7.5
    endloop
  endfacet
  facet normal 0 0 1
    outer loop
      vertex 148.364 110.247 7.5
      vertex 147.411 112.119 7.5
      vertex 148.177 110.133 7.5
    endloop
  endfacet
  facet normal -0 0 1
    outer loop
      vertex 146.943 111.832 7.5
      vertex 148.177 110.133 7.5
      vertex 147.411 112.119 7.5
    endloop
  endfacet
  facet normal 0 0 1
    outer loop
      vertex 148.177 110.133 7.5
      vertex 146.943 111.832 7.5
      vertex 148.01 109.99 7.5
    endloop
  endfacet
  facet normal -0 0 1
    outer loop
      vertex 146.525 111.475 7.5
      vertex 148.01 109.99 7.5
      vertex 146.943 111.832 7.5
    endloop
  endfacet
  facet normal 0 0 1
    outer loop
      vertex 148.01 109.99 7.5
      vertex 146.525 111.475 7.5
      vertex 147.867 109.823 7.5
    endloop
  endfacet
  facet normal 0 0 1
    outer loop
      vertex 147.867 109.823 7.5
      vertex 146.168 111.057 7.5
      vertex 147.753 109.636 7.5
    endloop
  endfacet
  facet normal -0 0 1
    outer loop
      vertex 146.168 111.057 7.5
      vertex 147.867 109.823 7.5
      vertex 146.525 111.475 7.5
    endloop
  endfacet
  facet normal -0 0 1
    outer loop
      vertex 150.133 108.177 7.5
      vertex 151.832 106.943 7.5
      vertex 150.247 108.364 7.5
    endloop
  endfacet
  facet normal 0 0 1
    outer loop
      vertex 151.832 106.943 7.5
      vertex 150.133 108.177 7.5
      vertex 151.475 106.525 7.5
    endloop
  endfacet
  facet normal -0 0 1
    outer loop
      vertex 149.99 108.01 7.5
      vertex 151.475 106.525 7.5
      vertex 150.133 108.177 7.5
    endloop
  endfacet
  facet normal 0 0 1
    outer loop
      vertex 151.475 106.525 7.5
      vertex 149.99 108.01 7.5
      vertex 151.057 106.168 7.5
    endloop
  endfacet
  facet normal -0 0 1
    outer loop
      vertex 149.823 107.867 7.5
      vertex 151.057 106.168 7.5
      vertex 149.99 108.01 7.5
    endloop
  endfacet
  facet normal 0 0 1
    outer loop
      vertex 151.057 106.168 7.5
      vertex 149.823 107.867 7.5
      vertex 150.589 105.881 7.5
    endloop
  endfacet
  facet normal -0 0 1
    outer loop
      vertex 149.636 107.753 7.5
      vertex 150.589 105.881 7.5
      vertex 149.823 107.867 7.5
    endloop
  endfacet
  facet normal 0 0 1
    outer loop
      vertex 150.589 105.881 7.5
      vertex 149.636 107.753 7.5
      vertex 150.082 105.671 7.5
    endloop
  endfacet
  facet normal -0 0 1
    outer loop
      vertex 149.433 107.669 7.5
      vertex 150.082 105.671 7.5
      vertex 149.636 107.753 7.5
    endloop
  endfacet
  facet normal 0 0 1
    outer loop
      vertex 150.082 105.671 7.5
      vertex 149.433 107.669 7.5
      vertex 149.548 105.543 7.5
    endloop
  endfacet
  facet normal -0 0 1
    outer loop
      vertex 149.219 107.617 7.5
      vertex 149.548 105.543 7.5
      vertex 149.433 107.669 7.5
    endloop
  endfacet
  facet normal -0 0 1
    outer loop
      vertex 149 107.6 7.5
      vertex 149.548 105.543 7.5
      vertex 149.219 107.617 7.5
    endloop
  endfacet
  facet normal 0 0 1
    outer loop
      vertex 149 107.6 7.5
      vertex 149 105.5 7.5
      vertex 149.548 105.543 7.5
    endloop
  endfacet
  facet normal 0 0 1
    outer loop
      vertex 148.781 107.617 7.5
      vertex 149 105.5 7.5
      vertex 149 107.6 7.5
    endloop
  endfacet
  facet normal 0 0 1
    outer loop
      vertex 148.452 105.543 7.5
      vertex 148.781 107.617 7.5
      vertex 148.567 107.669 7.5
    endloop
  endfacet
  facet normal 0 0 1
    outer loop
      vertex 148.781 107.617 7.5
      vertex 148.452 105.543 7.5
      vertex 149 105.5 7.5
    endloop
  endfacet
  facet normal 0 0 1
    outer loop
      vertex 147.918 105.671 7.5
      vertex 148.567 107.669 7.5
      vertex 148.364 107.753 7.5
    endloop
  endfacet
  facet normal 0 0 1
    outer loop
      vertex 147.411 105.881 7.5
      vertex 148.364 107.753 7.5
      vertex 148.177 107.867 7.5
    endloop
  endfacet
  facet normal 0 0 1
    outer loop
      vertex 146.943 106.168 7.5
      vertex 148.177 107.867 7.5
      vertex 148.01 108.01 7.5
    endloop
  endfacet
  facet normal 0 0 1
    outer loop
      vertex 148.567 107.669 7.5
      vertex 147.918 105.671 7.5
      vertex 148.452 105.543 7.5
    endloop
  endfacet
  facet normal 0 0 1
    outer loop
      vertex 146.525 106.525 7.5
      vertex 148.01 108.01 7.5
      vertex 147.867 108.177 7.5
    endloop
  endfacet
  facet normal 0 0 1
    outer loop
      vertex 146.168 106.943 7.5
      vertex 147.867 108.177 7.5
      vertex 147.753 108.364 7.5
    endloop
  endfacet
  facet normal 0 0 1
    outer loop
      vertex 145.881 107.411 7.5
      vertex 147.753 108.364 7.5
      vertex 147.669 108.567 7.5
    endloop
  endfacet
  facet normal 0 0 1
    outer loop
      vertex 145.671 107.918 7.5
      vertex 147.669 108.567 7.5
      vertex 147.617 108.781 7.5
    endloop
  endfacet
  facet normal 0 0 1
    outer loop
      vertex 148.364 107.753 7.5
      vertex 147.411 105.881 7.5
      vertex 147.918 105.671 7.5
    endloop
  endfacet
  facet normal 0 0 1
    outer loop
      vertex 145.543 108.452 7.5
      vertex 147.617 108.781 7.5
      vertex 147.6 109 7.5
    endloop
  endfacet
  facet normal -0 0 1
    outer loop
      vertex 145.881 110.589 7.5
      vertex 147.753 109.636 7.5
      vertex 146.168 111.057 7.5
    endloop
  endfacet
  facet normal 0 0 1
    outer loop
      vertex 147.753 109.636 7.5
      vertex 145.881 110.589 7.5
      vertex 147.669 109.433 7.5
    endloop
  endfacet
  facet normal 0 0 1
    outer loop
      vertex 148.177 107.867 7.5
      vertex 146.943 106.168 7.5
      vertex 147.411 105.881 7.5
    endloop
  endfacet
  facet normal -0 0 1
    outer loop
      vertex 145.671 110.082 7.5
      vertex 147.669 109.433 7.5
      vertex 145.881 110.589 7.5
    endloop
  endfacet
  facet normal 0 0 1
    outer loop
      vertex 148.01 108.01 7.5
      vertex 146.525 106.525 7.5
      vertex 146.943 106.168 7.5
    endloop
  endfacet
  facet normal 0 0 1
    outer loop
      vertex 147.669 109.433 7.5
      vertex 145.671 110.082 7.5
      vertex 147.617 109.219 7.5
    endloop
  endfacet
  facet normal 0 0 1
    outer loop
      vertex 147.867 108.177 7.5
      vertex 146.168 106.943 7.5
      vertex 146.525 106.525 7.5
    endloop
  endfacet
  facet normal -0 0 1
    outer loop
      vertex 145.543 109.548 7.5
      vertex 147.617 109.219 7.5
      vertex 145.671 110.082 7.5
    endloop
  endfacet
  facet normal 0 0 1
    outer loop
      vertex 147.753 108.364 7.5
      vertex 145.881 107.411 7.5
      vertex 146.168 106.943 7.5
    endloop
  endfacet
  facet normal 0 0 1
    outer loop
      vertex 147.617 109.219 7.5
      vertex 145.543 109.548 7.5
      vertex 147.6 109 7.5
    endloop
  endfacet
  facet normal 0 0 1
    outer loop
      vertex 147.669 108.567 7.5
      vertex 145.671 107.918 7.5
      vertex 145.881 107.411 7.5
    endloop
  endfacet
  facet normal 0 0 1
    outer loop
      vertex 145.5 109 7.5
      vertex 147.6 109 7.5
      vertex 145.543 109.548 7.5
    endloop
  endfacet
  facet normal 0 0 1
    outer loop
      vertex 147.617 108.781 7.5
      vertex 145.543 108.452 7.5
      vertex 145.671 107.918 7.5
    endloop
  endfacet
  facet normal 0 0 1
    outer loop
      vertex 147.6 109 7.5
      vertex 145.5 109 7.5
      vertex 145.543 108.452 7.5
    endloop
  endfacet
  facet normal 0.85247 0.522776 0
    outer loop
      vertex 152.119 110.589 7.5
      vertex 151.832 111.057 2.5
      vertex 151.832 111.057 7.5
    endloop
  endfacet
  facet normal 0.85247 0.522776 0
    outer loop
      vertex 151.832 111.057 2.5
      vertex 152.119 110.589 7.5
      vertex 152.119 110.589 2.5
    endloop
  endfacet
  facet normal -0.522776 -0.85247 0
    outer loop
      vertex 146.943 106.168 2.5
      vertex 147.411 105.881 7.5
      vertex 146.943 106.168 7.5
    endloop
  endfacet
  facet normal -0.522776 -0.85247 -0
    outer loop
      vertex 147.411 105.881 7.5
      vertex 146.943 106.168 2.5
      vertex 147.411 105.881 2.5
    endloop
  endfacet
  facet normal 0.923884 -0.382674 0
    outer loop
      vertex 152.119 107.411 7.5
      vertex 152.329 107.918 2.5
      vertex 152.329 107.918 7.5
    endloop
  endfacet
  facet normal 0.923884 -0.382674 0
    outer loop
      vertex 152.329 107.918 2.5
      vertex 152.119 107.411 7.5
      vertex 152.119 107.411 2.5
    endloop
  endfacet
  facet normal 0.760411 0.649442 0
    outer loop
      vertex 151.832 111.057 7.5
      vertex 151.475 111.475 2.5
      vertex 151.475 111.475 7.5
    endloop
  endfacet
  facet normal 0.760411 0.649442 0
    outer loop
      vertex 151.475 111.475 2.5
      vertex 151.832 111.057 7.5
      vertex 151.832 111.057 2.5
    endloop
  endfacet
  facet normal 0.233097 0.972453 -0
    outer loop
      vertex 150.082 112.329 2.5
      vertex 149.548 112.457 7.5
      vertex 150.082 112.329 7.5
    endloop
  endfacet
  facet normal 0.233097 0.972453 0
    outer loop
      vertex 149.548 112.457 7.5
      vertex 150.082 112.329 2.5
      vertex 149.548 112.457 2.5
    endloop
  endfacet
  facet normal 0.0782267 0.996936 -0
    outer loop
      vertex 149.548 112.457 2.5
      vertex 149 112.5 7.5
      vertex 149.548 112.457 7.5
    endloop
  endfacet
  facet normal 0.0782267 0.996936 0
    outer loop
      vertex 149 112.5 7.5
      vertex 149.548 112.457 2.5
      vertex 149 112.5 2.5
    endloop
  endfacet
  facet normal -0.972453 -0.233097 0
    outer loop
      vertex 145.671 107.918 2.5
      vertex 145.543 108.452 7.5
      vertex 145.543 108.452 2.5
    endloop
  endfacet
  facet normal -0.972453 -0.233097 0
    outer loop
      vertex 145.543 108.452 7.5
      vertex 145.671 107.918 2.5
      vertex 145.671 107.918 7.5
    endloop
  endfacet
  facet normal 0.85247 -0.522776 0
    outer loop
      vertex 151.832 106.943 7.5
      vertex 152.119 107.411 2.5
      vertex 152.119 107.411 7.5
    endloop
  endfacet
  facet normal 0.85247 -0.522776 0
    outer loop
      vertex 152.119 107.411 2.5
      vertex 151.832 106.943 7.5
      vertex 151.832 106.943 2.5
    endloop
  endfacet
  facet normal -0.923884 -0.382674 0
    outer loop
      vertex 145.881 107.411 2.5
      vertex 145.671 107.918 7.5
      vertex 145.671 107.918 2.5
    endloop
  endfacet
  facet normal -0.923884 -0.382674 0
    outer loop
      vertex 145.671 107.918 7.5
      vertex 145.881 107.411 2.5
      vertex 145.881 107.411 7.5
    endloop
  endfacet
  facet normal 0.522776 0.85247 -0
    outer loop
      vertex 151.057 111.832 2.5
      vertex 150.589 112.119 7.5
      vertex 151.057 111.832 7.5
    endloop
  endfacet
  facet normal 0.522776 0.85247 0
    outer loop
      vertex 150.589 112.119 7.5
      vertex 151.057 111.832 2.5
      vertex 150.589 112.119 2.5
    endloop
  endfacet
  facet normal -0.760411 -0.649442 0
    outer loop
      vertex 146.525 106.525 2.5
      vertex 146.168 106.943 7.5
      vertex 146.168 106.943 2.5
    endloop
  endfacet
  facet normal -0.760411 -0.649442 0
    outer loop
      vertex 146.168 106.943 7.5
      vertex 146.525 106.525 2.5
      vertex 146.525 106.525 7.5
    endloop
  endfacet
  facet normal 0.382674 0.923884 -0
    outer loop
      vertex 150.589 112.119 2.5
      vertex 150.082 112.329 7.5
      vertex 150.589 112.119 7.5
    endloop
  endfacet
  facet normal 0.382674 0.923884 0
    outer loop
      vertex 150.082 112.329 7.5
      vertex 150.589 112.119 2.5
      vertex 150.082 112.329 2.5
    endloop
  endfacet
  facet normal -0.0782267 -0.996936 0
    outer loop
      vertex 148.452 105.543 2.5
      vertex 149 105.5 7.5
      vertex 148.452 105.543 7.5
    endloop
  endfacet
  facet normal -0.0782267 -0.996936 -0
    outer loop
      vertex 149 105.5 7.5
      vertex 148.452 105.543 2.5
      vertex 149 105.5 2.5
    endloop
  endfacet
  facet normal 0.649442 -0.760411 0
    outer loop
      vertex 151.057 106.168 2.5
      vertex 151.475 106.525 7.5
      vertex 151.057 106.168 7.5
    endloop
  endfacet
  facet normal 0.649442 -0.760411 0
    outer loop
      vertex 151.475 106.525 7.5
      vertex 151.057 106.168 2.5
      vertex 151.475 106.525 2.5
    endloop
  endfacet
  facet normal 0.996936 -0.0782267 0
    outer loop
      vertex 152.457 108.452 7.5
      vertex 152.5 109 2.5
      vertex 152.5 109 7.5
    endloop
  endfacet
  facet normal 0.996936 -0.0782267 0
    outer loop
      vertex 152.5 109 2.5
      vertex 152.457 108.452 7.5
      vertex 152.457 108.452 2.5
    endloop
  endfacet
  facet normal -0.972453 0.233097 0
    outer loop
      vertex 145.543 109.548 2.5
      vertex 145.671 110.082 7.5
      vertex 145.671 110.082 2.5
    endloop
  endfacet
  facet normal -0.972453 0.233097 0
    outer loop
      vertex 145.671 110.082 7.5
      vertex 145.543 109.548 2.5
      vertex 145.543 109.548 7.5
    endloop
  endfacet
  facet normal -0.649442 0.760411 0
    outer loop
      vertex 146.943 111.832 2.5
      vertex 146.525 111.475 7.5
      vertex 146.943 111.832 7.5
    endloop
  endfacet
  facet normal -0.649442 0.760411 0
    outer loop
      vertex 146.525 111.475 7.5
      vertex 146.943 111.832 2.5
      vertex 146.525 111.475 2.5
    endloop
  endfacet
  facet normal 0.522776 -0.85247 0
    outer loop
      vertex 150.589 105.881 2.5
      vertex 151.057 106.168 7.5
      vertex 150.589 105.881 7.5
    endloop
  endfacet
  facet normal 0.522776 -0.85247 0
    outer loop
      vertex 151.057 106.168 7.5
      vertex 150.589 105.881 2.5
      vertex 151.057 106.168 2.5
    endloop
  endfacet
  facet normal -0.522776 0.85247 0
    outer loop
      vertex 147.411 112.119 2.5
      vertex 146.943 111.832 7.5
      vertex 147.411 112.119 7.5
    endloop
  endfacet
  facet normal -0.522776 0.85247 0
    outer loop
      vertex 146.943 111.832 7.5
      vertex 147.411 112.119 2.5
      vertex 146.943 111.832 2.5
    endloop
  endfacet
  facet normal -0.923884 0.382674 0
    outer loop
      vertex 145.671 110.082 2.5
      vertex 145.881 110.589 7.5
      vertex 145.881 110.589 2.5
    endloop
  endfacet
  facet normal -0.923884 0.382674 0
    outer loop
      vertex 145.881 110.589 7.5
      vertex 145.671 110.082 2.5
      vertex 145.671 110.082 7.5
    endloop
  endfacet
  facet normal -0.233097 0.972453 0
    outer loop
      vertex 148.452 112.457 2.5
      vertex 147.918 112.329 7.5
      vertex 148.452 112.457 7.5
    endloop
  endfacet
  facet normal -0.233097 0.972453 0
    outer loop
      vertex 147.918 112.329 7.5
      vertex 148.452 112.457 2.5
      vertex 147.918 112.329 2.5
    endloop
  endfacet
  facet normal 0.649442 0.760411 -0
    outer loop
      vertex 151.475 111.475 2.5
      vertex 151.057 111.832 7.5
      vertex 151.475 111.475 7.5
    endloop
  endfacet
  facet normal 0.649442 0.760411 0
    outer loop
      vertex 151.057 111.832 7.5
      vertex 151.475 111.475 2.5
      vertex 151.057 111.832 2.5
    endloop
  endfacet
  facet normal 0.233097 -0.972453 0
    outer loop
      vertex 149.548 105.543 2.5
      vertex 150.082 105.671 7.5
      vertex 149.548 105.543 7.5
    endloop
  endfacet
  facet normal 0.233097 -0.972453 0
    outer loop
      vertex 150.082 105.671 7.5
      vertex 149.548 105.543 2.5
      vertex 150.082 105.671 2.5
    endloop
  endfacet
  facet normal -0.0782267 0.996936 0
    outer loop
      vertex 149 112.5 2.5
      vertex 148.452 112.457 7.5
      vertex 149 112.5 7.5
    endloop
  endfacet
  facet normal -0.0782267 0.996936 0
    outer loop
      vertex 148.452 112.457 7.5
      vertex 149 112.5 2.5
      vertex 148.452 112.457 2.5
    endloop
  endfacet
  facet normal -0.85247 -0.522776 0
    outer loop
      vertex 146.168 106.943 2.5
      vertex 145.881 107.411 7.5
      vertex 145.881 107.411 2.5
    endloop
  endfacet
  facet normal -0.85247 -0.522776 0
    outer loop
      vertex 145.881 107.411 7.5
      vertex 146.168 106.943 2.5
      vertex 146.168 106.943 7.5
    endloop
  endfacet
  facet normal -0.85247 0.522776 0
    outer loop
      vertex 145.881 110.589 2.5
      vertex 146.168 111.057 7.5
      vertex 146.168 111.057 2.5
    endloop
  endfacet
  facet normal -0.85247 0.522776 0
    outer loop
      vertex 146.168 111.057 7.5
      vertex 145.881 110.589 2.5
      vertex 145.881 110.589 7.5
    endloop
  endfacet
  facet normal -0.996936 -0.0782267 0
    outer loop
      vertex 145.543 108.452 2.5
      vertex 145.5 109 7.5
      vertex 145.5 109 2.5
    endloop
  endfacet
  facet normal -0.996936 -0.0782267 0
    outer loop
      vertex 145.5 109 7.5
      vertex 145.543 108.452 2.5
      vertex 145.543 108.452 7.5
    endloop
  endfacet
  facet normal -0.382674 0.923884 0
    outer loop
      vertex 147.918 112.329 2.5
      vertex 147.411 112.119 7.5
      vertex 147.918 112.329 7.5
    endloop
  endfacet
  facet normal -0.382674 0.923884 0
    outer loop
      vertex 147.411 112.119 7.5
      vertex 147.918 112.329 2.5
      vertex 147.411 112.119 2.5
    endloop
  endfacet
  facet normal 0.382674 -0.923884 0
    outer loop
      vertex 150.082 105.671 2.5
      vertex 150.589 105.881 7.5
      vertex 150.082 105.671 7.5
    endloop
  endfacet
  facet normal 0.382674 -0.923884 0
    outer loop
      vertex 150.589 105.881 7.5
      vertex 150.082 105.671 2.5
      vertex 150.589 105.881 2.5
    endloop
  endfacet
  facet normal 0.760411 -0.649442 0
    outer loop
      vertex 151.475 106.525 7.5
      vertex 151.832 106.943 2.5
      vertex 151.832 106.943 7.5
    endloop
  endfacet
  facet normal 0.760411 -0.649442 0
    outer loop
      vertex 151.832 106.943 2.5
      vertex 151.475 106.525 7.5
      vertex 151.475 106.525 2.5
    endloop
  endfacet
  facet normal -0.996936 0.0782267 0
    outer loop
      vertex 145.5 109 2.5
      vertex 145.543 109.548 7.5
      vertex 145.543 109.548 2.5
    endloop
  endfacet
  facet normal -0.996936 0.0782267 0
    outer loop
      vertex 145.543 109.548 7.5
      vertex 145.5 109 2.5
      vertex 145.5 109 7.5
    endloop
  endfacet
  facet normal 0.972453 -0.233097 0
    outer loop
      vertex 152.329 107.918 7.5
      vertex 152.457 108.452 2.5
      vertex 152.457 108.452 7.5
    endloop
  endfacet
  facet normal 0.972453 -0.233097 0
    outer loop
      vertex 152.457 108.452 2.5
      vertex 152.329 107.918 7.5
      vertex 152.329 107.918 2.5
    endloop
  endfacet
  facet normal -0.649442 -0.760411 0
    outer loop
      vertex 146.525 106.525 2.5
      vertex 146.943 106.168 7.5
      vertex 146.525 106.525 7.5
    endloop
  endfacet
  facet normal -0.649442 -0.760411 -0
    outer loop
      vertex 146.943 106.168 7.5
      vertex 146.525 106.525 2.5
      vertex 146.943 106.168 2.5
    endloop
  endfacet
  facet normal -0.382674 -0.923884 0
    outer loop
      vertex 147.411 105.881 2.5
      vertex 147.918 105.671 7.5
      vertex 147.411 105.881 7.5
    endloop
  endfacet
  facet normal -0.382674 -0.923884 -0
    outer loop
      vertex 147.918 105.671 7.5
      vertex 147.411 105.881 2.5
      vertex 147.918 105.671 2.5
    endloop
  endfacet
  facet normal -0.233097 -0.972453 0
    outer loop
      vertex 147.918 105.671 2.5
      vertex 148.452 105.543 7.5
      vertex 147.918 105.671 7.5
    endloop
  endfacet
  facet normal -0.233097 -0.972453 -0
    outer loop
      vertex 148.452 105.543 7.5
      vertex 147.918 105.671 2.5
      vertex 148.452 105.543 2.5
    endloop
  endfacet
  facet normal -0.760411 0.649442 0
    outer loop
      vertex 146.168 111.057 2.5
      vertex 146.525 111.475 7.5
      vertex 146.525 111.475 2.5
    endloop
  endfacet
  facet normal -0.760411 0.649442 0
    outer loop
      vertex 146.525 111.475 7.5
      vertex 146.168 111.057 2.5
      vertex 146.168 111.057 7.5
    endloop
  endfacet
  facet normal -0.0773927 0.997001 0
    outer loop
      vertex 149.219 107.617 2.5
      vertex 149 107.6 7.5
      vertex 149.219 107.617 7.5
    endloop
  endfacet
  facet normal -0.0773927 0.997001 0
    outer loop
      vertex 149 107.6 7.5
      vertex 149.219 107.617 2.5
      vertex 149 107.6 2.5
    endloop
  endfacet
  facet normal -0.971724 -0.23612 0
    outer loop
      vertex 150.383 109.219 2.5
      vertex 150.331 109.433 7.5
      vertex 150.331 109.433 2.5
    endloop
  endfacet
  facet normal -0.971724 -0.23612 0
    outer loop
      vertex 150.331 109.433 7.5
      vertex 150.383 109.219 2.5
      vertex 150.383 109.219 7.5
    endloop
  endfacet
  facet normal -0.997001 -0.0773927 0
    outer loop
      vertex 150.4 109 2.5
      vertex 150.383 109.219 7.5
      vertex 150.383 109.219 2.5
    endloop
  endfacet
  facet normal -0.997001 -0.0773927 0
    outer loop
      vertex 150.383 109.219 7.5
      vertex 150.4 109 2.5
      vertex 150.4 109 7.5
    endloop
  endfacet
  facet normal -0.924017 -0.382352 0
    outer loop
      vertex 150.331 109.433 2.5
      vertex 150.247 109.636 7.5
      vertex 150.247 109.636 2.5
    endloop
  endfacet
  facet normal -0.924017 -0.382352 0
    outer loop
      vertex 150.247 109.636 7.5
      vertex 150.331 109.433 2.5
      vertex 150.331 109.433 7.5
    endloop
  endfacet
  facet normal -0.520526 0.853846 0
    outer loop
      vertex 149.823 107.867 2.5
      vertex 149.636 107.753 7.5
      vertex 149.823 107.867 7.5
    endloop
  endfacet
  facet normal -0.520526 0.853846 0
    outer loop
      vertex 149.636 107.753 7.5
      vertex 149.823 107.867 2.5
      vertex 149.636 107.753 2.5
    endloop
  endfacet
  facet normal -0.853846 -0.520526 0
    outer loop
      vertex 150.247 109.636 2.5
      vertex 150.133 109.823 7.5
      vertex 150.133 109.823 2.5
    endloop
  endfacet
  facet normal -0.853846 -0.520526 0
    outer loop
      vertex 150.133 109.823 7.5
      vertex 150.247 109.636 2.5
      vertex 150.247 109.636 7.5
    endloop
  endfacet
  facet normal -0.759578 -0.650417 0
    outer loop
      vertex 150.133 109.823 2.5
      vertex 149.99 109.99 7.5
      vertex 149.99 109.99 2.5
    endloop
  endfacet
  facet normal -0.759578 -0.650417 0
    outer loop
      vertex 149.99 109.99 7.5
      vertex 150.133 109.823 2.5
      vertex 150.133 109.823 7.5
    endloop
  endfacet
  facet normal 0.997001 -0.0773927 0
    outer loop
      vertex 147.6 109 7.5
      vertex 147.617 109.219 2.5
      vertex 147.617 109.219 7.5
    endloop
  endfacet
  facet normal 0.997001 -0.0773927 0
    outer loop
      vertex 147.617 109.219 2.5
      vertex 147.6 109 7.5
      vertex 147.6 109 2.5
    endloop
  endfacet
  facet normal -0.23612 0.971724 0
    outer loop
      vertex 149.433 107.669 2.5
      vertex 149.219 107.617 7.5
      vertex 149.433 107.669 7.5
    endloop
  endfacet
  facet normal -0.23612 0.971724 0
    outer loop
      vertex 149.219 107.617 7.5
      vertex 149.433 107.669 2.5
      vertex 149.219 107.617 2.5
    endloop
  endfacet
  facet normal 0.853846 0.520526 0
    outer loop
      vertex 147.867 108.177 7.5
      vertex 147.753 108.364 2.5
      vertex 147.753 108.364 7.5
    endloop
  endfacet
  facet normal 0.853846 0.520526 0
    outer loop
      vertex 147.753 108.364 2.5
      vertex 147.867 108.177 7.5
      vertex 147.867 108.177 2.5
    endloop
  endfacet
  facet normal 0.924017 0.382352 0
    outer loop
      vertex 147.753 108.364 7.5
      vertex 147.669 108.567 2.5
      vertex 147.669 108.567 7.5
    endloop
  endfacet
  facet normal 0.924017 0.382352 0
    outer loop
      vertex 147.669 108.567 2.5
      vertex 147.753 108.364 7.5
      vertex 147.753 108.364 2.5
    endloop
  endfacet
  facet normal -0.520526 -0.853846 0
    outer loop
      vertex 149.636 110.247 2.5
      vertex 149.823 110.133 7.5
      vertex 149.636 110.247 7.5
    endloop
  endfacet
  facet normal -0.520526 -0.853846 -0
    outer loop
      vertex 149.823 110.133 7.5
      vertex 149.636 110.247 2.5
      vertex 149.823 110.133 2.5
    endloop
  endfacet
  facet normal -0.924017 0.382352 0
    outer loop
      vertex 150.247 108.364 2.5
      vertex 150.331 108.567 7.5
      vertex 150.331 108.567 2.5
    endloop
  endfacet
  facet normal -0.924017 0.382352 0
    outer loop
      vertex 150.331 108.567 7.5
      vertex 150.247 108.364 2.5
      vertex 150.247 108.364 7.5
    endloop
  endfacet
  facet normal 0.759578 -0.650417 0
    outer loop
      vertex 147.867 109.823 7.5
      vertex 148.01 109.99 2.5
      vertex 148.01 109.99 7.5
    endloop
  endfacet
  facet normal 0.759578 -0.650417 0
    outer loop
      vertex 148.01 109.99 2.5
      vertex 147.867 109.823 7.5
      vertex 147.867 109.823 2.5
    endloop
  endfacet
  facet normal 0.997001 0.0773927 0
    outer loop
      vertex 147.617 108.781 7.5
      vertex 147.6 109 2.5
      vertex 147.6 109 7.5
    endloop
  endfacet
  facet normal 0.997001 0.0773927 0
    outer loop
      vertex 147.6 109 2.5
      vertex 147.617 108.781 7.5
      vertex 147.617 108.781 2.5
    endloop
  endfacet
  facet normal -0.759578 0.650417 0
    outer loop
      vertex 149.99 108.01 2.5
      vertex 150.133 108.177 7.5
      vertex 150.133 108.177 2.5
    endloop
  endfacet
  facet normal -0.759578 0.650417 0
    outer loop
      vertex 150.133 108.177 7.5
      vertex 149.99 108.01 2.5
      vertex 149.99 108.01 7.5
    endloop
  endfacet
  facet normal -0.853846 0.520526 0
    outer loop
      vertex 150.133 108.177 2.5
      vertex 150.247 108.364 7.5
      vertex 150.247 108.364 2.5
    endloop
  endfacet
  facet normal -0.853846 0.520526 0
    outer loop
      vertex 150.247 108.364 7.5
      vertex 150.133 108.177 2.5
      vertex 150.133 108.177 7.5
    endloop
  endfacet
  facet normal 0.23612 0.971724 -0
    outer loop
      vertex 148.781 107.617 2.5
      vertex 148.567 107.669 7.5
      vertex 148.781 107.617 7.5
    endloop
  endfacet
  facet normal 0.23612 0.971724 0
    outer loop
      vertex 148.567 107.669 7.5
      vertex 148.781 107.617 2.5
      vertex 148.567 107.669 2.5
    endloop
  endfacet
  facet normal 0.971724 0.23612 0
    outer loop
      vertex 147.669 108.567 7.5
      vertex 147.617 108.781 2.5
      vertex 147.617 108.781 7.5
    endloop
  endfacet
  facet normal 0.971724 0.23612 0
    outer loop
      vertex 147.617 108.781 2.5
      vertex 147.669 108.567 7.5
      vertex 147.669 108.567 2.5
    endloop
  endfacet
  facet normal 0.382352 0.924017 -0
    outer loop
      vertex 148.567 107.669 2.5
      vertex 148.364 107.753 7.5
      vertex 148.567 107.669 7.5
    endloop
  endfacet
  facet normal 0.382352 0.924017 0
    outer loop
      vertex 148.364 107.753 7.5
      vertex 148.567 107.669 2.5
      vertex 148.364 107.753 2.5
    endloop
  endfacet
  facet normal -0.997001 0.0773927 0
    outer loop
      vertex 150.383 108.781 2.5
      vertex 150.4 109 7.5
      vertex 150.4 109 2.5
    endloop
  endfacet
  facet normal -0.997001 0.0773927 0
    outer loop
      vertex 150.4 109 7.5
      vertex 150.383 108.781 2.5
      vertex 150.383 108.781 7.5
    endloop
  endfacet
  facet normal -0.971724 0.23612 0
    outer loop
      vertex 150.331 108.567 2.5
      vertex 150.383 108.781 7.5
      vertex 150.383 108.781 2.5
    endloop
  endfacet
  facet normal -0.971724 0.23612 0
    outer loop
      vertex 150.383 108.781 7.5
      vertex 150.331 108.567 2.5
      vertex 150.331 108.567 7.5
    endloop
  endfacet
  facet normal 0.650417 -0.759578 0
    outer loop
      vertex 148.01 109.99 2.5
      vertex 148.177 110.133 7.5
      vertex 148.01 109.99 7.5
    endloop
  endfacet
  facet normal 0.650417 -0.759578 0
    outer loop
      vertex 148.177 110.133 7.5
      vertex 148.01 109.99 2.5
      vertex 148.177 110.133 2.5
    endloop
  endfacet
  facet normal 0.382352 -0.924017 0
    outer loop
      vertex 148.364 110.247 2.5
      vertex 148.567 110.331 7.5
      vertex 148.364 110.247 7.5
    endloop
  endfacet
  facet normal 0.382352 -0.924017 0
    outer loop
      vertex 148.567 110.331 7.5
      vertex 148.364 110.247 2.5
      vertex 148.567 110.331 2.5
    endloop
  endfacet
  facet normal -0.650417 -0.759578 0
    outer loop
      vertex 149.823 110.133 2.5
      vertex 149.99 109.99 7.5
      vertex 149.823 110.133 7.5
    endloop
  endfacet
  facet normal -0.650417 -0.759578 -0
    outer loop
      vertex 149.99 109.99 7.5
      vertex 149.823 110.133 2.5
      vertex 149.99 109.99 2.5
    endloop
  endfacet
  facet normal 0.853846 -0.520526 0
    outer loop
      vertex 147.753 109.636 7.5
      vertex 147.867 109.823 2.5
      vertex 147.867 109.823 7.5
    endloop
  endfacet
  facet normal 0.853846 -0.520526 0
    outer loop
      vertex 147.867 109.823 2.5
      vertex 147.753 109.636 7.5
      vertex 147.753 109.636 2.5
    endloop
  endfacet
  facet normal 0.924017 -0.382352 0
    outer loop
      vertex 147.669 109.433 7.5
      vertex 147.753 109.636 2.5
      vertex 147.753 109.636 7.5
    endloop
  endfacet
  facet normal 0.924017 -0.382352 0
    outer loop
      vertex 147.753 109.636 2.5
      vertex 147.669 109.433 7.5
      vertex 147.669 109.433 2.5
    endloop
  endfacet
  facet normal 0.23612 -0.971724 0
    outer loop
      vertex 148.567 110.331 2.5
      vertex 148.781 110.383 7.5
      vertex 148.567 110.331 7.5
    endloop
  endfacet
  facet normal 0.23612 -0.971724 0
    outer loop
      vertex 148.781 110.383 7.5
      vertex 148.567 110.331 2.5
      vertex 148.781 110.383 2.5
    endloop
  endfacet
  facet normal 0.0773927 -0.997001 0
    outer loop
      vertex 148.781 110.383 2.5
      vertex 149 110.4 7.5
      vertex 148.781 110.383 7.5
    endloop
  endfacet
  facet normal 0.0773927 -0.997001 0
    outer loop
      vertex 149 110.4 7.5
      vertex 148.781 110.383 2.5
      vertex 149 110.4 2.5
    endloop
  endfacet
  facet normal 0.650417 0.759578 -0
    outer loop
      vertex 148.177 107.867 2.5
      vertex 148.01 108.01 7.5
      vertex 148.177 107.867 7.5
    endloop
  endfacet
  facet normal 0.650417 0.759578 0
    outer loop
      vertex 148.01 108.01 7.5
      vertex 148.177 107.867 2.5
      vertex 148.01 108.01 2.5
    endloop
  endfacet
  facet normal -0.0773927 -0.997001 0
    outer loop
      vertex 149 110.4 2.5
      vertex 149.219 110.383 7.5
      vertex 149 110.4 7.5
    endloop
  endfacet
  facet normal -0.0773927 -0.997001 -0
    outer loop
      vertex 149.219 110.383 7.5
      vertex 149 110.4 2.5
      vertex 149.219 110.383 2.5
    endloop
  endfacet
  facet normal 0.759578 0.650417 0
    outer loop
      vertex 148.01 108.01 7.5
      vertex 147.867 108.177 2.5
      vertex 147.867 108.177 7.5
    endloop
  endfacet
  facet normal 0.759578 0.650417 0
    outer loop
      vertex 147.867 108.177 2.5
      vertex 148.01 108.01 7.5
      vertex 148.01 108.01 2.5
    endloop
  endfacet
  facet normal -0.650417 0.759578 0
    outer loop
      vertex 149.99 108.01 2.5
      vertex 149.823 107.867 7.5
      vertex 149.99 108.01 7.5
    endloop
  endfacet
  facet normal -0.650417 0.759578 0
    outer loop
      vertex 149.823 107.867 7.5
      vertex 149.99 108.01 2.5
      vertex 149.823 107.867 2.5
    endloop
  endfacet
  facet normal -0.382352 -0.924017 0
    outer loop
      vertex 149.433 110.331 2.5
      vertex 149.636 110.247 7.5
      vertex 149.433 110.331 7.5
    endloop
  endfacet
  facet normal -0.382352 -0.924017 -0
    outer loop
      vertex 149.636 110.247 7.5
      vertex 149.433 110.331 2.5
      vertex 149.636 110.247 2.5
    endloop
  endfacet
  facet normal 0.971724 -0.23612 0
    outer loop
      vertex 147.617 109.219 7.5
      vertex 147.669 109.433 2.5
      vertex 147.669 109.433 7.5
    endloop
  endfacet
  facet normal 0.971724 -0.23612 0
    outer loop
      vertex 147.669 109.433 2.5
      vertex 147.617 109.219 7.5
      vertex 147.617 109.219 2.5
    endloop
  endfacet
  facet normal -0.23612 -0.971724 0
    outer loop
      vertex 149.219 110.383 2.5
      vertex 149.433 110.331 7.5
      vertex 149.219 110.383 7.5
    endloop
  endfacet
  facet normal -0.23612 -0.971724 -0
    outer loop
      vertex 149.433 110.331 7.5
      vertex 149.219 110.383 2.5
      vertex 149.433 110.331 2.5
    endloop
  endfacet
  facet normal -0.382352 0.924017 0
    outer loop
      vertex 149.636 107.753 2.5
      vertex 149.433 107.669 7.5
      vertex 149.636 107.753 7.5
    endloop
  endfacet
  facet normal -0.382352 0.924017 0
    outer loop
      vertex 149.433 107.669 7.5
      vertex 149.636 107.753 2.5
      vertex 149.433 107.669 2.5
    endloop
  endfacet
  facet normal 0.520526 -0.853846 0
    outer loop
      vertex 148.177 110.133 2.5
      vertex 148.364 110.247 7.5
      vertex 148.177 110.133 7.5
    endloop
  endfacet
  facet normal 0.520526 -0.853846 0
    outer loop
      vertex 148.364 110.247 7.5
      vertex 148.177 110.133 2.5
      vertex 148.364 110.247 2.5
    endloop
  endfacet
  facet normal 0.0773927 0.997001 -0
    outer loop
      vertex 149 107.6 2.5
      vertex 148.781 107.617 7.5
      vertex 149 107.6 7.5
    endloop
  endfacet
  facet normal 0.0773927 0.997001 0
    outer loop
      vertex 148.781 107.617 7.5
      vertex 149 107.6 2.5
      vertex 148.781 107.617 2.5
    endloop
  endfacet
  facet normal 0.520526 0.853846 -0
    outer loop
      vertex 148.364 107.753 2.5
      vertex 148.177 107.867 7.5
      vertex 148.364 107.753 7.5
    endloop
  endfacet
  facet normal 0.520526 0.853846 0
    outer loop
      vertex 148.177 107.867 7.5
      vertex 148.364 107.753 2.5
      vertex 148.177 107.867 2.5
    endloop
  endfacet
  facet normal 0.972373 0.233433 0
    outer loop
      vertex 6.96306 4.4693 35
      vertex 6.85317 4.92705 10.6
      vertex 6.85317 4.92705 35
    endloop
  endfacet
  facet normal 0.972373 0.233433 0
    outer loop
      vertex 6.85317 4.92705 10.6
      vertex 6.96306 4.4693 35
      vertex 6.96306 4.4693 10.6
    endloop
  endfacet
  facet normal 0.972373 0.233433 0
    outer loop
      vertex 6.96306 4.4693 7.5
      vertex 6.85317 4.92705 2.5
      vertex 6.85317 4.92705 7.5
    endloop
  endfacet
  facet normal 0.972373 0.233433 0
    outer loop
      vertex 6.85317 4.92705 2.5
      vertex 6.96306 4.4693 7.5
      vertex 6.96306 4.4693 2.5
    endloop
  endfacet
  facet normal 0.996916 0.0784703 0
    outer loop
      vertex 7 4 35
      vertex 6.96306 4.4693 10.6
      vertex 6.96306 4.4693 35
    endloop
  endfacet
  facet normal 0.996916 0.0784703 0
    outer loop
      vertex 6.96306 4.4693 10.6
      vertex 7 4 35
      vertex 7 4 10.6
    endloop
  endfacet
  facet normal 0.996916 0.0784703 0
    outer loop
      vertex 7 4 7.5
      vertex 6.96306 4.4693 2.5
      vertex 6.96306 4.4693 7.5
    endloop
  endfacet
  facet normal 0.996916 0.0784703 0
    outer loop
      vertex 6.96306 4.4693 2.5
      vertex 7 4 7.5
      vertex 7 4 2.5
    endloop
  endfacet
  facet normal 0.923879 0.382684 0
    outer loop
      vertex 6.85317 4.92705 35
      vertex 6.67302 5.36197 10.6
      vertex 6.67302 5.36197 35
    endloop
  endfacet
  facet normal 0.923879 0.382684 0
    outer loop
      vertex 6.67302 5.36197 10.6
      vertex 6.85317 4.92705 35
      vertex 6.85317 4.92705 10.6
    endloop
  endfacet
  facet normal 0.923879 0.382684 0
    outer loop
      vertex 6.85317 4.92705 7.5
      vertex 6.67302 5.36197 2.5
      vertex 6.67302 5.36197 7.5
    endloop
  endfacet
  facet normal 0.923879 0.382684 0
    outer loop
      vertex 6.67302 5.36197 2.5
      vertex 6.85317 4.92705 7.5
      vertex 6.85317 4.92705 2.5
    endloop
  endfacet
  facet normal 0.972373 -0.233433 0
    outer loop
      vertex 6.96306 3.5307 35
      vertex 6.95569 3.5 10.6
      vertex 6.96306 3.5307 10.6
    endloop
  endfacet
  facet normal 0.972373 -0.233433 0
    outer loop
      vertex 6.85317 3.07295 2.5
      vertex 6.95569 3.5 10.6
      vertex 6.85317 3.07295 35
    endloop
  endfacet
  facet normal 0.972373 -0.233433 4.78826e-10
    outer loop
      vertex 6.85317 3.07295 35
      vertex 6.95569 3.5 10.6
      vertex 6.96306 3.5307 35
    endloop
  endfacet
  facet normal 0.972373 -0.233433 0
    outer loop
      vertex 6.95569 3.5 7.5
      vertex 6.96306 3.5307 2.5
      vertex 6.96306 3.5307 7.5
    endloop
  endfacet
  facet normal 0.972373 -0.233433 0
    outer loop
      vertex 6.95569 3.5 10.6
      vertex 6.85317 3.07295 2.5
      vertex 6.95569 3.5 7.5
    endloop
  endfacet
  facet normal 0.972373 -0.233433 -2.33667e-09
    outer loop
      vertex 6.95569 3.5 7.5
      vertex 6.85317 3.07295 2.5
      vertex 6.96306 3.5307 2.5
    endloop
  endfacet
  facet normal -0.382684 0.923879 0
    outer loop
      vertex 3.07295 6.85317 2.5
      vertex 2.63803 6.67302 35
      vertex 3.07295 6.85317 35
    endloop
  endfacet
  facet normal -0.382684 0.923879 0
    outer loop
      vertex 2.63803 6.67302 35
      vertex 3.07295 6.85317 2.5
      vertex 2.63803 6.67302 2.5
    endloop
  endfacet
  facet normal -0.522477 0.852654 0
    outer loop
      vertex 2.63803 6.67302 2.5
      vertex 2.5 6.58844 35
      vertex 2.63803 6.67302 35
    endloop
  endfacet
  facet normal -0.522477 0.852654 0
    outer loop
      vertex 2.5 6.58844 35
      vertex 2.63803 6.67302 2.5
      vertex 2.5 6.58844 2.5
    endloop
  endfacet
  facet normal 0.649452 0.760403 -0
    outer loop
      vertex 6.12132 6.12132 10.6
      vertex 5.76336 6.42705 35
      vertex 6.12132 6.12132 35
    endloop
  endfacet
  facet normal 0.649452 0.760403 0
    outer loop
      vertex 5.76336 6.42705 35
      vertex 6.12132 6.12132 10.6
      vertex 5.76336 6.42705 10.6
    endloop
  endfacet
  facet normal 0.649452 0.760403 -0
    outer loop
      vertex 6.12132 6.12132 2.5
      vertex 5.76336 6.42705 7.5
      vertex 6.12132 6.12132 7.5
    endloop
  endfacet
  facet normal 0.649452 0.760403 0
    outer loop
      vertex 5.76336 6.42705 7.5
      vertex 6.12132 6.12132 2.5
      vertex 5.76336 6.42705 2.5
    endloop
  endfacet
  facet normal -0.233433 0.972373 0
    outer loop
      vertex 3.5307 6.96306 7.5
      vertex 3.5307 6.96306 2.5
      vertex 3.5 6.95569 7.5
    endloop
  endfacet
  facet normal -0.233433 0.972373 0
    outer loop
      vertex 3.5 6.95569 10.6
      vertex 3.5307 6.96306 35
      vertex 3.5307 6.96306 10.6
    endloop
  endfacet
  facet normal -0.233433 0.972373 4.78826e-10
    outer loop
      vertex 3.5307 6.96306 35
      vertex 3.5 6.95569 10.6
      vertex 3.07295 6.85317 35
    endloop
  endfacet
  facet normal -0.233433 0.972373 0
    outer loop
      vertex 3.07295 6.85317 2.5
      vertex 3.5 6.95569 10.6
      vertex 3.5 6.95569 7.5
    endloop
  endfacet
  facet normal -0.233433 0.972373 -2.33667e-09
    outer loop
      vertex 3.07295 6.85317 2.5
      vertex 3.5 6.95569 7.5
      vertex 3.5307 6.96306 2.5
    endloop
  endfacet
  facet normal -0.233433 0.972373 0
    outer loop
      vertex 3.5 6.95569 10.6
      vertex 3.07295 6.85317 2.5
      vertex 3.07295 6.85317 35
    endloop
  endfacet
  facet normal -0.0784703 0.996916 0
    outer loop
      vertex 4 7 10.6
      vertex 3.5307 6.96306 35
      vertex 4 7 35
    endloop
  endfacet
  facet normal -0.0784703 0.996916 0
    outer loop
      vertex 3.5307 6.96306 35
      vertex 4 7 10.6
      vertex 3.5307 6.96306 10.6
    endloop
  endfacet
  facet normal -0.0784703 0.996916 0
    outer loop
      vertex 4 7 2.5
      vertex 3.5307 6.96306 7.5
      vertex 4 7 7.5
    endloop
  endfacet
  facet normal -0.0784703 0.996916 0
    outer loop
      vertex 3.5307 6.96306 7.5
      vertex 4 7 2.5
      vertex 3.5307 6.96306 2.5
    endloop
  endfacet
  facet normal 0.923879 -0.382684 0
    outer loop
      vertex 6.67302 2.63803 35
      vertex 6.85317 3.07295 2.5
      vertex 6.85317 3.07295 35
    endloop
  endfacet
  facet normal 0.923879 -0.382684 0
    outer loop
      vertex 6.85317 3.07295 2.5
      vertex 6.67302 2.63803 35
      vertex 6.67302 2.63803 2.5
    endloop
  endfacet
  facet normal 0.852654 -0.522477 0
    outer loop
      vertex 6.58844 2.5 35
      vertex 6.67302 2.63803 2.5
      vertex 6.67302 2.63803 35
    endloop
  endfacet
  facet normal 0.852654 -0.522477 0
    outer loop
      vertex 6.67302 2.63803 2.5
      vertex 6.58844 2.5 35
      vertex 6.58844 2.5 2.5
    endloop
  endfacet
  facet normal 0.852642 0.522495 0
    outer loop
      vertex 6.67302 5.36197 35
      vertex 6.42705 5.76336 10.6
      vertex 6.42705 5.76336 35
    endloop
  endfacet
  facet normal 0.852642 0.522495 0
    outer loop
      vertex 6.42705 5.76336 10.6
      vertex 6.67302 5.36197 35
      vertex 6.67302 5.36197 10.6
    endloop
  endfacet
  facet normal 0.852642 0.522495 0
    outer loop
      vertex 6.67302 5.36197 7.5
      vertex 6.42705 5.76336 2.5
      vertex 6.42705 5.76336 7.5
    endloop
  endfacet
  facet normal 0.852642 0.522495 0
    outer loop
      vertex 6.42705 5.76336 2.5
      vertex 6.67302 5.36197 7.5
      vertex 6.67302 5.36197 2.5
    endloop
  endfacet
  facet normal 0.760403 0.649452 0
    outer loop
      vertex 6.42705 5.76336 35
      vertex 6.12132 6.12132 10.6
      vertex 6.12132 6.12132 35
    endloop
  endfacet
  facet normal 0.760403 0.649452 0
    outer loop
      vertex 6.12132 6.12132 10.6
      vertex 6.42705 5.76336 35
      vertex 6.42705 5.76336 10.6
    endloop
  endfacet
  facet normal 0.760403 0.649452 0
    outer loop
      vertex 6.42705 5.76336 7.5
      vertex 6.12132 6.12132 2.5
      vertex 6.12132 6.12132 7.5
    endloop
  endfacet
  facet normal 0.760403 0.649452 0
    outer loop
      vertex 6.12132 6.12132 2.5
      vertex 6.42705 5.76336 7.5
      vertex 6.42705 5.76336 2.5
    endloop
  endfacet
  facet normal 0.0784703 0.996916 -0
    outer loop
      vertex 4.4693 6.96306 10.6
      vertex 4 7 35
      vertex 4.4693 6.96306 35
    endloop
  endfacet
  facet normal 0.0784703 0.996916 0
    outer loop
      vertex 4 7 35
      vertex 4.4693 6.96306 10.6
      vertex 4 7 10.6
    endloop
  endfacet
  facet normal 0.0784703 0.996916 -0
    outer loop
      vertex 4.4693 6.96306 2.5
      vertex 4 7 7.5
      vertex 4.4693 6.96306 7.5
    endloop
  endfacet
  facet normal 0.0784703 0.996916 0
    outer loop
      vertex 4 7 7.5
      vertex 4.4693 6.96306 2.5
      vertex 4 7 2.5
    endloop
  endfacet
  facet normal 0.382684 0.923879 -0
    outer loop
      vertex 5.36197 6.67302 10.6
      vertex 4.92705 6.85317 35
      vertex 5.36197 6.67302 35
    endloop
  endfacet
  facet normal 0.382684 0.923879 0
    outer loop
      vertex 4.92705 6.85317 35
      vertex 5.36197 6.67302 10.6
      vertex 4.92705 6.85317 10.6
    endloop
  endfacet
  facet normal 0.382684 0.923879 -0
    outer loop
      vertex 5.36197 6.67302 2.5
      vertex 4.92705 6.85317 7.5
      vertex 5.36197 6.67302 7.5
    endloop
  endfacet
  facet normal 0.382684 0.923879 0
    outer loop
      vertex 4.92705 6.85317 7.5
      vertex 5.36197 6.67302 2.5
      vertex 4.92705 6.85317 2.5
    endloop
  endfacet
  facet normal 0.522495 0.852642 -0
    outer loop
      vertex 5.76336 6.42705 10.6
      vertex 5.36197 6.67302 35
      vertex 5.76336 6.42705 35
    endloop
  endfacet
  facet normal 0.522495 0.852642 0
    outer loop
      vertex 5.36197 6.67302 35
      vertex 5.76336 6.42705 10.6
      vertex 5.36197 6.67302 10.6
    endloop
  endfacet
  facet normal 0.522495 0.852642 -0
    outer loop
      vertex 5.76336 6.42705 2.5
      vertex 5.36197 6.67302 7.5
      vertex 5.76336 6.42705 7.5
    endloop
  endfacet
  facet normal 0.522495 0.852642 0
    outer loop
      vertex 5.36197 6.67302 7.5
      vertex 5.76336 6.42705 2.5
      vertex 5.36197 6.67302 2.5
    endloop
  endfacet
  facet normal 0.996916 -0.0784703 0
    outer loop
      vertex 6.96306 3.5307 35
      vertex 7 4 10.6
      vertex 7 4 35
    endloop
  endfacet
  facet normal 0.996916 -0.0784703 0
    outer loop
      vertex 7 4 10.6
      vertex 6.96306 3.5307 35
      vertex 6.96306 3.5307 10.6
    endloop
  endfacet
  facet normal 0.996916 -0.0784703 0
    outer loop
      vertex 6.96306 3.5307 7.5
      vertex 7 4 2.5
      vertex 7 4 7.5
    endloop
  endfacet
  facet normal 0.996916 -0.0784703 0
    outer loop
      vertex 7 4 2.5
      vertex 6.96306 3.5307 7.5
      vertex 6.96306 3.5307 2.5
    endloop
  endfacet
  facet normal 0.233433 0.972373 -0
    outer loop
      vertex 4.92705 6.85317 10.6
      vertex 4.4693 6.96306 35
      vertex 4.92705 6.85317 35
    endloop
  endfacet
  facet normal 0.233433 0.972373 0
    outer loop
      vertex 4.4693 6.96306 35
      vertex 4.92705 6.85317 10.6
      vertex 4.4693 6.96306 10.6
    endloop
  endfacet
  facet normal 0.233433 0.972373 -0
    outer loop
      vertex 4.92705 6.85317 2.5
      vertex 4.4693 6.96306 7.5
      vertex 4.92705 6.85317 7.5
    endloop
  endfacet
  facet normal 0.233433 0.972373 0
    outer loop
      vertex 4.4693 6.96306 7.5
      vertex 4.92705 6.85317 2.5
      vertex 4.4693 6.96306 2.5
    endloop
  endfacet
  facet normal 0 0 1
    outer loop
      vertex 6.96306 4.4693 35
      vertex 5.38276 4.21901 35
      vertex 5.4 4 35
    endloop
  endfacet
  facet normal 0 0 1
    outer loop
      vertex 4.8229 5.13262 35
      vertex 5.76336 6.42705 35
      vertex 5.36197 6.67302 35
    endloop
  endfacet
  facet normal 0 0 1
    outer loop
      vertex 6.12132 6.12132 35
      vertex 5.33148 4.43262 35
      vertex 5.38276 4.21901 35
    endloop
  endfacet
  facet normal 0 0 1
    outer loop
      vertex 6.12132 6.12132 35
      vertex 5.24741 4.63559 35
      vertex 5.33148 4.43262 35
    endloop
  endfacet
  facet normal 0 0 1
    outer loop
      vertex 6.12132 6.12132 35
      vertex 5.13262 4.8229 35
      vertex 5.24741 4.63559 35
    endloop
  endfacet
  facet normal 0 0 1
    outer loop
      vertex 6.12132 6.12132 35
      vertex 4.98995 4.98995 35
      vertex 5.13262 4.8229 35
    endloop
  endfacet
  facet normal 0 0 1
    outer loop
      vertex 4.63559 5.24741 35
      vertex 5.36197 6.67302 35
      vertex 4.92705 6.85317 35
    endloop
  endfacet
  facet normal 0 0 1
    outer loop
      vertex 5.76336 6.42705 35
      vertex 4.8229 5.13262 35
      vertex 4.98995 4.98995 35
    endloop
  endfacet
  facet normal 0 0 1
    outer loop
      vertex 5.36197 6.67302 35
      vertex 4.63559 5.24741 35
      vertex 4.8229 5.13262 35
    endloop
  endfacet
  facet normal 0 0 1
    outer loop
      vertex 4.43262 5.33148 35
      vertex 4.92705 6.85317 35
      vertex 4.4693 6.96306 35
    endloop
  endfacet
  facet normal 0 0 1
    outer loop
      vertex 4.92705 6.85317 35
      vertex 4.43262 5.33148 35
      vertex 4.63559 5.24741 35
    endloop
  endfacet
  facet normal 0 0 1
    outer loop
      vertex 4.4693 6.96306 35
      vertex 4.21901 5.38276 35
      vertex 4.43262 5.33148 35
    endloop
  endfacet
  facet normal 0 0 1
    outer loop
      vertex 4 7 35
      vertex 4.21901 5.38276 35
      vertex 4.4693 6.96306 35
    endloop
  endfacet
  facet normal 0 0 1
    outer loop
      vertex 4 7 35
      vertex 4 5.4 35
      vertex 4.21901 5.38276 35
    endloop
  endfacet
  facet normal 0 0 1
    outer loop
      vertex 4 7 35
      vertex 3.78099 5.38276 35
      vertex 4 5.4 35
    endloop
  endfacet
  facet normal -0 0 1
    outer loop
      vertex 3.5307 6.96306 35
      vertex 3.78099 5.38276 35
      vertex 4 7 35
    endloop
  endfacet
  facet normal 0 0 1
    outer loop
      vertex 3.78099 5.38276 35
      vertex 3.5307 6.96306 35
      vertex 3.56738 5.33148 35
    endloop
  endfacet
  facet normal -0 0 1
    outer loop
      vertex 3.07295 6.85317 35
      vertex 3.56738 5.33148 35
      vertex 3.5307 6.96306 35
    endloop
  endfacet
  facet normal 0 0 1
    outer loop
      vertex 3.56738 5.33148 35
      vertex 3.07295 6.85317 35
      vertex 3.36441 5.24741 35
    endloop
  endfacet
  facet normal -0 0 1
    outer loop
      vertex 2.63803 6.67302 35
      vertex 3.36441 5.24741 35
      vertex 3.07295 6.85317 35
    endloop
  endfacet
  facet normal -0 0 1
    outer loop
      vertex 2.5 6.58844 35
      vertex 3.36441 5.24741 35
      vertex 2.63803 6.67302 35
    endloop
  endfacet
  facet normal 0 0 1
    outer loop
      vertex 3.36441 5.24741 35
      vertex 2.5 6.58844 35
      vertex 3.1771 5.13262 35
    endloop
  endfacet
  facet normal 0 0 1
    outer loop
      vertex 3.1771 5.13262 35
      vertex 2.5 6.58844 35
      vertex 3.01005 4.98995 35
    endloop
  endfacet
  facet normal 0 0 1
    outer loop
      vertex 3.01005 4.98995 35
      vertex 2.5 6.58844 35
      vertex 2.86738 4.8229 35
    endloop
  endfacet
  facet normal 0 0 1
    outer loop
      vertex 2.86738 4.8229 35
      vertex 2.5 6.58844 35
      vertex 2.75259 4.63559 35
    endloop
  endfacet
  facet normal 0 0 1
    outer loop
      vertex 2.75259 4.63559 35
      vertex 2.5 6.58844 35
      vertex 2.66852 4.43262 35
    endloop
  endfacet
  facet normal 0 0 1
    outer loop
      vertex 2.66852 4.43262 35
      vertex 2.5 6.58844 35
      vertex 2.61724 4.21901 35
    endloop
  endfacet
  facet normal 0 0 1
    outer loop
      vertex 2.61724 4.21901 35
      vertex 2.5 6.58844 35
      vertex 2.6 4 35
    endloop
  endfacet
  facet normal 0 0 1
    outer loop
      vertex 5.4 4 35
      vertex 7 4 35
      vertex 6.96306 4.4693 35
    endloop
  endfacet
  facet normal 0 0 1
    outer loop
      vertex 5.38276 4.21901 35
      vertex 6.96306 4.4693 35
      vertex 6.85317 4.92705 35
    endloop
  endfacet
  facet normal 0 0 1
    outer loop
      vertex 7 4 35
      vertex 5.4 4 35
      vertex 6.96306 3.5307 35
    endloop
  endfacet
  facet normal 0 0 1
    outer loop
      vertex 5.38276 4.21901 35
      vertex 6.85317 4.92705 35
      vertex 6.67302 5.36197 35
    endloop
  endfacet
  facet normal -0 0 1
    outer loop
      vertex 5.38276 3.78099 35
      vertex 6.96306 3.5307 35
      vertex 5.4 4 35
    endloop
  endfacet
  facet normal 0 0 1
    outer loop
      vertex 6.96306 3.5307 35
      vertex 5.38276 3.78099 35
      vertex 6.85317 3.07295 35
    endloop
  endfacet
  facet normal 0 0 1
    outer loop
      vertex 5.38276 4.21901 35
      vertex 6.67302 5.36197 35
      vertex 6.42705 5.76336 35
    endloop
  endfacet
  facet normal 0 0 1
    outer loop
      vertex 5.38276 4.21901 35
      vertex 6.42705 5.76336 35
      vertex 6.12132 6.12132 35
    endloop
  endfacet
  facet normal 0 0 1
    outer loop
      vertex 4.98995 4.98995 35
      vertex 6.12132 6.12132 35
      vertex 5.76336 6.42705 35
    endloop
  endfacet
  facet normal -0 0 1
    outer loop
      vertex 5.33148 3.56738 35
      vertex 6.85317 3.07295 35
      vertex 5.38276 3.78099 35
    endloop
  endfacet
  facet normal 0 0 1
    outer loop
      vertex 6.85317 3.07295 35
      vertex 5.33148 3.56738 35
      vertex 6.67302 2.63803 35
    endloop
  endfacet
  facet normal -0 0 1
    outer loop
      vertex 5.24741 3.36441 35
      vertex 6.67302 2.63803 35
      vertex 5.33148 3.56738 35
    endloop
  endfacet
  facet normal 0 0 1
    outer loop
      vertex 6.67302 2.63803 35
      vertex 5.24741 3.36441 35
      vertex 6.58844 2.5 35
    endloop
  endfacet
  facet normal -0 0 1
    outer loop
      vertex 5.13262 3.1771 35
      vertex 6.58844 2.5 35
      vertex 5.24741 3.36441 35
    endloop
  endfacet
  facet normal -0 0 1
    outer loop
      vertex 4.98995 3.01005 35
      vertex 6.58844 2.5 35
      vertex 5.13262 3.1771 35
    endloop
  endfacet
  facet normal -0 0 1
    outer loop
      vertex 4.8229 2.86738 35
      vertex 6.58844 2.5 35
      vertex 4.98995 3.01005 35
    endloop
  endfacet
  facet normal -0 0 1
    outer loop
      vertex 4.63559 2.75259 35
      vertex 6.58844 2.5 35
      vertex 4.8229 2.86738 35
    endloop
  endfacet
  facet normal -0 0 1
    outer loop
      vertex 4.43262 2.66852 35
      vertex 6.58844 2.5 35
      vertex 4.63559 2.75259 35
    endloop
  endfacet
  facet normal -0 0 1
    outer loop
      vertex 4.21901 2.61724 35
      vertex 6.58844 2.5 35
      vertex 4.43262 2.66852 35
    endloop
  endfacet
  facet normal -0 0 1
    outer loop
      vertex 4 2.6 35
      vertex 6.58844 2.5 35
      vertex 4.21901 2.61724 35
    endloop
  endfacet
  facet normal 0 0 1
    outer loop
      vertex 4 2.6 35
      vertex 2.5 2.5 35
      vertex 6.58844 2.5 35
    endloop
  endfacet
  facet normal 0 0 1
    outer loop
      vertex 3.78099 2.61724 35
      vertex 2.5 2.5 35
      vertex 4 2.6 35
    endloop
  endfacet
  facet normal 0 0 1
    outer loop
      vertex 3.56738 2.66852 35
      vertex 2.5 2.5 35
      vertex 3.78099 2.61724 35
    endloop
  endfacet
  facet normal 0 0 1
    outer loop
      vertex 3.36441 2.75259 35
      vertex 2.5 2.5 35
      vertex 3.56738 2.66852 35
    endloop
  endfacet
  facet normal 0 0 1
    outer loop
      vertex 3.1771 2.86738 35
      vertex 2.5 2.5 35
      vertex 3.36441 2.75259 35
    endloop
  endfacet
  facet normal 0 0 1
    outer loop
      vertex 3.01005 3.01005 35
      vertex 2.5 2.5 35
      vertex 3.1771 2.86738 35
    endloop
  endfacet
  facet normal 0 0 1
    outer loop
      vertex 2.86738 3.1771 35
      vertex 2.5 2.5 35
      vertex 3.01005 3.01005 35
    endloop
  endfacet
  facet normal 0 0 1
    outer loop
      vertex 2.75259 3.36441 35
      vertex 2.5 2.5 35
      vertex 2.86738 3.1771 35
    endloop
  endfacet
  facet normal 0 0 1
    outer loop
      vertex 2.66852 3.56738 35
      vertex 2.5 2.5 35
      vertex 2.75259 3.36441 35
    endloop
  endfacet
  facet normal 0 0 1
    outer loop
      vertex 2.61724 3.78099 35
      vertex 2.5 2.5 35
      vertex 2.66852 3.56738 35
    endloop
  endfacet
  facet normal 0 0 1
    outer loop
      vertex 2.6 4 35
      vertex 2.5 2.5 35
      vertex 2.61724 3.78099 35
    endloop
  endfacet
  facet normal 0 0 1
    outer loop
      vertex 2.5 2.5 35
      vertex 2.6 4 35
      vertex 2.5 6.58844 35
    endloop
  endfacet
  facet normal -0.0784751 0.996916 0
    outer loop
      vertex 4.21901 2.61724 22.8
      vertex 4 2.6 35
      vertex 4.21901 2.61724 35
    endloop
  endfacet
  facet normal -0.0784751 0.996916 0
    outer loop
      vertex 4 2.6 35
      vertex 4.21901 2.61724 22.8
      vertex 4 2.6 22.8
    endloop
  endfacet
  facet normal -0.972373 -0.233431 0
    outer loop
      vertex 5.38276 4.21901 22.8
      vertex 5.33148 4.43262 35
      vertex 5.33148 4.43262 22.8
    endloop
  endfacet
  facet normal -0.972373 -0.233431 0
    outer loop
      vertex 5.33148 4.43262 35
      vertex 5.38276 4.21901 22.8
      vertex 5.38276 4.21901 35
    endloop
  endfacet
  facet normal -0.996916 -0.0784751 0
    outer loop
      vertex 5.4 4 22.8
      vertex 5.38276 4.21901 35
      vertex 5.38276 4.21901 22.8
    endloop
  endfacet
  facet normal -0.996916 -0.0784751 0
    outer loop
      vertex 5.38276 4.21901 35
      vertex 5.4 4 22.8
      vertex 5.4 4 35
    endloop
  endfacet
  facet normal -0.923884 -0.382672 0
    outer loop
      vertex 5.33148 4.43262 22.8
      vertex 5.24741 4.63559 35
      vertex 5.24741 4.63559 22.8
    endloop
  endfacet
  facet normal -0.923884 -0.382672 0
    outer loop
      vertex 5.24741 4.63559 35
      vertex 5.33148 4.43262 22.8
      vertex 5.33148 4.43262 35
    endloop
  endfacet
  facet normal -0.522519 0.852627 0
    outer loop
      vertex 4.8229 2.86738 22.8
      vertex 4.63559 2.75259 35
      vertex 4.8229 2.86738 35
    endloop
  endfacet
  facet normal -0.522519 0.852627 0
    outer loop
      vertex 4.63559 2.75259 35
      vertex 4.8229 2.86738 22.8
      vertex 4.63559 2.75259 22.8
    endloop
  endfacet
  facet normal -0.852627 -0.522519 0
    outer loop
      vertex 5.24741 4.63559 22.8
      vertex 5.13262 4.8229 35
      vertex 5.13262 4.8229 22.8
    endloop
  endfacet
  facet normal -0.852627 -0.522519 0
    outer loop
      vertex 5.13262 4.8229 35
      vertex 5.24741 4.63559 22.8
      vertex 5.24741 4.63559 35
    endloop
  endfacet
  facet normal -0.760415 -0.649437 0
    outer loop
      vertex 5.13262 4.8229 22.8
      vertex 4.98995 4.98995 35
      vertex 4.98995 4.98995 22.8
    endloop
  endfacet
  facet normal -0.760415 -0.649437 0
    outer loop
      vertex 4.98995 4.98995 35
      vertex 5.13262 4.8229 22.8
      vertex 5.13262 4.8229 35
    endloop
  endfacet
  facet normal 0.996916 -0.0784751 0
    outer loop
      vertex 2.6 4 35
      vertex 2.61724 4.21901 22.8
      vertex 2.61724 4.21901 35
    endloop
  endfacet
  facet normal 0.996916 -0.0784751 0
    outer loop
      vertex 2.61724 4.21901 22.8
      vertex 2.6 4 35
      vertex 2.6 4 22.8
    endloop
  endfacet
  facet normal -0.233431 0.972373 0
    outer loop
      vertex 4.43262 2.66852 22.8
      vertex 4.21901 2.61724 35
      vertex 4.43262 2.66852 35
    endloop
  endfacet
  facet normal -0.233431 0.972373 0
    outer loop
      vertex 4.21901 2.61724 35
      vertex 4.43262 2.66852 22.8
      vertex 4.21901 2.61724 22.8
    endloop
  endfacet
  facet normal 0.852627 0.522519 0
    outer loop
      vertex 2.86738 3.1771 35
      vertex 2.75259 3.36441 22.8
      vertex 2.75259 3.36441 35
    endloop
  endfacet
  facet normal 0.852627 0.522519 0
    outer loop
      vertex 2.75259 3.36441 22.8
      vertex 2.86738 3.1771 35
      vertex 2.86738 3.1771 22.8
    endloop
  endfacet
  facet normal 0.923884 0.382672 0
    outer loop
      vertex 2.75259 3.36441 35
      vertex 2.66852 3.56738 22.8
      vertex 2.66852 3.56738 35
    endloop
  endfacet
  facet normal 0.923884 0.382672 0
    outer loop
      vertex 2.66852 3.56738 22.8
      vertex 2.75259 3.36441 35
      vertex 2.75259 3.36441 22.8
    endloop
  endfacet
  facet normal -0.522519 -0.852627 0
    outer loop
      vertex 4.63559 5.24741 22.8
      vertex 4.8229 5.13262 35
      vertex 4.63559 5.24741 35
    endloop
  endfacet
  facet normal -0.522519 -0.852627 -0
    outer loop
      vertex 4.8229 5.13262 35
      vertex 4.63559 5.24741 22.8
      vertex 4.8229 5.13262 22.8
    endloop
  endfacet
  facet normal -0.923884 0.382672 0
    outer loop
      vertex 5.24741 3.36441 22.8
      vertex 5.33148 3.56738 35
      vertex 5.33148 3.56738 22.8
    endloop
  endfacet
  facet normal -0.923884 0.382672 0
    outer loop
      vertex 5.33148 3.56738 35
      vertex 5.24741 3.36441 22.8
      vertex 5.24741 3.36441 35
    endloop
  endfacet
  facet normal 0.522519 -0.852627 0
    outer loop
      vertex 3.1771 5.13262 22.8
      vertex 3.36441 5.24741 35
      vertex 3.1771 5.13262 35
    endloop
  endfacet
  facet normal 0.522519 -0.852627 0
    outer loop
      vertex 3.36441 5.24741 35
      vertex 3.1771 5.13262 22.8
      vertex 3.36441 5.24741 22.8
    endloop
  endfacet
  facet normal 0.760415 -0.649437 0
    outer loop
      vertex 2.86738 4.8229 35
      vertex 3.01005 4.98995 22.8
      vertex 3.01005 4.98995 35
    endloop
  endfacet
  facet normal 0.760415 -0.649437 0
    outer loop
      vertex 3.01005 4.98995 22.8
      vertex 2.86738 4.8229 35
      vertex 2.86738 4.8229 22.8
    endloop
  endfacet
  facet normal 0.996916 0.0784751 0
    outer loop
      vertex 2.61724 3.78099 35
      vertex 2.6 4 22.8
      vertex 2.6 4 35
    endloop
  endfacet
  facet normal 0.996916 0.0784751 0
    outer loop
      vertex 2.6 4 22.8
      vertex 2.61724 3.78099 35
      vertex 2.61724 3.78099 22.8
    endloop
  endfacet
  facet normal -0.760415 0.649437 0
    outer loop
      vertex 4.98995 3.01005 22.8
      vertex 5.13262 3.1771 35
      vertex 5.13262 3.1771 22.8
    endloop
  endfacet
  facet normal -0.760415 0.649437 0
    outer loop
      vertex 5.13262 3.1771 35
      vertex 4.98995 3.01005 22.8
      vertex 4.98995 3.01005 35
    endloop
  endfacet
  facet normal -0.852627 0.522519 0
    outer loop
      vertex 5.13262 3.1771 22.8
      vertex 5.24741 3.36441 35
      vertex 5.24741 3.36441 22.8
    endloop
  endfacet
  facet normal -0.852627 0.522519 0
    outer loop
      vertex 5.24741 3.36441 35
      vertex 5.13262 3.1771 22.8
      vertex 5.13262 3.1771 35
    endloop
  endfacet
  facet normal 0.233431 0.972373 -0
    outer loop
      vertex 3.78099 2.61724 22.8
      vertex 3.56738 2.66852 35
      vertex 3.78099 2.61724 35
    endloop
  endfacet
  facet normal 0.233431 0.972373 0
    outer loop
      vertex 3.56738 2.66852 35
      vertex 3.78099 2.61724 22.8
      vertex 3.56738 2.66852 22.8
    endloop
  endfacet
  facet normal 0.972373 0.233431 0
    outer loop
      vertex 2.66852 3.56738 35
      vertex 2.61724 3.78099 22.8
      vertex 2.61724 3.78099 35
    endloop
  endfacet
  facet normal 0.972373 0.233431 0
    outer loop
      vertex 2.61724 3.78099 22.8
      vertex 2.66852 3.56738 35
      vertex 2.66852 3.56738 22.8
    endloop
  endfacet
  facet normal 0.382672 0.923884 -0
    outer loop
      vertex 3.56738 2.66852 22.8
      vertex 3.36441 2.75259 35
      vertex 3.56738 2.66852 35
    endloop
  endfacet
  facet normal 0.382672 0.923884 0
    outer loop
      vertex 3.36441 2.75259 35
      vertex 3.56738 2.66852 22.8
      vertex 3.36441 2.75259 22.8
    endloop
  endfacet
  facet normal -0.996916 0.0784751 0
    outer loop
      vertex 5.38276 3.78099 22.8
      vertex 5.4 4 35
      vertex 5.4 4 22.8
    endloop
  endfacet
  facet normal -0.996916 0.0784751 0
    outer loop
      vertex 5.4 4 35
      vertex 5.38276 3.78099 22.8
      vertex 5.38276 3.78099 35
    endloop
  endfacet
  facet normal -0.972373 0.233431 0
    outer loop
      vertex 5.33148 3.56738 22.8
      vertex 5.38276 3.78099 35
      vertex 5.38276 3.78099 22.8
    endloop
  endfacet
  facet normal -0.972373 0.233431 0
    outer loop
      vertex 5.38276 3.78099 35
      vertex 5.33148 3.56738 22.8
      vertex 5.33148 3.56738 35
    endloop
  endfacet
  facet normal 0.649437 -0.760415 0
    outer loop
      vertex 3.01005 4.98995 22.8
      vertex 3.1771 5.13262 35
      vertex 3.01005 4.98995 35
    endloop
  endfacet
  facet normal 0.649437 -0.760415 0
    outer loop
      vertex 3.1771 5.13262 35
      vertex 3.01005 4.98995 22.8
      vertex 3.1771 5.13262 22.8
    endloop
  endfacet
  facet normal 0.382672 -0.923884 0
    outer loop
      vertex 3.36441 5.24741 22.8
      vertex 3.56738 5.33148 35
      vertex 3.36441 5.24741 35
    endloop
  endfacet
  facet normal 0.382672 -0.923884 0
    outer loop
      vertex 3.56738 5.33148 35
      vertex 3.36441 5.24741 22.8
      vertex 3.56738 5.33148 22.8
    endloop
  endfacet
  facet normal -0.649437 -0.760415 0
    outer loop
      vertex 4.8229 5.13262 22.8
      vertex 4.98995 4.98995 35
      vertex 4.8229 5.13262 35
    endloop
  endfacet
  facet normal -0.649437 -0.760415 -0
    outer loop
      vertex 4.98995 4.98995 35
      vertex 4.8229 5.13262 22.8
      vertex 4.98995 4.98995 22.8
    endloop
  endfacet
  facet normal 0.852627 -0.522519 0
    outer loop
      vertex 2.75259 4.63559 35
      vertex 2.86738 4.8229 22.8
      vertex 2.86738 4.8229 35
    endloop
  endfacet
  facet normal 0.852627 -0.522519 0
    outer loop
      vertex 2.86738 4.8229 22.8
      vertex 2.75259 4.63559 35
      vertex 2.75259 4.63559 22.8
    endloop
  endfacet
  facet normal 0.923884 -0.382672 0
    outer loop
      vertex 2.66852 4.43262 35
      vertex 2.75259 4.63559 22.8
      vertex 2.75259 4.63559 35
    endloop
  endfacet
  facet normal 0.923884 -0.382672 0
    outer loop
      vertex 2.75259 4.63559 22.8
      vertex 2.66852 4.43262 35
      vertex 2.66852 4.43262 22.8
    endloop
  endfacet
  facet normal 0.233431 -0.972373 0
    outer loop
      vertex 3.56738 5.33148 22.8
      vertex 3.78099 5.38276 35
      vertex 3.56738 5.33148 35
    endloop
  endfacet
  facet normal 0.233431 -0.972373 0
    outer loop
      vertex 3.78099 5.38276 35
      vertex 3.56738 5.33148 22.8
      vertex 3.78099 5.38276 22.8
    endloop
  endfacet
  facet normal 0.0784751 -0.996916 0
    outer loop
      vertex 3.78099 5.38276 22.8
      vertex 4 5.4 35
      vertex 3.78099 5.38276 35
    endloop
  endfacet
  facet normal 0.0784751 -0.996916 0
    outer loop
      vertex 4 5.4 35
      vertex 3.78099 5.38276 22.8
      vertex 4 5.4 22.8
    endloop
  endfacet
  facet normal 0.649437 0.760415 -0
    outer loop
      vertex 3.1771 2.86738 22.8
      vertex 3.01005 3.01005 35
      vertex 3.1771 2.86738 35
    endloop
  endfacet
  facet normal 0.649437 0.760415 0
    outer loop
      vertex 3.01005 3.01005 35
      vertex 3.1771 2.86738 22.8
      vertex 3.01005 3.01005 22.8
    endloop
  endfacet
  facet normal 0.760415 0.649437 0
    outer loop
      vertex 3.01005 3.01005 35
      vertex 2.86738 3.1771 22.8
      vertex 2.86738 3.1771 35
    endloop
  endfacet
  facet normal 0.760415 0.649437 0
    outer loop
      vertex 2.86738 3.1771 22.8
      vertex 3.01005 3.01005 35
      vertex 3.01005 3.01005 22.8
    endloop
  endfacet
  facet normal -0.649437 0.760415 0
    outer loop
      vertex 4.98995 3.01005 22.8
      vertex 4.8229 2.86738 35
      vertex 4.98995 3.01005 35
    endloop
  endfacet
  facet normal -0.649437 0.760415 0
    outer loop
      vertex 4.8229 2.86738 35
      vertex 4.98995 3.01005 22.8
      vertex 4.8229 2.86738 22.8
    endloop
  endfacet
  facet normal -0.382672 -0.923884 0
    outer loop
      vertex 4.43262 5.33148 22.8
      vertex 4.63559 5.24741 35
      vertex 4.43262 5.33148 35
    endloop
  endfacet
  facet normal -0.382672 -0.923884 -0
    outer loop
      vertex 4.63559 5.24741 35
      vertex 4.43262 5.33148 22.8
      vertex 4.63559 5.24741 22.8
    endloop
  endfacet
  facet normal 0.972373 -0.233431 0
    outer loop
      vertex 2.61724 4.21901 35
      vertex 2.66852 4.43262 22.8
      vertex 2.66852 4.43262 35
    endloop
  endfacet
  facet normal 0.972373 -0.233431 0
    outer loop
      vertex 2.66852 4.43262 22.8
      vertex 2.61724 4.21901 35
      vertex 2.61724 4.21901 22.8
    endloop
  endfacet
  facet normal -0.233431 -0.972373 0
    outer loop
      vertex 4.21901 5.38276 22.8
      vertex 4.43262 5.33148 35
      vertex 4.21901 5.38276 35
    endloop
  endfacet
  facet normal -0.233431 -0.972373 -0
    outer loop
      vertex 4.43262 5.33148 35
      vertex 4.21901 5.38276 22.8
      vertex 4.43262 5.33148 22.8
    endloop
  endfacet
  facet normal -0.382672 0.923884 0
    outer loop
      vertex 4.63559 2.75259 22.8
      vertex 4.43262 2.66852 35
      vertex 4.63559 2.75259 35
    endloop
  endfacet
  facet normal -0.382672 0.923884 0
    outer loop
      vertex 4.43262 2.66852 35
      vertex 4.63559 2.75259 22.8
      vertex 4.43262 2.66852 22.8
    endloop
  endfacet
  facet normal -0.0784751 -0.996916 0
    outer loop
      vertex 4 5.4 22.8
      vertex 4.21901 5.38276 35
      vertex 4 5.4 35
    endloop
  endfacet
  facet normal -0.0784751 -0.996916 -0
    outer loop
      vertex 4.21901 5.38276 35
      vertex 4 5.4 22.8
      vertex 4.21901 5.38276 22.8
    endloop
  endfacet
  facet normal 0.0784751 0.996916 -0
    outer loop
      vertex 4 2.6 22.8
      vertex 3.78099 2.61724 35
      vertex 4 2.6 35
    endloop
  endfacet
  facet normal 0.0784751 0.996916 0
    outer loop
      vertex 3.78099 2.61724 35
      vertex 4 2.6 22.8
      vertex 3.78099 2.61724 22.8
    endloop
  endfacet
  facet normal 0 0 1
    outer loop
      vertex 5.38276 4.21901 22.8
      vertex 5.38276 3.78099 22.8
      vertex 5.4 4 22.8
    endloop
  endfacet
  facet normal 0 0 1
    outer loop
      vertex 5.33148 4.43262 22.8
      vertex 5.38276 3.78099 22.8
      vertex 5.38276 4.21901 22.8
    endloop
  endfacet
  facet normal 0 0 1
    outer loop
      vertex 5.33148 4.43262 22.8
      vertex 5.33148 3.56738 22.8
      vertex 5.38276 3.78099 22.8
    endloop
  endfacet
  facet normal 0 0 1
    outer loop
      vertex 5.24741 4.63559 22.8
      vertex 5.33148 3.56738 22.8
      vertex 5.33148 4.43262 22.8
    endloop
  endfacet
  facet normal 0 0 1
    outer loop
      vertex 5.24741 4.63559 22.8
      vertex 5.24741 3.36441 22.8
      vertex 5.33148 3.56738 22.8
    endloop
  endfacet
  facet normal 0 0 1
    outer loop
      vertex 5.13262 4.8229 22.8
      vertex 5.24741 3.36441 22.8
      vertex 5.24741 4.63559 22.8
    endloop
  endfacet
  facet normal 0 0 1
    outer loop
      vertex 5.13262 4.8229 22.8
      vertex 5.13262 3.1771 22.8
      vertex 5.24741 3.36441 22.8
    endloop
  endfacet
  facet normal 0 0 1
    outer loop
      vertex 4.98995 4.98995 22.8
      vertex 5.13262 3.1771 22.8
      vertex 5.13262 4.8229 22.8
    endloop
  endfacet
  facet normal 0 0 1
    outer loop
      vertex 4.98995 4.98995 22.8
      vertex 4.98995 3.01005 22.8
      vertex 5.13262 3.1771 22.8
    endloop
  endfacet
  facet normal 0 0 1
    outer loop
      vertex 4.8229 5.13262 22.8
      vertex 4.98995 3.01005 22.8
      vertex 4.98995 4.98995 22.8
    endloop
  endfacet
  facet normal 0 0 1
    outer loop
      vertex 4.8229 5.13262 22.8
      vertex 4.8229 2.86738 22.8
      vertex 4.98995 3.01005 22.8
    endloop
  endfacet
  facet normal 0 0 1
    outer loop
      vertex 4.63559 5.24741 22.8
      vertex 4.8229 2.86738 22.8
      vertex 4.8229 5.13262 22.8
    endloop
  endfacet
  facet normal 0 0 1
    outer loop
      vertex 4.63559 5.24741 22.8
      vertex 4.63559 2.75259 22.8
      vertex 4.8229 2.86738 22.8
    endloop
  endfacet
  facet normal 0 0 1
    outer loop
      vertex 4.43262 5.33148 22.8
      vertex 4.63559 2.75259 22.8
      vertex 4.63559 5.24741 22.8
    endloop
  endfacet
  facet normal 0 0 1
    outer loop
      vertex 4.43262 5.33148 22.8
      vertex 4.43262 2.66852 22.8
      vertex 4.63559 2.75259 22.8
    endloop
  endfacet
  facet normal 0 0 1
    outer loop
      vertex 4.21901 5.38276 22.8
      vertex 4.43262 2.66852 22.8
      vertex 4.43262 5.33148 22.8
    endloop
  endfacet
  facet normal 0 0 1
    outer loop
      vertex 4.21901 5.38276 22.8
      vertex 4.21901 2.61724 22.8
      vertex 4.43262 2.66852 22.8
    endloop
  endfacet
  facet normal 0 0 1
    outer loop
      vertex 4 5.4 22.8
      vertex 4.21901 2.61724 22.8
      vertex 4.21901 5.38276 22.8
    endloop
  endfacet
  facet normal 0 0 1
    outer loop
      vertex 4 5.4 22.8
      vertex 4 2.6 22.8
      vertex 4.21901 2.61724 22.8
    endloop
  endfacet
  facet normal -0 0 1
    outer loop
      vertex 3.78099 5.38276 22.8
      vertex 4 2.6 22.8
      vertex 4 5.4 22.8
    endloop
  endfacet
  facet normal 0 0 1
    outer loop
      vertex 3.78099 5.38276 22.8
      vertex 3.78099 2.61724 22.8
      vertex 4 2.6 22.8
    endloop
  endfacet
  facet normal -0 0 1
    outer loop
      vertex 3.56738 5.33148 22.8
      vertex 3.78099 2.61724 22.8
      vertex 3.78099 5.38276 22.8
    endloop
  endfacet
  facet normal 0 0 1
    outer loop
      vertex 3.56738 5.33148 22.8
      vertex 3.56738 2.66852 22.8
      vertex 3.78099 2.61724 22.8
    endloop
  endfacet
  facet normal -0 0 1
    outer loop
      vertex 3.36441 5.24741 22.8
      vertex 3.56738 2.66852 22.8
      vertex 3.56738 5.33148 22.8
    endloop
  endfacet
  facet normal 0 0 1
    outer loop
      vertex 3.36441 5.24741 22.8
      vertex 3.36441 2.75259 22.8
      vertex 3.56738 2.66852 22.8
    endloop
  endfacet
  facet normal -0 0 1
    outer loop
      vertex 3.1771 5.13262 22.8
      vertex 3.36441 2.75259 22.8
      vertex 3.36441 5.24741 22.8
    endloop
  endfacet
  facet normal 0 0 1
    outer loop
      vertex 3.1771 5.13262 22.8
      vertex 3.1771 2.86738 22.8
      vertex 3.36441 2.75259 22.8
    endloop
  endfacet
  facet normal -0 0 1
    outer loop
      vertex 3.01005 4.98995 22.8
      vertex 3.1771 2.86738 22.8
      vertex 3.1771 5.13262 22.8
    endloop
  endfacet
  facet normal 0 0 1
    outer loop
      vertex 3.01005 4.98995 22.8
      vertex 3.01005 3.01005 22.8
      vertex 3.1771 2.86738 22.8
    endloop
  endfacet
  facet normal -0 0 1
    outer loop
      vertex 2.86738 4.8229 22.8
      vertex 3.01005 3.01005 22.8
      vertex 3.01005 4.98995 22.8
    endloop
  endfacet
  facet normal 0 0 1
    outer loop
      vertex 2.86738 4.8229 22.8
      vertex 2.86738 3.1771 22.8
      vertex 3.01005 3.01005 22.8
    endloop
  endfacet
  facet normal -0 0 1
    outer loop
      vertex 2.75259 4.63559 22.8
      vertex 2.86738 3.1771 22.8
      vertex 2.86738 4.8229 22.8
    endloop
  endfacet
  facet normal 0 0 1
    outer loop
      vertex 2.75259 4.63559 22.8
      vertex 2.75259 3.36441 22.8
      vertex 2.86738 3.1771 22.8
    endloop
  endfacet
  facet normal -0 0 1
    outer loop
      vertex 2.66852 4.43262 22.8
      vertex 2.75259 3.36441 22.8
      vertex 2.75259 4.63559 22.8
    endloop
  endfacet
  facet normal 0 0 1
    outer loop
      vertex 2.66852 4.43262 22.8
      vertex 2.66852 3.56738 22.8
      vertex 2.75259 3.36441 22.8
    endloop
  endfacet
  facet normal -0 0 1
    outer loop
      vertex 2.61724 4.21901 22.8
      vertex 2.66852 3.56738 22.8
      vertex 2.66852 4.43262 22.8
    endloop
  endfacet
  facet normal 0 0 1
    outer loop
      vertex 2.61724 4.21901 22.8
      vertex 2.61724 3.78099 22.8
      vertex 2.66852 3.56738 22.8
    endloop
  endfacet
  facet normal 0 -0 1
    outer loop
      vertex 2.61724 3.78099 22.8
      vertex 2.61724 4.21901 22.8
      vertex 2.6 4 22.8
    endloop
  endfacet
  facet normal 0.522519 0.852627 -0
    outer loop
      vertex 3.36441 2.75259 22.8
      vertex 3.1771 2.86738 35
      vertex 3.36441 2.75259 35
    endloop
  endfacet
  facet normal 0.522519 0.852627 0
    outer loop
      vertex 3.1771 2.86738 35
      vertex 3.36441 2.75259 22.8
      vertex 3.1771 2.86738 22.8
    endloop
  endfacet
  facet normal -0.923992 0.382412 0
    outer loop
      vertex 151.147 4.92705 10.6
      vertex 151.327 5.36197 35
      vertex 151.327 5.36197 10.6
    endloop
  endfacet
  facet normal -0.923992 0.382412 0
    outer loop
      vertex 151.327 5.36197 35
      vertex 151.147 4.92705 10.6
      vertex 151.147 4.92705 35
    endloop
  endfacet
  facet normal -0.923992 0.382412 0
    outer loop
      vertex 151.147 4.92705 2.5
      vertex 151.327 5.36197 7.5
      vertex 151.327 5.36197 2.5
    endloop
  endfacet
  facet normal -0.923992 0.382412 0
    outer loop
      vertex 151.327 5.36197 7.5
      vertex 151.147 4.92705 2.5
      vertex 151.147 4.92705 7.5
    endloop
  endfacet
  facet normal -0.382624 0.923904 0
    outer loop
      vertex 153.073 6.85317 10.6
      vertex 152.638 6.67302 35
      vertex 153.073 6.85317 35
    endloop
  endfacet
  facet normal -0.382624 0.923904 0
    outer loop
      vertex 152.638 6.67302 35
      vertex 153.073 6.85317 10.6
      vertex 152.638 6.67302 10.6
    endloop
  endfacet
  facet normal -0.382624 0.923904 0
    outer loop
      vertex 153.073 6.85317 2.5
      vertex 152.638 6.67302 7.5
      vertex 153.073 6.85317 7.5
    endloop
  endfacet
  facet normal -0.382624 0.923904 0
    outer loop
      vertex 152.638 6.67302 7.5
      vertex 153.073 6.85317 2.5
      vertex 152.638 6.67302 2.5
    endloop
  endfacet
  facet normal -0.522865 0.852416 0
    outer loop
      vertex 152.638 6.67302 10.6
      vertex 152.237 6.42705 35
      vertex 152.638 6.67302 35
    endloop
  endfacet
  facet normal -0.522865 0.852416 0
    outer loop
      vertex 152.237 6.42705 35
      vertex 152.638 6.67302 10.6
      vertex 152.237 6.42705 10.6
    endloop
  endfacet
  facet normal -0.522865 0.852416 0
    outer loop
      vertex 152.638 6.67302 2.5
      vertex 152.237 6.42705 7.5
      vertex 152.638 6.67302 7.5
    endloop
  endfacet
  facet normal -0.522865 0.852416 0
    outer loop
      vertex 152.237 6.42705 7.5
      vertex 152.638 6.67302 2.5
      vertex 152.237 6.42705 2.5
    endloop
  endfacet
  facet normal -0.233313 0.972402 0
    outer loop
      vertex 153.531 6.96306 10.6
      vertex 153.073 6.85317 35
      vertex 153.531 6.96306 35
    endloop
  endfacet
  facet normal -0.233313 0.972402 0
    outer loop
      vertex 153.073 6.85317 35
      vertex 153.531 6.96306 10.6
      vertex 153.073 6.85317 10.6
    endloop
  endfacet
  facet normal -0.233313 0.972402 0
    outer loop
      vertex 153.531 6.96306 2.5
      vertex 153.073 6.85317 7.5
      vertex 153.531 6.96306 7.5
    endloop
  endfacet
  facet normal -0.233313 0.972402 0
    outer loop
      vertex 153.073 6.85317 7.5
      vertex 153.531 6.96306 2.5
      vertex 153.073 6.85317 2.5
    endloop
  endfacet
  facet normal -0.923992 -0.382412 0
    outer loop
      vertex 151.327 2.63803 2.5
      vertex 151.147 3.07295 35
      vertex 151.147 3.07295 2.5
    endloop
  endfacet
  facet normal -0.923992 -0.382412 0
    outer loop
      vertex 151.147 3.07295 35
      vertex 151.327 2.63803 2.5
      vertex 151.327 2.63803 35
    endloop
  endfacet
  facet normal -0.0785201 0.996913 0
    outer loop
      vertex 154 7 10.6
      vertex 153.531 6.96306 35
      vertex 154 7 35
    endloop
  endfacet
  facet normal -0.0785201 0.996913 0
    outer loop
      vertex 153.531 6.96306 35
      vertex 154 7 10.6
      vertex 153.531 6.96306 10.6
    endloop
  endfacet
  facet normal -0.0785201 0.996913 0
    outer loop
      vertex 154 7 2.5
      vertex 153.531 6.96306 7.5
      vertex 154 7 7.5
    endloop
  endfacet
  facet normal -0.0785201 0.996913 0
    outer loop
      vertex 153.531 6.96306 7.5
      vertex 154 7 2.5
      vertex 153.531 6.96306 2.5
    endloop
  endfacet
  facet normal -0.64941 0.760438 0
    outer loop
      vertex 152.237 6.42705 10.6
      vertex 151.879 6.12132 35
      vertex 152.237 6.42705 35
    endloop
  endfacet
  facet normal -0.64941 0.760438 0
    outer loop
      vertex 151.879 6.12132 35
      vertex 152.237 6.42705 10.6
      vertex 151.879 6.12132 10.6
    endloop
  endfacet
  facet normal -0.64941 0.760438 0
    outer loop
      vertex 152.237 6.42705 2.5
      vertex 151.879 6.12132 7.5
      vertex 152.237 6.42705 7.5
    endloop
  endfacet
  facet normal -0.64941 0.760438 0
    outer loop
      vertex 151.879 6.12132 7.5
      vertex 152.237 6.42705 2.5
      vertex 151.879 6.12132 2.5
    endloop
  endfacet
  facet normal -0.760119 0.649784 0
    outer loop
      vertex 151.573 5.76336 10.6
      vertex 151.879 6.12132 35
      vertex 151.879 6.12132 10.6
    endloop
  endfacet
  facet normal -0.760119 0.649784 0
    outer loop
      vertex 151.879 6.12132 35
      vertex 151.573 5.76336 10.6
      vertex 151.573 5.76336 35
    endloop
  endfacet
  facet normal -0.760119 0.649784 0
    outer loop
      vertex 151.573 5.76336 2.5
      vertex 151.879 6.12132 7.5
      vertex 151.879 6.12132 2.5
    endloop
  endfacet
  facet normal -0.760119 0.649784 0
    outer loop
      vertex 151.879 6.12132 7.5
      vertex 151.573 5.76336 2.5
      vertex 151.573 5.76336 7.5
    endloop
  endfacet
  facet normal 0.0785201 0.996913 -0
    outer loop
      vertex 154.469 6.96306 10.6
      vertex 154 7 35
      vertex 154.469 6.96306 35
    endloop
  endfacet
  facet normal 0.0785201 0.996913 0
    outer loop
      vertex 154 7 35
      vertex 154.469 6.96306 10.6
      vertex 154 7 10.6
    endloop
  endfacet
  facet normal 0.0785201 0.996913 -0
    outer loop
      vertex 154.469 6.96306 2.5
      vertex 154 7 7.5
      vertex 154.469 6.96306 7.5
    endloop
  endfacet
  facet normal 0.0785201 0.996913 0
    outer loop
      vertex 154 7 7.5
      vertex 154.469 6.96306 2.5
      vertex 154 7 2.5
    endloop
  endfacet
  facet normal 0.382624 0.923904 -0
    outer loop
      vertex 155.362 6.67302 2.5
      vertex 154.927 6.85317 35
      vertex 155.362 6.67302 35
    endloop
  endfacet
  facet normal 0.382624 0.923904 0
    outer loop
      vertex 154.927 6.85317 35
      vertex 155.362 6.67302 2.5
      vertex 154.927 6.85317 2.5
    endloop
  endfacet
  facet normal -0.97232 0.233654 0
    outer loop
      vertex 151.037 4.4693 10.6
      vertex 151.147 4.92705 35
      vertex 151.147 4.92705 10.6
    endloop
  endfacet
  facet normal -0.97232 0.233654 0
    outer loop
      vertex 151.147 4.92705 35
      vertex 151.037 4.4693 10.6
      vertex 151.037 4.4693 35
    endloop
  endfacet
  facet normal -0.97232 0.233654 0
    outer loop
      vertex 151.037 4.4693 2.5
      vertex 151.147 4.92705 7.5
      vertex 151.147 4.92705 2.5
    endloop
  endfacet
  facet normal -0.97232 0.233654 0
    outer loop
      vertex 151.147 4.92705 7.5
      vertex 151.037 4.4693 2.5
      vertex 151.037 4.4693 7.5
    endloop
  endfacet
  facet normal -0.974977 -0.222307 0
    outer loop
      vertex 151.037 3.5307 2.5
      vertex 151.044 3.5 7.5
      vertex 151.037 3.5307 7.5
    endloop
  endfacet
  facet normal -0.972124 -0.234466 0
    outer loop
      vertex 151.044 3.5 7.5
      vertex 151.147 3.07295 2.5
      vertex 151.044 3.5 10.6
    endloop
  endfacet
  facet normal -0.97232 -0.233654 -7.33886e-05
    outer loop
      vertex 151.147 3.07295 2.5
      vertex 151.044 3.5 7.5
      vertex 151.037 3.5307 2.5
    endloop
  endfacet
  facet normal -0.974977 -0.222307 0
    outer loop
      vertex 151.044 3.5 10.6
      vertex 151.037 3.5307 35
      vertex 151.037 3.5307 10.6
    endloop
  endfacet
  facet normal -0.972124 -0.234466 -0
    outer loop
      vertex 151.147 3.07295 35
      vertex 151.044 3.5 10.6
      vertex 151.147 3.07295 2.5
    endloop
  endfacet
  facet normal -0.97232 -0.233654 1.50387e-05
    outer loop
      vertex 151.044 3.5 10.6
      vertex 151.147 3.07295 35
      vertex 151.037 3.5307 35
    endloop
  endfacet
  facet normal 0.522559 0.852603 -0
    outer loop
      vertex 155.5 6.58844 2.5
      vertex 155.362 6.67302 35
      vertex 155.5 6.58844 35
    endloop
  endfacet
  facet normal 0.522559 0.852603 0
    outer loop
      vertex 155.362 6.67302 35
      vertex 155.5 6.58844 2.5
      vertex 155.362 6.67302 2.5
    endloop
  endfacet
  facet normal -0.851497 -0.524359 0
    outer loop
      vertex 151.412 2.5 2.5
      vertex 151.327 2.63803 35
      vertex 151.327 2.63803 2.5
    endloop
  endfacet
  facet normal -0.851497 -0.524359 0
    outer loop
      vertex 151.327 2.63803 35
      vertex 151.412 2.5 2.5
      vertex 151.412 2.5 35
    endloop
  endfacet
  facet normal -0.996906 -0.0785969 0
    outer loop
      vertex 151.037 3.5307 10.6
      vertex 151 4 35
      vertex 151 4 10.6
    endloop
  endfacet
  facet normal -0.996906 -0.0785969 0
    outer loop
      vertex 151 4 35
      vertex 151.037 3.5307 10.6
      vertex 151.037 3.5307 35
    endloop
  endfacet
  facet normal -0.996906 -0.0785969 0
    outer loop
      vertex 151.037 3.5307 2.5
      vertex 151 4 7.5
      vertex 151 4 2.5
    endloop
  endfacet
  facet normal -0.996906 -0.0785969 0
    outer loop
      vertex 151 4 7.5
      vertex 151.037 3.5307 2.5
      vertex 151.037 3.5307 7.5
    endloop
  endfacet
  facet normal 0.233313 0.972402 2.70875e-06
    outer loop
      vertex 154.927 6.85317 35
      vertex 154.5 6.95569 10.6
      vertex 154.469 6.96306 35
    endloop
  endfacet
  facet normal 0.233459 0.972367 -0
    outer loop
      vertex 154.927 6.85317 2.5
      vertex 154.5 6.95569 10.6
      vertex 154.927 6.85317 35
    endloop
  endfacet
  facet normal 0.233459 0.972367 0
    outer loop
      vertex 154.5 6.95569 10.6
      vertex 154.927 6.85317 2.5
      vertex 154.5 6.95569 7.5
    endloop
  endfacet
  facet normal 0.233313 0.972402 -1.32187e-05
    outer loop
      vertex 154.469 6.96306 2.5
      vertex 154.5 6.95569 7.5
      vertex 154.927 6.85317 2.5
    endloop
  endfacet
  facet normal 0.231295 0.972884 0
    outer loop
      vertex 154.5 6.95569 7.5
      vertex 154.469 6.96306 2.5
      vertex 154.469 6.96306 7.5
    endloop
  endfacet
  facet normal 0.231295 0.972884 0
    outer loop
      vertex 154.469 6.96306 35
      vertex 154.5 6.95569 10.6
      vertex 154.469 6.96306 10.6
    endloop
  endfacet
  facet normal 0 0 1
    outer loop
      vertex 155.5 6.58844 35
      vertex 155.4 4 35
      vertex 155.5 2.5 35
    endloop
  endfacet
  facet normal 0 0 1
    outer loop
      vertex 155.5 6.58844 35
      vertex 155.383 4.21901 35
      vertex 155.4 4 35
    endloop
  endfacet
  facet normal 0 0 1
    outer loop
      vertex 154.636 5.24741 35
      vertex 155.5 6.58844 35
      vertex 155.362 6.67302 35
    endloop
  endfacet
  facet normal 0 0 1
    outer loop
      vertex 155.5 6.58844 35
      vertex 155.331 4.43262 35
      vertex 155.383 4.21901 35
    endloop
  endfacet
  facet normal 0 0 1
    outer loop
      vertex 155.5 6.58844 35
      vertex 155.247 4.63559 35
      vertex 155.331 4.43262 35
    endloop
  endfacet
  facet normal 0 0 1
    outer loop
      vertex 155.5 6.58844 35
      vertex 155.133 4.8229 35
      vertex 155.247 4.63559 35
    endloop
  endfacet
  facet normal 0 0 1
    outer loop
      vertex 155.5 6.58844 35
      vertex 154.99 4.98995 35
      vertex 155.133 4.8229 35
    endloop
  endfacet
  facet normal 0 0 1
    outer loop
      vertex 154.636 5.24741 35
      vertex 155.362 6.67302 35
      vertex 154.927 6.85317 35
    endloop
  endfacet
  facet normal 0 0 1
    outer loop
      vertex 155.5 6.58844 35
      vertex 154.823 5.13262 35
      vertex 154.99 4.98995 35
    endloop
  endfacet
  facet normal 0 0 1
    outer loop
      vertex 155.5 6.58844 35
      vertex 154.636 5.24741 35
      vertex 154.823 5.13262 35
    endloop
  endfacet
  facet normal 0 0 1
    outer loop
      vertex 154.433 5.33148 35
      vertex 154.927 6.85317 35
      vertex 154.469 6.96306 35
    endloop
  endfacet
  facet normal 0 0 1
    outer loop
      vertex 154.927 6.85317 35
      vertex 154.433 5.33148 35
      vertex 154.636 5.24741 35
    endloop
  endfacet
  facet normal 0 0 1
    outer loop
      vertex 154.469 6.96306 35
      vertex 154.219 5.38276 35
      vertex 154.433 5.33148 35
    endloop
  endfacet
  facet normal 0 0 1
    outer loop
      vertex 154 7 35
      vertex 154.219 5.38276 35
      vertex 154.469 6.96306 35
    endloop
  endfacet
  facet normal 0 0 1
    outer loop
      vertex 154 7 35
      vertex 154 5.4 35
      vertex 154.219 5.38276 35
    endloop
  endfacet
  facet normal 0 0 1
    outer loop
      vertex 154 7 35
      vertex 153.781 5.38276 35
      vertex 154 5.4 35
    endloop
  endfacet
  facet normal -0 0 1
    outer loop
      vertex 153.531 6.96306 35
      vertex 153.781 5.38276 35
      vertex 154 7 35
    endloop
  endfacet
  facet normal 0 0 1
    outer loop
      vertex 153.781 5.38276 35
      vertex 153.531 6.96306 35
      vertex 153.567 5.33148 35
    endloop
  endfacet
  facet normal -0 0 1
    outer loop
      vertex 153.073 6.85317 35
      vertex 153.567 5.33148 35
      vertex 153.531 6.96306 35
    endloop
  endfacet
  facet normal 0 0 1
    outer loop
      vertex 153.567 5.33148 35
      vertex 153.073 6.85317 35
      vertex 153.364 5.24741 35
    endloop
  endfacet
  facet normal -0 0 1
    outer loop
      vertex 152.638 6.67302 35
      vertex 153.364 5.24741 35
      vertex 153.073 6.85317 35
    endloop
  endfacet
  facet normal 0 0 1
    outer loop
      vertex 153.364 5.24741 35
      vertex 152.638 6.67302 35
      vertex 153.177 5.13262 35
    endloop
  endfacet
  facet normal -0 0 1
    outer loop
      vertex 152.237 6.42705 35
      vertex 153.177 5.13262 35
      vertex 152.638 6.67302 35
    endloop
  endfacet
  facet normal 0 0 1
    outer loop
      vertex 153.177 5.13262 35
      vertex 152.237 6.42705 35
      vertex 153.01 4.98995 35
    endloop
  endfacet
  facet normal -0 0 1
    outer loop
      vertex 151.879 6.12132 35
      vertex 153.01 4.98995 35
      vertex 152.237 6.42705 35
    endloop
  endfacet
  facet normal 0 0 1
    outer loop
      vertex 153.01 4.98995 35
      vertex 151.879 6.12132 35
      vertex 152.867 4.8229 35
    endloop
  endfacet
  facet normal -0 0 1
    outer loop
      vertex 151.573 5.76336 35
      vertex 152.867 4.8229 35
      vertex 151.879 6.12132 35
    endloop
  endfacet
  facet normal 0 0 1
    outer loop
      vertex 152.867 4.8229 35
      vertex 151.573 5.76336 35
      vertex 152.753 4.63559 35
    endloop
  endfacet
  facet normal -0 0 1
    outer loop
      vertex 151.327 5.36197 35
      vertex 152.753 4.63559 35
      vertex 151.573 5.76336 35
    endloop
  endfacet
  facet normal -0 0 1
    outer loop
      vertex 155.383 3.78099 35
      vertex 155.5 2.5 35
      vertex 155.4 4 35
    endloop
  endfacet
  facet normal -0 0 1
    outer loop
      vertex 155.331 3.56738 35
      vertex 155.5 2.5 35
      vertex 155.383 3.78099 35
    endloop
  endfacet
  facet normal -0 0 1
    outer loop
      vertex 155.247 3.36441 35
      vertex 155.5 2.5 35
      vertex 155.331 3.56738 35
    endloop
  endfacet
  facet normal -0 0 1
    outer loop
      vertex 155.133 3.1771 35
      vertex 155.5 2.5 35
      vertex 155.247 3.36441 35
    endloop
  endfacet
  facet normal -0 0 1
    outer loop
      vertex 154.99 3.01005 35
      vertex 155.5 2.5 35
      vertex 155.133 3.1771 35
    endloop
  endfacet
  facet normal -0 0 1
    outer loop
      vertex 154.823 2.86738 35
      vertex 155.5 2.5 35
      vertex 154.99 3.01005 35
    endloop
  endfacet
  facet normal -0 0 1
    outer loop
      vertex 154.636 2.75259 35
      vertex 155.5 2.5 35
      vertex 154.823 2.86738 35
    endloop
  endfacet
  facet normal -0 0 1
    outer loop
      vertex 154.433 2.66852 35
      vertex 155.5 2.5 35
      vertex 154.636 2.75259 35
    endloop
  endfacet
  facet normal -0 0 1
    outer loop
      vertex 154.219 2.61724 35
      vertex 155.5 2.5 35
      vertex 154.433 2.66852 35
    endloop
  endfacet
  facet normal -0 0 1
    outer loop
      vertex 154 2.6 35
      vertex 155.5 2.5 35
      vertex 154.219 2.61724 35
    endloop
  endfacet
  facet normal 0 0 1
    outer loop
      vertex 152.753 4.63559 35
      vertex 151.327 5.36197 35
      vertex 152.669 4.43262 35
    endloop
  endfacet
  facet normal -0 0 1
    outer loop
      vertex 151.147 4.92705 35
      vertex 152.669 4.43262 35
      vertex 151.327 5.36197 35
    endloop
  endfacet
  facet normal 0 0 1
    outer loop
      vertex 152.669 4.43262 35
      vertex 151.147 4.92705 35
      vertex 152.617 4.21901 35
    endloop
  endfacet
  facet normal -0 0 1
    outer loop
      vertex 151.037 4.4693 35
      vertex 152.617 4.21901 35
      vertex 151.147 4.92705 35
    endloop
  endfacet
  facet normal 0 0 1
    outer loop
      vertex 152.617 4.21901 35
      vertex 151.037 4.4693 35
      vertex 152.6 4 35
    endloop
  endfacet
  facet normal 0 0 1
    outer loop
      vertex 154 2.6 35
      vertex 151.412 2.5 35
      vertex 155.5 2.5 35
    endloop
  endfacet
  facet normal 0 0 1
    outer loop
      vertex 153.781 2.61724 35
      vertex 151.412 2.5 35
      vertex 154 2.6 35
    endloop
  endfacet
  facet normal 0 0 1
    outer loop
      vertex 153.567 2.66852 35
      vertex 151.412 2.5 35
      vertex 153.781 2.61724 35
    endloop
  endfacet
  facet normal 0 0 1
    outer loop
      vertex 153.364 2.75259 35
      vertex 151.412 2.5 35
      vertex 153.567 2.66852 35
    endloop
  endfacet
  facet normal 0 0 1
    outer loop
      vertex 153.177 2.86738 35
      vertex 151.412 2.5 35
      vertex 153.364 2.75259 35
    endloop
  endfacet
  facet normal 0 0 1
    outer loop
      vertex 153.01 3.01005 35
      vertex 151.412 2.5 35
      vertex 153.177 2.86738 35
    endloop
  endfacet
  facet normal 0 0 1
    outer loop
      vertex 152.867 3.1771 35
      vertex 151.412 2.5 35
      vertex 153.01 3.01005 35
    endloop
  endfacet
  facet normal 0 0 1
    outer loop
      vertex 152.753 3.36441 35
      vertex 151.412 2.5 35
      vertex 152.867 3.1771 35
    endloop
  endfacet
  facet normal 0 0 1
    outer loop
      vertex 151 4 35
      vertex 152.6 4 35
      vertex 151.037 4.4693 35
    endloop
  endfacet
  facet normal 0 0 1
    outer loop
      vertex 152.6 4 35
      vertex 151 4 35
      vertex 152.617 3.78099 35
    endloop
  endfacet
  facet normal 0 -0 1
    outer loop
      vertex 151.037 3.5307 35
      vertex 152.617 3.78099 35
      vertex 151 4 35
    endloop
  endfacet
  facet normal 0 0 1
    outer loop
      vertex 152.617 3.78099 35
      vertex 151.037 3.5307 35
      vertex 152.669 3.56738 35
    endloop
  endfacet
  facet normal 0 0 1
    outer loop
      vertex 152.753 3.36441 35
      vertex 151.327 2.63803 35
      vertex 151.412 2.5 35
    endloop
  endfacet
  facet normal 0 -0 1
    outer loop
      vertex 151.327 2.63803 35
      vertex 152.753 3.36441 35
      vertex 151.147 3.07295 35
    endloop
  endfacet
  facet normal 0 0 1
    outer loop
      vertex 152.669 3.56738 35
      vertex 151.147 3.07295 35
      vertex 152.753 3.36441 35
    endloop
  endfacet
  facet normal 0 -0 1
    outer loop
      vertex 151.147 3.07295 35
      vertex 152.669 3.56738 35
      vertex 151.037 3.5307 35
    endloop
  endfacet
  facet normal -0.996906 0.0785969 0
    outer loop
      vertex 151 4 10.6
      vertex 151.037 4.4693 35
      vertex 151.037 4.4693 10.6
    endloop
  endfacet
  facet normal -0.996906 0.0785969 0
    outer loop
      vertex 151.037 4.4693 35
      vertex 151 4 10.6
      vertex 151 4 35
    endloop
  endfacet
  facet normal -0.996906 0.0785969 0
    outer loop
      vertex 151 4 2.5
      vertex 151.037 4.4693 7.5
      vertex 151.037 4.4693 2.5
    endloop
  endfacet
  facet normal -0.996906 0.0785969 0
    outer loop
      vertex 151.037 4.4693 7.5
      vertex 151 4 2.5
      vertex 151 4 7.5
    endloop
  endfacet
  facet normal -0.852614 0.522542 0
    outer loop
      vertex 151.327 5.36197 10.6
      vertex 151.573 5.76336 35
      vertex 151.573 5.76336 10.6
    endloop
  endfacet
  facet normal -0.852614 0.522542 0
    outer loop
      vertex 151.573 5.76336 35
      vertex 151.327 5.36197 10.6
      vertex 151.327 5.36197 35
    endloop
  endfacet
  facet normal -0.852614 0.522542 0
    outer loop
      vertex 151.327 5.36197 2.5
      vertex 151.573 5.76336 7.5
      vertex 151.573 5.76336 2.5
    endloop
  endfacet
  facet normal -0.852614 0.522542 0
    outer loop
      vertex 151.573 5.76336 7.5
      vertex 151.327 5.36197 2.5
      vertex 151.327 5.36197 7.5
    endloop
  endfacet
  facet normal -0.0784787 0.996916 0
    outer loop
      vertex 154.219 2.61724 22.8
      vertex 154 2.6 35
      vertex 154.219 2.61724 35
    endloop
  endfacet
  facet normal -0.0784787 0.996916 0
    outer loop
      vertex 154 2.6 35
      vertex 154.219 2.61724 22.8
      vertex 154 2.6 22.8
    endloop
  endfacet
  facet normal -0.971625 -0.236527 0
    outer loop
      vertex 155.383 4.21901 22.8
      vertex 155.331 4.43262 35
      vertex 155.331 4.43262 22.8
    endloop
  endfacet
  facet normal -0.971625 -0.236527 0
    outer loop
      vertex 155.331 4.43262 35
      vertex 155.383 4.21901 22.8
      vertex 155.383 4.21901 35
    endloop
  endfacet
  facet normal -0.997001 -0.0773892 0
    outer loop
      vertex 155.4 4 22.8
      vertex 155.383 4.21901 35
      vertex 155.383 4.21901 22.8
    endloop
  endfacet
  facet normal -0.997001 -0.0773892 0
    outer loop
      vertex 155.383 4.21901 35
      vertex 155.4 4 22.8
      vertex 155.4 4 35
    endloop
  endfacet
  facet normal -0.923997 -0.3824 0
    outer loop
      vertex 155.331 4.43262 22.8
      vertex 155.247 4.63559 35
      vertex 155.247 4.63559 22.8
    endloop
  endfacet
  facet normal -0.923997 -0.3824 0
    outer loop
      vertex 155.247 4.63559 35
      vertex 155.331 4.43262 22.8
      vertex 155.331 4.43262 35
    endloop
  endfacet
  facet normal -0.523149 0.852241 0
    outer loop
      vertex 154.823 2.86738 22.8
      vertex 154.636 2.75259 35
      vertex 154.823 2.86738 35
    endloop
  endfacet
  facet normal -0.523149 0.852241 0
    outer loop
      vertex 154.636 2.75259 35
      vertex 154.823 2.86738 22.8
      vertex 154.636 2.75259 22.8
    endloop
  endfacet
  facet normal -0.854228 -0.519898 0
    outer loop
      vertex 155.247 4.63559 22.8
      vertex 155.133 4.8229 35
      vertex 155.133 4.8229 22.8
    endloop
  endfacet
  facet normal -0.854228 -0.519898 0
    outer loop
      vertex 155.133 4.8229 35
      vertex 155.247 4.63559 22.8
      vertex 155.247 4.63559 35
    endloop
  endfacet
  facet normal -0.759674 -0.650304 0
    outer loop
      vertex 155.133 4.8229 22.8
      vertex 154.99 4.98995 35
      vertex 154.99 4.98995 22.8
    endloop
  endfacet
  facet normal -0.759674 -0.650304 0
    outer loop
      vertex 154.99 4.98995 35
      vertex 155.133 4.8229 22.8
      vertex 155.133 4.8229 35
    endloop
  endfacet
  facet normal 0.997001 -0.0773892 0
    outer loop
      vertex 152.6 4 35
      vertex 152.617 4.21901 22.8
      vertex 152.617 4.21901 35
    endloop
  endfacet
  facet normal 0.997001 -0.0773892 0
    outer loop
      vertex 152.617 4.21901 22.8
      vertex 152.6 4 35
      vertex 152.6 4 22.8
    endloop
  endfacet
  facet normal -0.233029 0.97247 0
    outer loop
      vertex 154.433 2.66852 22.8
      vertex 154.219 2.61724 35
      vertex 154.433 2.66852 35
    endloop
  endfacet
  facet normal -0.233029 0.97247 0
    outer loop
      vertex 154.219 2.61724 35
      vertex 154.433 2.66852 22.8
      vertex 154.219 2.61724 22.8
    endloop
  endfacet
  facet normal 0.854228 0.519898 0
    outer loop
      vertex 152.867 3.1771 35
      vertex 152.753 3.36441 22.8
      vertex 152.753 3.36441 35
    endloop
  endfacet
  facet normal 0.854228 0.519898 0
    outer loop
      vertex 152.753 3.36441 22.8
      vertex 152.867 3.1771 35
      vertex 152.867 3.1771 22.8
    endloop
  endfacet
  facet normal 0.923997 0.3824 0
    outer loop
      vertex 152.753 3.36441 35
      vertex 152.669 3.56738 22.8
      vertex 152.669 3.56738 35
    endloop
  endfacet
  facet normal 0.923997 0.3824 0
    outer loop
      vertex 152.669 3.56738 22.8
      vertex 152.753 3.36441 35
      vertex 152.753 3.36441 22.8
    endloop
  endfacet
  facet normal -0.523149 -0.852241 0
    outer loop
      vertex 154.636 5.24741 22.8
      vertex 154.823 5.13262 35
      vertex 154.636 5.24741 35
    endloop
  endfacet
  facet normal -0.523149 -0.852241 -0
    outer loop
      vertex 154.823 5.13262 35
      vertex 154.636 5.24741 22.8
      vertex 154.823 5.13262 22.8
    endloop
  endfacet
  facet normal -0.923997 0.3824 0
    outer loop
      vertex 155.247 3.36441 22.8
      vertex 155.331 3.56738 35
      vertex 155.331 3.56738 22.8
    endloop
  endfacet
  facet normal -0.923997 0.3824 0
    outer loop
      vertex 155.331 3.56738 35
      vertex 155.247 3.36441 22.8
      vertex 155.247 3.36441 35
    endloop
  endfacet
  facet normal 0.523149 -0.852241 0
    outer loop
      vertex 153.177 5.13262 22.8
      vertex 153.364 5.24741 35
      vertex 153.177 5.13262 35
    endloop
  endfacet
  facet normal 0.523149 -0.852241 0
    outer loop
      vertex 153.364 5.24741 35
      vertex 153.177 5.13262 22.8
      vertex 153.364 5.24741 22.8
    endloop
  endfacet
  facet normal 0.759674 -0.650304 0
    outer loop
      vertex 152.867 4.8229 35
      vertex 153.01 4.98995 22.8
      vertex 153.01 4.98995 35
    endloop
  endfacet
  facet normal 0.759674 -0.650304 0
    outer loop
      vertex 153.01 4.98995 22.8
      vertex 152.867 4.8229 35
      vertex 152.867 4.8229 22.8
    endloop
  endfacet
  facet normal 0.997001 0.0773892 0
    outer loop
      vertex 152.617 3.78099 35
      vertex 152.6 4 22.8
      vertex 152.6 4 35
    endloop
  endfacet
  facet normal 0.997001 0.0773892 0
    outer loop
      vertex 152.6 4 22.8
      vertex 152.617 3.78099 35
      vertex 152.617 3.78099 22.8
    endloop
  endfacet
  facet normal -0.759674 0.650304 0
    outer loop
      vertex 154.99 3.01005 22.8
      vertex 155.133 3.1771 35
      vertex 155.133 3.1771 22.8
    endloop
  endfacet
  facet normal -0.759674 0.650304 0
    outer loop
      vertex 155.133 3.1771 35
      vertex 154.99 3.01005 22.8
      vertex 154.99 3.01005 35
    endloop
  endfacet
  facet normal -0.854228 0.519898 0
    outer loop
      vertex 155.133 3.1771 22.8
      vertex 155.247 3.36441 35
      vertex 155.247 3.36441 22.8
    endloop
  endfacet
  facet normal -0.854228 0.519898 0
    outer loop
      vertex 155.247 3.36441 35
      vertex 155.133 3.1771 22.8
      vertex 155.133 3.1771 35
    endloop
  endfacet
  facet normal 0.233029 0.97247 -0
    outer loop
      vertex 153.781 2.61724 22.8
      vertex 153.567 2.66852 35
      vertex 153.781 2.61724 35
    endloop
  endfacet
  facet normal 0.233029 0.97247 0
    outer loop
      vertex 153.567 2.66852 35
      vertex 153.781 2.61724 22.8
      vertex 153.567 2.66852 22.8
    endloop
  endfacet
  facet normal 0.971625 0.236527 0
    outer loop
      vertex 152.669 3.56738 35
      vertex 152.617 3.78099 22.8
      vertex 152.617 3.78099 35
    endloop
  endfacet
  facet normal 0.971625 0.236527 0
    outer loop
      vertex 152.617 3.78099 22.8
      vertex 152.669 3.56738 35
      vertex 152.669 3.56738 22.8
    endloop
  endfacet
  facet normal 0.382624 0.923904 -0
    outer loop
      vertex 153.567 2.66852 22.8
      vertex 153.364 2.75259 35
      vertex 153.567 2.66852 35
    endloop
  endfacet
  facet normal 0.382624 0.923904 0
    outer loop
      vertex 153.364 2.75259 35
      vertex 153.567 2.66852 22.8
      vertex 153.364 2.75259 22.8
    endloop
  endfacet
  facet normal -0.997001 0.0773892 0
    outer loop
      vertex 155.383 3.78099 22.8
      vertex 155.4 4 35
      vertex 155.4 4 22.8
    endloop
  endfacet
  facet normal -0.997001 0.0773892 0
    outer loop
      vertex 155.4 4 35
      vertex 155.383 3.78099 22.8
      vertex 155.383 3.78099 35
    endloop
  endfacet
  facet normal -0.971625 0.236527 0
    outer loop
      vertex 155.331 3.56738 22.8
      vertex 155.383 3.78099 35
      vertex 155.383 3.78099 22.8
    endloop
  endfacet
  facet normal -0.971625 0.236527 0
    outer loop
      vertex 155.383 3.78099 35
      vertex 155.331 3.56738 22.8
      vertex 155.331 3.56738 35
    endloop
  endfacet
  facet normal 0.649549 -0.760319 0
    outer loop
      vertex 153.01 4.98995 22.8
      vertex 153.177 5.13262 35
      vertex 153.01 4.98995 35
    endloop
  endfacet
  facet normal 0.649549 -0.760319 0
    outer loop
      vertex 153.177 5.13262 35
      vertex 153.01 4.98995 22.8
      vertex 153.177 5.13262 22.8
    endloop
  endfacet
  facet normal 0.382624 -0.923904 0
    outer loop
      vertex 153.364 5.24741 22.8
      vertex 153.567 5.33148 35
      vertex 153.364 5.24741 35
    endloop
  endfacet
  facet normal 0.382624 -0.923904 0
    outer loop
      vertex 153.567 5.33148 35
      vertex 153.364 5.24741 22.8
      vertex 153.567 5.33148 22.8
    endloop
  endfacet
  facet normal -0.649549 -0.760319 0
    outer loop
      vertex 154.823 5.13262 22.8
      vertex 154.99 4.98995 35
      vertex 154.823 5.13262 35
    endloop
  endfacet
  facet normal -0.649549 -0.760319 -0
    outer loop
      vertex 154.99 4.98995 35
      vertex 154.823 5.13262 22.8
      vertex 154.99 4.98995 22.8
    endloop
  endfacet
  facet normal 0.854228 -0.519898 0
    outer loop
      vertex 152.753 4.63559 35
      vertex 152.867 4.8229 22.8
      vertex 152.867 4.8229 35
    endloop
  endfacet
  facet normal 0.854228 -0.519898 0
    outer loop
      vertex 152.867 4.8229 22.8
      vertex 152.753 4.63559 35
      vertex 152.753 4.63559 22.8
    endloop
  endfacet
  facet normal 0.923997 -0.3824 0
    outer loop
      vertex 152.669 4.43262 35
      vertex 152.753 4.63559 22.8
      vertex 152.753 4.63559 35
    endloop
  endfacet
  facet normal 0.923997 -0.3824 0
    outer loop
      vertex 152.753 4.63559 22.8
      vertex 152.669 4.43262 35
      vertex 152.669 4.43262 22.8
    endloop
  endfacet
  facet normal 0.233029 -0.97247 0
    outer loop
      vertex 153.567 5.33148 22.8
      vertex 153.781 5.38276 35
      vertex 153.567 5.33148 35
    endloop
  endfacet
  facet normal 0.233029 -0.97247 0
    outer loop
      vertex 153.781 5.38276 35
      vertex 153.567 5.33148 22.8
      vertex 153.781 5.38276 22.8
    endloop
  endfacet
  facet normal 0.0784787 -0.996916 0
    outer loop
      vertex 153.781 5.38276 22.8
      vertex 154 5.4 35
      vertex 153.781 5.38276 35
    endloop
  endfacet
  facet normal 0.0784787 -0.996916 0
    outer loop
      vertex 154 5.4 35
      vertex 153.781 5.38276 22.8
      vertex 154 5.4 22.8
    endloop
  endfacet
  facet normal 0.649549 0.760319 -0
    outer loop
      vertex 153.177 2.86738 22.8
      vertex 153.01 3.01005 35
      vertex 153.177 2.86738 35
    endloop
  endfacet
  facet normal 0.649549 0.760319 0
    outer loop
      vertex 153.01 3.01005 35
      vertex 153.177 2.86738 22.8
      vertex 153.01 3.01005 22.8
    endloop
  endfacet
  facet normal 0.759674 0.650304 0
    outer loop
      vertex 153.01 3.01005 35
      vertex 152.867 3.1771 22.8
      vertex 152.867 3.1771 35
    endloop
  endfacet
  facet normal 0.759674 0.650304 0
    outer loop
      vertex 152.867 3.1771 22.8
      vertex 153.01 3.01005 35
      vertex 153.01 3.01005 22.8
    endloop
  endfacet
  facet normal -0.649549 0.760319 0
    outer loop
      vertex 154.99 3.01005 22.8
      vertex 154.823 2.86738 35
      vertex 154.99 3.01005 35
    endloop
  endfacet
  facet normal -0.649549 0.760319 0
    outer loop
      vertex 154.823 2.86738 35
      vertex 154.99 3.01005 22.8
      vertex 154.823 2.86738 22.8
    endloop
  endfacet
  facet normal -0.382624 -0.923904 0
    outer loop
      vertex 154.433 5.33148 22.8
      vertex 154.636 5.24741 35
      vertex 154.433 5.33148 35
    endloop
  endfacet
  facet normal -0.382624 -0.923904 -0
    outer loop
      vertex 154.636 5.24741 35
      vertex 154.433 5.33148 22.8
      vertex 154.636 5.24741 22.8
    endloop
  endfacet
  facet normal 0.971625 -0.236527 0
    outer loop
      vertex 152.617 4.21901 35
      vertex 152.669 4.43262 22.8
      vertex 152.669 4.43262 35
    endloop
  endfacet
  facet normal 0.971625 -0.236527 0
    outer loop
      vertex 152.669 4.43262 22.8
      vertex 152.617 4.21901 35
      vertex 152.617 4.21901 22.8
    endloop
  endfacet
  facet normal -0.233029 -0.97247 0
    outer loop
      vertex 154.219 5.38276 22.8
      vertex 154.433 5.33148 35
      vertex 154.219 5.38276 35
    endloop
  endfacet
  facet normal -0.233029 -0.97247 -0
    outer loop
      vertex 154.433 5.33148 35
      vertex 154.219 5.38276 22.8
      vertex 154.433 5.33148 22.8
    endloop
  endfacet
  facet normal -0.382624 0.923904 0
    outer loop
      vertex 154.636 2.75259 22.8
      vertex 154.433 2.66852 35
      vertex 154.636 2.75259 35
    endloop
  endfacet
  facet normal -0.382624 0.923904 0
    outer loop
      vertex 154.433 2.66852 35
      vertex 154.636 2.75259 22.8
      vertex 154.433 2.66852 22.8
    endloop
  endfacet
  facet normal -0.0784787 -0.996916 0
    outer loop
      vertex 154 5.4 22.8
      vertex 154.219 5.38276 35
      vertex 154 5.4 35
    endloop
  endfacet
  facet normal -0.0784787 -0.996916 -0
    outer loop
      vertex 154.219 5.38276 35
      vertex 154 5.4 22.8
      vertex 154.219 5.38276 22.8
    endloop
  endfacet
  facet normal 0.0784787 0.996916 -0
    outer loop
      vertex 154 2.6 22.8
      vertex 153.781 2.61724 35
      vertex 154 2.6 35
    endloop
  endfacet
  facet normal 0.0784787 0.996916 0
    outer loop
      vertex 153.781 2.61724 35
      vertex 154 2.6 22.8
      vertex 153.781 2.61724 22.8
    endloop
  endfacet
  facet normal 0 0 1
    outer loop
      vertex 155.383 4.21901 22.8
      vertex 155.383 3.78099 22.8
      vertex 155.4 4 22.8
    endloop
  endfacet
  facet normal 0 0 1
    outer loop
      vertex 155.331 4.43262 22.8
      vertex 155.383 3.78099 22.8
      vertex 155.383 4.21901 22.8
    endloop
  endfacet
  facet normal 0 0 1
    outer loop
      vertex 155.331 4.43262 22.8
      vertex 155.331 3.56738 22.8
      vertex 155.383 3.78099 22.8
    endloop
  endfacet
  facet normal 0 0 1
    outer loop
      vertex 155.247 4.63559 22.8
      vertex 155.331 3.56738 22.8
      vertex 155.331 4.43262 22.8
    endloop
  endfacet
  facet normal 0 0 1
    outer loop
      vertex 155.247 4.63559 22.8
      vertex 155.247 3.36441 22.8
      vertex 155.331 3.56738 22.8
    endloop
  endfacet
  facet normal 0 0 1
    outer loop
      vertex 155.133 4.8229 22.8
      vertex 155.247 3.36441 22.8
      vertex 155.247 4.63559 22.8
    endloop
  endfacet
  facet normal 0 0 1
    outer loop
      vertex 155.133 4.8229 22.8
      vertex 155.133 3.1771 22.8
      vertex 155.247 3.36441 22.8
    endloop
  endfacet
  facet normal 0 0 1
    outer loop
      vertex 154.99 4.98995 22.8
      vertex 155.133 3.1771 22.8
      vertex 155.133 4.8229 22.8
    endloop
  endfacet
  facet normal 0 0 1
    outer loop
      vertex 154.99 4.98995 22.8
      vertex 154.99 3.01005 22.8
      vertex 155.133 3.1771 22.8
    endloop
  endfacet
  facet normal 0 0 1
    outer loop
      vertex 154.823 5.13262 22.8
      vertex 154.99 3.01005 22.8
      vertex 154.99 4.98995 22.8
    endloop
  endfacet
  facet normal 0 0 1
    outer loop
      vertex 154.823 5.13262 22.8
      vertex 154.823 2.86738 22.8
      vertex 154.99 3.01005 22.8
    endloop
  endfacet
  facet normal 0 0 1
    outer loop
      vertex 154.636 5.24741 22.8
      vertex 154.823 2.86738 22.8
      vertex 154.823 5.13262 22.8
    endloop
  endfacet
  facet normal 0 0 1
    outer loop
      vertex 154.636 5.24741 22.8
      vertex 154.636 2.75259 22.8
      vertex 154.823 2.86738 22.8
    endloop
  endfacet
  facet normal 0 0 1
    outer loop
      vertex 154.433 5.33148 22.8
      vertex 154.636 2.75259 22.8
      vertex 154.636 5.24741 22.8
    endloop
  endfacet
  facet normal 0 0 1
    outer loop
      vertex 154.433 5.33148 22.8
      vertex 154.433 2.66852 22.8
      vertex 154.636 2.75259 22.8
    endloop
  endfacet
  facet normal 0 0 1
    outer loop
      vertex 154.219 5.38276 22.8
      vertex 154.433 2.66852 22.8
      vertex 154.433 5.33148 22.8
    endloop
  endfacet
  facet normal 0 0 1
    outer loop
      vertex 154.219 5.38276 22.8
      vertex 154.219 2.61724 22.8
      vertex 154.433 2.66852 22.8
    endloop
  endfacet
  facet normal 0 0 1
    outer loop
      vertex 154 5.4 22.8
      vertex 154.219 2.61724 22.8
      vertex 154.219 5.38276 22.8
    endloop
  endfacet
  facet normal 0 0 1
    outer loop
      vertex 154 5.4 22.8
      vertex 154 2.6 22.8
      vertex 154.219 2.61724 22.8
    endloop
  endfacet
  facet normal -0 0 1
    outer loop
      vertex 153.781 5.38276 22.8
      vertex 154 2.6 22.8
      vertex 154 5.4 22.8
    endloop
  endfacet
  facet normal 0 0 1
    outer loop
      vertex 153.781 5.38276 22.8
      vertex 153.781 2.61724 22.8
      vertex 154 2.6 22.8
    endloop
  endfacet
  facet normal -0 0 1
    outer loop
      vertex 153.567 5.33148 22.8
      vertex 153.781 2.61724 22.8
      vertex 153.781 5.38276 22.8
    endloop
  endfacet
  facet normal 0 0 1
    outer loop
      vertex 153.567 5.33148 22.8
      vertex 153.567 2.66852 22.8
      vertex 153.781 2.61724 22.8
    endloop
  endfacet
  facet normal -0 0 1
    outer loop
      vertex 153.364 5.24741 22.8
      vertex 153.567 2.66852 22.8
      vertex 153.567 5.33148 22.8
    endloop
  endfacet
  facet normal 0 0 1
    outer loop
      vertex 153.364 5.24741 22.8
      vertex 153.364 2.75259 22.8
      vertex 153.567 2.66852 22.8
    endloop
  endfacet
  facet normal -0 0 1
    outer loop
      vertex 153.177 5.13262 22.8
      vertex 153.364 2.75259 22.8
      vertex 153.364 5.24741 22.8
    endloop
  endfacet
  facet normal 0 0 1
    outer loop
      vertex 153.177 5.13262 22.8
      vertex 153.177 2.86738 22.8
      vertex 153.364 2.75259 22.8
    endloop
  endfacet
  facet normal -0 0 1
    outer loop
      vertex 153.01 4.98995 22.8
      vertex 153.177 2.86738 22.8
      vertex 153.177 5.13262 22.8
    endloop
  endfacet
  facet normal 0 0 1
    outer loop
      vertex 153.01 4.98995 22.8
      vertex 153.01 3.01005 22.8
      vertex 153.177 2.86738 22.8
    endloop
  endfacet
  facet normal -0 0 1
    outer loop
      vertex 152.867 4.8229 22.8
      vertex 153.01 3.01005 22.8
      vertex 153.01 4.98995 22.8
    endloop
  endfacet
  facet normal 0 0 1
    outer loop
      vertex 152.867 4.8229 22.8
      vertex 152.867 3.1771 22.8
      vertex 153.01 3.01005 22.8
    endloop
  endfacet
  facet normal -0 0 1
    outer loop
      vertex 152.753 4.63559 22.8
      vertex 152.867 3.1771 22.8
      vertex 152.867 4.8229 22.8
    endloop
  endfacet
  facet normal 0 0 1
    outer loop
      vertex 152.753 4.63559 22.8
      vertex 152.753 3.36441 22.8
      vertex 152.867 3.1771 22.8
    endloop
  endfacet
  facet normal -0 0 1
    outer loop
      vertex 152.669 4.43262 22.8
      vertex 152.753 3.36441 22.8
      vertex 152.753 4.63559 22.8
    endloop
  endfacet
  facet normal 0 0 1
    outer loop
      vertex 152.669 4.43262 22.8
      vertex 152.669 3.56738 22.8
      vertex 152.753 3.36441 22.8
    endloop
  endfacet
  facet normal -0 0 1
    outer loop
      vertex 152.617 4.21901 22.8
      vertex 152.669 3.56738 22.8
      vertex 152.669 4.43262 22.8
    endloop
  endfacet
  facet normal 0 0 1
    outer loop
      vertex 152.617 4.21901 22.8
      vertex 152.617 3.78099 22.8
      vertex 152.669 3.56738 22.8
    endloop
  endfacet
  facet normal 0 -0 1
    outer loop
      vertex 152.617 3.78099 22.8
      vertex 152.617 4.21901 22.8
      vertex 152.6 4 22.8
    endloop
  endfacet
  facet normal 0.523149 0.852241 -0
    outer loop
      vertex 153.364 2.75259 22.8
      vertex 153.177 2.86738 35
      vertex 153.364 2.75259 35
    endloop
  endfacet
  facet normal 0.523149 0.852241 0
    outer loop
      vertex 153.177 2.86738 35
      vertex 153.364 2.75259 22.8
      vertex 153.177 2.86738 22.8
    endloop
  endfacet
  facet normal 0.972367 0.233459 0
    outer loop
      vertex 6.85317 114.927 35
      vertex 6.95569 114.5 10.6
      vertex 6.85317 114.927 2.5
    endloop
  endfacet
  facet normal 0.972402 0.233313 2.70875e-06
    outer loop
      vertex 6.96306 114.469 35
      vertex 6.95569 114.5 10.6
      vertex 6.85317 114.927 35
    endloop
  endfacet
  facet normal 0.972884 0.231295 0
    outer loop
      vertex 6.95569 114.5 10.6
      vertex 6.96306 114.469 35
      vertex 6.96306 114.469 10.6
    endloop
  endfacet
  facet normal 0.972367 0.233459 -0
    outer loop
      vertex 6.95569 114.5 7.5
      vertex 6.85317 114.927 2.5
      vertex 6.95569 114.5 10.6
    endloop
  endfacet
  facet normal 0.972884 0.231295 -0
    outer loop
      vertex 6.96306 114.469 2.5
      vertex 6.95569 114.5 7.5
      vertex 6.96306 114.469 7.5
    endloop
  endfacet
  facet normal 0.972402 0.233313 -1.32187e-05
    outer loop
      vertex 6.95569 114.5 7.5
      vertex 6.96306 114.469 2.5
      vertex 6.85317 114.927 2.5
    endloop
  endfacet
  facet normal 0.996913 0.0785201 0
    outer loop
      vertex 7 114 35
      vertex 6.96306 114.469 10.6
      vertex 6.96306 114.469 35
    endloop
  endfacet
  facet normal 0.996913 0.0785201 0
    outer loop
      vertex 6.96306 114.469 10.6
      vertex 7 114 35
      vertex 7 114 10.6
    endloop
  endfacet
  facet normal 0.996913 0.0785201 0
    outer loop
      vertex 7 114 7.5
      vertex 6.96306 114.469 2.5
      vertex 6.96306 114.469 7.5
    endloop
  endfacet
  facet normal 0.996913 0.0785201 0
    outer loop
      vertex 6.96306 114.469 2.5
      vertex 7 114 7.5
      vertex 7 114 2.5
    endloop
  endfacet
  facet normal 0.923904 0.382624 0
    outer loop
      vertex 6.85317 114.927 35
      vertex 6.67302 115.362 2.5
      vertex 6.67302 115.362 35
    endloop
  endfacet
  facet normal 0.923904 0.382624 0
    outer loop
      vertex 6.67302 115.362 2.5
      vertex 6.85317 114.927 35
      vertex 6.85317 114.927 2.5
    endloop
  endfacet
  facet normal 0.522542 -0.852614 0
    outer loop
      vertex 5.36197 111.327 10.6
      vertex 5.76336 111.573 35
      vertex 5.36197 111.327 35
    endloop
  endfacet
  facet normal 0.522542 -0.852614 0
    outer loop
      vertex 5.76336 111.573 35
      vertex 5.36197 111.327 10.6
      vertex 5.76336 111.573 10.6
    endloop
  endfacet
  facet normal 0.522542 -0.852614 0
    outer loop
      vertex 5.36197 111.327 2.5
      vertex 5.76336 111.573 7.5
      vertex 5.36197 111.327 7.5
    endloop
  endfacet
  facet normal 0.522542 -0.852614 0
    outer loop
      vertex 5.76336 111.573 7.5
      vertex 5.36197 111.327 2.5
      vertex 5.76336 111.573 2.5
    endloop
  endfacet
  facet normal 0.972402 -0.233313 0
    outer loop
      vertex 6.85317 113.073 35
      vertex 6.96306 113.531 10.6
      vertex 6.96306 113.531 35
    endloop
  endfacet
  facet normal 0.972402 -0.233313 0
    outer loop
      vertex 6.96306 113.531 10.6
      vertex 6.85317 113.073 35
      vertex 6.85317 113.073 10.6
    endloop
  endfacet
  facet normal 0.972402 -0.233313 0
    outer loop
      vertex 6.85317 113.073 7.5
      vertex 6.96306 113.531 2.5
      vertex 6.96306 113.531 7.5
    endloop
  endfacet
  facet normal 0.972402 -0.233313 0
    outer loop
      vertex 6.96306 113.531 2.5
      vertex 6.85317 113.073 7.5
      vertex 6.85317 113.073 2.5
    endloop
  endfacet
  facet normal 0.382412 -0.923992 0
    outer loop
      vertex 4.92705 111.147 10.6
      vertex 5.36197 111.327 35
      vertex 4.92705 111.147 35
    endloop
  endfacet
  facet normal 0.382412 -0.923992 0
    outer loop
      vertex 5.36197 111.327 35
      vertex 4.92705 111.147 10.6
      vertex 5.36197 111.327 10.6
    endloop
  endfacet
  facet normal 0.382412 -0.923992 0
    outer loop
      vertex 4.92705 111.147 2.5
      vertex 5.36197 111.327 7.5
      vertex 4.92705 111.147 7.5
    endloop
  endfacet
  facet normal 0.382412 -0.923992 0
    outer loop
      vertex 5.36197 111.327 7.5
      vertex 4.92705 111.147 2.5
      vertex 5.36197 111.327 2.5
    endloop
  endfacet
  facet normal -0.233654 -0.97232 1.50387e-05
    outer loop
      vertex 3.07295 111.147 35
      vertex 3.5 111.044 10.6
      vertex 3.5307 111.037 35
    endloop
  endfacet
  facet normal -0.234466 -0.972124 0
    outer loop
      vertex 3.07295 111.147 2.5
      vertex 3.5 111.044 10.6
      vertex 3.07295 111.147 35
    endloop
  endfacet
  facet normal -0.234466 -0.972124 -0
    outer loop
      vertex 3.5 111.044 10.6
      vertex 3.07295 111.147 2.5
      vertex 3.5 111.044 7.5
    endloop
  endfacet
  facet normal -0.233654 -0.97232 -7.33886e-05
    outer loop
      vertex 3.5307 111.037 2.5
      vertex 3.5 111.044 7.5
      vertex 3.07295 111.147 2.5
    endloop
  endfacet
  facet normal -0.222307 -0.974977 0
    outer loop
      vertex 3.5 111.044 7.5
      vertex 3.5307 111.037 2.5
      vertex 3.5307 111.037 7.5
    endloop
  endfacet
  facet normal -0.222307 -0.974977 -0
    outer loop
      vertex 3.5307 111.037 35
      vertex 3.5 111.044 10.6
      vertex 3.5307 111.037 10.6
    endloop
  endfacet
  facet normal 0.923904 -0.382624 0
    outer loop
      vertex 6.67302 112.638 35
      vertex 6.85317 113.073 10.6
      vertex 6.85317 113.073 35
    endloop
  endfacet
  facet normal 0.923904 -0.382624 0
    outer loop
      vertex 6.85317 113.073 10.6
      vertex 6.67302 112.638 35
      vertex 6.67302 112.638 10.6
    endloop
  endfacet
  facet normal 0.923904 -0.382624 0
    outer loop
      vertex 6.67302 112.638 7.5
      vertex 6.85317 113.073 2.5
      vertex 6.85317 113.073 7.5
    endloop
  endfacet
  facet normal 0.923904 -0.382624 0
    outer loop
      vertex 6.85317 113.073 2.5
      vertex 6.67302 112.638 7.5
      vertex 6.67302 112.638 2.5
    endloop
  endfacet
  facet normal 0.0785969 -0.996906 0
    outer loop
      vertex 4 111 10.6
      vertex 4.4693 111.037 35
      vertex 4 111 35
    endloop
  endfacet
  facet normal 0.0785969 -0.996906 0
    outer loop
      vertex 4.4693 111.037 35
      vertex 4 111 10.6
      vertex 4.4693 111.037 10.6
    endloop
  endfacet
  facet normal 0.0785969 -0.996906 0
    outer loop
      vertex 4 111 2.5
      vertex 4.4693 111.037 7.5
      vertex 4 111 7.5
    endloop
  endfacet
  facet normal 0.0785969 -0.996906 0
    outer loop
      vertex 4.4693 111.037 7.5
      vertex 4 111 2.5
      vertex 4.4693 111.037 2.5
    endloop
  endfacet
  facet normal 0.852416 -0.522865 0
    outer loop
      vertex 6.42705 112.237 35
      vertex 6.67302 112.638 10.6
      vertex 6.67302 112.638 35
    endloop
  endfacet
  facet normal 0.852416 -0.522865 0
    outer loop
      vertex 6.67302 112.638 10.6
      vertex 6.42705 112.237 35
      vertex 6.42705 112.237 10.6
    endloop
  endfacet
  facet normal 0.852416 -0.522865 0
    outer loop
      vertex 6.42705 112.237 7.5
      vertex 6.67302 112.638 2.5
      vertex 6.67302 112.638 7.5
    endloop
  endfacet
  facet normal 0.852416 -0.522865 0
    outer loop
      vertex 6.67302 112.638 2.5
      vertex 6.42705 112.237 7.5
      vertex 6.42705 112.237 2.5
    endloop
  endfacet
  facet normal 0.852603 0.522559 0
    outer loop
      vertex 6.67302 115.362 35
      vertex 6.58844 115.5 2.5
      vertex 6.58844 115.5 35
    endloop
  endfacet
  facet normal 0.852603 0.522559 0
    outer loop
      vertex 6.58844 115.5 2.5
      vertex 6.67302 115.362 35
      vertex 6.67302 115.362 2.5
    endloop
  endfacet
  facet normal 0.233654 -0.97232 0
    outer loop
      vertex 4.4693 111.037 10.6
      vertex 4.92705 111.147 35
      vertex 4.4693 111.037 35
    endloop
  endfacet
  facet normal 0.233654 -0.97232 0
    outer loop
      vertex 4.92705 111.147 35
      vertex 4.4693 111.037 10.6
      vertex 4.92705 111.147 10.6
    endloop
  endfacet
  facet normal 0.233654 -0.97232 0
    outer loop
      vertex 4.4693 111.037 2.5
      vertex 4.92705 111.147 7.5
      vertex 4.4693 111.037 7.5
    endloop
  endfacet
  facet normal 0.233654 -0.97232 0
    outer loop
      vertex 4.92705 111.147 7.5
      vertex 4.4693 111.037 2.5
      vertex 4.92705 111.147 2.5
    endloop
  endfacet
  facet normal 0.996913 -0.0785201 0
    outer loop
      vertex 6.96306 113.531 35
      vertex 7 114 10.6
      vertex 7 114 35
    endloop
  endfacet
  facet normal 0.996913 -0.0785201 0
    outer loop
      vertex 7 114 10.6
      vertex 6.96306 113.531 35
      vertex 6.96306 113.531 10.6
    endloop
  endfacet
  facet normal 0.996913 -0.0785201 0
    outer loop
      vertex 6.96306 113.531 7.5
      vertex 7 114 2.5
      vertex 7 114 7.5
    endloop
  endfacet
  facet normal 0.996913 -0.0785201 0
    outer loop
      vertex 7 114 2.5
      vertex 6.96306 113.531 7.5
      vertex 6.96306 113.531 2.5
    endloop
  endfacet
  facet normal 0.760438 -0.64941 0
    outer loop
      vertex 6.12132 111.879 35
      vertex 6.42705 112.237 10.6
      vertex 6.42705 112.237 35
    endloop
  endfacet
  facet normal 0.760438 -0.64941 0
    outer loop
      vertex 6.42705 112.237 10.6
      vertex 6.12132 111.879 35
      vertex 6.12132 111.879 10.6
    endloop
  endfacet
  facet normal 0.760438 -0.64941 0
    outer loop
      vertex 6.12132 111.879 7.5
      vertex 6.42705 112.237 2.5
      vertex 6.42705 112.237 7.5
    endloop
  endfacet
  facet normal 0.760438 -0.64941 0
    outer loop
      vertex 6.42705 112.237 2.5
      vertex 6.12132 111.879 7.5
      vertex 6.12132 111.879 2.5
    endloop
  endfacet
  facet normal -0.0785969 -0.996906 0
    outer loop
      vertex 3.5307 111.037 10.6
      vertex 4 111 35
      vertex 3.5307 111.037 35
    endloop
  endfacet
  facet normal -0.0785969 -0.996906 -0
    outer loop
      vertex 4 111 35
      vertex 3.5307 111.037 10.6
      vertex 4 111 10.6
    endloop
  endfacet
  facet normal -0.0785969 -0.996906 0
    outer loop
      vertex 3.5307 111.037 2.5
      vertex 4 111 7.5
      vertex 3.5307 111.037 7.5
    endloop
  endfacet
  facet normal -0.0785969 -0.996906 -0
    outer loop
      vertex 4 111 7.5
      vertex 3.5307 111.037 2.5
      vertex 4 111 2.5
    endloop
  endfacet
  facet normal -0.524359 -0.851497 0
    outer loop
      vertex 2.5 111.412 2.5
      vertex 2.63803 111.327 35
      vertex 2.5 111.412 35
    endloop
  endfacet
  facet normal -0.524359 -0.851497 -0
    outer loop
      vertex 2.63803 111.327 35
      vertex 2.5 111.412 2.5
      vertex 2.63803 111.327 2.5
    endloop
  endfacet
  facet normal 0 0 1
    outer loop
      vertex 5.4 114 35
      vertex 7 114 35
      vertex 6.96306 114.469 35
    endloop
  endfacet
  facet normal 0 0 1
    outer loop
      vertex 5.38276 114.219 35
      vertex 6.96306 114.469 35
      vertex 6.85317 114.927 35
    endloop
  endfacet
  facet normal 0 0 1
    outer loop
      vertex 7 114 35
      vertex 5.4 114 35
      vertex 6.96306 113.531 35
    endloop
  endfacet
  facet normal 0 0 1
    outer loop
      vertex 5.33148 114.433 35
      vertex 6.85317 114.927 35
      vertex 6.67302 115.362 35
    endloop
  endfacet
  facet normal -0 0 1
    outer loop
      vertex 5.38276 113.781 35
      vertex 6.96306 113.531 35
      vertex 5.4 114 35
    endloop
  endfacet
  facet normal 0 0 1
    outer loop
      vertex 5.24741 114.636 35
      vertex 6.67302 115.362 35
      vertex 6.58844 115.5 35
    endloop
  endfacet
  facet normal 0 0 1
    outer loop
      vertex 6.96306 113.531 35
      vertex 5.38276 113.781 35
      vertex 6.85317 113.073 35
    endloop
  endfacet
  facet normal -0 0 1
    outer loop
      vertex 5.33148 113.567 35
      vertex 6.85317 113.073 35
      vertex 5.38276 113.781 35
    endloop
  endfacet
  facet normal -0 0 1
    outer loop
      vertex 5.24741 113.364 35
      vertex 6.67302 112.638 35
      vertex 5.33148 113.567 35
    endloop
  endfacet
  facet normal 0 0 1
    outer loop
      vertex 6.85317 113.073 35
      vertex 5.33148 113.567 35
      vertex 6.67302 112.638 35
    endloop
  endfacet
  facet normal 0 0 1
    outer loop
      vertex 6.96306 114.469 35
      vertex 5.38276 114.219 35
      vertex 5.4 114 35
    endloop
  endfacet
  facet normal 0 0 1
    outer loop
      vertex 6.85317 114.927 35
      vertex 5.33148 114.433 35
      vertex 5.38276 114.219 35
    endloop
  endfacet
  facet normal 0 0 1
    outer loop
      vertex 6.67302 115.362 35
      vertex 5.24741 114.636 35
      vertex 5.33148 114.433 35
    endloop
  endfacet
  facet normal 0 0 1
    outer loop
      vertex 6.58844 115.5 35
      vertex 5.13262 114.823 35
      vertex 5.24741 114.636 35
    endloop
  endfacet
  facet normal 0 0 1
    outer loop
      vertex 6.58844 115.5 35
      vertex 4.98995 114.99 35
      vertex 5.13262 114.823 35
    endloop
  endfacet
  facet normal 0 0 1
    outer loop
      vertex 6.58844 115.5 35
      vertex 4.8229 115.133 35
      vertex 4.98995 114.99 35
    endloop
  endfacet
  facet normal 0 0 1
    outer loop
      vertex 6.58844 115.5 35
      vertex 4.63559 115.247 35
      vertex 4.8229 115.133 35
    endloop
  endfacet
  facet normal 0 0 1
    outer loop
      vertex 6.58844 115.5 35
      vertex 4.43262 115.331 35
      vertex 4.63559 115.247 35
    endloop
  endfacet
  facet normal 0 0 1
    outer loop
      vertex 6.58844 115.5 35
      vertex 4.21901 115.383 35
      vertex 4.43262 115.331 35
    endloop
  endfacet
  facet normal 0 0 1
    outer loop
      vertex 6.58844 115.5 35
      vertex 4 115.4 35
      vertex 4.21901 115.383 35
    endloop
  endfacet
  facet normal 0 0 1
    outer loop
      vertex 2.61724 114.219 35
      vertex 2.5 115.5 35
      vertex 2.6 114 35
    endloop
  endfacet
  facet normal 0 0 1
    outer loop
      vertex 2.66852 114.433 35
      vertex 2.5 115.5 35
      vertex 2.61724 114.219 35
    endloop
  endfacet
  facet normal 0 0 1
    outer loop
      vertex 2.75259 114.636 35
      vertex 2.5 115.5 35
      vertex 2.66852 114.433 35
    endloop
  endfacet
  facet normal 0 0 1
    outer loop
      vertex 2.86738 114.823 35
      vertex 2.5 115.5 35
      vertex 2.75259 114.636 35
    endloop
  endfacet
  facet normal 0 0 1
    outer loop
      vertex 3.01005 114.99 35
      vertex 2.5 115.5 35
      vertex 2.86738 114.823 35
    endloop
  endfacet
  facet normal 0 0 1
    outer loop
      vertex 3.1771 115.133 35
      vertex 2.5 115.5 35
      vertex 3.01005 114.99 35
    endloop
  endfacet
  facet normal 0 0 1
    outer loop
      vertex 3.36441 115.247 35
      vertex 2.5 115.5 35
      vertex 3.1771 115.133 35
    endloop
  endfacet
  facet normal 0 0 1
    outer loop
      vertex 3.56738 115.331 35
      vertex 2.5 115.5 35
      vertex 3.36441 115.247 35
    endloop
  endfacet
  facet normal 0 0 1
    outer loop
      vertex 3.78099 115.383 35
      vertex 2.5 115.5 35
      vertex 3.56738 115.331 35
    endloop
  endfacet
  facet normal 0 0 1
    outer loop
      vertex 4 115.4 35
      vertex 2.5 115.5 35
      vertex 3.78099 115.383 35
    endloop
  endfacet
  facet normal -0 0 1
    outer loop
      vertex 2.5 115.5 35
      vertex 4 115.4 35
      vertex 6.58844 115.5 35
    endloop
  endfacet
  facet normal 0 0 1
    outer loop
      vertex 6.67302 112.638 35
      vertex 5.24741 113.364 35
      vertex 6.42705 112.237 35
    endloop
  endfacet
  facet normal -0 0 1
    outer loop
      vertex 5.13262 113.177 35
      vertex 6.42705 112.237 35
      vertex 5.24741 113.364 35
    endloop
  endfacet
  facet normal 0 0 1
    outer loop
      vertex 6.42705 112.237 35
      vertex 5.13262 113.177 35
      vertex 6.12132 111.879 35
    endloop
  endfacet
  facet normal -0 0 1
    outer loop
      vertex 4.98995 113.01 35
      vertex 6.12132 111.879 35
      vertex 5.13262 113.177 35
    endloop
  endfacet
  facet normal 0 0 1
    outer loop
      vertex 6.12132 111.879 35
      vertex 4.98995 113.01 35
      vertex 5.76336 111.573 35
    endloop
  endfacet
  facet normal -0 0 1
    outer loop
      vertex 4.8229 112.867 35
      vertex 5.76336 111.573 35
      vertex 4.98995 113.01 35
    endloop
  endfacet
  facet normal 0 0 1
    outer loop
      vertex 5.76336 111.573 35
      vertex 4.8229 112.867 35
      vertex 5.36197 111.327 35
    endloop
  endfacet
  facet normal -0 0 1
    outer loop
      vertex 4.63559 112.753 35
      vertex 5.36197 111.327 35
      vertex 4.8229 112.867 35
    endloop
  endfacet
  facet normal 0 0 1
    outer loop
      vertex 5.36197 111.327 35
      vertex 4.63559 112.753 35
      vertex 4.92705 111.147 35
    endloop
  endfacet
  facet normal -0 0 1
    outer loop
      vertex 4.43262 112.669 35
      vertex 4.92705 111.147 35
      vertex 4.63559 112.753 35
    endloop
  endfacet
  facet normal 0 0 1
    outer loop
      vertex 4.92705 111.147 35
      vertex 4.43262 112.669 35
      vertex 4.4693 111.037 35
    endloop
  endfacet
  facet normal -0 0 1
    outer loop
      vertex 4.21901 112.617 35
      vertex 4.4693 111.037 35
      vertex 4.43262 112.669 35
    endloop
  endfacet
  facet normal -0 0 1
    outer loop
      vertex 4 112.6 35
      vertex 4.4693 111.037 35
      vertex 4.21901 112.617 35
    endloop
  endfacet
  facet normal 0 0 1
    outer loop
      vertex 4 112.6 35
      vertex 4 111 35
      vertex 4.4693 111.037 35
    endloop
  endfacet
  facet normal 0 0 1
    outer loop
      vertex 3.78099 112.617 35
      vertex 4 111 35
      vertex 4 112.6 35
    endloop
  endfacet
  facet normal 0 0 1
    outer loop
      vertex 3.5307 111.037 35
      vertex 3.78099 112.617 35
      vertex 3.56738 112.669 35
    endloop
  endfacet
  facet normal 0 0 1
    outer loop
      vertex 3.78099 112.617 35
      vertex 3.5307 111.037 35
      vertex 4 111 35
    endloop
  endfacet
  facet normal 0 0 1
    outer loop
      vertex 3.07295 111.147 35
      vertex 3.56738 112.669 35
      vertex 3.36441 112.753 35
    endloop
  endfacet
  facet normal 0 0 1
    outer loop
      vertex 2.5 111.412 35
      vertex 3.36441 112.753 35
      vertex 3.1771 112.867 35
    endloop
  endfacet
  facet normal 0 0 1
    outer loop
      vertex 3.56738 112.669 35
      vertex 3.07295 111.147 35
      vertex 3.5307 111.037 35
    endloop
  endfacet
  facet normal 0 0 1
    outer loop
      vertex 2.5 111.412 35
      vertex 3.1771 112.867 35
      vertex 3.01005 113.01 35
    endloop
  endfacet
  facet normal 0 0 1
    outer loop
      vertex 2.5 111.412 35
      vertex 3.01005 113.01 35
      vertex 2.86738 113.177 35
    endloop
  endfacet
  facet normal 0 0 1
    outer loop
      vertex 2.5 111.412 35
      vertex 2.86738 113.177 35
      vertex 2.75259 113.364 35
    endloop
  endfacet
  facet normal 0 0 1
    outer loop
      vertex 2.5 111.412 35
      vertex 2.75259 113.364 35
      vertex 2.66852 113.567 35
    endloop
  endfacet
  facet normal 0 0 1
    outer loop
      vertex 3.36441 112.753 35
      vertex 2.63803 111.327 35
      vertex 3.07295 111.147 35
    endloop
  endfacet
  facet normal 0 0 1
    outer loop
      vertex 2.5 111.412 35
      vertex 2.66852 113.567 35
      vertex 2.61724 113.781 35
    endloop
  endfacet
  facet normal 0 0 1
    outer loop
      vertex 2.5 111.412 35
      vertex 2.61724 113.781 35
      vertex 2.6 114 35
    endloop
  endfacet
  facet normal 0 0 1
    outer loop
      vertex 2.5 111.412 35
      vertex 2.6 114 35
      vertex 2.5 115.5 35
    endloop
  endfacet
  facet normal 0 0 1
    outer loop
      vertex 3.36441 112.753 35
      vertex 2.5 111.412 35
      vertex 2.63803 111.327 35
    endloop
  endfacet
  facet normal -0.382412 -0.923992 0
    outer loop
      vertex 2.63803 111.327 2.5
      vertex 3.07295 111.147 35
      vertex 2.63803 111.327 35
    endloop
  endfacet
  facet normal -0.382412 -0.923992 -0
    outer loop
      vertex 3.07295 111.147 35
      vertex 2.63803 111.327 2.5
      vertex 3.07295 111.147 2.5
    endloop
  endfacet
  facet normal 0.649784 -0.760119 0
    outer loop
      vertex 5.76336 111.573 10.6
      vertex 6.12132 111.879 35
      vertex 5.76336 111.573 35
    endloop
  endfacet
  facet normal 0.649784 -0.760119 0
    outer loop
      vertex 6.12132 111.879 35
      vertex 5.76336 111.573 10.6
      vertex 6.12132 111.879 10.6
    endloop
  endfacet
  facet normal 0.649784 -0.760119 0
    outer loop
      vertex 5.76336 111.573 2.5
      vertex 6.12132 111.879 7.5
      vertex 5.76336 111.573 7.5
    endloop
  endfacet
  facet normal 0.649784 -0.760119 0
    outer loop
      vertex 6.12132 111.879 7.5
      vertex 5.76336 111.573 2.5
      vertex 6.12132 111.879 2.5
    endloop
  endfacet
  facet normal -0.0773892 0.997001 0
    outer loop
      vertex 4.21901 112.617 22.8
      vertex 4 112.6 35
      vertex 4.21901 112.617 35
    endloop
  endfacet
  facet normal -0.0773892 0.997001 0
    outer loop
      vertex 4 112.6 35
      vertex 4.21901 112.617 22.8
      vertex 4 112.6 22.8
    endloop
  endfacet
  facet normal -0.97247 -0.233029 0
    outer loop
      vertex 5.38276 114.219 22.8
      vertex 5.33148 114.433 35
      vertex 5.33148 114.433 22.8
    endloop
  endfacet
  facet normal -0.97247 -0.233029 0
    outer loop
      vertex 5.33148 114.433 35
      vertex 5.38276 114.219 22.8
      vertex 5.38276 114.219 35
    endloop
  endfacet
  facet normal -0.996916 -0.0784787 0
    outer loop
      vertex 5.4 114 22.8
      vertex 5.38276 114.219 35
      vertex 5.38276 114.219 22.8
    endloop
  endfacet
  facet normal -0.996916 -0.0784787 0
    outer loop
      vertex 5.38276 114.219 35
      vertex 5.4 114 22.8
      vertex 5.4 114 35
    endloop
  endfacet
  facet normal -0.923904 -0.382624 0
    outer loop
      vertex 5.33148 114.433 22.8
      vertex 5.24741 114.636 35
      vertex 5.24741 114.636 22.8
    endloop
  endfacet
  facet normal -0.923904 -0.382624 0
    outer loop
      vertex 5.24741 114.636 35
      vertex 5.33148 114.433 22.8
      vertex 5.33148 114.433 35
    endloop
  endfacet
  facet normal -0.519898 0.854228 0
    outer loop
      vertex 4.8229 112.867 22.8
      vertex 4.63559 112.753 35
      vertex 4.8229 112.867 35
    endloop
  endfacet
  facet normal -0.519898 0.854228 0
    outer loop
      vertex 4.63559 112.753 35
      vertex 4.8229 112.867 22.8
      vertex 4.63559 112.753 22.8
    endloop
  endfacet
  facet normal -0.852241 -0.523149 0
    outer loop
      vertex 5.24741 114.636 22.8
      vertex 5.13262 114.823 35
      vertex 5.13262 114.823 22.8
    endloop
  endfacet
  facet normal -0.852241 -0.523149 0
    outer loop
      vertex 5.13262 114.823 35
      vertex 5.24741 114.636 22.8
      vertex 5.24741 114.636 35
    endloop
  endfacet
  facet normal -0.760319 -0.649549 0
    outer loop
      vertex 5.13262 114.823 22.8
      vertex 4.98995 114.99 35
      vertex 4.98995 114.99 22.8
    endloop
  endfacet
  facet normal -0.760319 -0.649549 0
    outer loop
      vertex 4.98995 114.99 35
      vertex 5.13262 114.823 22.8
      vertex 5.13262 114.823 35
    endloop
  endfacet
  facet normal 0.996916 -0.0784787 0
    outer loop
      vertex 2.6 114 35
      vertex 2.61724 114.219 22.8
      vertex 2.61724 114.219 35
    endloop
  endfacet
  facet normal 0.996916 -0.0784787 0
    outer loop
      vertex 2.61724 114.219 22.8
      vertex 2.6 114 35
      vertex 2.6 114 22.8
    endloop
  endfacet
  facet normal -0.236527 0.971625 0
    outer loop
      vertex 4.43262 112.669 22.8
      vertex 4.21901 112.617 35
      vertex 4.43262 112.669 35
    endloop
  endfacet
  facet normal -0.236527 0.971625 0
    outer loop
      vertex 4.21901 112.617 35
      vertex 4.43262 112.669 22.8
      vertex 4.21901 112.617 22.8
    endloop
  endfacet
  facet normal 0.852241 0.523149 0
    outer loop
      vertex 2.86738 113.177 35
      vertex 2.75259 113.364 22.8
      vertex 2.75259 113.364 35
    endloop
  endfacet
  facet normal 0.852241 0.523149 0
    outer loop
      vertex 2.75259 113.364 22.8
      vertex 2.86738 113.177 35
      vertex 2.86738 113.177 22.8
    endloop
  endfacet
  facet normal 0.923904 0.382624 0
    outer loop
      vertex 2.75259 113.364 35
      vertex 2.66852 113.567 22.8
      vertex 2.66852 113.567 35
    endloop
  endfacet
  facet normal 0.923904 0.382624 0
    outer loop
      vertex 2.66852 113.567 22.8
      vertex 2.75259 113.364 35
      vertex 2.75259 113.364 22.8
    endloop
  endfacet
  facet normal -0.519898 -0.854228 0
    outer loop
      vertex 4.63559 115.247 22.8
      vertex 4.8229 115.133 35
      vertex 4.63559 115.247 35
    endloop
  endfacet
  facet normal -0.519898 -0.854228 -0
    outer loop
      vertex 4.8229 115.133 35
      vertex 4.63559 115.247 22.8
      vertex 4.8229 115.133 22.8
    endloop
  endfacet
  facet normal -0.923904 0.382624 0
    outer loop
      vertex 5.24741 113.364 22.8
      vertex 5.33148 113.567 35
      vertex 5.33148 113.567 22.8
    endloop
  endfacet
  facet normal -0.923904 0.382624 0
    outer loop
      vertex 5.33148 113.567 35
      vertex 5.24741 113.364 22.8
      vertex 5.24741 113.364 35
    endloop
  endfacet
  facet normal 0.519898 -0.854228 0
    outer loop
      vertex 3.1771 115.133 22.8
      vertex 3.36441 115.247 35
      vertex 3.1771 115.133 35
    endloop
  endfacet
  facet normal 0.519898 -0.854228 0
    outer loop
      vertex 3.36441 115.247 35
      vertex 3.1771 115.133 22.8
      vertex 3.36441 115.247 22.8
    endloop
  endfacet
  facet normal 0.760319 -0.649549 0
    outer loop
      vertex 2.86738 114.823 35
      vertex 3.01005 114.99 22.8
      vertex 3.01005 114.99 35
    endloop
  endfacet
  facet normal 0.760319 -0.649549 0
    outer loop
      vertex 3.01005 114.99 22.8
      vertex 2.86738 114.823 35
      vertex 2.86738 114.823 22.8
    endloop
  endfacet
  facet normal 0.996916 0.0784787 0
    outer loop
      vertex 2.61724 113.781 35
      vertex 2.6 114 22.8
      vertex 2.6 114 35
    endloop
  endfacet
  facet normal 0.996916 0.0784787 0
    outer loop
      vertex 2.6 114 22.8
      vertex 2.61724 113.781 35
      vertex 2.61724 113.781 22.8
    endloop
  endfacet
  facet normal -0.760319 0.649549 0
    outer loop
      vertex 4.98995 113.01 22.8
      vertex 5.13262 113.177 35
      vertex 5.13262 113.177 22.8
    endloop
  endfacet
  facet normal -0.760319 0.649549 0
    outer loop
      vertex 5.13262 113.177 35
      vertex 4.98995 113.01 22.8
      vertex 4.98995 113.01 35
    endloop
  endfacet
  facet normal -0.852241 0.523149 0
    outer loop
      vertex 5.13262 113.177 22.8
      vertex 5.24741 113.364 35
      vertex 5.24741 113.364 22.8
    endloop
  endfacet
  facet normal -0.852241 0.523149 0
    outer loop
      vertex 5.24741 113.364 35
      vertex 5.13262 113.177 22.8
      vertex 5.13262 113.177 35
    endloop
  endfacet
  facet normal 0.236527 0.971625 -0
    outer loop
      vertex 3.78099 112.617 22.8
      vertex 3.56738 112.669 35
      vertex 3.78099 112.617 35
    endloop
  endfacet
  facet normal 0.236527 0.971625 0
    outer loop
      vertex 3.56738 112.669 35
      vertex 3.78099 112.617 22.8
      vertex 3.56738 112.669 22.8
    endloop
  endfacet
  facet normal 0.97247 0.233029 0
    outer loop
      vertex 2.66852 113.567 35
      vertex 2.61724 113.781 22.8
      vertex 2.61724 113.781 35
    endloop
  endfacet
  facet normal 0.97247 0.233029 0
    outer loop
      vertex 2.61724 113.781 22.8
      vertex 2.66852 113.567 35
      vertex 2.66852 113.567 22.8
    endloop
  endfacet
  facet normal 0.3824 0.923997 -0
    outer loop
      vertex 3.56738 112.669 22.8
      vertex 3.36441 112.753 35
      vertex 3.56738 112.669 35
    endloop
  endfacet
  facet normal 0.3824 0.923997 0
    outer loop
      vertex 3.36441 112.753 35
      vertex 3.56738 112.669 22.8
      vertex 3.36441 112.753 22.8
    endloop
  endfacet
  facet normal -0.996916 0.0784787 0
    outer loop
      vertex 5.38276 113.781 22.8
      vertex 5.4 114 35
      vertex 5.4 114 22.8
    endloop
  endfacet
  facet normal -0.996916 0.0784787 0
    outer loop
      vertex 5.4 114 35
      vertex 5.38276 113.781 22.8
      vertex 5.38276 113.781 35
    endloop
  endfacet
  facet normal -0.97247 0.233029 0
    outer loop
      vertex 5.33148 113.567 22.8
      vertex 5.38276 113.781 35
      vertex 5.38276 113.781 22.8
    endloop
  endfacet
  facet normal -0.97247 0.233029 0
    outer loop
      vertex 5.38276 113.781 35
      vertex 5.33148 113.567 22.8
      vertex 5.33148 113.567 35
    endloop
  endfacet
  facet normal 0.650304 -0.759674 0
    outer loop
      vertex 3.01005 114.99 22.8
      vertex 3.1771 115.133 35
      vertex 3.01005 114.99 35
    endloop
  endfacet
  facet normal 0.650304 -0.759674 0
    outer loop
      vertex 3.1771 115.133 35
      vertex 3.01005 114.99 22.8
      vertex 3.1771 115.133 22.8
    endloop
  endfacet
  facet normal 0.3824 -0.923997 0
    outer loop
      vertex 3.36441 115.247 22.8
      vertex 3.56738 115.331 35
      vertex 3.36441 115.247 35
    endloop
  endfacet
  facet normal 0.3824 -0.923997 0
    outer loop
      vertex 3.56738 115.331 35
      vertex 3.36441 115.247 22.8
      vertex 3.56738 115.331 22.8
    endloop
  endfacet
  facet normal -0.650304 -0.759674 0
    outer loop
      vertex 4.8229 115.133 22.8
      vertex 4.98995 114.99 35
      vertex 4.8229 115.133 35
    endloop
  endfacet
  facet normal -0.650304 -0.759674 -0
    outer loop
      vertex 4.98995 114.99 35
      vertex 4.8229 115.133 22.8
      vertex 4.98995 114.99 22.8
    endloop
  endfacet
  facet normal 0.852241 -0.523149 0
    outer loop
      vertex 2.75259 114.636 35
      vertex 2.86738 114.823 22.8
      vertex 2.86738 114.823 35
    endloop
  endfacet
  facet normal 0.852241 -0.523149 0
    outer loop
      vertex 2.86738 114.823 22.8
      vertex 2.75259 114.636 35
      vertex 2.75259 114.636 22.8
    endloop
  endfacet
  facet normal 0.923904 -0.382624 0
    outer loop
      vertex 2.66852 114.433 35
      vertex 2.75259 114.636 22.8
      vertex 2.75259 114.636 35
    endloop
  endfacet
  facet normal 0.923904 -0.382624 0
    outer loop
      vertex 2.75259 114.636 22.8
      vertex 2.66852 114.433 35
      vertex 2.66852 114.433 22.8
    endloop
  endfacet
  facet normal 0.236527 -0.971625 0
    outer loop
      vertex 3.56738 115.331 22.8
      vertex 3.78099 115.383 35
      vertex 3.56738 115.331 35
    endloop
  endfacet
  facet normal 0.236527 -0.971625 0
    outer loop
      vertex 3.78099 115.383 35
      vertex 3.56738 115.331 22.8
      vertex 3.78099 115.383 22.8
    endloop
  endfacet
  facet normal 0.0773892 -0.997001 0
    outer loop
      vertex 3.78099 115.383 22.8
      vertex 4 115.4 35
      vertex 3.78099 115.383 35
    endloop
  endfacet
  facet normal 0.0773892 -0.997001 0
    outer loop
      vertex 4 115.4 35
      vertex 3.78099 115.383 22.8
      vertex 4 115.4 22.8
    endloop
  endfacet
  facet normal 0.650304 0.759674 -0
    outer loop
      vertex 3.1771 112.867 22.8
      vertex 3.01005 113.01 35
      vertex 3.1771 112.867 35
    endloop
  endfacet
  facet normal 0.650304 0.759674 0
    outer loop
      vertex 3.01005 113.01 35
      vertex 3.1771 112.867 22.8
      vertex 3.01005 113.01 22.8
    endloop
  endfacet
  facet normal 0.760319 0.649549 0
    outer loop
      vertex 3.01005 113.01 35
      vertex 2.86738 113.177 22.8
      vertex 2.86738 113.177 35
    endloop
  endfacet
  facet normal 0.760319 0.649549 0
    outer loop
      vertex 2.86738 113.177 22.8
      vertex 3.01005 113.01 35
      vertex 3.01005 113.01 22.8
    endloop
  endfacet
  facet normal -0.650304 0.759674 0
    outer loop
      vertex 4.98995 113.01 22.8
      vertex 4.8229 112.867 35
      vertex 4.98995 113.01 35
    endloop
  endfacet
  facet normal -0.650304 0.759674 0
    outer loop
      vertex 4.8229 112.867 35
      vertex 4.98995 113.01 22.8
      vertex 4.8229 112.867 22.8
    endloop
  endfacet
  facet normal -0.3824 -0.923997 0
    outer loop
      vertex 4.43262 115.331 22.8
      vertex 4.63559 115.247 35
      vertex 4.43262 115.331 35
    endloop
  endfacet
  facet normal -0.3824 -0.923997 -0
    outer loop
      vertex 4.63559 115.247 35
      vertex 4.43262 115.331 22.8
      vertex 4.63559 115.247 22.8
    endloop
  endfacet
  facet normal 0.97247 -0.233029 0
    outer loop
      vertex 2.61724 114.219 35
      vertex 2.66852 114.433 22.8
      vertex 2.66852 114.433 35
    endloop
  endfacet
  facet normal 0.97247 -0.233029 0
    outer loop
      vertex 2.66852 114.433 22.8
      vertex 2.61724 114.219 35
      vertex 2.61724 114.219 22.8
    endloop
  endfacet
  facet normal -0.236527 -0.971625 0
    outer loop
      vertex 4.21901 115.383 22.8
      vertex 4.43262 115.331 35
      vertex 4.21901 115.383 35
    endloop
  endfacet
  facet normal -0.236527 -0.971625 -0
    outer loop
      vertex 4.43262 115.331 35
      vertex 4.21901 115.383 22.8
      vertex 4.43262 115.331 22.8
    endloop
  endfacet
  facet normal -0.3824 0.923997 0
    outer loop
      vertex 4.63559 112.753 22.8
      vertex 4.43262 112.669 35
      vertex 4.63559 112.753 35
    endloop
  endfacet
  facet normal -0.3824 0.923997 0
    outer loop
      vertex 4.43262 112.669 35
      vertex 4.63559 112.753 22.8
      vertex 4.43262 112.669 22.8
    endloop
  endfacet
  facet normal -0.0773892 -0.997001 0
    outer loop
      vertex 4 115.4 22.8
      vertex 4.21901 115.383 35
      vertex 4 115.4 35
    endloop
  endfacet
  facet normal -0.0773892 -0.997001 -0
    outer loop
      vertex 4.21901 115.383 35
      vertex 4 115.4 22.8
      vertex 4.21901 115.383 22.8
    endloop
  endfacet
  facet normal 0.0773892 0.997001 -0
    outer loop
      vertex 4 112.6 22.8
      vertex 3.78099 112.617 35
      vertex 4 112.6 35
    endloop
  endfacet
  facet normal 0.0773892 0.997001 0
    outer loop
      vertex 3.78099 112.617 35
      vertex 4 112.6 22.8
      vertex 3.78099 112.617 22.8
    endloop
  endfacet
  facet normal 0 0 1
    outer loop
      vertex 5.38276 114.219 22.8
      vertex 5.38276 113.781 22.8
      vertex 5.4 114 22.8
    endloop
  endfacet
  facet normal 0 0 1
    outer loop
      vertex 5.33148 114.433 22.8
      vertex 5.38276 113.781 22.8
      vertex 5.38276 114.219 22.8
    endloop
  endfacet
  facet normal 0 0 1
    outer loop
      vertex 5.33148 114.433 22.8
      vertex 5.33148 113.567 22.8
      vertex 5.38276 113.781 22.8
    endloop
  endfacet
  facet normal 0 0 1
    outer loop
      vertex 5.24741 114.636 22.8
      vertex 5.33148 113.567 22.8
      vertex 5.33148 114.433 22.8
    endloop
  endfacet
  facet normal 0 0 1
    outer loop
      vertex 5.24741 114.636 22.8
      vertex 5.24741 113.364 22.8
      vertex 5.33148 113.567 22.8
    endloop
  endfacet
  facet normal 0 0 1
    outer loop
      vertex 5.13262 114.823 22.8
      vertex 5.24741 113.364 22.8
      vertex 5.24741 114.636 22.8
    endloop
  endfacet
  facet normal 0 0 1
    outer loop
      vertex 5.13262 114.823 22.8
      vertex 5.13262 113.177 22.8
      vertex 5.24741 113.364 22.8
    endloop
  endfacet
  facet normal 0 0 1
    outer loop
      vertex 4.98995 114.99 22.8
      vertex 5.13262 113.177 22.8
      vertex 5.13262 114.823 22.8
    endloop
  endfacet
  facet normal 0 0 1
    outer loop
      vertex 4.98995 114.99 22.8
      vertex 4.98995 113.01 22.8
      vertex 5.13262 113.177 22.8
    endloop
  endfacet
  facet normal 0 0 1
    outer loop
      vertex 4.8229 115.133 22.8
      vertex 4.98995 113.01 22.8
      vertex 4.98995 114.99 22.8
    endloop
  endfacet
  facet normal 0 0 1
    outer loop
      vertex 4.8229 115.133 22.8
      vertex 4.8229 112.867 22.8
      vertex 4.98995 113.01 22.8
    endloop
  endfacet
  facet normal 0 0 1
    outer loop
      vertex 4.63559 115.247 22.8
      vertex 4.8229 112.867 22.8
      vertex 4.8229 115.133 22.8
    endloop
  endfacet
  facet normal 0 0 1
    outer loop
      vertex 4.63559 115.247 22.8
      vertex 4.63559 112.753 22.8
      vertex 4.8229 112.867 22.8
    endloop
  endfacet
  facet normal 0 0 1
    outer loop
      vertex 4.43262 115.331 22.8
      vertex 4.63559 112.753 22.8
      vertex 4.63559 115.247 22.8
    endloop
  endfacet
  facet normal 0 0 1
    outer loop
      vertex 4.43262 115.331 22.8
      vertex 4.43262 112.669 22.8
      vertex 4.63559 112.753 22.8
    endloop
  endfacet
  facet normal 0 0 1
    outer loop
      vertex 4.21901 115.383 22.8
      vertex 4.43262 112.669 22.8
      vertex 4.43262 115.331 22.8
    endloop
  endfacet
  facet normal 0 0 1
    outer loop
      vertex 4.21901 115.383 22.8
      vertex 4.21901 112.617 22.8
      vertex 4.43262 112.669 22.8
    endloop
  endfacet
  facet normal 0 0 1
    outer loop
      vertex 4 115.4 22.8
      vertex 4.21901 112.617 22.8
      vertex 4.21901 115.383 22.8
    endloop
  endfacet
  facet normal 0 0 1
    outer loop
      vertex 4 115.4 22.8
      vertex 4 112.6 22.8
      vertex 4.21901 112.617 22.8
    endloop
  endfacet
  facet normal -0 0 1
    outer loop
      vertex 3.78099 115.383 22.8
      vertex 4 112.6 22.8
      vertex 4 115.4 22.8
    endloop
  endfacet
  facet normal 0 0 1
    outer loop
      vertex 3.78099 115.383 22.8
      vertex 3.78099 112.617 22.8
      vertex 4 112.6 22.8
    endloop
  endfacet
  facet normal -0 0 1
    outer loop
      vertex 3.56738 115.331 22.8
      vertex 3.78099 112.617 22.8
      vertex 3.78099 115.383 22.8
    endloop
  endfacet
  facet normal 0 0 1
    outer loop
      vertex 3.56738 115.331 22.8
      vertex 3.56738 112.669 22.8
      vertex 3.78099 112.617 22.8
    endloop
  endfacet
  facet normal -0 0 1
    outer loop
      vertex 3.36441 115.247 22.8
      vertex 3.56738 112.669 22.8
      vertex 3.56738 115.331 22.8
    endloop
  endfacet
  facet normal 0 0 1
    outer loop
      vertex 3.36441 115.247 22.8
      vertex 3.36441 112.753 22.8
      vertex 3.56738 112.669 22.8
    endloop
  endfacet
  facet normal -0 0 1
    outer loop
      vertex 3.1771 115.133 22.8
      vertex 3.36441 112.753 22.8
      vertex 3.36441 115.247 22.8
    endloop
  endfacet
  facet normal 0 0 1
    outer loop
      vertex 3.1771 115.133 22.8
      vertex 3.1771 112.867 22.8
      vertex 3.36441 112.753 22.8
    endloop
  endfacet
  facet normal -0 0 1
    outer loop
      vertex 3.01005 114.99 22.8
      vertex 3.1771 112.867 22.8
      vertex 3.1771 115.133 22.8
    endloop
  endfacet
  facet normal 0 0 1
    outer loop
      vertex 3.01005 114.99 22.8
      vertex 3.01005 113.01 22.8
      vertex 3.1771 112.867 22.8
    endloop
  endfacet
  facet normal -0 0 1
    outer loop
      vertex 2.86738 114.823 22.8
      vertex 3.01005 113.01 22.8
      vertex 3.01005 114.99 22.8
    endloop
  endfacet
  facet normal 0 0 1
    outer loop
      vertex 2.86738 114.823 22.8
      vertex 2.86738 113.177 22.8
      vertex 3.01005 113.01 22.8
    endloop
  endfacet
  facet normal -0 0 1
    outer loop
      vertex 2.75259 114.636 22.8
      vertex 2.86738 113.177 22.8
      vertex 2.86738 114.823 22.8
    endloop
  endfacet
  facet normal 0 0 1
    outer loop
      vertex 2.75259 114.636 22.8
      vertex 2.75259 113.364 22.8
      vertex 2.86738 113.177 22.8
    endloop
  endfacet
  facet normal -0 0 1
    outer loop
      vertex 2.66852 114.433 22.8
      vertex 2.75259 113.364 22.8
      vertex 2.75259 114.636 22.8
    endloop
  endfacet
  facet normal 0 0 1
    outer loop
      vertex 2.66852 114.433 22.8
      vertex 2.66852 113.567 22.8
      vertex 2.75259 113.364 22.8
    endloop
  endfacet
  facet normal -0 0 1
    outer loop
      vertex 2.61724 114.219 22.8
      vertex 2.66852 113.567 22.8
      vertex 2.66852 114.433 22.8
    endloop
  endfacet
  facet normal 0 0 1
    outer loop
      vertex 2.61724 114.219 22.8
      vertex 2.61724 113.781 22.8
      vertex 2.66852 113.567 22.8
    endloop
  endfacet
  facet normal 0 -0 1
    outer loop
      vertex 2.61724 113.781 22.8
      vertex 2.61724 114.219 22.8
      vertex 2.6 114 22.8
    endloop
  endfacet
  facet normal 0.519898 0.854228 -0
    outer loop
      vertex 3.36441 112.753 22.8
      vertex 3.1771 112.867 35
      vertex 3.36441 112.753 35
    endloop
  endfacet
  facet normal 0.519898 0.854228 0
    outer loop
      vertex 3.1771 112.867 35
      vertex 3.36441 112.753 22.8
      vertex 3.1771 112.867 22.8
    endloop
  endfacet
  facet normal -0.924017 0.382352 0
    outer loop
      vertex 151.147 114.927 2.5
      vertex 151.327 115.362 35
      vertex 151.327 115.362 2.5
    endloop
  endfacet
  facet normal -0.924017 0.382352 0
    outer loop
      vertex 151.327 115.362 35
      vertex 151.147 114.927 2.5
      vertex 151.147 114.927 35
    endloop
  endfacet
  facet normal 0.524442 -0.851446 0
    outer loop
      vertex 155.362 111.327 2.5
      vertex 155.5 111.412 35
      vertex 155.362 111.327 35
    endloop
  endfacet
  facet normal 0.524442 -0.851446 0
    outer loop
      vertex 155.5 111.412 35
      vertex 155.362 111.327 2.5
      vertex 155.5 111.412 2.5
    endloop
  endfacet
  facet normal 0.382352 -0.924017 0
    outer loop
      vertex 154.927 111.147 2.5
      vertex 155.362 111.327 35
      vertex 154.927 111.147 35
    endloop
  endfacet
  facet normal 0.382352 -0.924017 0
    outer loop
      vertex 155.362 111.327 35
      vertex 154.927 111.147 2.5
      vertex 155.362 111.327 2.5
    endloop
  endfacet
  facet normal -0.924017 -0.382352 0
    outer loop
      vertex 151.327 112.638 10.6
      vertex 151.147 113.073 35
      vertex 151.147 113.073 10.6
    endloop
  endfacet
  facet normal -0.924017 -0.382352 0
    outer loop
      vertex 151.147 113.073 35
      vertex 151.327 112.638 10.6
      vertex 151.327 112.638 35
    endloop
  endfacet
  facet normal -0.924017 -0.382352 0
    outer loop
      vertex 151.327 112.638 2.5
      vertex 151.147 113.073 7.5
      vertex 151.147 113.073 2.5
    endloop
  endfacet
  facet normal -0.924017 -0.382352 0
    outer loop
      vertex 151.147 113.073 7.5
      vertex 151.327 112.638 2.5
      vertex 151.327 112.638 7.5
    endloop
  endfacet
  facet normal -0.233534 -0.972349 0
    outer loop
      vertex 153.073 111.147 10.6
      vertex 153.531 111.037 35
      vertex 153.073 111.147 35
    endloop
  endfacet
  facet normal -0.233534 -0.972349 -0
    outer loop
      vertex 153.531 111.037 35
      vertex 153.073 111.147 10.6
      vertex 153.531 111.037 10.6
    endloop
  endfacet
  facet normal -0.233534 -0.972349 0
    outer loop
      vertex 153.073 111.147 2.5
      vertex 153.531 111.037 7.5
      vertex 153.073 111.147 7.5
    endloop
  endfacet
  facet normal -0.233534 -0.972349 -0
    outer loop
      vertex 153.531 111.037 7.5
      vertex 153.073 111.147 2.5
      vertex 153.531 111.037 2.5
    endloop
  endfacet
  facet normal -0.760155 -0.649742 0
    outer loop
      vertex 151.879 111.879 10.6
      vertex 151.573 112.237 35
      vertex 151.573 112.237 10.6
    endloop
  endfacet
  facet normal -0.760155 -0.649742 0
    outer loop
      vertex 151.573 112.237 35
      vertex 151.879 111.879 10.6
      vertex 151.879 111.879 35
    endloop
  endfacet
  facet normal -0.760155 -0.649742 0
    outer loop
      vertex 151.879 111.879 2.5
      vertex 151.573 112.237 7.5
      vertex 151.573 112.237 2.5
    endloop
  endfacet
  facet normal -0.760155 -0.649742 0
    outer loop
      vertex 151.573 112.237 7.5
      vertex 151.879 111.879 2.5
      vertex 151.879 111.879 7.5
    endloop
  endfacet
  facet normal 0.0786469 -0.996903 0
    outer loop
      vertex 154 111 10.6
      vertex 154.469 111.037 35
      vertex 154 111 35
    endloop
  endfacet
  facet normal 0.0786469 -0.996903 0
    outer loop
      vertex 154.469 111.037 35
      vertex 154 111 10.6
      vertex 154.469 111.037 10.6
    endloop
  endfacet
  facet normal 0.0786469 -0.996903 0
    outer loop
      vertex 154 111 2.5
      vertex 154.469 111.037 7.5
      vertex 154 111 7.5
    endloop
  endfacet
  facet normal 0.0786469 -0.996903 0
    outer loop
      vertex 154.469 111.037 7.5
      vertex 154 111 2.5
      vertex 154.469 111.037 2.5
    endloop
  endfacet
  facet normal -0.649742 -0.760155 0
    outer loop
      vertex 151.879 111.879 10.6
      vertex 152.237 111.573 35
      vertex 151.879 111.879 35
    endloop
  endfacet
  facet normal -0.649742 -0.760155 -0
    outer loop
      vertex 152.237 111.573 35
      vertex 151.879 111.879 10.6
      vertex 152.237 111.573 10.6
    endloop
  endfacet
  facet normal -0.649742 -0.760155 0
    outer loop
      vertex 151.879 111.879 2.5
      vertex 152.237 111.573 7.5
      vertex 151.879 111.879 7.5
    endloop
  endfacet
  facet normal -0.649742 -0.760155 -0
    outer loop
      vertex 152.237 111.573 7.5
      vertex 151.879 111.879 2.5
      vertex 152.237 111.573 2.5
    endloop
  endfacet
  facet normal -0.972118 0.234492 0
    outer loop
      vertex 151.044 114.5 10.6
      vertex 151.147 114.927 2.5
      vertex 151.044 114.5 7.5
    endloop
  endfacet
  facet normal -0.972349 0.233534 -8.66197e-05
    outer loop
      vertex 151.037 114.469 2.5
      vertex 151.044 114.5 7.5
      vertex 151.147 114.927 2.5
    endloop
  endfacet
  facet normal -0.975441 0.220261 0
    outer loop
      vertex 151.044 114.5 7.5
      vertex 151.037 114.469 2.5
      vertex 151.037 114.469 7.5
    endloop
  endfacet
  facet normal -0.972118 0.234492 0
    outer loop
      vertex 151.147 114.927 2.5
      vertex 151.044 114.5 10.6
      vertex 151.147 114.927 35
    endloop
  endfacet
  facet normal -0.975441 0.220261 0
    outer loop
      vertex 151.037 114.469 35
      vertex 151.044 114.5 10.6
      vertex 151.037 114.469 10.6
    endloop
  endfacet
  facet normal -0.972349 0.233534 1.77499e-05
    outer loop
      vertex 151.044 114.5 10.6
      vertex 151.037 114.469 35
      vertex 151.147 114.927 35
    endloop
  endfacet
  facet normal -0.972349 -0.233534 0
    outer loop
      vertex 151.147 113.073 10.6
      vertex 151.037 113.531 35
      vertex 151.037 113.531 10.6
    endloop
  endfacet
  facet normal -0.972349 -0.233534 0
    outer loop
      vertex 151.037 113.531 35
      vertex 151.147 113.073 10.6
      vertex 151.147 113.073 35
    endloop
  endfacet
  facet normal -0.972349 -0.233534 0
    outer loop
      vertex 151.147 113.073 2.5
      vertex 151.037 113.531 7.5
      vertex 151.037 113.531 2.5
    endloop
  endfacet
  facet normal -0.972349 -0.233534 0
    outer loop
      vertex 151.037 113.531 7.5
      vertex 151.147 113.073 2.5
      vertex 151.147 113.073 7.5
    endloop
  endfacet
  facet normal 0.220261 -0.975441 0
    outer loop
      vertex 154.469 111.037 7.5
      vertex 154.469 111.037 2.5
      vertex 154.5 111.044 7.5
    endloop
  endfacet
  facet normal 0.220261 -0.975441 0
    outer loop
      vertex 154.5 111.044 10.6
      vertex 154.469 111.037 35
      vertex 154.469 111.037 10.6
    endloop
  endfacet
  facet normal 0.233534 -0.972349 1.77499e-05
    outer loop
      vertex 154.469 111.037 35
      vertex 154.5 111.044 10.6
      vertex 154.927 111.147 35
    endloop
  endfacet
  facet normal 0.234492 -0.972118 0
    outer loop
      vertex 154.927 111.147 2.5
      vertex 154.5 111.044 10.6
      vertex 154.5 111.044 7.5
    endloop
  endfacet
  facet normal 0.233534 -0.972349 -8.66197e-05
    outer loop
      vertex 154.927 111.147 2.5
      vertex 154.5 111.044 7.5
      vertex 154.469 111.037 2.5
    endloop
  endfacet
  facet normal 0.234492 -0.972118 0
    outer loop
      vertex 154.5 111.044 10.6
      vertex 154.927 111.147 2.5
      vertex 154.927 111.147 35
    endloop
  endfacet
  facet normal -0.852387 -0.522911 0
    outer loop
      vertex 151.573 112.237 10.6
      vertex 151.327 112.638 35
      vertex 151.327 112.638 10.6
    endloop
  endfacet
  facet normal -0.852387 -0.522911 0
    outer loop
      vertex 151.327 112.638 35
      vertex 151.573 112.237 10.6
      vertex 151.573 112.237 35
    endloop
  endfacet
  facet normal -0.852387 -0.522911 0
    outer loop
      vertex 151.573 112.237 2.5
      vertex 151.327 112.638 7.5
      vertex 151.327 112.638 2.5
    endloop
  endfacet
  facet normal -0.852387 -0.522911 0
    outer loop
      vertex 151.327 112.638 7.5
      vertex 151.573 112.237 2.5
      vertex 151.573 112.237 7.5
    endloop
  endfacet
  facet normal -0.996903 -0.0786469 0
    outer loop
      vertex 151.037 113.531 10.6
      vertex 151 114 35
      vertex 151 114 10.6
    endloop
  endfacet
  facet normal -0.996903 -0.0786469 0
    outer loop
      vertex 151 114 35
      vertex 151.037 113.531 10.6
      vertex 151.037 113.531 35
    endloop
  endfacet
  facet normal -0.996903 -0.0786469 0
    outer loop
      vertex 151.037 113.531 2.5
      vertex 151 114 7.5
      vertex 151 114 2.5
    endloop
  endfacet
  facet normal -0.996903 -0.0786469 0
    outer loop
      vertex 151 114 7.5
      vertex 151.037 113.531 2.5
      vertex 151.037 113.531 7.5
    endloop
  endfacet
  facet normal -0.0786469 -0.996903 0
    outer loop
      vertex 153.531 111.037 10.6
      vertex 154 111 35
      vertex 153.531 111.037 35
    endloop
  endfacet
  facet normal -0.0786469 -0.996903 -0
    outer loop
      vertex 154 111 35
      vertex 153.531 111.037 10.6
      vertex 154 111 10.6
    endloop
  endfacet
  facet normal -0.0786469 -0.996903 0
    outer loop
      vertex 153.531 111.037 2.5
      vertex 154 111 7.5
      vertex 153.531 111.037 7.5
    endloop
  endfacet
  facet normal -0.0786469 -0.996903 -0
    outer loop
      vertex 154 111 7.5
      vertex 153.531 111.037 2.5
      vertex 154 111 2.5
    endloop
  endfacet
  facet normal -0.522911 -0.852387 0
    outer loop
      vertex 152.237 111.573 10.6
      vertex 152.638 111.327 35
      vertex 152.237 111.573 35
    endloop
  endfacet
  facet normal -0.522911 -0.852387 -0
    outer loop
      vertex 152.638 111.327 35
      vertex 152.237 111.573 10.6
      vertex 152.638 111.327 10.6
    endloop
  endfacet
  facet normal -0.522911 -0.852387 0
    outer loop
      vertex 152.237 111.573 2.5
      vertex 152.638 111.327 7.5
      vertex 152.237 111.573 7.5
    endloop
  endfacet
  facet normal -0.522911 -0.852387 -0
    outer loop
      vertex 152.638 111.327 7.5
      vertex 152.237 111.573 2.5
      vertex 152.638 111.327 2.5
    endloop
  endfacet
  facet normal 0 0 1
    outer loop
      vertex 155.5 115.5 35
      vertex 155.4 114 35
      vertex 155.5 111.412 35
    endloop
  endfacet
  facet normal 0 0 1
    outer loop
      vertex 155.5 115.5 35
      vertex 155.383 114.219 35
      vertex 155.4 114 35
    endloop
  endfacet
  facet normal 0 0 1
    outer loop
      vertex 155.5 115.5 35
      vertex 155.331 114.433 35
      vertex 155.383 114.219 35
    endloop
  endfacet
  facet normal 0 0 1
    outer loop
      vertex 155.5 115.5 35
      vertex 155.247 114.636 35
      vertex 155.331 114.433 35
    endloop
  endfacet
  facet normal 0 0 1
    outer loop
      vertex 155.5 115.5 35
      vertex 155.133 114.823 35
      vertex 155.247 114.636 35
    endloop
  endfacet
  facet normal 0 0 1
    outer loop
      vertex 155.5 115.5 35
      vertex 154.99 114.99 35
      vertex 155.133 114.823 35
    endloop
  endfacet
  facet normal 0 0 1
    outer loop
      vertex 155.5 115.5 35
      vertex 154.823 115.133 35
      vertex 154.99 114.99 35
    endloop
  endfacet
  facet normal 0 0 1
    outer loop
      vertex 155.5 115.5 35
      vertex 154.636 115.247 35
      vertex 154.823 115.133 35
    endloop
  endfacet
  facet normal 0 0 1
    outer loop
      vertex 155.5 115.5 35
      vertex 154.433 115.331 35
      vertex 154.636 115.247 35
    endloop
  endfacet
  facet normal 0 0 1
    outer loop
      vertex 155.5 115.5 35
      vertex 154.219 115.383 35
      vertex 154.433 115.331 35
    endloop
  endfacet
  facet normal 0 0 1
    outer loop
      vertex 155.5 115.5 35
      vertex 154 115.4 35
      vertex 154.219 115.383 35
    endloop
  endfacet
  facet normal 0 0 1
    outer loop
      vertex 151 114 35
      vertex 152.6 114 35
      vertex 152.617 114.219 35
    endloop
  endfacet
  facet normal 0 0 1
    outer loop
      vertex 152.6 114 35
      vertex 151.879 111.879 35
      vertex 152.237 111.573 35
    endloop
  endfacet
  facet normal 0 0 1
    outer loop
      vertex 151.037 114.469 35
      vertex 152.617 114.219 35
      vertex 152.669 114.433 35
    endloop
  endfacet
  facet normal 0 0 1
    outer loop
      vertex 152.6 114 35
      vertex 151.573 112.237 35
      vertex 151.879 111.879 35
    endloop
  endfacet
  facet normal 0 0 1
    outer loop
      vertex 151.147 114.927 35
      vertex 152.669 114.433 35
      vertex 152.753 114.636 35
    endloop
  endfacet
  facet normal -0 0 1
    outer loop
      vertex 151.412 115.5 35
      vertex 154 115.4 35
      vertex 155.5 115.5 35
    endloop
  endfacet
  facet normal 0 0 1
    outer loop
      vertex 151.412 115.5 35
      vertex 153.781 115.383 35
      vertex 154 115.4 35
    endloop
  endfacet
  facet normal 0 0 1
    outer loop
      vertex 151.412 115.5 35
      vertex 153.567 115.331 35
      vertex 153.781 115.383 35
    endloop
  endfacet
  facet normal 0 0 1
    outer loop
      vertex 151.412 115.5 35
      vertex 153.364 115.247 35
      vertex 153.567 115.331 35
    endloop
  endfacet
  facet normal 0 0 1
    outer loop
      vertex 151.412 115.5 35
      vertex 153.177 115.133 35
      vertex 153.364 115.247 35
    endloop
  endfacet
  facet normal 0 0 1
    outer loop
      vertex 151.412 115.5 35
      vertex 153.01 114.99 35
      vertex 153.177 115.133 35
    endloop
  endfacet
  facet normal 0 0 1
    outer loop
      vertex 151.412 115.5 35
      vertex 152.867 114.823 35
      vertex 153.01 114.99 35
    endloop
  endfacet
  facet normal 0 0 1
    outer loop
      vertex 151.412 115.5 35
      vertex 152.753 114.636 35
      vertex 152.867 114.823 35
    endloop
  endfacet
  facet normal -0 0 1
    outer loop
      vertex 151.327 115.362 35
      vertex 152.753 114.636 35
      vertex 151.412 115.5 35
    endloop
  endfacet
  facet normal 0 0 1
    outer loop
      vertex 152.753 114.636 35
      vertex 151.327 115.362 35
      vertex 151.147 114.927 35
    endloop
  endfacet
  facet normal 0 0 1
    outer loop
      vertex 152.6 114 35
      vertex 151.327 112.638 35
      vertex 151.573 112.237 35
    endloop
  endfacet
  facet normal 0 0 1
    outer loop
      vertex 152.669 114.433 35
      vertex 151.147 114.927 35
      vertex 151.037 114.469 35
    endloop
  endfacet
  facet normal 0 0 1
    outer loop
      vertex 152.6 114 35
      vertex 151.147 113.073 35
      vertex 151.327 112.638 35
    endloop
  endfacet
  facet normal 0 0 1
    outer loop
      vertex 152.617 114.219 35
      vertex 151.037 114.469 35
      vertex 151 114 35
    endloop
  endfacet
  facet normal 0 0 1
    outer loop
      vertex 152.6 114 35
      vertex 151.037 113.531 35
      vertex 151.147 113.073 35
    endloop
  endfacet
  facet normal 0 0 1
    outer loop
      vertex 152.6 114 35
      vertex 151 114 35
      vertex 151.037 113.531 35
    endloop
  endfacet
  facet normal -0 0 1
    outer loop
      vertex 155.383 113.781 35
      vertex 155.5 111.412 35
      vertex 155.4 114 35
    endloop
  endfacet
  facet normal -0 0 1
    outer loop
      vertex 155.331 113.567 35
      vertex 155.5 111.412 35
      vertex 155.383 113.781 35
    endloop
  endfacet
  facet normal -0 0 1
    outer loop
      vertex 155.247 113.364 35
      vertex 155.5 111.412 35
      vertex 155.331 113.567 35
    endloop
  endfacet
  facet normal -0 0 1
    outer loop
      vertex 155.133 113.177 35
      vertex 155.5 111.412 35
      vertex 155.247 113.364 35
    endloop
  endfacet
  facet normal -0 0 1
    outer loop
      vertex 154.99 113.01 35
      vertex 155.5 111.412 35
      vertex 155.133 113.177 35
    endloop
  endfacet
  facet normal -0 0 1
    outer loop
      vertex 154.823 112.867 35
      vertex 155.5 111.412 35
      vertex 154.99 113.01 35
    endloop
  endfacet
  facet normal -0 0 1
    outer loop
      vertex 154.636 112.753 35
      vertex 155.5 111.412 35
      vertex 154.823 112.867 35
    endloop
  endfacet
  facet normal 0 0 1
    outer loop
      vertex 155.5 111.412 35
      vertex 154.636 112.753 35
      vertex 155.362 111.327 35
    endloop
  endfacet
  facet normal 0 0 1
    outer loop
      vertex 155.362 111.327 35
      vertex 154.636 112.753 35
      vertex 154.927 111.147 35
    endloop
  endfacet
  facet normal -0 0 1
    outer loop
      vertex 154.433 112.669 35
      vertex 154.927 111.147 35
      vertex 154.636 112.753 35
    endloop
  endfacet
  facet normal 0 0 1
    outer loop
      vertex 154.927 111.147 35
      vertex 154.433 112.669 35
      vertex 154.469 111.037 35
    endloop
  endfacet
  facet normal -0 0 1
    outer loop
      vertex 154.219 112.617 35
      vertex 154.469 111.037 35
      vertex 154.433 112.669 35
    endloop
  endfacet
  facet normal -0 0 1
    outer loop
      vertex 154 112.6 35
      vertex 154.469 111.037 35
      vertex 154.219 112.617 35
    endloop
  endfacet
  facet normal 0 0 1
    outer loop
      vertex 154 112.6 35
      vertex 154 111 35
      vertex 154.469 111.037 35
    endloop
  endfacet
  facet normal 0 0 1
    outer loop
      vertex 153.781 112.617 35
      vertex 154 111 35
      vertex 154 112.6 35
    endloop
  endfacet
  facet normal 0 0 1
    outer loop
      vertex 153.531 111.037 35
      vertex 153.781 112.617 35
      vertex 153.567 112.669 35
    endloop
  endfacet
  facet normal 0 0 1
    outer loop
      vertex 153.781 112.617 35
      vertex 153.531 111.037 35
      vertex 154 111 35
    endloop
  endfacet
  facet normal 0 0 1
    outer loop
      vertex 153.073 111.147 35
      vertex 153.567 112.669 35
      vertex 153.364 112.753 35
    endloop
  endfacet
  facet normal 0 0 1
    outer loop
      vertex 152.638 111.327 35
      vertex 153.364 112.753 35
      vertex 153.177 112.867 35
    endloop
  endfacet
  facet normal 0 0 1
    outer loop
      vertex 153.567 112.669 35
      vertex 153.073 111.147 35
      vertex 153.531 111.037 35
    endloop
  endfacet
  facet normal 0 0 1
    outer loop
      vertex 152.237 111.573 35
      vertex 153.177 112.867 35
      vertex 153.01 113.01 35
    endloop
  endfacet
  facet normal 0 0 1
    outer loop
      vertex 152.237 111.573 35
      vertex 153.01 113.01 35
      vertex 152.867 113.177 35
    endloop
  endfacet
  facet normal 0 0 1
    outer loop
      vertex 152.237 111.573 35
      vertex 152.867 113.177 35
      vertex 152.753 113.364 35
    endloop
  endfacet
  facet normal 0 0 1
    outer loop
      vertex 152.237 111.573 35
      vertex 152.753 113.364 35
      vertex 152.669 113.567 35
    endloop
  endfacet
  facet normal 0 0 1
    outer loop
      vertex 153.364 112.753 35
      vertex 152.638 111.327 35
      vertex 153.073 111.147 35
    endloop
  endfacet
  facet normal 0 0 1
    outer loop
      vertex 152.237 111.573 35
      vertex 152.669 113.567 35
      vertex 152.617 113.781 35
    endloop
  endfacet
  facet normal 0 0 1
    outer loop
      vertex 152.237 111.573 35
      vertex 152.617 113.781 35
      vertex 152.6 114 35
    endloop
  endfacet
  facet normal 0 0 1
    outer loop
      vertex 153.177 112.867 35
      vertex 152.237 111.573 35
      vertex 152.638 111.327 35
    endloop
  endfacet
  facet normal -0.382352 -0.924017 0
    outer loop
      vertex 152.638 111.327 10.6
      vertex 153.073 111.147 35
      vertex 152.638 111.327 35
    endloop
  endfacet
  facet normal -0.382352 -0.924017 -0
    outer loop
      vertex 153.073 111.147 35
      vertex 152.638 111.327 10.6
      vertex 153.073 111.147 10.6
    endloop
  endfacet
  facet normal -0.382352 -0.924017 0
    outer loop
      vertex 152.638 111.327 2.5
      vertex 153.073 111.147 7.5
      vertex 152.638 111.327 7.5
    endloop
  endfacet
  facet normal -0.382352 -0.924017 -0
    outer loop
      vertex 153.073 111.147 7.5
      vertex 152.638 111.327 2.5
      vertex 153.073 111.147 2.5
    endloop
  endfacet
  facet normal -0.996903 0.0786469 0
    outer loop
      vertex 151 114 10.6
      vertex 151.037 114.469 35
      vertex 151.037 114.469 10.6
    endloop
  endfacet
  facet normal -0.996903 0.0786469 0
    outer loop
      vertex 151.037 114.469 35
      vertex 151 114 10.6
      vertex 151 114 35
    endloop
  endfacet
  facet normal -0.996903 0.0786469 0
    outer loop
      vertex 151 114 2.5
      vertex 151.037 114.469 7.5
      vertex 151.037 114.469 2.5
    endloop
  endfacet
  facet normal -0.996903 0.0786469 0
    outer loop
      vertex 151.037 114.469 7.5
      vertex 151 114 2.5
      vertex 151 114 7.5
    endloop
  endfacet
  facet normal -0.851446 0.524442 0
    outer loop
      vertex 151.327 115.362 2.5
      vertex 151.412 115.5 35
      vertex 151.412 115.5 2.5
    endloop
  endfacet
  facet normal -0.851446 0.524442 0
    outer loop
      vertex 151.412 115.5 35
      vertex 151.327 115.362 2.5
      vertex 151.327 115.362 35
    endloop
  endfacet
  facet normal -0.0773927 0.997001 0
    outer loop
      vertex 154.219 112.617 22.8
      vertex 154 112.6 35
      vertex 154.219 112.617 35
    endloop
  endfacet
  facet normal -0.0773927 0.997001 0
    outer loop
      vertex 154 112.6 35
      vertex 154.219 112.617 22.8
      vertex 154 112.6 22.8
    endloop
  endfacet
  facet normal -0.971724 -0.23612 0
    outer loop
      vertex 155.383 114.219 22.8
      vertex 155.331 114.433 35
      vertex 155.331 114.433 22.8
    endloop
  endfacet
  facet normal -0.971724 -0.23612 0
    outer loop
      vertex 155.331 114.433 35
      vertex 155.383 114.219 22.8
      vertex 155.383 114.219 35
    endloop
  endfacet
  facet normal -0.997001 -0.0773927 0
    outer loop
      vertex 155.4 114 22.8
      vertex 155.383 114.219 35
      vertex 155.383 114.219 22.8
    endloop
  endfacet
  facet normal -0.997001 -0.0773927 0
    outer loop
      vertex 155.383 114.219 35
      vertex 155.4 114 22.8
      vertex 155.4 114 35
    endloop
  endfacet
  facet normal -0.924017 -0.382352 0
    outer loop
      vertex 155.331 114.433 22.8
      vertex 155.247 114.636 35
      vertex 155.247 114.636 22.8
    endloop
  endfacet
  facet normal -0.924017 -0.382352 0
    outer loop
      vertex 155.247 114.636 35
      vertex 155.331 114.433 22.8
      vertex 155.331 114.433 35
    endloop
  endfacet
  facet normal -0.520526 0.853846 0
    outer loop
      vertex 154.823 112.867 22.8
      vertex 154.636 112.753 35
      vertex 154.823 112.867 35
    endloop
  endfacet
  facet normal -0.520526 0.853846 0
    outer loop
      vertex 154.636 112.753 35
      vertex 154.823 112.867 22.8
      vertex 154.636 112.753 22.8
    endloop
  endfacet
  facet normal -0.853846 -0.520526 0
    outer loop
      vertex 155.247 114.636 22.8
      vertex 155.133 114.823 35
      vertex 155.133 114.823 22.8
    endloop
  endfacet
  facet normal -0.853846 -0.520526 0
    outer loop
      vertex 155.133 114.823 35
      vertex 155.247 114.636 22.8
      vertex 155.247 114.636 35
    endloop
  endfacet
  facet normal -0.759578 -0.650417 0
    outer loop
      vertex 155.133 114.823 22.8
      vertex 154.99 114.99 35
      vertex 154.99 114.99 22.8
    endloop
  endfacet
  facet normal -0.759578 -0.650417 0
    outer loop
      vertex 154.99 114.99 35
      vertex 155.133 114.823 22.8
      vertex 155.133 114.823 35
    endloop
  endfacet
  facet normal 0.997001 -0.0773927 0
    outer loop
      vertex 152.6 114 35
      vertex 152.617 114.219 22.8
      vertex 152.617 114.219 35
    endloop
  endfacet
  facet normal 0.997001 -0.0773927 0
    outer loop
      vertex 152.617 114.219 22.8
      vertex 152.6 114 35
      vertex 152.6 114 22.8
    endloop
  endfacet
  facet normal -0.23612 0.971724 0
    outer loop
      vertex 154.433 112.669 22.8
      vertex 154.219 112.617 35
      vertex 154.433 112.669 35
    endloop
  endfacet
  facet normal -0.23612 0.971724 0
    outer loop
      vertex 154.219 112.617 35
      vertex 154.433 112.669 22.8
      vertex 154.219 112.617 22.8
    endloop
  endfacet
  facet normal 0.853846 0.520526 0
    outer loop
      vertex 152.867 113.177 35
      vertex 152.753 113.364 22.8
      vertex 152.753 113.364 35
    endloop
  endfacet
  facet normal 0.853846 0.520526 0
    outer loop
      vertex 152.753 113.364 22.8
      vertex 152.867 113.177 35
      vertex 152.867 113.177 22.8
    endloop
  endfacet
  facet normal 0.924017 0.382352 0
    outer loop
      vertex 152.753 113.364 35
      vertex 152.669 113.567 22.8
      vertex 152.669 113.567 35
    endloop
  endfacet
  facet normal 0.924017 0.382352 0
    outer loop
      vertex 152.669 113.567 22.8
      vertex 152.753 113.364 35
      vertex 152.753 113.364 22.8
    endloop
  endfacet
  facet normal -0.520526 -0.853846 0
    outer loop
      vertex 154.636 115.247 22.8
      vertex 154.823 115.133 35
      vertex 154.636 115.247 35
    endloop
  endfacet
  facet normal -0.520526 -0.853846 -0
    outer loop
      vertex 154.823 115.133 35
      vertex 154.636 115.247 22.8
      vertex 154.823 115.133 22.8
    endloop
  endfacet
  facet normal -0.924017 0.382352 0
    outer loop
      vertex 155.247 113.364 22.8
      vertex 155.331 113.567 35
      vertex 155.331 113.567 22.8
    endloop
  endfacet
  facet normal -0.924017 0.382352 0
    outer loop
      vertex 155.331 113.567 35
      vertex 155.247 113.364 22.8
      vertex 155.247 113.364 35
    endloop
  endfacet
  facet normal 0.520526 -0.853846 0
    outer loop
      vertex 153.177 115.133 22.8
      vertex 153.364 115.247 35
      vertex 153.177 115.133 35
    endloop
  endfacet
  facet normal 0.520526 -0.853846 0
    outer loop
      vertex 153.364 115.247 35
      vertex 153.177 115.133 22.8
      vertex 153.364 115.247 22.8
    endloop
  endfacet
  facet normal 0.759578 -0.650417 0
    outer loop
      vertex 152.867 114.823 35
      vertex 153.01 114.99 22.8
      vertex 153.01 114.99 35
    endloop
  endfacet
  facet normal 0.759578 -0.650417 0
    outer loop
      vertex 153.01 114.99 22.8
      vertex 152.867 114.823 35
      vertex 152.867 114.823 22.8
    endloop
  endfacet
  facet normal 0.997001 0.0773927 0
    outer loop
      vertex 152.617 113.781 35
      vertex 152.6 114 22.8
      vertex 152.6 114 35
    endloop
  endfacet
  facet normal 0.997001 0.0773927 0
    outer loop
      vertex 152.6 114 22.8
      vertex 152.617 113.781 35
      vertex 152.617 113.781 22.8
    endloop
  endfacet
  facet normal -0.759578 0.650417 0
    outer loop
      vertex 154.99 113.01 22.8
      vertex 155.133 113.177 35
      vertex 155.133 113.177 22.8
    endloop
  endfacet
  facet normal -0.759578 0.650417 0
    outer loop
      vertex 155.133 113.177 35
      vertex 154.99 113.01 22.8
      vertex 154.99 113.01 35
    endloop
  endfacet
  facet normal -0.853846 0.520526 0
    outer loop
      vertex 155.133 113.177 22.8
      vertex 155.247 113.364 35
      vertex 155.247 113.364 22.8
    endloop
  endfacet
  facet normal -0.853846 0.520526 0
    outer loop
      vertex 155.247 113.364 35
      vertex 155.133 113.177 22.8
      vertex 155.133 113.177 35
    endloop
  endfacet
  facet normal 0.23612 0.971724 -0
    outer loop
      vertex 153.781 112.617 22.8
      vertex 153.567 112.669 35
      vertex 153.781 112.617 35
    endloop
  endfacet
  facet normal 0.23612 0.971724 0
    outer loop
      vertex 153.567 112.669 35
      vertex 153.781 112.617 22.8
      vertex 153.567 112.669 22.8
    endloop
  endfacet
  facet normal 0.971724 0.23612 0
    outer loop
      vertex 152.669 113.567 35
      vertex 152.617 113.781 22.8
      vertex 152.617 113.781 35
    endloop
  endfacet
  facet normal 0.971724 0.23612 0
    outer loop
      vertex 152.617 113.781 22.8
      vertex 152.669 113.567 35
      vertex 152.669 113.567 22.8
    endloop
  endfacet
  facet normal 0.382352 0.924017 -0
    outer loop
      vertex 153.567 112.669 22.8
      vertex 153.364 112.753 35
      vertex 153.567 112.669 35
    endloop
  endfacet
  facet normal 0.382352 0.924017 0
    outer loop
      vertex 153.364 112.753 35
      vertex 153.567 112.669 22.8
      vertex 153.364 112.753 22.8
    endloop
  endfacet
  facet normal -0.997001 0.0773927 0
    outer loop
      vertex 155.383 113.781 22.8
      vertex 155.4 114 35
      vertex 155.4 114 22.8
    endloop
  endfacet
  facet normal -0.997001 0.0773927 0
    outer loop
      vertex 155.4 114 35
      vertex 155.383 113.781 22.8
      vertex 155.383 113.781 35
    endloop
  endfacet
  facet normal -0.971724 0.23612 0
    outer loop
      vertex 155.331 113.567 22.8
      vertex 155.383 113.781 35
      vertex 155.383 113.781 22.8
    endloop
  endfacet
  facet normal -0.971724 0.23612 0
    outer loop
      vertex 155.383 113.781 35
      vertex 155.331 113.567 22.8
      vertex 155.331 113.567 35
    endloop
  endfacet
  facet normal 0.650417 -0.759578 0
    outer loop
      vertex 153.01 114.99 22.8
      vertex 153.177 115.133 35
      vertex 153.01 114.99 35
    endloop
  endfacet
  facet normal 0.650417 -0.759578 0
    outer loop
      vertex 153.177 115.133 35
      vertex 153.01 114.99 22.8
      vertex 153.177 115.133 22.8
    endloop
  endfacet
  facet normal 0.382352 -0.924017 0
    outer loop
      vertex 153.364 115.247 22.8
      vertex 153.567 115.331 35
      vertex 153.364 115.247 35
    endloop
  endfacet
  facet normal 0.382352 -0.924017 0
    outer loop
      vertex 153.567 115.331 35
      vertex 153.364 115.247 22.8
      vertex 153.567 115.331 22.8
    endloop
  endfacet
  facet normal -0.650417 -0.759578 0
    outer loop
      vertex 154.823 115.133 22.8
      vertex 154.99 114.99 35
      vertex 154.823 115.133 35
    endloop
  endfacet
  facet normal -0.650417 -0.759578 -0
    outer loop
      vertex 154.99 114.99 35
      vertex 154.823 115.133 22.8
      vertex 154.99 114.99 22.8
    endloop
  endfacet
  facet normal 0.853846 -0.520526 0
    outer loop
      vertex 152.753 114.636 35
      vertex 152.867 114.823 22.8
      vertex 152.867 114.823 35
    endloop
  endfacet
  facet normal 0.853846 -0.520526 0
    outer loop
      vertex 152.867 114.823 22.8
      vertex 152.753 114.636 35
      vertex 152.753 114.636 22.8
    endloop
  endfacet
  facet normal 0.924017 -0.382352 0
    outer loop
      vertex 152.669 114.433 35
      vertex 152.753 114.636 22.8
      vertex 152.753 114.636 35
    endloop
  endfacet
  facet normal 0.924017 -0.382352 0
    outer loop
      vertex 152.753 114.636 22.8
      vertex 152.669 114.433 35
      vertex 152.669 114.433 22.8
    endloop
  endfacet
  facet normal 0.23612 -0.971724 0
    outer loop
      vertex 153.567 115.331 22.8
      vertex 153.781 115.383 35
      vertex 153.567 115.331 35
    endloop
  endfacet
  facet normal 0.23612 -0.971724 0
    outer loop
      vertex 153.781 115.383 35
      vertex 153.567 115.331 22.8
      vertex 153.781 115.383 22.8
    endloop
  endfacet
  facet normal 0.0773927 -0.997001 0
    outer loop
      vertex 153.781 115.383 22.8
      vertex 154 115.4 35
      vertex 153.781 115.383 35
    endloop
  endfacet
  facet normal 0.0773927 -0.997001 0
    outer loop
      vertex 154 115.4 35
      vertex 153.781 115.383 22.8
      vertex 154 115.4 22.8
    endloop
  endfacet
  facet normal 0.650417 0.759578 -0
    outer loop
      vertex 153.177 112.867 22.8
      vertex 153.01 113.01 35
      vertex 153.177 112.867 35
    endloop
  endfacet
  facet normal 0.650417 0.759578 0
    outer loop
      vertex 153.01 113.01 35
      vertex 153.177 112.867 22.8
      vertex 153.01 113.01 22.8
    endloop
  endfacet
  facet normal 0.759578 0.650417 0
    outer loop
      vertex 153.01 113.01 35
      vertex 152.867 113.177 22.8
      vertex 152.867 113.177 35
    endloop
  endfacet
  facet normal 0.759578 0.650417 0
    outer loop
      vertex 152.867 113.177 22.8
      vertex 153.01 113.01 35
      vertex 153.01 113.01 22.8
    endloop
  endfacet
  facet normal -0.650417 0.759578 0
    outer loop
      vertex 154.99 113.01 22.8
      vertex 154.823 112.867 35
      vertex 154.99 113.01 35
    endloop
  endfacet
  facet normal -0.650417 0.759578 0
    outer loop
      vertex 154.823 112.867 35
      vertex 154.99 113.01 22.8
      vertex 154.823 112.867 22.8
    endloop
  endfacet
  facet normal -0.382352 -0.924017 0
    outer loop
      vertex 154.433 115.331 22.8
      vertex 154.636 115.247 35
      vertex 154.433 115.331 35
    endloop
  endfacet
  facet normal -0.382352 -0.924017 -0
    outer loop
      vertex 154.636 115.247 35
      vertex 154.433 115.331 22.8
      vertex 154.636 115.247 22.8
    endloop
  endfacet
  facet normal 0.971724 -0.23612 0
    outer loop
      vertex 152.617 114.219 35
      vertex 152.669 114.433 22.8
      vertex 152.669 114.433 35
    endloop
  endfacet
  facet normal 0.971724 -0.23612 0
    outer loop
      vertex 152.669 114.433 22.8
      vertex 152.617 114.219 35
      vertex 152.617 114.219 22.8
    endloop
  endfacet
  facet normal -0.23612 -0.971724 0
    outer loop
      vertex 154.219 115.383 22.8
      vertex 154.433 115.331 35
      vertex 154.219 115.383 35
    endloop
  endfacet
  facet normal -0.23612 -0.971724 -0
    outer loop
      vertex 154.433 115.331 35
      vertex 154.219 115.383 22.8
      vertex 154.433 115.331 22.8
    endloop
  endfacet
  facet normal -0.382352 0.924017 0
    outer loop
      vertex 154.636 112.753 22.8
      vertex 154.433 112.669 35
      vertex 154.636 112.753 35
    endloop
  endfacet
  facet normal -0.382352 0.924017 0
    outer loop
      vertex 154.433 112.669 35
      vertex 154.636 112.753 22.8
      vertex 154.433 112.669 22.8
    endloop
  endfacet
  facet normal -0.0773927 -0.997001 0
    outer loop
      vertex 154 115.4 22.8
      vertex 154.219 115.383 35
      vertex 154 115.4 35
    endloop
  endfacet
  facet normal -0.0773927 -0.997001 -0
    outer loop
      vertex 154.219 115.383 35
      vertex 154 115.4 22.8
      vertex 154.219 115.383 22.8
    endloop
  endfacet
  facet normal 0.0773927 0.997001 -0
    outer loop
      vertex 154 112.6 22.8
      vertex 153.781 112.617 35
      vertex 154 112.6 35
    endloop
  endfacet
  facet normal 0.0773927 0.997001 0
    outer loop
      vertex 153.781 112.617 35
      vertex 154 112.6 22.8
      vertex 153.781 112.617 22.8
    endloop
  endfacet
  facet normal 0 0 1
    outer loop
      vertex 155.383 114.219 22.8
      vertex 155.383 113.781 22.8
      vertex 155.4 114 22.8
    endloop
  endfacet
  facet normal 0 0 1
    outer loop
      vertex 155.331 114.433 22.8
      vertex 155.383 113.781 22.8
      vertex 155.383 114.219 22.8
    endloop
  endfacet
  facet normal 0 0 1
    outer loop
      vertex 155.331 114.433 22.8
      vertex 155.331 113.567 22.8
      vertex 155.383 113.781 22.8
    endloop
  endfacet
  facet normal 0 0 1
    outer loop
      vertex 155.247 114.636 22.8
      vertex 155.331 113.567 22.8
      vertex 155.331 114.433 22.8
    endloop
  endfacet
  facet normal 0 0 1
    outer loop
      vertex 155.247 114.636 22.8
      vertex 155.247 113.364 22.8
      vertex 155.331 113.567 22.8
    endloop
  endfacet
  facet normal 0 0 1
    outer loop
      vertex 155.133 114.823 22.8
      vertex 155.247 113.364 22.8
      vertex 155.247 114.636 22.8
    endloop
  endfacet
  facet normal 0 0 1
    outer loop
      vertex 155.133 114.823 22.8
      vertex 155.133 113.177 22.8
      vertex 155.247 113.364 22.8
    endloop
  endfacet
  facet normal 0 0 1
    outer loop
      vertex 154.99 114.99 22.8
      vertex 155.133 113.177 22.8
      vertex 155.133 114.823 22.8
    endloop
  endfacet
  facet normal 0 0 1
    outer loop
      vertex 154.99 114.99 22.8
      vertex 154.99 113.01 22.8
      vertex 155.133 113.177 22.8
    endloop
  endfacet
  facet normal 0 0 1
    outer loop
      vertex 154.823 115.133 22.8
      vertex 154.99 113.01 22.8
      vertex 154.99 114.99 22.8
    endloop
  endfacet
  facet normal 0 0 1
    outer loop
      vertex 154.823 115.133 22.8
      vertex 154.823 112.867 22.8
      vertex 154.99 113.01 22.8
    endloop
  endfacet
  facet normal 0 0 1
    outer loop
      vertex 154.636 115.247 22.8
      vertex 154.823 112.867 22.8
      vertex 154.823 115.133 22.8
    endloop
  endfacet
  facet normal 0 0 1
    outer loop
      vertex 154.636 115.247 22.8
      vertex 154.636 112.753 22.8
      vertex 154.823 112.867 22.8
    endloop
  endfacet
  facet normal 0 0 1
    outer loop
      vertex 154.433 115.331 22.8
      vertex 154.636 112.753 22.8
      vertex 154.636 115.247 22.8
    endloop
  endfacet
  facet normal 0 0 1
    outer loop
      vertex 154.433 115.331 22.8
      vertex 154.433 112.669 22.8
      vertex 154.636 112.753 22.8
    endloop
  endfacet
  facet normal 0 0 1
    outer loop
      vertex 154.219 115.383 22.8
      vertex 154.433 112.669 22.8
      vertex 154.433 115.331 22.8
    endloop
  endfacet
  facet normal 0 0 1
    outer loop
      vertex 154.219 115.383 22.8
      vertex 154.219 112.617 22.8
      vertex 154.433 112.669 22.8
    endloop
  endfacet
  facet normal 0 0 1
    outer loop
      vertex 154 115.4 22.8
      vertex 154.219 112.617 22.8
      vertex 154.219 115.383 22.8
    endloop
  endfacet
  facet normal 0 0 1
    outer loop
      vertex 154 115.4 22.8
      vertex 154 112.6 22.8
      vertex 154.219 112.617 22.8
    endloop
  endfacet
  facet normal -0 0 1
    outer loop
      vertex 153.781 115.383 22.8
      vertex 154 112.6 22.8
      vertex 154 115.4 22.8
    endloop
  endfacet
  facet normal 0 0 1
    outer loop
      vertex 153.781 115.383 22.8
      vertex 153.781 112.617 22.8
      vertex 154 112.6 22.8
    endloop
  endfacet
  facet normal -0 0 1
    outer loop
      vertex 153.567 115.331 22.8
      vertex 153.781 112.617 22.8
      vertex 153.781 115.383 22.8
    endloop
  endfacet
  facet normal 0 0 1
    outer loop
      vertex 153.567 115.331 22.8
      vertex 153.567 112.669 22.8
      vertex 153.781 112.617 22.8
    endloop
  endfacet
  facet normal -0 0 1
    outer loop
      vertex 153.364 115.247 22.8
      vertex 153.567 112.669 22.8
      vertex 153.567 115.331 22.8
    endloop
  endfacet
  facet normal 0 0 1
    outer loop
      vertex 153.364 115.247 22.8
      vertex 153.364 112.753 22.8
      vertex 153.567 112.669 22.8
    endloop
  endfacet
  facet normal -0 0 1
    outer loop
      vertex 153.177 115.133 22.8
      vertex 153.364 112.753 22.8
      vertex 153.364 115.247 22.8
    endloop
  endfacet
  facet normal 0 0 1
    outer loop
      vertex 153.177 115.133 22.8
      vertex 153.177 112.867 22.8
      vertex 153.364 112.753 22.8
    endloop
  endfacet
  facet normal -0 0 1
    outer loop
      vertex 153.01 114.99 22.8
      vertex 153.177 112.867 22.8
      vertex 153.177 115.133 22.8
    endloop
  endfacet
  facet normal 0 0 1
    outer loop
      vertex 153.01 114.99 22.8
      vertex 153.01 113.01 22.8
      vertex 153.177 112.867 22.8
    endloop
  endfacet
  facet normal -0 0 1
    outer loop
      vertex 152.867 114.823 22.8
      vertex 153.01 113.01 22.8
      vertex 153.01 114.99 22.8
    endloop
  endfacet
  facet normal 0 0 1
    outer loop
      vertex 152.867 114.823 22.8
      vertex 152.867 113.177 22.8
      vertex 153.01 113.01 22.8
    endloop
  endfacet
  facet normal -0 0 1
    outer loop
      vertex 152.753 114.636 22.8
      vertex 152.867 113.177 22.8
      vertex 152.867 114.823 22.8
    endloop
  endfacet
  facet normal 0 0 1
    outer loop
      vertex 152.753 114.636 22.8
      vertex 152.753 113.364 22.8
      vertex 152.867 113.177 22.8
    endloop
  endfacet
  facet normal -0 0 1
    outer loop
      vertex 152.669 114.433 22.8
      vertex 152.753 113.364 22.8
      vertex 152.753 114.636 22.8
    endloop
  endfacet
  facet normal 0 0 1
    outer loop
      vertex 152.669 114.433 22.8
      vertex 152.669 113.567 22.8
      vertex 152.753 113.364 22.8
    endloop
  endfacet
  facet normal -0 0 1
    outer loop
      vertex 152.617 114.219 22.8
      vertex 152.669 113.567 22.8
      vertex 152.669 114.433 22.8
    endloop
  endfacet
  facet normal 0 0 1
    outer loop
      vertex 152.617 114.219 22.8
      vertex 152.617 113.781 22.8
      vertex 152.669 113.567 22.8
    endloop
  endfacet
  facet normal 0 -0 1
    outer loop
      vertex 152.617 113.781 22.8
      vertex 152.617 114.219 22.8
      vertex 152.6 114 22.8
    endloop
  endfacet
  facet normal 0.520526 0.853846 -0
    outer loop
      vertex 153.364 112.753 22.8
      vertex 153.177 112.867 35
      vertex 153.364 112.753 35
    endloop
  endfacet
  facet normal 0.520526 0.853846 0
    outer loop
      vertex 153.177 112.867 35
      vertex 153.364 112.753 22.8
      vertex 153.177 112.867 22.8
    endloop
  endfacet
  facet normal -1 0 0
    outer loop
      vertex 154.5 111.044 7.5
      vertex 154.5 114.5 10.6
      vertex 154.5 114.5 7.5
    endloop
  endfacet
  facet normal -1 -0 0
    outer loop
      vertex 154.5 114.5 10.6
      vertex 154.5 111.044 7.5
      vertex 154.5 111.044 10.6
    endloop
  endfacet
  facet normal -1 0 0
    outer loop
      vertex 154.5 3.5 7.5
      vertex 154.5 6.95569 10.6
      vertex 154.5 6.95569 7.5
    endloop
  endfacet
  facet normal -1 -0 0
    outer loop
      vertex 154.5 6.95569 10.6
      vertex 154.5 3.5 7.5
      vertex 154.5 3.5 10.6
    endloop
  endfacet
  facet normal 0 0 -1
    outer loop
      vertex 3.5 114.5 10.6
      vertex 7 114 10.6
      vertex 6.96306 113.531 10.6
    endloop
  endfacet
  facet normal -0 -0 -1
    outer loop
      vertex 6.95569 114.5 10.6
      vertex 7 114 10.6
      vertex 3.5 114.5 10.6
    endloop
  endfacet
  facet normal 0 0 -1
    outer loop
      vertex 3.5 114.5 10.6
      vertex 6.96306 113.531 10.6
      vertex 6.85317 113.073 10.6
    endloop
  endfacet
  facet normal 0 0 -1
    outer loop
      vertex 3.5 114.5 10.6
      vertex 6.85317 113.073 10.6
      vertex 6.67302 112.638 10.6
    endloop
  endfacet
  facet normal 0 0 -1
    outer loop
      vertex 3.5 114.5 10.6
      vertex 6.67302 112.638 10.6
      vertex 6.42705 112.237 10.6
    endloop
  endfacet
  facet normal 0 0 -1
    outer loop
      vertex 3.5 114.5 10.6
      vertex 6.42705 112.237 10.6
      vertex 6.12132 111.879 10.6
    endloop
  endfacet
  facet normal 0 0 -1
    outer loop
      vertex 3.5 114.5 10.6
      vertex 6.12132 111.879 10.6
      vertex 5.76336 111.573 10.6
    endloop
  endfacet
  facet normal 0 0 -1
    outer loop
      vertex 3.5 114.5 10.6
      vertex 5.76336 111.573 10.6
      vertex 5.36197 111.327 10.6
    endloop
  endfacet
  facet normal 0 0 -1
    outer loop
      vertex 3.5 114.5 10.6
      vertex 5.36197 111.327 10.6
      vertex 4.92705 111.147 10.6
    endloop
  endfacet
  facet normal 0 0 -1
    outer loop
      vertex 3.5 114.5 10.6
      vertex 4.92705 111.147 10.6
      vertex 4.4693 111.037 10.6
    endloop
  endfacet
  facet normal 0 0 -1
    outer loop
      vertex 3.5 114.5 10.6
      vertex 4.4693 111.037 10.6
      vertex 4 111 10.6
    endloop
  endfacet
  facet normal 0 0 -1
    outer loop
      vertex 3.5 111.044 10.6
      vertex 4 111 10.6
      vertex 3.5307 111.037 10.6
    endloop
  endfacet
  facet normal 0 0 -1
    outer loop
      vertex 4 111 10.6
      vertex 3.5 111.044 10.6
      vertex 3.5 114.5 10.6
    endloop
  endfacet
  facet normal 0 0 -1
    outer loop
      vertex 7 114 10.6
      vertex 6.95569 114.5 10.6
      vertex 6.96306 114.469 10.6
    endloop
  endfacet
  facet normal 0 0 -1
    outer loop
      vertex 154 111 10.6
      vertex 154.5 111.044 10.6
      vertex 154.469 111.037 10.6
    endloop
  endfacet
  facet normal -0 0 -1
    outer loop
      vertex 154.5 111.044 10.6
      vertex 154 111 10.6
      vertex 154.5 114.5 10.6
    endloop
  endfacet
  facet normal 0 0 -1
    outer loop
      vertex 153.531 111.037 10.6
      vertex 154.5 114.5 10.6
      vertex 154 111 10.6
    endloop
  endfacet
  facet normal 0 0 -1
    outer loop
      vertex 153.073 111.147 10.6
      vertex 154.5 114.5 10.6
      vertex 153.531 111.037 10.6
    endloop
  endfacet
  facet normal 0 0 -1
    outer loop
      vertex 152.638 111.327 10.6
      vertex 154.5 114.5 10.6
      vertex 153.073 111.147 10.6
    endloop
  endfacet
  facet normal 0 0 -1
    outer loop
      vertex 152.237 111.573 10.6
      vertex 154.5 114.5 10.6
      vertex 152.638 111.327 10.6
    endloop
  endfacet
  facet normal 0 0 -1
    outer loop
      vertex 151.879 111.879 10.6
      vertex 154.5 114.5 10.6
      vertex 152.237 111.573 10.6
    endloop
  endfacet
  facet normal 0 0 -1
    outer loop
      vertex 151.573 112.237 10.6
      vertex 154.5 114.5 10.6
      vertex 151.879 111.879 10.6
    endloop
  endfacet
  facet normal 0 0 -1
    outer loop
      vertex 151.327 112.638 10.6
      vertex 154.5 114.5 10.6
      vertex 151.573 112.237 10.6
    endloop
  endfacet
  facet normal 0 0 -1
    outer loop
      vertex 151.147 113.073 10.6
      vertex 154.5 114.5 10.6
      vertex 151.327 112.638 10.6
    endloop
  endfacet
  facet normal 0 0 -1
    outer loop
      vertex 151.037 113.531 10.6
      vertex 154.5 114.5 10.6
      vertex 151.147 113.073 10.6
    endloop
  endfacet
  facet normal 0 0 -1
    outer loop
      vertex 151 114 10.6
      vertex 154.5 114.5 10.6
      vertex 151.037 113.531 10.6
    endloop
  endfacet
  facet normal -0 0 -1
    outer loop
      vertex 154.5 114.5 10.6
      vertex 151 114 10.6
      vertex 151.044 114.5 10.6
    endloop
  endfacet
  facet normal 0 0 -1
    outer loop
      vertex 151.044 114.5 10.6
      vertex 151 114 10.6
      vertex 151.037 114.469 10.6
    endloop
  endfacet
  facet normal 0 0 -1
    outer loop
      vertex 6.95569 3.5 10.6
      vertex 7 4 10.6
      vertex 6.96306 3.5307 10.6
    endloop
  endfacet
  facet normal 0 0 -1
    outer loop
      vertex 7 4 10.6
      vertex 6.95569 3.5 10.6
      vertex 3.5 3.5 10.6
    endloop
  endfacet
  facet normal -0 0 -1
    outer loop
      vertex 7 4 10.6
      vertex 3.5 3.5 10.6
      vertex 6.96306 4.4693 10.6
    endloop
  endfacet
  facet normal -0 0 -1
    outer loop
      vertex 6.96306 4.4693 10.6
      vertex 3.5 3.5 10.6
      vertex 6.85317 4.92705 10.6
    endloop
  endfacet
  facet normal -0 0 -1
    outer loop
      vertex 6.85317 4.92705 10.6
      vertex 3.5 3.5 10.6
      vertex 6.67302 5.36197 10.6
    endloop
  endfacet
  facet normal -0 0 -1
    outer loop
      vertex 6.67302 5.36197 10.6
      vertex 3.5 3.5 10.6
      vertex 6.42705 5.76336 10.6
    endloop
  endfacet
  facet normal -0 0 -1
    outer loop
      vertex 6.42705 5.76336 10.6
      vertex 3.5 3.5 10.6
      vertex 6.12132 6.12132 10.6
    endloop
  endfacet
  facet normal -0 0 -1
    outer loop
      vertex 6.12132 6.12132 10.6
      vertex 3.5 3.5 10.6
      vertex 5.76336 6.42705 10.6
    endloop
  endfacet
  facet normal -0 0 -1
    outer loop
      vertex 5.76336 6.42705 10.6
      vertex 3.5 3.5 10.6
      vertex 5.36197 6.67302 10.6
    endloop
  endfacet
  facet normal -0 0 -1
    outer loop
      vertex 5.36197 6.67302 10.6
      vertex 3.5 3.5 10.6
      vertex 4.92705 6.85317 10.6
    endloop
  endfacet
  facet normal -0 0 -1
    outer loop
      vertex 4.92705 6.85317 10.6
      vertex 3.5 3.5 10.6
      vertex 4.4693 6.96306 10.6
    endloop
  endfacet
  facet normal -0 0 -1
    outer loop
      vertex 4.4693 6.96306 10.6
      vertex 3.5 3.5 10.6
      vertex 4 7 10.6
    endloop
  endfacet
  facet normal 0 0 -1
    outer loop
      vertex 3.5 6.95569 10.6
      vertex 4 7 10.6
      vertex 3.5 3.5 10.6
    endloop
  endfacet
  facet normal 0 0 -1
    outer loop
      vertex 4 7 10.6
      vertex 3.5 6.95569 10.6
      vertex 3.5307 6.96306 10.6
    endloop
  endfacet
  facet normal 0 0 -1
    outer loop
      vertex 154 7 10.6
      vertex 154.5 6.95569 10.6
      vertex 154.5 3.5 10.6
    endloop
  endfacet
  facet normal 0 0 -1
    outer loop
      vertex 154.5 6.95569 10.6
      vertex 154 7 10.6
      vertex 154.469 6.96306 10.6
    endloop
  endfacet
  facet normal 0 0 -1
    outer loop
      vertex 154.5 3.5 10.6
      vertex 153.531 6.96306 10.6
      vertex 154 7 10.6
    endloop
  endfacet
  facet normal 0 0 -1
    outer loop
      vertex 154.5 3.5 10.6
      vertex 153.073 6.85317 10.6
      vertex 153.531 6.96306 10.6
    endloop
  endfacet
  facet normal 0 0 -1
    outer loop
      vertex 154.5 3.5 10.6
      vertex 152.638 6.67302 10.6
      vertex 153.073 6.85317 10.6
    endloop
  endfacet
  facet normal 0 0 -1
    outer loop
      vertex 154.5 3.5 10.6
      vertex 152.237 6.42705 10.6
      vertex 152.638 6.67302 10.6
    endloop
  endfacet
  facet normal 0 0 -1
    outer loop
      vertex 154.5 3.5 10.6
      vertex 151.879 6.12132 10.6
      vertex 152.237 6.42705 10.6
    endloop
  endfacet
  facet normal 0 0 -1
    outer loop
      vertex 154.5 3.5 10.6
      vertex 151.573 5.76336 10.6
      vertex 151.879 6.12132 10.6
    endloop
  endfacet
  facet normal 0 0 -1
    outer loop
      vertex 154.5 3.5 10.6
      vertex 151.327 5.36197 10.6
      vertex 151.573 5.76336 10.6
    endloop
  endfacet
  facet normal 0 0 -1
    outer loop
      vertex 154.5 3.5 10.6
      vertex 151.147 4.92705 10.6
      vertex 151.327 5.36197 10.6
    endloop
  endfacet
  facet normal 0 0 -1
    outer loop
      vertex 151 4 10.6
      vertex 154.5 3.5 10.6
      vertex 151.044 3.5 10.6
    endloop
  endfacet
  facet normal 0 0 -1
    outer loop
      vertex 151 4 10.6
      vertex 151.044 3.5 10.6
      vertex 151.037 3.5307 10.6
    endloop
  endfacet
  facet normal 0 0 -1
    outer loop
      vertex 154.5 3.5 10.6
      vertex 151.037 4.4693 10.6
      vertex 151.147 4.92705 10.6
    endloop
  endfacet
  facet normal 0 0 -1
    outer loop
      vertex 154.5 3.5 10.6
      vertex 151 4 10.6
      vertex 151.037 4.4693 10.6
    endloop
  endfacet
  facet normal 0 0 1
    outer loop
      vertex 154 111 7.5
      vertex 154.5 111.044 7.5
      vertex 154.5 114.5 7.5
    endloop
  endfacet
  facet normal 0 0 1
    outer loop
      vertex 154.5 111.044 7.5
      vertex 154 111 7.5
      vertex 154.469 111.037 7.5
    endloop
  endfacet
  facet normal 0 0 1
    outer loop
      vertex 154.5 114.5 7.5
      vertex 153.531 111.037 7.5
      vertex 154 111 7.5
    endloop
  endfacet
  facet normal 0 0 1
    outer loop
      vertex 154.5 114.5 7.5
      vertex 153.073 111.147 7.5
      vertex 153.531 111.037 7.5
    endloop
  endfacet
  facet normal 0 0 1
    outer loop
      vertex 154.5 114.5 7.5
      vertex 152.638 111.327 7.5
      vertex 153.073 111.147 7.5
    endloop
  endfacet
  facet normal 0 0 1
    outer loop
      vertex 154.5 114.5 7.5
      vertex 152.237 111.573 7.5
      vertex 152.638 111.327 7.5
    endloop
  endfacet
  facet normal 0 0 1
    outer loop
      vertex 154.5 114.5 7.5
      vertex 151.879 111.879 7.5
      vertex 152.237 111.573 7.5
    endloop
  endfacet
  facet normal 0 0 1
    outer loop
      vertex 154.5 114.5 7.5
      vertex 151.573 112.237 7.5
      vertex 151.879 111.879 7.5
    endloop
  endfacet
  facet normal 0 0 1
    outer loop
      vertex 154.5 114.5 7.5
      vertex 151.327 112.638 7.5
      vertex 151.573 112.237 7.5
    endloop
  endfacet
  facet normal 0 0 1
    outer loop
      vertex 154.5 114.5 7.5
      vertex 151.147 113.073 7.5
      vertex 151.327 112.638 7.5
    endloop
  endfacet
  facet normal 0 0 1
    outer loop
      vertex 151 114 7.5
      vertex 154.5 114.5 7.5
      vertex 151.044 114.5 7.5
    endloop
  endfacet
  facet normal 0 0 1
    outer loop
      vertex 151 114 7.5
      vertex 151.044 114.5 7.5
      vertex 151.037 114.469 7.5
    endloop
  endfacet
  facet normal 0 0 1
    outer loop
      vertex 154.5 114.5 7.5
      vertex 151.037 113.531 7.5
      vertex 151.147 113.073 7.5
    endloop
  endfacet
  facet normal 0 0 1
    outer loop
      vertex 154.5 114.5 7.5
      vertex 151 114 7.5
      vertex 151.037 113.531 7.5
    endloop
  endfacet
  facet normal 0 0 1
    outer loop
      vertex 154 7 7.5
      vertex 154.5 6.95569 7.5
      vertex 154.469 6.96306 7.5
    endloop
  endfacet
  facet normal 0 0 1
    outer loop
      vertex 154.5 6.95569 7.5
      vertex 154 7 7.5
      vertex 154.5 3.5 7.5
    endloop
  endfacet
  facet normal -0 0 1
    outer loop
      vertex 153.531 6.96306 7.5
      vertex 154.5 3.5 7.5
      vertex 154 7 7.5
    endloop
  endfacet
  facet normal -0 0 1
    outer loop
      vertex 153.073 6.85317 7.5
      vertex 154.5 3.5 7.5
      vertex 153.531 6.96306 7.5
    endloop
  endfacet
  facet normal -0 0 1
    outer loop
      vertex 152.638 6.67302 7.5
      vertex 154.5 3.5 7.5
      vertex 153.073 6.85317 7.5
    endloop
  endfacet
  facet normal -0 0 1
    outer loop
      vertex 152.237 6.42705 7.5
      vertex 154.5 3.5 7.5
      vertex 152.638 6.67302 7.5
    endloop
  endfacet
  facet normal -0 0 1
    outer loop
      vertex 151.879 6.12132 7.5
      vertex 154.5 3.5 7.5
      vertex 152.237 6.42705 7.5
    endloop
  endfacet
  facet normal -0 0 1
    outer loop
      vertex 151.573 5.76336 7.5
      vertex 154.5 3.5 7.5
      vertex 151.879 6.12132 7.5
    endloop
  endfacet
  facet normal -0 0 1
    outer loop
      vertex 151.327 5.36197 7.5
      vertex 154.5 3.5 7.5
      vertex 151.573 5.76336 7.5
    endloop
  endfacet
  facet normal -0 0 1
    outer loop
      vertex 151.147 4.92705 7.5
      vertex 154.5 3.5 7.5
      vertex 151.327 5.36197 7.5
    endloop
  endfacet
  facet normal -0 0 1
    outer loop
      vertex 151.037 4.4693 7.5
      vertex 154.5 3.5 7.5
      vertex 151.147 4.92705 7.5
    endloop
  endfacet
  facet normal -0 0 1
    outer loop
      vertex 151 4 7.5
      vertex 154.5 3.5 7.5
      vertex 151.037 4.4693 7.5
    endloop
  endfacet
  facet normal 0 0 1
    outer loop
      vertex 154.5 3.5 7.5
      vertex 151 4 7.5
      vertex 151.044 3.5 7.5
    endloop
  endfacet
  facet normal 0 0 1
    outer loop
      vertex 151.044 3.5 7.5
      vertex 151 4 7.5
      vertex 151.037 3.5307 7.5
    endloop
  endfacet
  facet normal 0 0 1
    outer loop
      vertex 3.5 3.5 7.5
      vertex 7 4 7.5
      vertex 6.96306 4.4693 7.5
    endloop
  endfacet
  facet normal 0 -0 1
    outer loop
      vertex 6.95569 3.5 7.5
      vertex 7 4 7.5
      vertex 3.5 3.5 7.5
    endloop
  endfacet
  facet normal 0 0 1
    outer loop
      vertex 3.5 3.5 7.5
      vertex 6.96306 4.4693 7.5
      vertex 6.85317 4.92705 7.5
    endloop
  endfacet
  facet normal 0 0 1
    outer loop
      vertex 3.5 3.5 7.5
      vertex 6.85317 4.92705 7.5
      vertex 6.67302 5.36197 7.5
    endloop
  endfacet
  facet normal 0 0 1
    outer loop
      vertex 3.5 3.5 7.5
      vertex 6.67302 5.36197 7.5
      vertex 6.42705 5.76336 7.5
    endloop
  endfacet
  facet normal 0 0 1
    outer loop
      vertex 3.5 3.5 7.5
      vertex 6.42705 5.76336 7.5
      vertex 6.12132 6.12132 7.5
    endloop
  endfacet
  facet normal 0 0 1
    outer loop
      vertex 3.5 3.5 7.5
      vertex 6.12132 6.12132 7.5
      vertex 5.76336 6.42705 7.5
    endloop
  endfacet
  facet normal 0 0 1
    outer loop
      vertex 3.5 3.5 7.5
      vertex 5.76336 6.42705 7.5
      vertex 5.36197 6.67302 7.5
    endloop
  endfacet
  facet normal 0 0 1
    outer loop
      vertex 3.5 3.5 7.5
      vertex 5.36197 6.67302 7.5
      vertex 4.92705 6.85317 7.5
    endloop
  endfacet
  facet normal 0 0 1
    outer loop
      vertex 3.5 3.5 7.5
      vertex 4.92705 6.85317 7.5
      vertex 4.4693 6.96306 7.5
    endloop
  endfacet
  facet normal 0 0 1
    outer loop
      vertex 3.5 3.5 7.5
      vertex 4.4693 6.96306 7.5
      vertex 4 7 7.5
    endloop
  endfacet
  facet normal 0 0 1
    outer loop
      vertex 3.5 6.95569 7.5
      vertex 4 7 7.5
      vertex 3.5307 6.96306 7.5
    endloop
  endfacet
  facet normal 0 0 1
    outer loop
      vertex 4 7 7.5
      vertex 3.5 6.95569 7.5
      vertex 3.5 3.5 7.5
    endloop
  endfacet
  facet normal 0 0 1
    outer loop
      vertex 7 4 7.5
      vertex 6.95569 3.5 7.5
      vertex 6.96306 3.5307 7.5
    endloop
  endfacet
  facet normal 0 0 1
    outer loop
      vertex 6.95569 114.5 7.5
      vertex 7 114 7.5
      vertex 6.96306 114.469 7.5
    endloop
  endfacet
  facet normal 0 0 1
    outer loop
      vertex 7 114 7.5
      vertex 6.95569 114.5 7.5
      vertex 3.5 114.5 7.5
    endloop
  endfacet
  facet normal 0 0 1
    outer loop
      vertex 7 114 7.5
      vertex 3.5 114.5 7.5
      vertex 6.96306 113.531 7.5
    endloop
  endfacet
  facet normal 0 0 1
    outer loop
      vertex 6.96306 113.531 7.5
      vertex 3.5 114.5 7.5
      vertex 6.85317 113.073 7.5
    endloop
  endfacet
  facet normal 0 0 1
    outer loop
      vertex 6.85317 113.073 7.5
      vertex 3.5 114.5 7.5
      vertex 6.67302 112.638 7.5
    endloop
  endfacet
  facet normal 0 0 1
    outer loop
      vertex 6.67302 112.638 7.5
      vertex 3.5 114.5 7.5
      vertex 6.42705 112.237 7.5
    endloop
  endfacet
  facet normal 0 0 1
    outer loop
      vertex 6.42705 112.237 7.5
      vertex 3.5 114.5 7.5
      vertex 6.12132 111.879 7.5
    endloop
  endfacet
  facet normal 0 0 1
    outer loop
      vertex 6.12132 111.879 7.5
      vertex 3.5 114.5 7.5
      vertex 5.76336 111.573 7.5
    endloop
  endfacet
  facet normal 0 0 1
    outer loop
      vertex 5.76336 111.573 7.5
      vertex 3.5 114.5 7.5
      vertex 5.36197 111.327 7.5
    endloop
  endfacet
  facet normal 0 0 1
    outer loop
      vertex 5.36197 111.327 7.5
      vertex 3.5 114.5 7.5
      vertex 4.92705 111.147 7.5
    endloop
  endfacet
  facet normal 0 0 1
    outer loop
      vertex 4.92705 111.147 7.5
      vertex 3.5 114.5 7.5
      vertex 4.4693 111.037 7.5
    endloop
  endfacet
  facet normal 0 0 1
    outer loop
      vertex 4.4693 111.037 7.5
      vertex 3.5 114.5 7.5
      vertex 4 111 7.5
    endloop
  endfacet
  facet normal -0 0 1
    outer loop
      vertex 3.5 111.044 7.5
      vertex 4 111 7.5
      vertex 3.5 114.5 7.5
    endloop
  endfacet
  facet normal 0 0 1
    outer loop
      vertex 4 111 7.5
      vertex 3.5 111.044 7.5
      vertex 3.5307 111.037 7.5
    endloop
  endfacet
  facet normal 1 -0 0
    outer loop
      vertex 3.5 111.044 10.6
      vertex 3.5 114.5 7.5
      vertex 3.5 114.5 10.6
    endloop
  endfacet
  facet normal 1 0 0
    outer loop
      vertex 3.5 114.5 7.5
      vertex 3.5 111.044 10.6
      vertex 3.5 111.044 7.5
    endloop
  endfacet
  facet normal 1 -0 0
    outer loop
      vertex 3.5 3.5 10.6
      vertex 3.5 6.95569 7.5
      vertex 3.5 6.95569 10.6
    endloop
  endfacet
  facet normal 1 0 0
    outer loop
      vertex 3.5 6.95569 7.5
      vertex 3.5 3.5 10.6
      vertex 3.5 3.5 7.5
    endloop
  endfacet
  facet normal 0 -1 0
    outer loop
      vertex 3.5 114.5 7.5
      vertex 6.95569 114.5 10.6
      vertex 3.5 114.5 10.6
    endloop
  endfacet
  facet normal 0 -1 -0
    outer loop
      vertex 6.95569 114.5 10.6
      vertex 3.5 114.5 7.5
      vertex 6.95569 114.5 7.5
    endloop
  endfacet
  facet normal 0 -1 0
    outer loop
      vertex 151.044 114.5 7.5
      vertex 154.5 114.5 10.6
      vertex 151.044 114.5 10.6
    endloop
  endfacet
  facet normal 0 -1 -0
    outer loop
      vertex 154.5 114.5 10.6
      vertex 151.044 114.5 7.5
      vertex 154.5 114.5 7.5
    endloop
  endfacet
  facet normal 0 1 -0
    outer loop
      vertex 6.95569 3.5 7.5
      vertex 3.5 3.5 10.6
      vertex 6.95569 3.5 10.6
    endloop
  endfacet
  facet normal 0 1 0
    outer loop
      vertex 3.5 3.5 10.6
      vertex 6.95569 3.5 7.5
      vertex 3.5 3.5 7.5
    endloop
  endfacet
  facet normal 0 1 -0
    outer loop
      vertex 154.5 3.5 7.5
      vertex 151.044 3.5 10.6
      vertex 154.5 3.5 10.6
    endloop
  endfacet
  facet normal 0 1 0
    outer loop
      vertex 151.044 3.5 10.6
      vertex 154.5 3.5 7.5
      vertex 151.044 3.5 7.5
    endloop
  endfacet
endsolid OpenSCAD_Model
