solid OpenSCAD_Model
  facet normal 1 -0 0
    outer loop
      vertex 155.2 5.20386 5
      vertex 155.2 112.796 2.5
      vertex 155.2 112.796 5
    endloop
  endfacet
  facet normal 1 0 0
    outer loop
      vertex 155.2 112.796 2.5
      vertex 155.2 5.20386 5
      vertex 155.2 5.20386 2.5
    endloop
  endfacet
  facet normal -0 0 1
    outer loop
      vertex 4.77178 112.485 5
      vertex 4.8 5.49742 5
      vertex 4.8 112.503 5
    endloop
  endfacet
  facet normal 0 0 1
    outer loop
      vertex 4.77178 112.485 5
      vertex 4.77178 5.51471 5
      vertex 4.8 5.49742 5
    endloop
  endfacet
  facet normal -0 0 1
    outer loop
      vertex 4.52533 112.383 5
      vertex 4.77178 5.51471 5
      vertex 4.77178 112.485 5
    endloop
  endfacet
  facet normal 0 0 1
    outer loop
      vertex 4.52533 112.383 5
      vertex 4.52533 5.6168 5
      vertex 4.77178 5.51471 5
    endloop
  endfacet
  facet normal -0 0 1
    outer loop
      vertex 4.26594 112.321 5
      vertex 4.52533 5.6168 5
      vertex 4.52533 112.383 5
    endloop
  endfacet
  facet normal 0 0 1
    outer loop
      vertex 4.26594 112.321 5
      vertex 4.26594 5.67907 5
      vertex 4.52533 5.6168 5
    endloop
  endfacet
  facet normal -0 0 1
    outer loop
      vertex 4 112.3 5
      vertex 4.26594 5.67907 5
      vertex 4.26594 112.321 5
    endloop
  endfacet
  facet normal 0 0 1
    outer loop
      vertex 4 112.3 5
      vertex 4 5.7 5
      vertex 4.26594 5.67907 5
    endloop
  endfacet
  facet normal 0 0 1
    outer loop
      vertex 3.73406 112.321 5
      vertex 4 5.7 5
      vertex 4 112.3 5
    endloop
  endfacet
  facet normal 0 0 1
    outer loop
      vertex 3.73406 112.321 5
      vertex 3.73406 5.67907 5
      vertex 4 5.7 5
    endloop
  endfacet
  facet normal 0 0 1
    outer loop
      vertex 3.47467 112.383 5
      vertex 3.73406 5.67907 5
      vertex 3.73406 112.321 5
    endloop
  endfacet
  facet normal 0 0 1
    outer loop
      vertex 3.47467 112.383 5
      vertex 3.47467 5.6168 5
      vertex 3.73406 5.67907 5
    endloop
  endfacet
  facet normal 0 0 1
    outer loop
      vertex 3.22822 112.485 5
      vertex 3.47467 5.6168 5
      vertex 3.47467 112.383 5
    endloop
  endfacet
  facet normal 0 0 1
    outer loop
      vertex 3.22822 112.485 5
      vertex 3.22822 5.51471 5
      vertex 3.47467 5.6168 5
    endloop
  endfacet
  facet normal 0 0 1
    outer loop
      vertex 3.00077 112.625 5
      vertex 3.22822 5.51471 5
      vertex 3.22822 112.485 5
    endloop
  endfacet
  facet normal 0 0 1
    outer loop
      vertex 3.00077 112.625 5
      vertex 3.00077 5.37533 5
      vertex 3.22822 5.51471 5
    endloop
  endfacet
  facet normal 0 0 1
    outer loop
      vertex 2.8 112.796 5
      vertex 3.00077 5.37533 5
      vertex 3.00077 112.625 5
    endloop
  endfacet
  facet normal 0 0 1
    outer loop
      vertex 3.00077 5.37533 5
      vertex 2.8 112.796 5
      vertex 2.8 5.20386 5
    endloop
  endfacet
  facet normal 0 0 1
    outer loop
      vertex 152.321 114.266 5
      vertex 5.7 114 5
      vertex 152.3 114 5
    endloop
  endfacet
  facet normal 0 0 1
    outer loop
      vertex 5.67907 114.266 5
      vertex 152.321 114.266 5
      vertex 152.383 114.525 5
    endloop
  endfacet
  facet normal 0 0 1
    outer loop
      vertex 5.6168 114.525 5
      vertex 152.383 114.525 5
      vertex 152.485 114.772 5
    endloop
  endfacet
  facet normal 0 0 1
    outer loop
      vertex 5.51471 114.772 5
      vertex 152.485 114.772 5
      vertex 152.625 114.999 5
    endloop
  endfacet
  facet normal 0 0 1
    outer loop
      vertex 5.37533 114.999 5
      vertex 152.625 114.999 5
      vertex 152.796 115.2 5
    endloop
  endfacet
  facet normal 0 0 1
    outer loop
      vertex 152.321 114.266 5
      vertex 5.67907 114.266 5
      vertex 5.7 114 5
    endloop
  endfacet
  facet normal 0 0 1
    outer loop
      vertex 152.383 114.525 5
      vertex 5.6168 114.525 5
      vertex 5.67907 114.266 5
    endloop
  endfacet
  facet normal 0 0 1
    outer loop
      vertex 152.485 114.772 5
      vertex 5.51471 114.772 5
      vertex 5.6168 114.525 5
    endloop
  endfacet
  facet normal 0 0 1
    outer loop
      vertex 152.625 114.999 5
      vertex 5.37533 114.999 5
      vertex 5.51471 114.772 5
    endloop
  endfacet
  facet normal 0 -0 1
    outer loop
      vertex 5.37533 114.999 5
      vertex 152.796 115.2 5
      vertex 5.20386 115.2 5
    endloop
  endfacet
  facet normal -0 0 1
    outer loop
      vertex 5.7 114 5
      vertex 152.321 113.734 5
      vertex 152.3 114 5
    endloop
  endfacet
  facet normal 0 0 1
    outer loop
      vertex 5.67907 113.734 5
      vertex 152.321 113.734 5
      vertex 5.7 114 5
    endloop
  endfacet
  facet normal 0 0 1
    outer loop
      vertex 152.321 113.734 5
      vertex 5.67907 113.734 5
      vertex 152.383 113.475 5
    endloop
  endfacet
  facet normal 0 0 1
    outer loop
      vertex 5.6168 113.475 5
      vertex 152.383 113.475 5
      vertex 5.67907 113.734 5
    endloop
  endfacet
  facet normal 0 0 1
    outer loop
      vertex 152.383 113.475 5
      vertex 5.6168 113.475 5
      vertex 152.485 113.228 5
    endloop
  endfacet
  facet normal 0 0 1
    outer loop
      vertex 5.51471 113.228 5
      vertex 152.485 113.228 5
      vertex 5.6168 113.475 5
    endloop
  endfacet
  facet normal 0 0 1
    outer loop
      vertex 152.485 113.228 5
      vertex 5.51471 113.228 5
      vertex 152.503 113.2 5
    endloop
  endfacet
  facet normal 0 0 1
    outer loop
      vertex 152.503 113.2 5
      vertex 5.51471 113.228 5
      vertex 5.49742 113.2 5
    endloop
  endfacet
  facet normal 0 0 1
    outer loop
      vertex 152.321 4.26594 5
      vertex 5.7 4 5
      vertex 152.3 4 5
    endloop
  endfacet
  facet normal 0 0 1
    outer loop
      vertex 5.67907 4.26594 5
      vertex 152.321 4.26594 5
      vertex 152.383 4.52533 5
    endloop
  endfacet
  facet normal 0 0 1
    outer loop
      vertex 5.6168 4.52533 5
      vertex 152.383 4.52533 5
      vertex 152.485 4.77178 5
    endloop
  endfacet
  facet normal 0 0 1
    outer loop
      vertex 5.51471 4.77178 5
      vertex 152.485 4.77178 5
      vertex 152.503 4.8 5
    endloop
  endfacet
  facet normal 0 0 1
    outer loop
      vertex 152.321 4.26594 5
      vertex 5.67907 4.26594 5
      vertex 5.7 4 5
    endloop
  endfacet
  facet normal 0 0 1
    outer loop
      vertex 152.383 4.52533 5
      vertex 5.6168 4.52533 5
      vertex 5.67907 4.26594 5
    endloop
  endfacet
  facet normal 0 0 1
    outer loop
      vertex 152.485 4.77178 5
      vertex 5.51471 4.77178 5
      vertex 5.6168 4.52533 5
    endloop
  endfacet
  facet normal 0 -0 1
    outer loop
      vertex 5.51471 4.77178 5
      vertex 152.503 4.8 5
      vertex 5.49742 4.8 5
    endloop
  endfacet
  facet normal -0 0 1
    outer loop
      vertex 5.7 4 5
      vertex 152.321 3.73406 5
      vertex 152.3 4 5
    endloop
  endfacet
  facet normal 0 0 1
    outer loop
      vertex 5.67907 3.73406 5
      vertex 152.321 3.73406 5
      vertex 5.7 4 5
    endloop
  endfacet
  facet normal 0 0 1
    outer loop
      vertex 152.321 3.73406 5
      vertex 5.67907 3.73406 5
      vertex 152.383 3.47467 5
    endloop
  endfacet
  facet normal 0 0 1
    outer loop
      vertex 5.6168 3.47467 5
      vertex 152.383 3.47467 5
      vertex 5.67907 3.73406 5
    endloop
  endfacet
  facet normal 0 0 1
    outer loop
      vertex 152.383 3.47467 5
      vertex 5.6168 3.47467 5
      vertex 152.485 3.22822 5
    endloop
  endfacet
  facet normal 0 0 1
    outer loop
      vertex 5.51471 3.22822 5
      vertex 152.485 3.22822 5
      vertex 5.6168 3.47467 5
    endloop
  endfacet
  facet normal 0 0 1
    outer loop
      vertex 152.485 3.22822 5
      vertex 5.51471 3.22822 5
      vertex 152.625 3.00077 5
    endloop
  endfacet
  facet normal 0 0 1
    outer loop
      vertex 5.37533 3.00077 5
      vertex 152.625 3.00077 5
      vertex 5.51471 3.22822 5
    endloop
  endfacet
  facet normal 0 0 1
    outer loop
      vertex 152.625 3.00077 5
      vertex 5.37533 3.00077 5
      vertex 152.796 2.8 5
    endloop
  endfacet
  facet normal 0 0 1
    outer loop
      vertex 152.796 2.8 5
      vertex 5.37533 3.00077 5
      vertex 5.20386 2.8 5
    endloop
  endfacet
  facet normal -0 0 1
    outer loop
      vertex 154.999 112.625 5
      vertex 155.2 5.20386 5
      vertex 155.2 112.796 5
    endloop
  endfacet
  facet normal 0 0 1
    outer loop
      vertex 154.999 112.625 5
      vertex 154.999 5.37533 5
      vertex 155.2 5.20386 5
    endloop
  endfacet
  facet normal -0 0 1
    outer loop
      vertex 154.772 112.485 5
      vertex 154.999 5.37533 5
      vertex 154.999 112.625 5
    endloop
  endfacet
  facet normal 0 0 1
    outer loop
      vertex 154.772 112.485 5
      vertex 154.772 5.51471 5
      vertex 154.999 5.37533 5
    endloop
  endfacet
  facet normal -0 0 1
    outer loop
      vertex 154.525 112.383 5
      vertex 154.772 5.51471 5
      vertex 154.772 112.485 5
    endloop
  endfacet
  facet normal 0 0 1
    outer loop
      vertex 154.525 112.383 5
      vertex 154.525 5.6168 5
      vertex 154.772 5.51471 5
    endloop
  endfacet
  facet normal -0 0 1
    outer loop
      vertex 154.266 112.321 5
      vertex 154.525 5.6168 5
      vertex 154.525 112.383 5
    endloop
  endfacet
  facet normal 0 0 1
    outer loop
      vertex 154.266 112.321 5
      vertex 154.266 5.67907 5
      vertex 154.525 5.6168 5
    endloop
  endfacet
  facet normal -0 0 1
    outer loop
      vertex 154 112.3 5
      vertex 154.266 5.67907 5
      vertex 154.266 112.321 5
    endloop
  endfacet
  facet normal 0 0 1
    outer loop
      vertex 154 112.3 5
      vertex 154 5.7 5
      vertex 154.266 5.67907 5
    endloop
  endfacet
  facet normal 0 0 1
    outer loop
      vertex 153.734 112.321 5
      vertex 154 5.7 5
      vertex 154 112.3 5
    endloop
  endfacet
  facet normal 0 0 1
    outer loop
      vertex 153.734 112.321 5
      vertex 153.734 5.67907 5
      vertex 154 5.7 5
    endloop
  endfacet
  facet normal 0 0 1
    outer loop
      vertex 153.475 112.383 5
      vertex 153.734 5.67907 5
      vertex 153.734 112.321 5
    endloop
  endfacet
  facet normal 0 0 1
    outer loop
      vertex 153.475 112.383 5
      vertex 153.475 5.6168 5
      vertex 153.734 5.67907 5
    endloop
  endfacet
  facet normal 0 0 1
    outer loop
      vertex 153.228 112.485 5
      vertex 153.475 5.6168 5
      vertex 153.475 112.383 5
    endloop
  endfacet
  facet normal 0 0 1
    outer loop
      vertex 153.228 112.485 5
      vertex 153.228 5.51471 5
      vertex 153.475 5.6168 5
    endloop
  endfacet
  facet normal 0 0 1
    outer loop
      vertex 153.2 112.503 5
      vertex 153.228 5.51471 5
      vertex 153.228 112.485 5
    endloop
  endfacet
  facet normal 0 0 1
    outer loop
      vertex 153.228 5.51471 5
      vertex 153.2 112.503 5
      vertex 153.2 5.49742 5
    endloop
  endfacet
  facet normal 0 0 1
    outer loop
      vertex 155.515 113.228 2.5
      vertex 158 115 2.5
      vertex 155.617 113.475 2.5
    endloop
  endfacet
  facet normal 0 0 1
    outer loop
      vertex 158 3 2.5
      vertex 155.679 4.26594 2.5
      vertex 155.7 4 2.5
    endloop
  endfacet
  facet normal 0 0 1
    outer loop
      vertex 155.375 113.001 2.5
      vertex 158 115 2.5
      vertex 155.515 113.228 2.5
    endloop
  endfacet
  facet normal 0 0 1
    outer loop
      vertex 158 3 2.5
      vertex 155.617 4.52533 2.5
      vertex 155.679 4.26594 2.5
    endloop
  endfacet
  facet normal 0 0 1
    outer loop
      vertex 155.202 112.798 2.5
      vertex 158 115 2.5
      vertex 155.375 113.001 2.5
    endloop
  endfacet
  facet normal 0 0 1
    outer loop
      vertex 158 3 2.5
      vertex 155.515 4.77178 2.5
      vertex 155.617 4.52533 2.5
    endloop
  endfacet
  facet normal 0 0 1
    outer loop
      vertex 155.2 112.796 2.5
      vertex 158 115 2.5
      vertex 155.202 112.798 2.5
    endloop
  endfacet
  facet normal 0 0 1
    outer loop
      vertex 158 3 2.5
      vertex 155.375 4.99923 2.5
      vertex 155.515 4.77178 2.5
    endloop
  endfacet
  facet normal 0 0 1
    outer loop
      vertex 158 115 2.5
      vertex 155.2 112.796 2.5
      vertex 158 3 2.5
    endloop
  endfacet
  facet normal 0 0 1
    outer loop
      vertex 158 3 2.5
      vertex 155.202 5.20208 2.5
      vertex 155.375 4.99923 2.5
    endloop
  endfacet
  facet normal -0 0 1
    outer loop
      vertex 155.2 5.20386 2.5
      vertex 158 3 2.5
      vertex 155.2 112.796 2.5
    endloop
  endfacet
  facet normal 0 0 1
    outer loop
      vertex 158 3 2.5
      vertex 155.2 5.20386 2.5
      vertex 155.202 5.20208 2.5
    endloop
  endfacet
  facet normal 0 0 1
    outer loop
      vertex 155.617 114.525 2.5
      vertex 158 115 2.5
      vertex 157.963 115.469 2.5
    endloop
  endfacet
  facet normal 0 0 1
    outer loop
      vertex 155.679 113.734 2.5
      vertex 158 115 2.5
      vertex 155.7 114 2.5
    endloop
  endfacet
  facet normal 0 0 1
    outer loop
      vertex 155.515 114.772 2.5
      vertex 157.963 115.469 2.5
      vertex 157.853 115.927 2.5
    endloop
  endfacet
  facet normal 0 0 1
    outer loop
      vertex 155.617 113.475 2.5
      vertex 158 115 2.5
      vertex 155.679 113.734 2.5
    endloop
  endfacet
  facet normal 0 0 1
    outer loop
      vertex 155.375 114.999 2.5
      vertex 157.853 115.927 2.5
      vertex 157.673 116.362 2.5
    endloop
  endfacet
  facet normal -0 0 1
    outer loop
      vertex 155.679 3.73406 2.5
      vertex 158 3 2.5
      vertex 155.7 4 2.5
    endloop
  endfacet
  facet normal 0 0 1
    outer loop
      vertex 155.375 114.999 2.5
      vertex 157.673 116.362 2.5
      vertex 157.427 116.763 2.5
    endloop
  endfacet
  facet normal -0 0 1
    outer loop
      vertex 155.617 3.47467 2.5
      vertex 158 3 2.5
      vertex 155.679 3.73406 2.5
    endloop
  endfacet
  facet normal 0 0 1
    outer loop
      vertex 155.202 115.202 2.5
      vertex 157.427 116.763 2.5
      vertex 157.121 117.121 2.5
    endloop
  endfacet
  facet normal 0 0 1
    outer loop
      vertex 158 3 2.5
      vertex 155.617 3.47467 2.5
      vertex 157.963 2.5307 2.5
    endloop
  endfacet
  facet normal 0 0 1
    outer loop
      vertex 155.202 115.202 2.5
      vertex 157.121 117.121 2.5
      vertex 156.763 117.427 2.5
    endloop
  endfacet
  facet normal -0 0 1
    outer loop
      vertex 155.515 3.22822 2.5
      vertex 157.963 2.5307 2.5
      vertex 155.617 3.47467 2.5
    endloop
  endfacet
  facet normal 0 0 1
    outer loop
      vertex 154.999 115.375 2.5
      vertex 156.763 117.427 2.5
      vertex 156.362 117.673 2.5
    endloop
  endfacet
  facet normal 0 0 1
    outer loop
      vertex 157.963 2.5307 2.5
      vertex 155.515 3.22822 2.5
      vertex 157.853 2.07295 2.5
    endloop
  endfacet
  facet normal 0 0 1
    outer loop
      vertex 154.999 115.375 2.5
      vertex 156.362 117.673 2.5
      vertex 155.927 117.853 2.5
    endloop
  endfacet
  facet normal -0 0 1
    outer loop
      vertex 155.375 3.00077 2.5
      vertex 157.853 2.07295 2.5
      vertex 155.515 3.22822 2.5
    endloop
  endfacet
  facet normal 0 0 1
    outer loop
      vertex 157.853 2.07295 2.5
      vertex 155.375 3.00077 2.5
      vertex 157.673 1.63803 2.5
    endloop
  endfacet
  facet normal 0 0 1
    outer loop
      vertex 158 115 2.5
      vertex 155.679 114.266 2.5
      vertex 155.7 114 2.5
    endloop
  endfacet
  facet normal 0 0 1
    outer loop
      vertex 158 115 2.5
      vertex 155.617 114.525 2.5
      vertex 155.679 114.266 2.5
    endloop
  endfacet
  facet normal 0 0 1
    outer loop
      vertex 157.963 115.469 2.5
      vertex 155.515 114.772 2.5
      vertex 155.617 114.525 2.5
    endloop
  endfacet
  facet normal 0 0 1
    outer loop
      vertex 154.772 115.515 2.5
      vertex 155.927 117.853 2.5
      vertex 155.469 117.963 2.5
    endloop
  endfacet
  facet normal 0 0 1
    outer loop
      vertex 157.853 115.927 2.5
      vertex 155.375 114.999 2.5
      vertex 155.515 114.772 2.5
    endloop
  endfacet
  facet normal 0 0 1
    outer loop
      vertex 157.427 116.763 2.5
      vertex 155.202 115.202 2.5
      vertex 155.375 114.999 2.5
    endloop
  endfacet
  facet normal 0 0 1
    outer loop
      vertex 154.772 115.515 2.5
      vertex 155.469 117.963 2.5
      vertex 155 118 2.5
    endloop
  endfacet
  facet normal 0 0 1
    outer loop
      vertex 156.763 117.427 2.5
      vertex 154.999 115.375 2.5
      vertex 155.202 115.202 2.5
    endloop
  endfacet
  facet normal 0 0 1
    outer loop
      vertex 155.927 117.853 2.5
      vertex 154.772 115.515 2.5
      vertex 154.999 115.375 2.5
    endloop
  endfacet
  facet normal 0 0 1
    outer loop
      vertex 155 118 2.5
      vertex 154.525 115.617 2.5
      vertex 154.772 115.515 2.5
    endloop
  endfacet
  facet normal 0 0 1
    outer loop
      vertex 155 118 2.5
      vertex 154.266 115.679 2.5
      vertex 154.525 115.617 2.5
    endloop
  endfacet
  facet normal 0 0 1
    outer loop
      vertex 155 118 2.5
      vertex 154 115.7 2.5
      vertex 154.266 115.679 2.5
    endloop
  endfacet
  facet normal 0 0 1
    outer loop
      vertex 155 118 2.5
      vertex 153.734 115.679 2.5
      vertex 154 115.7 2.5
    endloop
  endfacet
  facet normal 0 0 1
    outer loop
      vertex 155 118 2.5
      vertex 153.475 115.617 2.5
      vertex 153.734 115.679 2.5
    endloop
  endfacet
  facet normal 0 0 1
    outer loop
      vertex 155 118 2.5
      vertex 153.228 115.515 2.5
      vertex 153.475 115.617 2.5
    endloop
  endfacet
  facet normal 0 0 1
    outer loop
      vertex 155 118 2.5
      vertex 153.001 115.375 2.5
      vertex 153.228 115.515 2.5
    endloop
  endfacet
  facet normal 0 0 1
    outer loop
      vertex 155 118 2.5
      vertex 152.798 115.202 2.5
      vertex 153.001 115.375 2.5
    endloop
  endfacet
  facet normal 0 0 1
    outer loop
      vertex 155 118 2.5
      vertex 152.796 115.2 2.5
      vertex 152.798 115.202 2.5
    endloop
  endfacet
  facet normal 0 0 1
    outer loop
      vertex 155 118 2.5
      vertex 5.20386 115.2 2.5
      vertex 152.796 115.2 2.5
    endloop
  endfacet
  facet normal -0 0 1
    outer loop
      vertex 3 118 2.5
      vertex 5.20386 115.2 2.5
      vertex 155 118 2.5
    endloop
  endfacet
  facet normal 0 0 1
    outer loop
      vertex 5.20386 115.2 2.5
      vertex 3 118 2.5
      vertex 5.20208 115.202 2.5
    endloop
  endfacet
  facet normal 0 0 1
    outer loop
      vertex 5.20208 115.202 2.5
      vertex 3 118 2.5
      vertex 4.99923 115.375 2.5
    endloop
  endfacet
  facet normal 0 0 1
    outer loop
      vertex 4.99923 115.375 2.5
      vertex 3 118 2.5
      vertex 4.77178 115.515 2.5
    endloop
  endfacet
  facet normal 0 0 1
    outer loop
      vertex 4.77178 115.515 2.5
      vertex 3 118 2.5
      vertex 4.52533 115.617 2.5
    endloop
  endfacet
  facet normal 0 0 1
    outer loop
      vertex 4.52533 115.617 2.5
      vertex 3 118 2.5
      vertex 4.26594 115.679 2.5
    endloop
  endfacet
  facet normal 0 0 1
    outer loop
      vertex 4.26594 115.679 2.5
      vertex 3 118 2.5
      vertex 4 115.7 2.5
    endloop
  endfacet
  facet normal 0 0 1
    outer loop
      vertex 3 118 2.5
      vertex 3.73406 115.679 2.5
      vertex 4 115.7 2.5
    endloop
  endfacet
  facet normal 0 0 1
    outer loop
      vertex 3 118 2.5
      vertex 3.47467 115.617 2.5
      vertex 3.73406 115.679 2.5
    endloop
  endfacet
  facet normal 0 0 1
    outer loop
      vertex 3 118 2.5
      vertex 3.22822 115.515 2.5
      vertex 3.47467 115.617 2.5
    endloop
  endfacet
  facet normal -0 0 1
    outer loop
      vertex 2.5307 117.963 2.5
      vertex 3.22822 115.515 2.5
      vertex 3 118 2.5
    endloop
  endfacet
  facet normal -0 0 1
    outer loop
      vertex 2.07295 117.853 2.5
      vertex 3.22822 115.515 2.5
      vertex 2.5307 117.963 2.5
    endloop
  endfacet
  facet normal 0 0 1
    outer loop
      vertex 3.22822 115.515 2.5
      vertex 2.07295 117.853 2.5
      vertex 3.00077 115.375 2.5
    endloop
  endfacet
  facet normal -0 0 1
    outer loop
      vertex 1.63803 117.673 2.5
      vertex 3.00077 115.375 2.5
      vertex 2.07295 117.853 2.5
    endloop
  endfacet
  facet normal -0 0 1
    outer loop
      vertex 1.23664 117.427 2.5
      vertex 3.00077 115.375 2.5
      vertex 1.63803 117.673 2.5
    endloop
  endfacet
  facet normal 0 0 1
    outer loop
      vertex 3.00077 115.375 2.5
      vertex 1.23664 117.427 2.5
      vertex 2.79792 115.202 2.5
    endloop
  endfacet
  facet normal -0 0 1
    outer loop
      vertex 0.878679 117.121 2.5
      vertex 2.79792 115.202 2.5
      vertex 1.23664 117.427 2.5
    endloop
  endfacet
  facet normal -0 0 1
    outer loop
      vertex 0.572948 116.763 2.5
      vertex 2.79792 115.202 2.5
      vertex 0.878679 117.121 2.5
    endloop
  endfacet
  facet normal -0 0 1
    outer loop
      vertex 0.32698 116.362 2.5
      vertex 2.62467 114.999 2.5
      vertex 0.572948 116.763 2.5
    endloop
  endfacet
  facet normal 0 0 1
    outer loop
      vertex 2.79792 115.202 2.5
      vertex 0.572948 116.763 2.5
      vertex 2.62467 114.999 2.5
    endloop
  endfacet
  facet normal 0 0 1
    outer loop
      vertex 157.673 1.63803 2.5
      vertex 155.375 3.00077 2.5
      vertex 157.427 1.23664 2.5
    endloop
  endfacet
  facet normal -0 0 1
    outer loop
      vertex 155.202 2.79792 2.5
      vertex 157.427 1.23664 2.5
      vertex 155.375 3.00077 2.5
    endloop
  endfacet
  facet normal 0 0 1
    outer loop
      vertex 157.427 1.23664 2.5
      vertex 155.202 2.79792 2.5
      vertex 157.121 0.878679 2.5
    endloop
  endfacet
  facet normal 0 0 1
    outer loop
      vertex 157.121 0.878679 2.5
      vertex 155.202 2.79792 2.5
      vertex 156.763 0.572948 2.5
    endloop
  endfacet
  facet normal -0 0 1
    outer loop
      vertex 154.999 2.62467 2.5
      vertex 156.763 0.572948 2.5
      vertex 155.202 2.79792 2.5
    endloop
  endfacet
  facet normal 0 0 1
    outer loop
      vertex 156.763 0.572948 2.5
      vertex 154.999 2.62467 2.5
      vertex 156.362 0.32698 2.5
    endloop
  endfacet
  facet normal 0 0 1
    outer loop
      vertex 156.362 0.32698 2.5
      vertex 154.999 2.62467 2.5
      vertex 155.927 0.14683 2.5
    endloop
  endfacet
  facet normal -0 0 1
    outer loop
      vertex 154.772 2.48529 2.5
      vertex 155.927 0.14683 2.5
      vertex 154.999 2.62467 2.5
    endloop
  endfacet
  facet normal 0 0 1
    outer loop
      vertex 155.927 0.14683 2.5
      vertex 154.772 2.48529 2.5
      vertex 155.469 0.0369349 2.5
    endloop
  endfacet
  facet normal 0 0 1
    outer loop
      vertex 155.469 0.0369349 2.5
      vertex 154.772 2.48529 2.5
      vertex 155 0 2.5
    endloop
  endfacet
  facet normal -0 0 1
    outer loop
      vertex 154.525 2.3832 2.5
      vertex 155 0 2.5
      vertex 154.772 2.48529 2.5
    endloop
  endfacet
  facet normal -0 0 1
    outer loop
      vertex 154.266 2.32093 2.5
      vertex 155 0 2.5
      vertex 154.525 2.3832 2.5
    endloop
  endfacet
  facet normal -0 0 1
    outer loop
      vertex 154 2.3 2.5
      vertex 155 0 2.5
      vertex 154.266 2.32093 2.5
    endloop
  endfacet
  facet normal 0 0 1
    outer loop
      vertex 153.734 2.32093 2.5
      vertex 155 0 2.5
      vertex 154 2.3 2.5
    endloop
  endfacet
  facet normal 0 0 1
    outer loop
      vertex 153.475 2.3832 2.5
      vertex 155 0 2.5
      vertex 153.734 2.32093 2.5
    endloop
  endfacet
  facet normal 0 0 1
    outer loop
      vertex 153.228 2.48529 2.5
      vertex 155 0 2.5
      vertex 153.475 2.3832 2.5
    endloop
  endfacet
  facet normal 0 0 1
    outer loop
      vertex 153.001 2.62467 2.5
      vertex 155 0 2.5
      vertex 153.228 2.48529 2.5
    endloop
  endfacet
  facet normal 0 0 1
    outer loop
      vertex 152.798 2.79792 2.5
      vertex 155 0 2.5
      vertex 153.001 2.62467 2.5
    endloop
  endfacet
  facet normal 0 0 1
    outer loop
      vertex 152.796 2.8 2.5
      vertex 155 0 2.5
      vertex 152.798 2.79792 2.5
    endloop
  endfacet
  facet normal -0 0 1
    outer loop
      vertex 5.20386 2.8 2.5
      vertex 155 0 2.5
      vertex 152.796 2.8 2.5
    endloop
  endfacet
  facet normal 0 0 1
    outer loop
      vertex 3 0 2.5
      vertex 5.20386 2.8 2.5
      vertex 5.20208 2.79792 2.5
    endloop
  endfacet
  facet normal 0 0 1
    outer loop
      vertex 3 0 2.5
      vertex 5.20208 2.79792 2.5
      vertex 4.99923 2.62467 2.5
    endloop
  endfacet
  facet normal 0 0 1
    outer loop
      vertex 3 0 2.5
      vertex 4.99923 2.62467 2.5
      vertex 4.77178 2.48529 2.5
    endloop
  endfacet
  facet normal 0 0 1
    outer loop
      vertex 3 0 2.5
      vertex 4.77178 2.48529 2.5
      vertex 4.52533 2.3832 2.5
    endloop
  endfacet
  facet normal 0 0 1
    outer loop
      vertex 3 0 2.5
      vertex 4.52533 2.3832 2.5
      vertex 4.26594 2.32093 2.5
    endloop
  endfacet
  facet normal 0 0 1
    outer loop
      vertex 3 0 2.5
      vertex 4.26594 2.32093 2.5
      vertex 4 2.3 2.5
    endloop
  endfacet
  facet normal 0 0 1
    outer loop
      vertex 5.20386 2.8 2.5
      vertex 3 0 2.5
      vertex 155 0 2.5
    endloop
  endfacet
  facet normal 0 0 1
    outer loop
      vertex 3.73406 2.32093 2.5
      vertex 3 0 2.5
      vertex 4 2.3 2.5
    endloop
  endfacet
  facet normal 0 0 1
    outer loop
      vertex 3.47467 2.3832 2.5
      vertex 3 0 2.5
      vertex 3.73406 2.32093 2.5
    endloop
  endfacet
  facet normal 0 0 1
    outer loop
      vertex 3.22822 2.48529 2.5
      vertex 3 0 2.5
      vertex 3.47467 2.3832 2.5
    endloop
  endfacet
  facet normal 0 0 1
    outer loop
      vertex 2.07295 0.14683 2.5
      vertex 3.22822 2.48529 2.5
      vertex 3.00077 2.62467 2.5
    endloop
  endfacet
  facet normal 0 0 1
    outer loop
      vertex 1.23664 0.572948 2.5
      vertex 3.00077 2.62467 2.5
      vertex 2.79792 2.79792 2.5
    endloop
  endfacet
  facet normal 0 0 1
    outer loop
      vertex 0.572948 1.23664 2.5
      vertex 2.79792 2.79792 2.5
      vertex 2.62467 3.00077 2.5
    endloop
  endfacet
  facet normal 0 0 1
    outer loop
      vertex 3.22822 2.48529 2.5
      vertex 2.5307 0.0369349 2.5
      vertex 3 0 2.5
    endloop
  endfacet
  facet normal 0 0 1
    outer loop
      vertex 0.14683 2.07295 2.5
      vertex 2.62467 3.00077 2.5
      vertex 2.48529 3.22822 2.5
    endloop
  endfacet
  facet normal 0 0 1
    outer loop
      vertex 0.0369349 2.5307 2.5
      vertex 2.48529 3.22822 2.5
      vertex 2.3832 3.47467 2.5
    endloop
  endfacet
  facet normal 0 0 1
    outer loop
      vertex 0 3 2.5
      vertex 2.3832 3.47467 2.5
      vertex 2.32093 3.73406 2.5
    endloop
  endfacet
  facet normal 0 0 1
    outer loop
      vertex 0 3 2.5
      vertex 2.32093 3.73406 2.5
      vertex 2.3 4 2.5
    endloop
  endfacet
  facet normal 0 0 1
    outer loop
      vertex 3.22822 2.48529 2.5
      vertex 2.07295 0.14683 2.5
      vertex 2.5307 0.0369349 2.5
    endloop
  endfacet
  facet normal 0 0 1
    outer loop
      vertex 2.3 114 2.5
      vertex 0 115 2.5
      vertex 2.3 4 2.5
    endloop
  endfacet
  facet normal -0 0 1
    outer loop
      vertex 0.14683 115.927 2.5
      vertex 2.62467 114.999 2.5
      vertex 0.32698 116.362 2.5
    endloop
  endfacet
  facet normal 0 0 1
    outer loop
      vertex 0 3 2.5
      vertex 2.3 4 2.5
      vertex 0 115 2.5
    endloop
  endfacet
  facet normal 0 0 1
    outer loop
      vertex 2.62467 114.999 2.5
      vertex 0.14683 115.927 2.5
      vertex 2.48529 114.772 2.5
    endloop
  endfacet
  facet normal 0 0 1
    outer loop
      vertex 2.3832 3.47467 2.5
      vertex 0 3 2.5
      vertex 0.0369349 2.5307 2.5
    endloop
  endfacet
  facet normal -0 0 1
    outer loop
      vertex 0.0369349 115.469 2.5
      vertex 2.48529 114.772 2.5
      vertex 0.14683 115.927 2.5
    endloop
  endfacet
  facet normal 0 0 1
    outer loop
      vertex 3.00077 2.62467 2.5
      vertex 1.63803 0.32698 2.5
      vertex 2.07295 0.14683 2.5
    endloop
  endfacet
  facet normal 0 0 1
    outer loop
      vertex 2.48529 114.772 2.5
      vertex 0.0369349 115.469 2.5
      vertex 2.3832 114.525 2.5
    endloop
  endfacet
  facet normal 0 0 1
    outer loop
      vertex 3.00077 2.62467 2.5
      vertex 1.23664 0.572948 2.5
      vertex 1.63803 0.32698 2.5
    endloop
  endfacet
  facet normal -0 0 1
    outer loop
      vertex 0 115 2.5
      vertex 2.3832 114.525 2.5
      vertex 0.0369349 115.469 2.5
    endloop
  endfacet
  facet normal 0 0 1
    outer loop
      vertex 2.79792 2.79792 2.5
      vertex 0.878679 0.878679 2.5
      vertex 1.23664 0.572948 2.5
    endloop
  endfacet
  facet normal 0 0 1
    outer loop
      vertex 2.3832 114.525 2.5
      vertex 0 115 2.5
      vertex 2.32093 114.266 2.5
    endloop
  endfacet
  facet normal 0 0 1
    outer loop
      vertex 2.79792 2.79792 2.5
      vertex 0.572948 1.23664 2.5
      vertex 0.878679 0.878679 2.5
    endloop
  endfacet
  facet normal 0 0 1
    outer loop
      vertex 2.32093 114.266 2.5
      vertex 0 115 2.5
      vertex 2.3 114 2.5
    endloop
  endfacet
  facet normal 0 0 1
    outer loop
      vertex 2.62467 3.00077 2.5
      vertex 0.32698 1.63803 2.5
      vertex 0.572948 1.23664 2.5
    endloop
  endfacet
  facet normal 0 0 1
    outer loop
      vertex 2.62467 3.00077 2.5
      vertex 0.14683 2.07295 2.5
      vertex 0.32698 1.63803 2.5
    endloop
  endfacet
  facet normal 0 0 1
    outer loop
      vertex 2.48529 3.22822 2.5
      vertex 0.0369349 2.5307 2.5
      vertex 0.14683 2.07295 2.5
    endloop
  endfacet
  facet normal 0 0 1
    outer loop
      vertex 2.79792 112.798 2.5
      vertex 2.8 5.20386 2.5
      vertex 2.8 112.796 2.5
    endloop
  endfacet
  facet normal 0 0 1
    outer loop
      vertex 2.79792 112.798 2.5
      vertex 2.79792 5.20208 2.5
      vertex 2.8 5.20386 2.5
    endloop
  endfacet
  facet normal 0 0 1
    outer loop
      vertex 2.62467 113.001 2.5
      vertex 2.79792 5.20208 2.5
      vertex 2.79792 112.798 2.5
    endloop
  endfacet
  facet normal 0 0 1
    outer loop
      vertex 2.62467 113.001 2.5
      vertex 2.62467 4.99923 2.5
      vertex 2.79792 5.20208 2.5
    endloop
  endfacet
  facet normal 0 0 1
    outer loop
      vertex 2.48529 113.228 2.5
      vertex 2.62467 4.99923 2.5
      vertex 2.62467 113.001 2.5
    endloop
  endfacet
  facet normal 0 0 1
    outer loop
      vertex 2.48529 113.228 2.5
      vertex 2.48529 4.77178 2.5
      vertex 2.62467 4.99923 2.5
    endloop
  endfacet
  facet normal 0 0 1
    outer loop
      vertex 2.3832 113.475 2.5
      vertex 2.48529 4.77178 2.5
      vertex 2.48529 113.228 2.5
    endloop
  endfacet
  facet normal 0 0 1
    outer loop
      vertex 2.3832 113.475 2.5
      vertex 2.3832 4.52533 2.5
      vertex 2.48529 4.77178 2.5
    endloop
  endfacet
  facet normal 0 0 1
    outer loop
      vertex 2.32093 113.734 2.5
      vertex 2.3832 4.52533 2.5
      vertex 2.3832 113.475 2.5
    endloop
  endfacet
  facet normal 0 0 1
    outer loop
      vertex 2.32093 113.734 2.5
      vertex 2.32093 4.26594 2.5
      vertex 2.3832 4.52533 2.5
    endloop
  endfacet
  facet normal 0 0 1
    outer loop
      vertex 2.3 114 2.5
      vertex 2.32093 4.26594 2.5
      vertex 2.32093 113.734 2.5
    endloop
  endfacet
  facet normal 0 0 1
    outer loop
      vertex 2.32093 4.26594 2.5
      vertex 2.3 114 2.5
      vertex 2.3 4 2.5
    endloop
  endfacet
  facet normal -0 0 1
    outer loop
      vertex 32.62 61 2.5
      vertex 50.62 59.2 2.5
      vertex 50.62 61 2.5
    endloop
  endfacet
  facet normal 0 0 1
    outer loop
      vertex 50.62 59.2 2.5
      vertex 32.62 61 2.5
      vertex 32.62 59.2 2.5
    endloop
  endfacet
  facet normal -0 0 1
    outer loop
      vertex 32.62 65 2.5
      vertex 50.62 63.2 2.5
      vertex 50.62 65 2.5
    endloop
  endfacet
  facet normal 0 0 1
    outer loop
      vertex 50.62 63.2 2.5
      vertex 32.62 65 2.5
      vertex 32.62 63.2 2.5
    endloop
  endfacet
  facet normal -0 0 1
    outer loop
      vertex 32.62 69 2.5
      vertex 50.62 67.2 2.5
      vertex 50.62 69 2.5
    endloop
  endfacet
  facet normal 0 0 1
    outer loop
      vertex 50.62 67.2 2.5
      vertex 32.62 69 2.5
      vertex 32.62 67.2 2.5
    endloop
  endfacet
  facet normal -0 0 1
    outer loop
      vertex 32.62 73 2.5
      vertex 50.62 71.2 2.5
      vertex 50.62 73 2.5
    endloop
  endfacet
  facet normal 0 0 1
    outer loop
      vertex 50.62 71.2 2.5
      vertex 32.62 73 2.5
      vertex 32.62 71.2 2.5
    endloop
  endfacet
  facet normal -0 0 1
    outer loop
      vertex 32.62 77 2.5
      vertex 50.62 75.2 2.5
      vertex 50.62 77 2.5
    endloop
  endfacet
  facet normal 0 0 1
    outer loop
      vertex 50.62 75.2 2.5
      vertex 32.62 77 2.5
      vertex 32.62 75.2 2.5
    endloop
  endfacet
  facet normal -0 0 1
    outer loop
      vertex 32.62 81 2.5
      vertex 50.62 79.2 2.5
      vertex 50.62 81 2.5
    endloop
  endfacet
  facet normal 0 0 1
    outer loop
      vertex 50.62 79.2 2.5
      vertex 32.62 81 2.5
      vertex 32.62 79.2 2.5
    endloop
  endfacet
  facet normal -0 0 1
    outer loop
      vertex 62.62 61 2.5
      vertex 80.62 59.2 2.5
      vertex 80.62 61 2.5
    endloop
  endfacet
  facet normal 0 0 1
    outer loop
      vertex 80.62 59.2 2.5
      vertex 62.62 61 2.5
      vertex 62.62 59.2 2.5
    endloop
  endfacet
  facet normal -0 0 1
    outer loop
      vertex 62.62 65 2.5
      vertex 80.62 63.2 2.5
      vertex 80.62 65 2.5
    endloop
  endfacet
  facet normal 0 0 1
    outer loop
      vertex 80.62 63.2 2.5
      vertex 62.62 65 2.5
      vertex 62.62 63.2 2.5
    endloop
  endfacet
  facet normal -0 0 1
    outer loop
      vertex 62.62 69 2.5
      vertex 80.62 67.2 2.5
      vertex 80.62 69 2.5
    endloop
  endfacet
  facet normal 0 0 1
    outer loop
      vertex 80.62 67.2 2.5
      vertex 62.62 69 2.5
      vertex 62.62 67.2 2.5
    endloop
  endfacet
  facet normal -0 0 1
    outer loop
      vertex 62.62 73 2.5
      vertex 80.62 71.2 2.5
      vertex 80.62 73 2.5
    endloop
  endfacet
  facet normal 0 0 1
    outer loop
      vertex 80.62 71.2 2.5
      vertex 62.62 73 2.5
      vertex 62.62 71.2 2.5
    endloop
  endfacet
  facet normal -0 0 1
    outer loop
      vertex 62.62 77 2.5
      vertex 80.62 75.2 2.5
      vertex 80.62 77 2.5
    endloop
  endfacet
  facet normal 0 0 1
    outer loop
      vertex 80.62 75.2 2.5
      vertex 62.62 77 2.5
      vertex 62.62 75.2 2.5
    endloop
  endfacet
  facet normal -0 0 1
    outer loop
      vertex 62.62 81 2.5
      vertex 80.62 79.2 2.5
      vertex 80.62 81 2.5
    endloop
  endfacet
  facet normal 0 0 1
    outer loop
      vertex 80.62 79.2 2.5
      vertex 62.62 81 2.5
      vertex 62.62 79.2 2.5
    endloop
  endfacet
  facet normal -0 0 1
    outer loop
      vertex 92.62 61 2.5
      vertex 110.62 59.2 2.5
      vertex 110.62 61 2.5
    endloop
  endfacet
  facet normal 0 0 1
    outer loop
      vertex 110.62 59.2 2.5
      vertex 92.62 61 2.5
      vertex 92.62 59.2 2.5
    endloop
  endfacet
  facet normal -0 0 1
    outer loop
      vertex 92.62 65 2.5
      vertex 110.62 63.2 2.5
      vertex 110.62 65 2.5
    endloop
  endfacet
  facet normal 0 0 1
    outer loop
      vertex 110.62 63.2 2.5
      vertex 92.62 65 2.5
      vertex 92.62 63.2 2.5
    endloop
  endfacet
  facet normal -0 0 1
    outer loop
      vertex 92.62 69 2.5
      vertex 110.62 67.2 2.5
      vertex 110.62 69 2.5
    endloop
  endfacet
  facet normal 0 0 1
    outer loop
      vertex 110.62 67.2 2.5
      vertex 92.62 69 2.5
      vertex 92.62 67.2 2.5
    endloop
  endfacet
  facet normal -0 0 1
    outer loop
      vertex 92.62 73 2.5
      vertex 110.62 71.2 2.5
      vertex 110.62 73 2.5
    endloop
  endfacet
  facet normal 0 0 1
    outer loop
      vertex 110.62 71.2 2.5
      vertex 92.62 73 2.5
      vertex 92.62 71.2 2.5
    endloop
  endfacet
  facet normal -0 0 1
    outer loop
      vertex 92.62 77 2.5
      vertex 110.62 75.2 2.5
      vertex 110.62 77 2.5
    endloop
  endfacet
  facet normal 0 0 1
    outer loop
      vertex 110.62 75.2 2.5
      vertex 92.62 77 2.5
      vertex 92.62 75.2 2.5
    endloop
  endfacet
  facet normal -0 0 1
    outer loop
      vertex 92.62 81 2.5
      vertex 110.62 79.2 2.5
      vertex 110.62 81 2.5
    endloop
  endfacet
  facet normal 0 0 1
    outer loop
      vertex 110.62 79.2 2.5
      vertex 92.62 81 2.5
      vertex 92.62 79.2 2.5
    endloop
  endfacet
  facet normal -0 0 1
    outer loop
      vertex 122.62 61 2.5
      vertex 140.62 59.2 2.5
      vertex 140.62 61 2.5
    endloop
  endfacet
  facet normal 0 0 1
    outer loop
      vertex 140.62 59.2 2.5
      vertex 122.62 61 2.5
      vertex 122.62 59.2 2.5
    endloop
  endfacet
  facet normal -0 0 1
    outer loop
      vertex 122.62 65 2.5
      vertex 140.62 63.2 2.5
      vertex 140.62 65 2.5
    endloop
  endfacet
  facet normal 0 0 1
    outer loop
      vertex 140.62 63.2 2.5
      vertex 122.62 65 2.5
      vertex 122.62 63.2 2.5
    endloop
  endfacet
  facet normal -0 0 1
    outer loop
      vertex 122.62 69 2.5
      vertex 140.62 67.2 2.5
      vertex 140.62 69 2.5
    endloop
  endfacet
  facet normal 0 0 1
    outer loop
      vertex 140.62 67.2 2.5
      vertex 122.62 69 2.5
      vertex 122.62 67.2 2.5
    endloop
  endfacet
  facet normal -0 0 1
    outer loop
      vertex 122.62 73 2.5
      vertex 140.62 71.2 2.5
      vertex 140.62 73 2.5
    endloop
  endfacet
  facet normal 0 0 1
    outer loop
      vertex 140.62 71.2 2.5
      vertex 122.62 73 2.5
      vertex 122.62 71.2 2.5
    endloop
  endfacet
  facet normal -0 0 1
    outer loop
      vertex 122.62 77 2.5
      vertex 140.62 75.2 2.5
      vertex 140.62 77 2.5
    endloop
  endfacet
  facet normal 0 0 1
    outer loop
      vertex 140.62 75.2 2.5
      vertex 122.62 77 2.5
      vertex 122.62 75.2 2.5
    endloop
  endfacet
  facet normal -0 0 1
    outer loop
      vertex 122.62 81 2.5
      vertex 140.62 79.2 2.5
      vertex 140.62 81 2.5
    endloop
  endfacet
  facet normal 0 0 1
    outer loop
      vertex 140.62 79.2 2.5
      vertex 122.62 81 2.5
      vertex 122.62 79.2 2.5
    endloop
  endfacet
  facet normal 0 0 1
    outer loop
      vertex 140.62 83.2 2.5
      vertex 153.2 112.503 2.5
      vertex 153.001 112.625 2.5
    endloop
  endfacet
  facet normal 0 0 1
    outer loop
      vertex 153.2 112.503 2.5
      vertex 140.62 61 2.5
      vertex 153.2 5.49742 2.5
    endloop
  endfacet
  facet normal 0 0 1
    outer loop
      vertex 140.62 83.2 2.5
      vertex 153.001 112.625 2.5
      vertex 152.798 112.798 2.5
    endloop
  endfacet
  facet normal -0 0 1
    outer loop
      vertex 140.62 59.2 2.5
      vertex 153.2 5.49742 2.5
      vertex 140.62 61 2.5
    endloop
  endfacet
  facet normal 0 0 1
    outer loop
      vertex 140.62 83.2 2.5
      vertex 152.798 112.798 2.5
      vertex 152.625 113.001 2.5
    endloop
  endfacet
  facet normal -0 0 1
    outer loop
      vertex 140.62 57 2.5
      vertex 153.2 5.49742 2.5
      vertex 140.62 59.2 2.5
    endloop
  endfacet
  facet normal 0 0 1
    outer loop
      vertex 140.62 83.2 2.5
      vertex 152.625 113.001 2.5
      vertex 152.503 113.2 2.5
    endloop
  endfacet
  facet normal 0 0 1
    outer loop
      vertex 153.2 5.49742 2.5
      vertex 140.62 57 2.5
      vertex 153.001 5.37533 2.5
    endloop
  endfacet
  facet normal 0 0 1
    outer loop
      vertex 153.2 112.503 2.5
      vertex 140.62 83.2 2.5
      vertex 140.62 81 2.5
    endloop
  endfacet
  facet normal 0 0 1
    outer loop
      vertex 152.503 113.2 2.5
      vertex 122.62 83.2 2.5
      vertex 140.62 83.2 2.5
    endloop
  endfacet
  facet normal 0 0 1
    outer loop
      vertex 110.62 81 2.5
      vertex 122.62 81 2.5
      vertex 122.62 83.2 2.5
    endloop
  endfacet
  facet normal 0 0 1
    outer loop
      vertex 122.62 81 2.5
      vertex 110.62 81 2.5
      vertex 122.62 79.2 2.5
    endloop
  endfacet
  facet normal 0 0 1
    outer loop
      vertex 122.62 79.2 2.5
      vertex 110.62 79.2 2.5
      vertex 122.62 77 2.5
    endloop
  endfacet
  facet normal 0 0 1
    outer loop
      vertex 110.62 77 2.5
      vertex 122.62 77 2.5
      vertex 110.62 79.2 2.5
    endloop
  endfacet
  facet normal 0 0 1
    outer loop
      vertex 110.62 75.2 2.5
      vertex 122.62 75.2 2.5
      vertex 110.62 77 2.5
    endloop
  endfacet
  facet normal 0 0 1
    outer loop
      vertex 122.62 75.2 2.5
      vertex 110.62 75.2 2.5
      vertex 122.62 73 2.5
    endloop
  endfacet
  facet normal 0 0 1
    outer loop
      vertex 122.62 73 2.5
      vertex 110.62 73 2.5
      vertex 122.62 71.2 2.5
    endloop
  endfacet
  facet normal 0 0 1
    outer loop
      vertex 110.62 71.2 2.5
      vertex 122.62 71.2 2.5
      vertex 110.62 73 2.5
    endloop
  endfacet
  facet normal 0 0 1
    outer loop
      vertex 110.62 69 2.5
      vertex 122.62 69 2.5
      vertex 110.62 71.2 2.5
    endloop
  endfacet
  facet normal 0 0 1
    outer loop
      vertex 122.62 69 2.5
      vertex 110.62 69 2.5
      vertex 122.62 67.2 2.5
    endloop
  endfacet
  facet normal 0 0 1
    outer loop
      vertex 122.62 67.2 2.5
      vertex 110.62 67.2 2.5
      vertex 122.62 65 2.5
    endloop
  endfacet
  facet normal 0 0 1
    outer loop
      vertex 110.62 65 2.5
      vertex 122.62 65 2.5
      vertex 110.62 67.2 2.5
    endloop
  endfacet
  facet normal 0 0 1
    outer loop
      vertex 110.62 81 2.5
      vertex 122.62 83.2 2.5
      vertex 110.62 83.2 2.5
    endloop
  endfacet
  facet normal 0 0 1
    outer loop
      vertex 152.503 113.2 2.5
      vertex 110.62 83.2 2.5
      vertex 122.62 83.2 2.5
    endloop
  endfacet
  facet normal 0 0 1
    outer loop
      vertex 152.503 113.2 2.5
      vertex 92.62 83.2 2.5
      vertex 110.62 83.2 2.5
    endloop
  endfacet
  facet normal 0 0 1
    outer loop
      vertex 80.62 81 2.5
      vertex 92.62 81 2.5
      vertex 92.62 83.2 2.5
    endloop
  endfacet
  facet normal 0 0 1
    outer loop
      vertex 92.62 81 2.5
      vertex 80.62 81 2.5
      vertex 92.62 79.2 2.5
    endloop
  endfacet
  facet normal 0 0 1
    outer loop
      vertex 92.62 79.2 2.5
      vertex 80.62 79.2 2.5
      vertex 92.62 77 2.5
    endloop
  endfacet
  facet normal 0 0 1
    outer loop
      vertex 80.62 77 2.5
      vertex 92.62 77 2.5
      vertex 80.62 79.2 2.5
    endloop
  endfacet
  facet normal 0 0 1
    outer loop
      vertex 80.62 75.2 2.5
      vertex 92.62 75.2 2.5
      vertex 80.62 77 2.5
    endloop
  endfacet
  facet normal 0 0 1
    outer loop
      vertex 92.62 75.2 2.5
      vertex 80.62 75.2 2.5
      vertex 92.62 73 2.5
    endloop
  endfacet
  facet normal 0 0 1
    outer loop
      vertex 92.62 73 2.5
      vertex 80.62 73 2.5
      vertex 92.62 71.2 2.5
    endloop
  endfacet
  facet normal 0 0 1
    outer loop
      vertex 80.62 71.2 2.5
      vertex 92.62 71.2 2.5
      vertex 80.62 73 2.5
    endloop
  endfacet
  facet normal 0 0 1
    outer loop
      vertex 80.62 69 2.5
      vertex 92.62 69 2.5
      vertex 80.62 71.2 2.5
    endloop
  endfacet
  facet normal 0 0 1
    outer loop
      vertex 92.62 69 2.5
      vertex 80.62 69 2.5
      vertex 92.62 67.2 2.5
    endloop
  endfacet
  facet normal 0 0 1
    outer loop
      vertex 92.62 67.2 2.5
      vertex 80.62 67.2 2.5
      vertex 92.62 65 2.5
    endloop
  endfacet
  facet normal 0 0 1
    outer loop
      vertex 80.62 65 2.5
      vertex 92.62 65 2.5
      vertex 80.62 67.2 2.5
    endloop
  endfacet
  facet normal 0 0 1
    outer loop
      vertex 80.62 81 2.5
      vertex 92.62 83.2 2.5
      vertex 80.62 83.2 2.5
    endloop
  endfacet
  facet normal 0 0 1
    outer loop
      vertex 152.503 113.2 2.5
      vertex 80.62 83.2 2.5
      vertex 92.62 83.2 2.5
    endloop
  endfacet
  facet normal -0 0 1
    outer loop
      vertex 5.49742 113.2 2.5
      vertex 80.62 83.2 2.5
      vertex 152.503 113.2 2.5
    endloop
  endfacet
  facet normal 0 0 1
    outer loop
      vertex 50.62 81 2.5
      vertex 62.62 81 2.5
      vertex 62.62 83.2 2.5
    endloop
  endfacet
  facet normal 0 0 1
    outer loop
      vertex 62.62 81 2.5
      vertex 50.62 81 2.5
      vertex 62.62 79.2 2.5
    endloop
  endfacet
  facet normal 0 0 1
    outer loop
      vertex 62.62 79.2 2.5
      vertex 50.62 79.2 2.5
      vertex 62.62 77 2.5
    endloop
  endfacet
  facet normal 0 0 1
    outer loop
      vertex 50.62 77 2.5
      vertex 62.62 77 2.5
      vertex 50.62 79.2 2.5
    endloop
  endfacet
  facet normal 0 0 1
    outer loop
      vertex 50.62 75.2 2.5
      vertex 62.62 75.2 2.5
      vertex 50.62 77 2.5
    endloop
  endfacet
  facet normal 0 0 1
    outer loop
      vertex 62.62 75.2 2.5
      vertex 50.62 75.2 2.5
      vertex 62.62 73 2.5
    endloop
  endfacet
  facet normal 0 0 1
    outer loop
      vertex 62.62 73 2.5
      vertex 50.62 73 2.5
      vertex 62.62 71.2 2.5
    endloop
  endfacet
  facet normal 0 0 1
    outer loop
      vertex 50.62 71.2 2.5
      vertex 62.62 71.2 2.5
      vertex 50.62 73 2.5
    endloop
  endfacet
  facet normal 0 0 1
    outer loop
      vertex 50.62 69 2.5
      vertex 62.62 69 2.5
      vertex 50.62 71.2 2.5
    endloop
  endfacet
  facet normal 0 0 1
    outer loop
      vertex 62.62 69 2.5
      vertex 50.62 69 2.5
      vertex 62.62 67.2 2.5
    endloop
  endfacet
  facet normal 0 0 1
    outer loop
      vertex 62.62 67.2 2.5
      vertex 50.62 67.2 2.5
      vertex 62.62 65 2.5
    endloop
  endfacet
  facet normal 0 0 1
    outer loop
      vertex 50.62 65 2.5
      vertex 62.62 65 2.5
      vertex 50.62 67.2 2.5
    endloop
  endfacet
  facet normal 0 0 1
    outer loop
      vertex 50.62 81 2.5
      vertex 62.62 83.2 2.5
      vertex 50.62 83.2 2.5
    endloop
  endfacet
  facet normal 0 0 1
    outer loop
      vertex 80.62 83.2 2.5
      vertex 5.49742 113.2 2.5
      vertex 62.62 83.2 2.5
    endloop
  endfacet
  facet normal 0 0 1
    outer loop
      vertex 62.62 83.2 2.5
      vertex 5.49742 113.2 2.5
      vertex 50.62 83.2 2.5
    endloop
  endfacet
  facet normal 0 0 1
    outer loop
      vertex 4.8 112.503 2.5
      vertex 32.62 81 2.5
      vertex 32.62 83.2 2.5
    endloop
  endfacet
  facet normal 0 0 1
    outer loop
      vertex 32.62 81 2.5
      vertex 4.8 112.503 2.5
      vertex 32.62 79.2 2.5
    endloop
  endfacet
  facet normal 0 0 1
    outer loop
      vertex 32.62 79.2 2.5
      vertex 4.8 112.503 2.5
      vertex 32.62 77 2.5
    endloop
  endfacet
  facet normal 0 0 1
    outer loop
      vertex 32.62 77 2.5
      vertex 4.8 112.503 2.5
      vertex 32.62 75.2 2.5
    endloop
  endfacet
  facet normal 0 0 1
    outer loop
      vertex 32.62 75.2 2.5
      vertex 4.8 112.503 2.5
      vertex 32.62 73 2.5
    endloop
  endfacet
  facet normal 0 0 1
    outer loop
      vertex 32.62 73 2.5
      vertex 4.8 112.503 2.5
      vertex 32.62 71.2 2.5
    endloop
  endfacet
  facet normal 0 0 1
    outer loop
      vertex 32.62 71.2 2.5
      vertex 4.8 112.503 2.5
      vertex 32.62 69 2.5
    endloop
  endfacet
  facet normal 0 0 1
    outer loop
      vertex 32.62 69 2.5
      vertex 4.8 112.503 2.5
      vertex 32.62 67.2 2.5
    endloop
  endfacet
  facet normal 0 0 1
    outer loop
      vertex 32.62 67.2 2.5
      vertex 4.8 112.503 2.5
      vertex 32.62 65 2.5
    endloop
  endfacet
  facet normal 0 0 1
    outer loop
      vertex 32.62 65 2.5
      vertex 4.8 112.503 2.5
      vertex 32.62 63.2 2.5
    endloop
  endfacet
  facet normal 0 0 1
    outer loop
      vertex 32.62 63.2 2.5
      vertex 4.8 112.503 2.5
      vertex 32.62 61 2.5
    endloop
  endfacet
  facet normal 0 0 1
    outer loop
      vertex 32.62 61 2.5
      vertex 4.8 112.503 2.5
      vertex 32.62 59.2 2.5
    endloop
  endfacet
  facet normal -0 0 1
    outer loop
      vertex 5.37533 113.001 2.5
      vertex 32.62 83.2 2.5
      vertex 5.49742 113.2 2.5
    endloop
  endfacet
  facet normal 0 0 1
    outer loop
      vertex 50.62 83.2 2.5
      vertex 5.49742 113.2 2.5
      vertex 32.62 83.2 2.5
    endloop
  endfacet
  facet normal 0 0 1
    outer loop
      vertex 153.2 112.503 2.5
      vertex 140.62 81 2.5
      vertex 140.62 79.2 2.5
    endloop
  endfacet
  facet normal 0 0 1
    outer loop
      vertex 153.2 112.503 2.5
      vertex 140.62 79.2 2.5
      vertex 140.62 77 2.5
    endloop
  endfacet
  facet normal 0 0 1
    outer loop
      vertex 153.2 112.503 2.5
      vertex 140.62 77 2.5
      vertex 140.62 75.2 2.5
    endloop
  endfacet
  facet normal 0 0 1
    outer loop
      vertex 153.2 112.503 2.5
      vertex 140.62 75.2 2.5
      vertex 140.62 73 2.5
    endloop
  endfacet
  facet normal 0 0 1
    outer loop
      vertex 153.2 112.503 2.5
      vertex 140.62 73 2.5
      vertex 140.62 71.2 2.5
    endloop
  endfacet
  facet normal 0 0 1
    outer loop
      vertex 153.2 112.503 2.5
      vertex 140.62 71.2 2.5
      vertex 140.62 69 2.5
    endloop
  endfacet
  facet normal 0 0 1
    outer loop
      vertex 153.2 112.503 2.5
      vertex 140.62 69 2.5
      vertex 140.62 67.2 2.5
    endloop
  endfacet
  facet normal 0 0 1
    outer loop
      vertex 153.2 112.503 2.5
      vertex 140.62 67.2 2.5
      vertex 140.62 65 2.5
    endloop
  endfacet
  facet normal 0 0 1
    outer loop
      vertex 153.2 112.503 2.5
      vertex 140.62 65 2.5
      vertex 140.62 63.2 2.5
    endloop
  endfacet
  facet normal 0 0 1
    outer loop
      vertex 153.2 112.503 2.5
      vertex 140.62 63.2 2.5
      vertex 140.62 61 2.5
    endloop
  endfacet
  facet normal 0 0 1
    outer loop
      vertex 153.001 5.37533 2.5
      vertex 140.62 57 2.5
      vertex 152.798 5.20208 2.5
    endloop
  endfacet
  facet normal -0 0 1
    outer loop
      vertex 122.62 57 2.5
      vertex 152.798 5.20208 2.5
      vertex 140.62 57 2.5
    endloop
  endfacet
  facet normal 0 0 1
    outer loop
      vertex 152.798 5.20208 2.5
      vertex 122.62 57 2.5
      vertex 152.625 4.99923 2.5
    endloop
  endfacet
  facet normal 0 0 1
    outer loop
      vertex 152.625 4.99923 2.5
      vertex 122.62 57 2.5
      vertex 152.503 4.8 2.5
    endloop
  endfacet
  facet normal 0 0 1
    outer loop
      vertex 122.62 79.2 2.5
      vertex 110.62 81 2.5
      vertex 110.62 79.2 2.5
    endloop
  endfacet
  facet normal 0 0 1
    outer loop
      vertex 122.62 77 2.5
      vertex 110.62 77 2.5
      vertex 122.62 75.2 2.5
    endloop
  endfacet
  facet normal 0 0 1
    outer loop
      vertex 110.62 73 2.5
      vertex 122.62 73 2.5
      vertex 110.62 75.2 2.5
    endloop
  endfacet
  facet normal 0 0 1
    outer loop
      vertex 122.62 71.2 2.5
      vertex 110.62 71.2 2.5
      vertex 122.62 69 2.5
    endloop
  endfacet
  facet normal 0 0 1
    outer loop
      vertex 110.62 67.2 2.5
      vertex 122.62 67.2 2.5
      vertex 110.62 69 2.5
    endloop
  endfacet
  facet normal 0 0 1
    outer loop
      vertex 122.62 65 2.5
      vertex 110.62 65 2.5
      vertex 122.62 63.2 2.5
    endloop
  endfacet
  facet normal 0 0 1
    outer loop
      vertex 110.62 63.2 2.5
      vertex 122.62 63.2 2.5
      vertex 110.62 65 2.5
    endloop
  endfacet
  facet normal 0 0 1
    outer loop
      vertex 122.62 63.2 2.5
      vertex 110.62 63.2 2.5
      vertex 122.62 61 2.5
    endloop
  endfacet
  facet normal 0 0 1
    outer loop
      vertex 110.62 61 2.5
      vertex 122.62 61 2.5
      vertex 110.62 63.2 2.5
    endloop
  endfacet
  facet normal 0 0 1
    outer loop
      vertex 122.62 61 2.5
      vertex 110.62 61 2.5
      vertex 122.62 59.2 2.5
    endloop
  endfacet
  facet normal 0 0 1
    outer loop
      vertex 110.62 59.2 2.5
      vertex 122.62 59.2 2.5
      vertex 110.62 61 2.5
    endloop
  endfacet
  facet normal 0 0 1
    outer loop
      vertex 122.62 59.2 2.5
      vertex 110.62 59.2 2.5
      vertex 122.62 57 2.5
    endloop
  endfacet
  facet normal 0 0 1
    outer loop
      vertex 110.62 57 2.5
      vertex 122.62 57 2.5
      vertex 110.62 59.2 2.5
    endloop
  endfacet
  facet normal 0 0 1
    outer loop
      vertex 122.62 57 2.5
      vertex 110.62 57 2.5
      vertex 152.503 4.8 2.5
    endloop
  endfacet
  facet normal -0 0 1
    outer loop
      vertex 92.62 57 2.5
      vertex 152.503 4.8 2.5
      vertex 110.62 57 2.5
    endloop
  endfacet
  facet normal 0 0 1
    outer loop
      vertex 92.62 79.2 2.5
      vertex 80.62 81 2.5
      vertex 80.62 79.2 2.5
    endloop
  endfacet
  facet normal 0 0 1
    outer loop
      vertex 92.62 77 2.5
      vertex 80.62 77 2.5
      vertex 92.62 75.2 2.5
    endloop
  endfacet
  facet normal 0 0 1
    outer loop
      vertex 80.62 73 2.5
      vertex 92.62 73 2.5
      vertex 80.62 75.2 2.5
    endloop
  endfacet
  facet normal 0 0 1
    outer loop
      vertex 92.62 71.2 2.5
      vertex 80.62 71.2 2.5
      vertex 92.62 69 2.5
    endloop
  endfacet
  facet normal 0 0 1
    outer loop
      vertex 80.62 67.2 2.5
      vertex 92.62 67.2 2.5
      vertex 80.62 69 2.5
    endloop
  endfacet
  facet normal 0 0 1
    outer loop
      vertex 92.62 65 2.5
      vertex 80.62 65 2.5
      vertex 92.62 63.2 2.5
    endloop
  endfacet
  facet normal 0 0 1
    outer loop
      vertex 80.62 63.2 2.5
      vertex 92.62 63.2 2.5
      vertex 80.62 65 2.5
    endloop
  endfacet
  facet normal 0 0 1
    outer loop
      vertex 92.62 63.2 2.5
      vertex 80.62 63.2 2.5
      vertex 92.62 61 2.5
    endloop
  endfacet
  facet normal 0 0 1
    outer loop
      vertex 80.62 61 2.5
      vertex 92.62 61 2.5
      vertex 80.62 63.2 2.5
    endloop
  endfacet
  facet normal 0 0 1
    outer loop
      vertex 92.62 61 2.5
      vertex 80.62 61 2.5
      vertex 92.62 59.2 2.5
    endloop
  endfacet
  facet normal 0 0 1
    outer loop
      vertex 80.62 59.2 2.5
      vertex 92.62 59.2 2.5
      vertex 80.62 61 2.5
    endloop
  endfacet
  facet normal 0 0 1
    outer loop
      vertex 92.62 59.2 2.5
      vertex 80.62 59.2 2.5
      vertex 92.62 57 2.5
    endloop
  endfacet
  facet normal 0 0 1
    outer loop
      vertex 80.62 57 2.5
      vertex 92.62 57 2.5
      vertex 80.62 59.2 2.5
    endloop
  endfacet
  facet normal 0 0 1
    outer loop
      vertex 92.62 57 2.5
      vertex 80.62 57 2.5
      vertex 152.503 4.8 2.5
    endloop
  endfacet
  facet normal 0 0 1
    outer loop
      vertex 5.49742 4.8 2.5
      vertex 80.62 57 2.5
      vertex 62.62 57 2.5
    endloop
  endfacet
  facet normal 0 0 1
    outer loop
      vertex 62.62 79.2 2.5
      vertex 50.62 81 2.5
      vertex 50.62 79.2 2.5
    endloop
  endfacet
  facet normal 0 0 1
    outer loop
      vertex 62.62 77 2.5
      vertex 50.62 77 2.5
      vertex 62.62 75.2 2.5
    endloop
  endfacet
  facet normal 0 0 1
    outer loop
      vertex 50.62 73 2.5
      vertex 62.62 73 2.5
      vertex 50.62 75.2 2.5
    endloop
  endfacet
  facet normal 0 0 1
    outer loop
      vertex 62.62 71.2 2.5
      vertex 50.62 71.2 2.5
      vertex 62.62 69 2.5
    endloop
  endfacet
  facet normal 0 0 1
    outer loop
      vertex 50.62 67.2 2.5
      vertex 62.62 67.2 2.5
      vertex 50.62 69 2.5
    endloop
  endfacet
  facet normal 0 0 1
    outer loop
      vertex 62.62 65 2.5
      vertex 50.62 65 2.5
      vertex 62.62 63.2 2.5
    endloop
  endfacet
  facet normal 0 0 1
    outer loop
      vertex 50.62 63.2 2.5
      vertex 62.62 63.2 2.5
      vertex 50.62 65 2.5
    endloop
  endfacet
  facet normal 0 0 1
    outer loop
      vertex 62.62 63.2 2.5
      vertex 50.62 63.2 2.5
      vertex 62.62 61 2.5
    endloop
  endfacet
  facet normal 0 0 1
    outer loop
      vertex 50.62 61 2.5
      vertex 62.62 61 2.5
      vertex 50.62 63.2 2.5
    endloop
  endfacet
  facet normal 0 0 1
    outer loop
      vertex 62.62 61 2.5
      vertex 50.62 61 2.5
      vertex 62.62 59.2 2.5
    endloop
  endfacet
  facet normal 0 0 1
    outer loop
      vertex 50.62 59.2 2.5
      vertex 62.62 59.2 2.5
      vertex 50.62 61 2.5
    endloop
  endfacet
  facet normal 0 0 1
    outer loop
      vertex 62.62 59.2 2.5
      vertex 50.62 59.2 2.5
      vertex 62.62 57 2.5
    endloop
  endfacet
  facet normal 0 0 1
    outer loop
      vertex 50.62 57 2.5
      vertex 62.62 57 2.5
      vertex 50.62 59.2 2.5
    endloop
  endfacet
  facet normal 0 0 1
    outer loop
      vertex 5.49742 4.8 2.5
      vertex 62.62 57 2.5
      vertex 50.62 57 2.5
    endloop
  endfacet
  facet normal 0 0 1
    outer loop
      vertex 5.49742 4.8 2.5
      vertex 50.62 57 2.5
      vertex 32.62 57 2.5
    endloop
  endfacet
  facet normal 0 0 1
    outer loop
      vertex 80.62 57 2.5
      vertex 5.49742 4.8 2.5
      vertex 152.503 4.8 2.5
    endloop
  endfacet
  facet normal -0 0 1
    outer loop
      vertex 5.20208 112.798 2.5
      vertex 32.62 83.2 2.5
      vertex 5.37533 113.001 2.5
    endloop
  endfacet
  facet normal -0 0 1
    outer loop
      vertex 4.99923 112.625 2.5
      vertex 32.62 83.2 2.5
      vertex 5.20208 112.798 2.5
    endloop
  endfacet
  facet normal 0 0 1
    outer loop
      vertex 32.62 57 2.5
      vertex 5.37533 4.99923 2.5
      vertex 5.49742 4.8 2.5
    endloop
  endfacet
  facet normal -0 0 1
    outer loop
      vertex 4.8 112.503 2.5
      vertex 32.62 83.2 2.5
      vertex 4.99923 112.625 2.5
    endloop
  endfacet
  facet normal 0 0 1
    outer loop
      vertex 32.62 57 2.5
      vertex 5.20208 5.20208 2.5
      vertex 5.37533 4.99923 2.5
    endloop
  endfacet
  facet normal 0 0 1
    outer loop
      vertex 4.8 5.49742 2.5
      vertex 32.62 59.2 2.5
      vertex 4.8 112.503 2.5
    endloop
  endfacet
  facet normal 0 0 1
    outer loop
      vertex 32.62 57 2.5
      vertex 4.99923 5.37533 2.5
      vertex 5.20208 5.20208 2.5
    endloop
  endfacet
  facet normal 0 0 1
    outer loop
      vertex 32.62 59.2 2.5
      vertex 4.8 5.49742 2.5
      vertex 32.62 57 2.5
    endloop
  endfacet
  facet normal 0 0 1
    outer loop
      vertex 32.62 57 2.5
      vertex 4.8 5.49742 2.5
      vertex 4.99923 5.37533 2.5
    endloop
  endfacet
  facet normal -1 0 0
    outer loop
      vertex 2.8 5.20386 2.5
      vertex 2.8 112.796 5
      vertex 2.8 112.796 2.5
    endloop
  endfacet
  facet normal -1 -0 0
    outer loop
      vertex 2.8 112.796 5
      vertex 2.8 5.20386 2.5
      vertex 2.8 5.20386 5
    endloop
  endfacet
  facet normal 0 1 -0
    outer loop
      vertex 152.796 115.2 2.5
      vertex 5.20386 115.2 5
      vertex 152.796 115.2 5
    endloop
  endfacet
  facet normal 0 1 0
    outer loop
      vertex 5.20386 115.2 5
      vertex 152.796 115.2 2.5
      vertex 5.20386 115.2 2.5
    endloop
  endfacet
  facet normal 0 -1 0
    outer loop
      vertex 5.20386 2.8 2.5
      vertex 152.796 2.8 5
      vertex 5.20386 2.8 5
    endloop
  endfacet
  facet normal 0 -1 -0
    outer loop
      vertex 152.796 2.8 5
      vertex 5.20386 2.8 2.5
      vertex 152.796 2.8 2.5
    endloop
  endfacet
  facet normal -1 0 0
    outer loop
      vertex 153.2 5.49742 2.5
      vertex 153.2 112.503 5
      vertex 153.2 112.503 2.5
    endloop
  endfacet
  facet normal -1 -0 0
    outer loop
      vertex 153.2 112.503 5
      vertex 153.2 5.49742 2.5
      vertex 153.2 5.49742 5
    endloop
  endfacet
  facet normal 1 -0 0
    outer loop
      vertex 4.8 5.49742 5
      vertex 4.8 112.503 2.5
      vertex 4.8 112.503 5
    endloop
  endfacet
  facet normal 1 0 0
    outer loop
      vertex 4.8 112.503 2.5
      vertex 4.8 5.49742 5
      vertex 4.8 5.49742 2.5
    endloop
  endfacet
  facet normal 0 -1 0
    outer loop
      vertex 5.49742 113.2 2.5
      vertex 152.503 113.2 5
      vertex 5.49742 113.2 5
    endloop
  endfacet
  facet normal 0 -1 -0
    outer loop
      vertex 152.503 113.2 5
      vertex 5.49742 113.2 2.5
      vertex 152.503 113.2 2.5
    endloop
  endfacet
  facet normal 0 1 -0
    outer loop
      vertex 152.503 4.8 2.5
      vertex 5.49742 4.8 5
      vertex 152.503 4.8 5
    endloop
  endfacet
  facet normal 0 1 0
    outer loop
      vertex 5.49742 4.8 5
      vertex 152.503 4.8 2.5
      vertex 5.49742 4.8 2.5
    endloop
  endfacet
  facet normal -0.97237 -0.233443 0
    outer loop
      vertex 0.14683 2.07295 0
      vertex 0.0369349 2.5307 2.5
      vertex 0.0369349 2.5307 0
    endloop
  endfacet
  facet normal -0.97237 -0.233443 0
    outer loop
      vertex 0.0369349 2.5307 2.5
      vertex 0.14683 2.07295 0
      vertex 0.14683 2.07295 2.5
    endloop
  endfacet
  facet normal -0.233443 -0.97237 0
    outer loop
      vertex 2.07295 0.14683 0
      vertex 2.5307 0.0369349 2.5
      vertex 2.07295 0.14683 2.5
    endloop
  endfacet
  facet normal -0.233443 -0.97237 -0
    outer loop
      vertex 2.5307 0.0369349 2.5
      vertex 2.07295 0.14683 0
      vertex 2.5307 0.0369349 0
    endloop
  endfacet
  facet normal 1 -0 0
    outer loop
      vertex 158 3 2.5
      vertex 158 115 0
      vertex 158 115 2.5
    endloop
  endfacet
  facet normal 1 0 0
    outer loop
      vertex 158 115 0
      vertex 158 3 2.5
      vertex 158 3 0
    endloop
  endfacet
  facet normal 0 -1 0
    outer loop
      vertex 3 0 0
      vertex 155 0 2.5
      vertex 3 0 2.5
    endloop
  endfacet
  facet normal 0 -1 -0
    outer loop
      vertex 155 0 2.5
      vertex 3 0 0
      vertex 155 0 0
    endloop
  endfacet
  facet normal 0.996903 0.0786469 0
    outer loop
      vertex 158 115 2.5
      vertex 157.963 115.469 0
      vertex 157.963 115.469 2.5
    endloop
  endfacet
  facet normal 0.996903 0.0786469 0
    outer loop
      vertex 157.963 115.469 0
      vertex 158 115 2.5
      vertex 158 115 0
    endloop
  endfacet
  facet normal 0.852387 0.522911 0
    outer loop
      vertex 157.673 116.362 2.5
      vertex 157.427 116.763 0
      vertex 157.427 116.763 2.5
    endloop
  endfacet
  facet normal 0.852387 0.522911 0
    outer loop
      vertex 157.427 116.763 0
      vertex 157.673 116.362 2.5
      vertex 157.673 116.362 0
    endloop
  endfacet
  facet normal 0.0785094 -0.996913 0
    outer loop
      vertex 155 0 0
      vertex 155.469 0.0369349 2.5
      vertex 155 0 2.5
    endloop
  endfacet
  facet normal 0.0785094 -0.996913 0
    outer loop
      vertex 155.469 0.0369349 2.5
      vertex 155 0 0
      vertex 155.469 0.0369349 0
    endloop
  endfacet
  facet normal 0 1 -0
    outer loop
      vertex 155 118 0
      vertex 3 118 2.5
      vertex 155 118 2.5
    endloop
  endfacet
  facet normal 0 1 0
    outer loop
      vertex 3 118 2.5
      vertex 155 118 0
      vertex 3 118 0
    endloop
  endfacet
  facet normal -1 0 0
    outer loop
      vertex 0 3 0
      vertex 0 115 2.5
      vertex 0 115 0
    endloop
  endfacet
  facet normal -1 -0 0
    outer loop
      vertex 0 115 2.5
      vertex 0 3 0
      vertex 0 3 2.5
    endloop
  endfacet
  facet normal 0.97232 -0.233654 0
    outer loop
      vertex 157.853 2.07295 2.5
      vertex 157.963 2.5307 0
      vertex 157.963 2.5307 2.5
    endloop
  endfacet
  facet normal 0.97232 -0.233654 0
    outer loop
      vertex 157.963 2.5307 0
      vertex 157.853 2.07295 2.5
      vertex 157.853 2.07295 0
    endloop
  endfacet
  facet normal 0.0786469 0.996903 -0
    outer loop
      vertex 155.469 117.963 0
      vertex 155 118 2.5
      vertex 155.469 117.963 2.5
    endloop
  endfacet
  facet normal 0.0786469 0.996903 0
    outer loop
      vertex 155 118 2.5
      vertex 155.469 117.963 0
      vertex 155 118 0
    endloop
  endfacet
  facet normal -0.522492 -0.852644 0
    outer loop
      vertex 1.23664 0.572948 0
      vertex 1.63803 0.32698 2.5
      vertex 1.23664 0.572948 2.5
    endloop
  endfacet
  facet normal -0.522492 -0.852644 -0
    outer loop
      vertex 1.63803 0.32698 2.5
      vertex 1.23664 0.572948 0
      vertex 1.63803 0.32698 0
    endloop
  endfacet
  facet normal -0.382684 -0.923879 0
    outer loop
      vertex 1.63803 0.32698 0
      vertex 2.07295 0.14683 2.5
      vertex 1.63803 0.32698 2.5
    endloop
  endfacet
  facet normal -0.382684 -0.923879 -0
    outer loop
      vertex 2.07295 0.14683 2.5
      vertex 1.63803 0.32698 0
      vertex 2.07295 0.14683 0
    endloop
  endfacet
  facet normal 0.76012 -0.649782 0
    outer loop
      vertex 157.121 0.878679 2.5
      vertex 157.427 1.23664 0
      vertex 157.427 1.23664 2.5
    endloop
  endfacet
  facet normal 0.76012 -0.649782 0
    outer loop
      vertex 157.427 1.23664 0
      vertex 157.121 0.878679 2.5
      vertex 157.121 0.878679 0
    endloop
  endfacet
  facet normal -0.852644 -0.522492 0
    outer loop
      vertex 0.572948 1.23664 0
      vertex 0.32698 1.63803 2.5
      vertex 0.32698 1.63803 0
    endloop
  endfacet
  facet normal -0.852644 -0.522492 0
    outer loop
      vertex 0.32698 1.63803 2.5
      vertex 0.572948 1.23664 0
      vertex 0.572948 1.23664 2.5
    endloop
  endfacet
  facet normal 0.996906 -0.0785969 0
    outer loop
      vertex 157.963 2.5307 2.5
      vertex 158 3 0
      vertex 158 3 2.5
    endloop
  endfacet
  facet normal 0.996906 -0.0785969 0
    outer loop
      vertex 158 3 0
      vertex 157.963 2.5307 2.5
      vertex 157.963 2.5307 0
    endloop
  endfacet
  facet normal -0.923879 -0.382684 0
    outer loop
      vertex 0.32698 1.63803 0
      vertex 0.14683 2.07295 2.5
      vertex 0.14683 2.07295 0
    endloop
  endfacet
  facet normal -0.923879 -0.382684 0
    outer loop
      vertex 0.14683 2.07295 2.5
      vertex 0.32698 1.63803 0
      vertex 0.32698 1.63803 2.5
    endloop
  endfacet
  facet normal 0.382352 0.924017 -0
    outer loop
      vertex 156.362 117.673 0
      vertex 155.927 117.853 2.5
      vertex 156.362 117.673 2.5
    endloop
  endfacet
  facet normal 0.382352 0.924017 0
    outer loop
      vertex 155.927 117.853 2.5
      vertex 156.362 117.673 0
      vertex 155.927 117.853 0
    endloop
  endfacet
  facet normal -0.382412 0.923992 0
    outer loop
      vertex 2.07295 117.853 0
      vertex 1.63803 117.673 2.5
      vertex 2.07295 117.853 2.5
    endloop
  endfacet
  facet normal -0.382412 0.923992 0
    outer loop
      vertex 1.63803 117.673 2.5
      vertex 2.07295 117.853 0
      vertex 1.63803 117.673 0
    endloop
  endfacet
  facet normal 0.924017 0.382352 0
    outer loop
      vertex 157.853 115.927 2.5
      vertex 157.673 116.362 0
      vertex 157.673 116.362 2.5
    endloop
  endfacet
  facet normal 0.924017 0.382352 0
    outer loop
      vertex 157.673 116.362 0
      vertex 157.853 115.927 2.5
      vertex 157.853 115.927 0
    endloop
  endfacet
  facet normal -0.852418 0.522862 0
    outer loop
      vertex 0.32698 116.362 0
      vertex 0.572948 116.763 2.5
      vertex 0.572948 116.763 0
    endloop
  endfacet
  facet normal -0.852418 0.522862 0
    outer loop
      vertex 0.572948 116.763 2.5
      vertex 0.32698 116.362 0
      vertex 0.32698 116.362 2.5
    endloop
  endfacet
  facet normal -0.0785969 0.996906 0
    outer loop
      vertex 3 118 0
      vertex 2.5307 117.963 2.5
      vertex 3 118 2.5
    endloop
  endfacet
  facet normal -0.0785969 0.996906 0
    outer loop
      vertex 2.5307 117.963 2.5
      vertex 3 118 0
      vertex 2.5307 117.963 0
    endloop
  endfacet
  facet normal 0 0 -1
    outer loop
      vertex 6.50128 4.81271 0
      vertex 50.62 57 0
      vertex 6.57271 4.51518 0
    endloop
  endfacet
  facet normal 0 0 -1
    outer loop
      vertex 32.62 59.2 0
      vertex 6.60599 113.695 0
      vertex 6.63 114 0
    endloop
  endfacet
  facet normal -0 0 -1
    outer loop
      vertex 50.62 57 0
      vertex 6.50128 4.81271 0
      vertex 32.62 57 0
    endloop
  endfacet
  facet normal 0 0 -1
    outer loop
      vertex 32.62 59.2 0
      vertex 6.59762 113.589 0
      vertex 6.60599 113.695 0
    endloop
  endfacet
  facet normal 0 0 -1
    outer loop
      vertex 6.38418 5.09541 0
      vertex 32.62 57 0
      vertex 6.50128 4.81271 0
    endloop
  endfacet
  facet normal 0 0 -1
    outer loop
      vertex 32.62 59.2 0
      vertex 6.57271 113.485 0
      vertex 6.59762 113.589 0
    endloop
  endfacet
  facet normal 0 0 -1
    outer loop
      vertex 6.34335 5.19399 0
      vertex 32.62 57 0
      vertex 6.38418 5.09541 0
    endloop
  endfacet
  facet normal 0 0 -1
    outer loop
      vertex 32.62 59.2 0
      vertex 6.50128 113.187 0
      vertex 6.57271 113.485 0
    endloop
  endfacet
  facet normal 0 0 -1
    outer loop
      vertex 6.18347 5.45489 0
      vertex 32.62 57 0
      vertex 6.34335 5.19399 0
    endloop
  endfacet
  facet normal 0 0 -1
    outer loop
      vertex 32.62 59.2 0
      vertex 6.38418 112.905 0
      vertex 6.50128 113.187 0
    endloop
  endfacet
  facet normal 0 0 -1
    outer loop
      vertex 6.12771 5.54587 0
      vertex 32.62 57 0
      vertex 6.18347 5.45489 0
    endloop
  endfacet
  facet normal 0 0 -1
    outer loop
      vertex 32.62 59.2 0
      vertex 6.34335 112.806 0
      vertex 6.38418 112.905 0
    endloop
  endfacet
  facet normal 0 0 -1
    outer loop
      vertex 5.92899 5.77855 0
      vertex 32.62 57 0
      vertex 6.12771 5.54587 0
    endloop
  endfacet
  facet normal 0 0 -1
    outer loop
      vertex 32.62 59.2 0
      vertex 6.18347 112.545 0
      vertex 6.34335 112.806 0
    endloop
  endfacet
  facet normal 0 0 -1
    outer loop
      vertex 5.85969 5.85969 0
      vertex 32.62 57 0
      vertex 5.92899 5.77855 0
    endloop
  endfacet
  facet normal 0 0 -1
    outer loop
      vertex 32.62 59.2 0
      vertex 6.12771 112.454 0
      vertex 6.18347 112.545 0
    endloop
  endfacet
  facet normal 0 0 -1
    outer loop
      vertex 5.77855 5.92899 0
      vertex 32.62 57 0
      vertex 5.85969 5.85969 0
    endloop
  endfacet
  facet normal 0 0 -1
    outer loop
      vertex 32.62 59.2 0
      vertex 5.92899 112.221 0
      vertex 6.12771 112.454 0
    endloop
  endfacet
  facet normal 0 0 -1
    outer loop
      vertex 5.54587 6.12771 0
      vertex 32.62 57 0
      vertex 5.77855 5.92899 0
    endloop
  endfacet
  facet normal 0 0 -1
    outer loop
      vertex 32.62 59.2 0
      vertex 5.85969 112.14 0
      vertex 5.92899 112.221 0
    endloop
  endfacet
  facet normal 0 0 -1
    outer loop
      vertex 5.45489 6.18347 0
      vertex 32.62 57 0
      vertex 5.54587 6.12771 0
    endloop
  endfacet
  facet normal 0 0 -1
    outer loop
      vertex 32.62 59.2 0
      vertex 5.77855 112.071 0
      vertex 5.85969 112.14 0
    endloop
  endfacet
  facet normal 0 0 -1
    outer loop
      vertex 5.19399 6.34335 0
      vertex 32.62 57 0
      vertex 5.45489 6.18347 0
    endloop
  endfacet
  facet normal 0 0 -1
    outer loop
      vertex 32.62 59.2 0
      vertex 5.54587 111.872 0
      vertex 5.77855 112.071 0
    endloop
  endfacet
  facet normal 0 0 -1
    outer loop
      vertex 5.09541 6.38418 0
      vertex 32.62 57 0
      vertex 5.19399 6.34335 0
    endloop
  endfacet
  facet normal 0 0 -1
    outer loop
      vertex 32.62 59.2 0
      vertex 5.45489 111.817 0
      vertex 5.54587 111.872 0
    endloop
  endfacet
  facet normal 0 0 -1
    outer loop
      vertex 4.81271 6.50128 0
      vertex 32.62 57 0
      vertex 5.09541 6.38418 0
    endloop
  endfacet
  facet normal 0 0 -1
    outer loop
      vertex 32.62 59.2 0
      vertex 5.19399 111.657 0
      vertex 5.45489 111.817 0
    endloop
  endfacet
  facet normal 0 0 -1
    outer loop
      vertex 4.51518 6.57271 0
      vertex 32.62 57 0
      vertex 4.81271 6.50128 0
    endloop
  endfacet
  facet normal 0 0 -1
    outer loop
      vertex 32.62 59.2 0
      vertex 5.09541 111.616 0
      vertex 5.19399 111.657 0
    endloop
  endfacet
  facet normal 0 0 -1
    outer loop
      vertex 4.41142 6.59762 0
      vertex 32.62 57 0
      vertex 4.51518 6.57271 0
    endloop
  endfacet
  facet normal 0 0 -1
    outer loop
      vertex 32.62 59.2 0
      vertex 4.81271 111.499 0
      vertex 5.09541 111.616 0
    endloop
  endfacet
  facet normal 0 0 -1
    outer loop
      vertex 4.30505 6.60599 0
      vertex 32.62 57 0
      vertex 4.41142 6.59762 0
    endloop
  endfacet
  facet normal 0 0 -1
    outer loop
      vertex 32.62 59.2 0
      vertex 4.51518 111.427 0
      vertex 4.81271 111.499 0
    endloop
  endfacet
  facet normal 0 0 -1
    outer loop
      vertex 4 6.63 0
      vertex 32.62 57 0
      vertex 4.30505 6.60599 0
    endloop
  endfacet
  facet normal 0 0 -1
    outer loop
      vertex 32.62 59.2 0
      vertex 4.41142 111.402 0
      vertex 4.51518 111.427 0
    endloop
  endfacet
  facet normal 0 0 -1
    outer loop
      vertex 3.69495 6.60599 0
      vertex 32.62 57 0
      vertex 4 6.63 0
    endloop
  endfacet
  facet normal 0 0 -1
    outer loop
      vertex 32.62 59.2 0
      vertex 4.30505 111.394 0
      vertex 4.41142 111.402 0
    endloop
  endfacet
  facet normal 0 0 -1
    outer loop
      vertex 3.58858 6.59762 0
      vertex 32.62 57 0
      vertex 3.69495 6.60599 0
    endloop
  endfacet
  facet normal 0 0 -1
    outer loop
      vertex 32.62 59.2 0
      vertex 4 111.37 0
      vertex 4.30505 111.394 0
    endloop
  endfacet
  facet normal 0 0 -1
    outer loop
      vertex 3.48482 6.57271 0
      vertex 32.62 57 0
      vertex 3.58858 6.59762 0
    endloop
  endfacet
  facet normal 0 0 -1
    outer loop
      vertex 32.62 59.2 0
      vertex 3.69495 111.394 0
      vertex 4 111.37 0
    endloop
  endfacet
  facet normal 0 0 -1
    outer loop
      vertex 3.18729 6.50128 0
      vertex 32.62 57 0
      vertex 3.48482 6.57271 0
    endloop
  endfacet
  facet normal 0 0 -1
    outer loop
      vertex 32.62 59.2 0
      vertex 3.58858 111.402 0
      vertex 3.69495 111.394 0
    endloop
  endfacet
  facet normal 0 0 -1
    outer loop
      vertex 2.90459 6.38418 0
      vertex 32.62 57 0
      vertex 3.18729 6.50128 0
    endloop
  endfacet
  facet normal 0 0 -1
    outer loop
      vertex 32.62 59.2 0
      vertex 3.48482 111.427 0
      vertex 3.58858 111.402 0
    endloop
  endfacet
  facet normal 0 0 -1
    outer loop
      vertex 2.80601 6.34335 0
      vertex 32.62 57 0
      vertex 2.90459 6.38418 0
    endloop
  endfacet
  facet normal 0 0 -1
    outer loop
      vertex 32.62 59.2 0
      vertex 3.18729 111.499 0
      vertex 3.48482 111.427 0
    endloop
  endfacet
  facet normal -0 0 -1
    outer loop
      vertex 32.62 57 0
      vertex 2.80601 6.34335 0
      vertex 32.62 59.2 0
    endloop
  endfacet
  facet normal 0 0 -1
    outer loop
      vertex 32.62 59.2 0
      vertex 2.90459 111.616 0
      vertex 3.18729 111.499 0
    endloop
  endfacet
  facet normal 0 0 -1
    outer loop
      vertex 2.80601 111.657 0
      vertex 32.62 59.2 0
      vertex 2.80601 6.34335 0
    endloop
  endfacet
  facet normal 0 0 -1
    outer loop
      vertex 32.62 59.2 0
      vertex 2.80601 111.657 0
      vertex 2.90459 111.616 0
    endloop
  endfacet
  facet normal 0 0 -1
    outer loop
      vertex 2.54511 6.18347 0
      vertex 2.80601 111.657 0
      vertex 2.80601 6.34335 0
    endloop
  endfacet
  facet normal 0 0 -1
    outer loop
      vertex 2.54511 6.18347 0
      vertex 2.54511 111.817 0
      vertex 2.80601 111.657 0
    endloop
  endfacet
  facet normal 0 0 -1
    outer loop
      vertex 2.45413 6.12771 0
      vertex 2.54511 111.817 0
      vertex 2.54511 6.18347 0
    endloop
  endfacet
  facet normal 0 0 -1
    outer loop
      vertex 2.45413 6.12771 0
      vertex 2.45413 111.872 0
      vertex 2.54511 111.817 0
    endloop
  endfacet
  facet normal 0 0 -1
    outer loop
      vertex 2.22145 5.92899 0
      vertex 2.45413 111.872 0
      vertex 2.45413 6.12771 0
    endloop
  endfacet
  facet normal 0 0 -1
    outer loop
      vertex 2.22145 5.92899 0
      vertex 2.22145 112.071 0
      vertex 2.45413 111.872 0
    endloop
  endfacet
  facet normal 0 0 -1
    outer loop
      vertex 2.14031 5.85969 0
      vertex 2.22145 112.071 0
      vertex 2.22145 5.92899 0
    endloop
  endfacet
  facet normal 0 0 -1
    outer loop
      vertex 2.14031 5.85969 0
      vertex 2.14031 112.14 0
      vertex 2.22145 112.071 0
    endloop
  endfacet
  facet normal 0 0 -1
    outer loop
      vertex 2.07101 5.77855 0
      vertex 2.14031 112.14 0
      vertex 2.14031 5.85969 0
    endloop
  endfacet
  facet normal 0 0 -1
    outer loop
      vertex 2.07101 5.77855 0
      vertex 2.07101 112.221 0
      vertex 2.14031 112.14 0
    endloop
  endfacet
  facet normal 0 0 -1
    outer loop
      vertex 1.87229 5.54587 0
      vertex 2.07101 112.221 0
      vertex 2.07101 5.77855 0
    endloop
  endfacet
  facet normal 0 0 -1
    outer loop
      vertex 1.87229 5.54587 0
      vertex 1.87229 112.454 0
      vertex 2.07101 112.221 0
    endloop
  endfacet
  facet normal 0 0 -1
    outer loop
      vertex 0 3 0
      vertex 1.87229 5.54587 0
      vertex 1.81653 5.45489 0
    endloop
  endfacet
  facet normal -0 0 -1
    outer loop
      vertex 1.87229 5.54587 0
      vertex 0 3 0
      vertex 1.87229 112.454 0
    endloop
  endfacet
  facet normal 0 0 -1
    outer loop
      vertex 0 3 0
      vertex 1.81653 5.45489 0
      vertex 1.65665 5.19399 0
    endloop
  endfacet
  facet normal 0 0 -1
    outer loop
      vertex 0 115 0
      vertex 1.87229 112.454 0
      vertex 0 3 0
    endloop
  endfacet
  facet normal 0 0 -1
    outer loop
      vertex 0 3 0
      vertex 1.65665 5.19399 0
      vertex 1.61582 5.09541 0
    endloop
  endfacet
  facet normal 0 0 -1
    outer loop
      vertex 1.87229 112.454 0
      vertex 0 115 0
      vertex 1.81653 112.545 0
    endloop
  endfacet
  facet normal 0 0 -1
    outer loop
      vertex 0 3 0
      vertex 1.61582 5.09541 0
      vertex 1.49872 4.81271 0
    endloop
  endfacet
  facet normal 0 0 -1
    outer loop
      vertex 1.81653 112.545 0
      vertex 0 115 0
      vertex 1.65665 112.806 0
    endloop
  endfacet
  facet normal 0 0 -1
    outer loop
      vertex 0 3 0
      vertex 1.49872 4.81271 0
      vertex 1.42729 4.51518 0
    endloop
  endfacet
  facet normal 0 0 -1
    outer loop
      vertex 1.65665 112.806 0
      vertex 0 115 0
      vertex 1.61582 112.905 0
    endloop
  endfacet
  facet normal 0 0 -1
    outer loop
      vertex 0 3 0
      vertex 1.42729 4.51518 0
      vertex 1.40238 4.41142 0
    endloop
  endfacet
  facet normal 0 0 -1
    outer loop
      vertex 1.61582 112.905 0
      vertex 0 115 0
      vertex 1.49872 113.187 0
    endloop
  endfacet
  facet normal 0 0 -1
    outer loop
      vertex 0 3 0
      vertex 1.40238 4.41142 0
      vertex 1.39401 4.30505 0
    endloop
  endfacet
  facet normal 0 0 -1
    outer loop
      vertex 1.49872 113.187 0
      vertex 0 115 0
      vertex 1.42729 113.485 0
    endloop
  endfacet
  facet normal 0 0 -1
    outer loop
      vertex 0 3 0
      vertex 1.39401 4.30505 0
      vertex 1.37 4 0
    endloop
  endfacet
  facet normal 0 0 -1
    outer loop
      vertex 1.42729 113.485 0
      vertex 0 115 0
      vertex 1.40238 113.589 0
    endloop
  endfacet
  facet normal 0 0 -1
    outer loop
      vertex 32.62 79.2 0
      vertex 50.62 81 0
      vertex 50.62 79.2 0
    endloop
  endfacet
  facet normal -0 0 -1
    outer loop
      vertex 50.62 81 0
      vertex 32.62 79.2 0
      vertex 32.62 81 0
    endloop
  endfacet
  facet normal 0 0 -1
    outer loop
      vertex 32.62 75.2 0
      vertex 50.62 77 0
      vertex 50.62 75.2 0
    endloop
  endfacet
  facet normal -0 0 -1
    outer loop
      vertex 50.62 77 0
      vertex 32.62 75.2 0
      vertex 32.62 77 0
    endloop
  endfacet
  facet normal 0 0 -1
    outer loop
      vertex 32.62 71.2 0
      vertex 50.62 73 0
      vertex 50.62 71.2 0
    endloop
  endfacet
  facet normal -0 0 -1
    outer loop
      vertex 50.62 73 0
      vertex 32.62 71.2 0
      vertex 32.62 73 0
    endloop
  endfacet
  facet normal 0 0 -1
    outer loop
      vertex 32.62 67.2 0
      vertex 50.62 69 0
      vertex 50.62 67.2 0
    endloop
  endfacet
  facet normal -0 0 -1
    outer loop
      vertex 50.62 69 0
      vertex 32.62 67.2 0
      vertex 32.62 69 0
    endloop
  endfacet
  facet normal 0 0 -1
    outer loop
      vertex 32.62 63.2 0
      vertex 50.62 65 0
      vertex 50.62 63.2 0
    endloop
  endfacet
  facet normal -0 0 -1
    outer loop
      vertex 50.62 65 0
      vertex 32.62 63.2 0
      vertex 32.62 65 0
    endloop
  endfacet
  facet normal 0 0 -1
    outer loop
      vertex 32.62 59.2 0
      vertex 50.62 61 0
      vertex 50.62 59.2 0
    endloop
  endfacet
  facet normal -0 0 -1
    outer loop
      vertex 50.62 61 0
      vertex 32.62 59.2 0
      vertex 32.62 61 0
    endloop
  endfacet
  facet normal 0 0 -1
    outer loop
      vertex 62.62 79.2 0
      vertex 80.62 81 0
      vertex 80.62 79.2 0
    endloop
  endfacet
  facet normal -0 0 -1
    outer loop
      vertex 80.62 81 0
      vertex 62.62 79.2 0
      vertex 62.62 81 0
    endloop
  endfacet
  facet normal 0 0 -1
    outer loop
      vertex 62.62 75.2 0
      vertex 80.62 77 0
      vertex 80.62 75.2 0
    endloop
  endfacet
  facet normal -0 0 -1
    outer loop
      vertex 80.62 77 0
      vertex 62.62 75.2 0
      vertex 62.62 77 0
    endloop
  endfacet
  facet normal 0 0 -1
    outer loop
      vertex 62.62 71.2 0
      vertex 80.62 73 0
      vertex 80.62 71.2 0
    endloop
  endfacet
  facet normal -0 0 -1
    outer loop
      vertex 80.62 73 0
      vertex 62.62 71.2 0
      vertex 62.62 73 0
    endloop
  endfacet
  facet normal 0 0 -1
    outer loop
      vertex 62.62 67.2 0
      vertex 80.62 69 0
      vertex 80.62 67.2 0
    endloop
  endfacet
  facet normal -0 0 -1
    outer loop
      vertex 80.62 69 0
      vertex 62.62 67.2 0
      vertex 62.62 69 0
    endloop
  endfacet
  facet normal 0 0 -1
    outer loop
      vertex 62.62 63.2 0
      vertex 80.62 65 0
      vertex 80.62 63.2 0
    endloop
  endfacet
  facet normal -0 0 -1
    outer loop
      vertex 80.62 65 0
      vertex 62.62 63.2 0
      vertex 62.62 65 0
    endloop
  endfacet
  facet normal 0 0 -1
    outer loop
      vertex 62.62 59.2 0
      vertex 80.62 61 0
      vertex 80.62 59.2 0
    endloop
  endfacet
  facet normal -0 0 -1
    outer loop
      vertex 80.62 61 0
      vertex 62.62 59.2 0
      vertex 62.62 61 0
    endloop
  endfacet
  facet normal 0 0 -1
    outer loop
      vertex 92.62 79.2 0
      vertex 110.62 81 0
      vertex 110.62 79.2 0
    endloop
  endfacet
  facet normal -0 0 -1
    outer loop
      vertex 110.62 81 0
      vertex 92.62 79.2 0
      vertex 92.62 81 0
    endloop
  endfacet
  facet normal 0 0 -1
    outer loop
      vertex 92.62 75.2 0
      vertex 110.62 77 0
      vertex 110.62 75.2 0
    endloop
  endfacet
  facet normal -0 0 -1
    outer loop
      vertex 110.62 77 0
      vertex 92.62 75.2 0
      vertex 92.62 77 0
    endloop
  endfacet
  facet normal 0 0 -1
    outer loop
      vertex 92.62 71.2 0
      vertex 110.62 73 0
      vertex 110.62 71.2 0
    endloop
  endfacet
  facet normal -0 0 -1
    outer loop
      vertex 110.62 73 0
      vertex 92.62 71.2 0
      vertex 92.62 73 0
    endloop
  endfacet
  facet normal 0 0 -1
    outer loop
      vertex 92.62 67.2 0
      vertex 110.62 69 0
      vertex 110.62 67.2 0
    endloop
  endfacet
  facet normal -0 0 -1
    outer loop
      vertex 110.62 69 0
      vertex 92.62 67.2 0
      vertex 92.62 69 0
    endloop
  endfacet
  facet normal 0 0 -1
    outer loop
      vertex 92.62 63.2 0
      vertex 110.62 65 0
      vertex 110.62 63.2 0
    endloop
  endfacet
  facet normal -0 0 -1
    outer loop
      vertex 110.62 65 0
      vertex 92.62 63.2 0
      vertex 92.62 65 0
    endloop
  endfacet
  facet normal 0 0 -1
    outer loop
      vertex 92.62 59.2 0
      vertex 110.62 61 0
      vertex 110.62 59.2 0
    endloop
  endfacet
  facet normal -0 0 -1
    outer loop
      vertex 110.62 61 0
      vertex 92.62 59.2 0
      vertex 92.62 61 0
    endloop
  endfacet
  facet normal 0 0 -1
    outer loop
      vertex 122.62 79.2 0
      vertex 140.62 81 0
      vertex 140.62 79.2 0
    endloop
  endfacet
  facet normal -0 0 -1
    outer loop
      vertex 140.62 81 0
      vertex 122.62 79.2 0
      vertex 122.62 81 0
    endloop
  endfacet
  facet normal 0 0 -1
    outer loop
      vertex 122.62 75.2 0
      vertex 140.62 77 0
      vertex 140.62 75.2 0
    endloop
  endfacet
  facet normal -0 0 -1
    outer loop
      vertex 140.62 77 0
      vertex 122.62 75.2 0
      vertex 122.62 77 0
    endloop
  endfacet
  facet normal 0 0 -1
    outer loop
      vertex 122.62 71.2 0
      vertex 140.62 73 0
      vertex 140.62 71.2 0
    endloop
  endfacet
  facet normal -0 0 -1
    outer loop
      vertex 140.62 73 0
      vertex 122.62 71.2 0
      vertex 122.62 73 0
    endloop
  endfacet
  facet normal 0 0 -1
    outer loop
      vertex 122.62 67.2 0
      vertex 140.62 69 0
      vertex 140.62 67.2 0
    endloop
  endfacet
  facet normal -0 0 -1
    outer loop
      vertex 140.62 69 0
      vertex 122.62 67.2 0
      vertex 122.62 69 0
    endloop
  endfacet
  facet normal 0 0 -1
    outer loop
      vertex 122.62 63.2 0
      vertex 140.62 65 0
      vertex 140.62 63.2 0
    endloop
  endfacet
  facet normal -0 0 -1
    outer loop
      vertex 140.62 65 0
      vertex 122.62 63.2 0
      vertex 122.62 65 0
    endloop
  endfacet
  facet normal 0 0 -1
    outer loop
      vertex 122.62 59.2 0
      vertex 140.62 61 0
      vertex 140.62 59.2 0
    endloop
  endfacet
  facet normal -0 0 -1
    outer loop
      vertex 140.62 61 0
      vertex 122.62 59.2 0
      vertex 122.62 61 0
    endloop
  endfacet
  facet normal 0 0 -1
    outer loop
      vertex 156.573 4.51518 0
      vertex 158 3 0
      vertex 156.598 4.41142 0
    endloop
  endfacet
  facet normal 0 0 -1
    outer loop
      vertex 158 115 0
      vertex 156.606 113.695 0
      vertex 156.63 114 0
    endloop
  endfacet
  facet normal 0 0 -1
    outer loop
      vertex 156.501 4.81271 0
      vertex 158 3 0
      vertex 156.573 4.51518 0
    endloop
  endfacet
  facet normal 0 0 -1
    outer loop
      vertex 158 115 0
      vertex 156.598 113.589 0
      vertex 156.606 113.695 0
    endloop
  endfacet
  facet normal 0 0 -1
    outer loop
      vertex 156.384 5.09541 0
      vertex 158 3 0
      vertex 156.501 4.81271 0
    endloop
  endfacet
  facet normal 0 0 -1
    outer loop
      vertex 158 115 0
      vertex 156.573 113.485 0
      vertex 156.598 113.589 0
    endloop
  endfacet
  facet normal 0 0 -1
    outer loop
      vertex 156.343 5.19399 0
      vertex 158 3 0
      vertex 156.384 5.09541 0
    endloop
  endfacet
  facet normal 0 0 -1
    outer loop
      vertex 158 115 0
      vertex 156.501 113.187 0
      vertex 156.573 113.485 0
    endloop
  endfacet
  facet normal 0 0 -1
    outer loop
      vertex 156.183 5.45489 0
      vertex 158 3 0
      vertex 156.343 5.19399 0
    endloop
  endfacet
  facet normal 0 0 -1
    outer loop
      vertex 158 115 0
      vertex 156.384 112.905 0
      vertex 156.501 113.187 0
    endloop
  endfacet
  facet normal 0 0 -1
    outer loop
      vertex 156.128 5.54587 0
      vertex 158 3 0
      vertex 156.183 5.45489 0
    endloop
  endfacet
  facet normal 0 0 -1
    outer loop
      vertex 158 115 0
      vertex 156.343 112.806 0
      vertex 156.384 112.905 0
    endloop
  endfacet
  facet normal 0 0 -1
    outer loop
      vertex 140.62 57 0
      vertex 158 3 0
      vertex 156.128 5.54587 0
    endloop
  endfacet
  facet normal 0 0 -1
    outer loop
      vertex 158 115 0
      vertex 156.183 112.545 0
      vertex 156.343 112.806 0
    endloop
  endfacet
  facet normal 0 0 -1
    outer loop
      vertex 158 3 0
      vertex 140.62 57 0
      vertex 158 115 0
    endloop
  endfacet
  facet normal 0 0 -1
    outer loop
      vertex 158 115 0
      vertex 156.128 112.454 0
      vertex 156.183 112.545 0
    endloop
  endfacet
  facet normal 0 0 -1
    outer loop
      vertex 140.62 57 0
      vertex 156.128 5.54587 0
      vertex 155.929 5.77855 0
    endloop
  endfacet
  facet normal 0 0 -1
    outer loop
      vertex 140.62 59.2 0
      vertex 158 115 0
      vertex 140.62 57 0
    endloop
  endfacet
  facet normal 0 0 -1
    outer loop
      vertex 140.62 57 0
      vertex 155.929 5.77855 0
      vertex 155.86 5.85969 0
    endloop
  endfacet
  facet normal 0 0 -1
    outer loop
      vertex 140.62 61 0
      vertex 158 115 0
      vertex 140.62 59.2 0
    endloop
  endfacet
  facet normal 0 0 -1
    outer loop
      vertex 140.62 57 0
      vertex 155.86 5.85969 0
      vertex 155.779 5.92899 0
    endloop
  endfacet
  facet normal 0 0 -1
    outer loop
      vertex 140.62 63.2 0
      vertex 158 115 0
      vertex 140.62 61 0
    endloop
  endfacet
  facet normal 0 0 -1
    outer loop
      vertex 140.62 57 0
      vertex 155.779 5.92899 0
      vertex 155.546 6.12771 0
    endloop
  endfacet
  facet normal 0 0 -1
    outer loop
      vertex 158 115 0
      vertex 140.62 63.2 0
      vertex 156.128 112.454 0
    endloop
  endfacet
  facet normal 0 0 -1
    outer loop
      vertex 140.62 57 0
      vertex 155.546 6.12771 0
      vertex 155.455 6.18347 0
    endloop
  endfacet
  facet normal 0 0 -1
    outer loop
      vertex 140.62 65 0
      vertex 156.128 112.454 0
      vertex 140.62 63.2 0
    endloop
  endfacet
  facet normal 0 0 -1
    outer loop
      vertex 140.62 57 0
      vertex 155.455 6.18347 0
      vertex 155.194 6.34335 0
    endloop
  endfacet
  facet normal 0 0 -1
    outer loop
      vertex 140.62 67.2 0
      vertex 156.128 112.454 0
      vertex 140.62 65 0
    endloop
  endfacet
  facet normal 0 0 -1
    outer loop
      vertex 140.62 57 0
      vertex 155.194 6.34335 0
      vertex 155.095 6.38418 0
    endloop
  endfacet
  facet normal 0 0 -1
    outer loop
      vertex 140.62 69 0
      vertex 156.128 112.454 0
      vertex 140.62 67.2 0
    endloop
  endfacet
  facet normal 0 0 -1
    outer loop
      vertex 140.62 57 0
      vertex 155.095 6.38418 0
      vertex 154.813 6.50128 0
    endloop
  endfacet
  facet normal 0 0 -1
    outer loop
      vertex 156.128 112.454 0
      vertex 140.62 69 0
      vertex 155.929 112.221 0
    endloop
  endfacet
  facet normal 0 0 -1
    outer loop
      vertex 140.62 57 0
      vertex 154.813 6.50128 0
      vertex 154.515 6.57271 0
    endloop
  endfacet
  facet normal 0 0 -1
    outer loop
      vertex 140.62 71.2 0
      vertex 155.929 112.221 0
      vertex 140.62 69 0
    endloop
  endfacet
  facet normal 0 0 -1
    outer loop
      vertex 140.62 57 0
      vertex 154.515 6.57271 0
      vertex 154.411 6.59762 0
    endloop
  endfacet
  facet normal 0 0 -1
    outer loop
      vertex 155.929 112.221 0
      vertex 140.62 71.2 0
      vertex 155.86 112.14 0
    endloop
  endfacet
  facet normal 0 0 -1
    outer loop
      vertex 140.62 57 0
      vertex 154.411 6.59762 0
      vertex 154.305 6.60599 0
    endloop
  endfacet
  facet normal 0 0 -1
    outer loop
      vertex 140.62 73 0
      vertex 155.86 112.14 0
      vertex 140.62 71.2 0
    endloop
  endfacet
  facet normal 0 0 -1
    outer loop
      vertex 140.62 57 0
      vertex 154.305 6.60599 0
      vertex 154 6.63 0
    endloop
  endfacet
  facet normal 0 0 -1
    outer loop
      vertex 140.62 75.2 0
      vertex 155.86 112.14 0
      vertex 140.62 73 0
    endloop
  endfacet
  facet normal 0 0 -1
    outer loop
      vertex 140.62 57 0
      vertex 154 6.63 0
      vertex 153.695 6.60599 0
    endloop
  endfacet
  facet normal 0 0 -1
    outer loop
      vertex 140.62 77 0
      vertex 155.86 112.14 0
      vertex 140.62 75.2 0
    endloop
  endfacet
  facet normal 0 0 -1
    outer loop
      vertex 140.62 57 0
      vertex 153.695 6.60599 0
      vertex 153.589 6.59762 0
    endloop
  endfacet
  facet normal 0 0 -1
    outer loop
      vertex 140.62 79.2 0
      vertex 155.86 112.14 0
      vertex 140.62 77 0
    endloop
  endfacet
  facet normal 0 0 -1
    outer loop
      vertex 140.62 57 0
      vertex 153.589 6.59762 0
      vertex 153.485 6.57271 0
    endloop
  endfacet
  facet normal 0 0 -1
    outer loop
      vertex 155.86 112.14 0
      vertex 140.62 79.2 0
      vertex 155.779 112.071 0
    endloop
  endfacet
  facet normal 0 0 -1
    outer loop
      vertex 140.62 57 0
      vertex 153.485 6.57271 0
      vertex 153.187 6.50128 0
    endloop
  endfacet
  facet normal 0 0 -1
    outer loop
      vertex 155.779 112.071 0
      vertex 140.62 79.2 0
      vertex 155.546 111.872 0
    endloop
  endfacet
  facet normal 0 0 -1
    outer loop
      vertex 140.62 57 0
      vertex 153.187 6.50128 0
      vertex 152.905 6.38418 0
    endloop
  endfacet
  facet normal 0 0 -1
    outer loop
      vertex 140.62 81 0
      vertex 155.546 111.872 0
      vertex 140.62 79.2 0
    endloop
  endfacet
  facet normal 0 0 -1
    outer loop
      vertex 140.62 57 0
      vertex 152.905 6.38418 0
      vertex 152.806 6.34335 0
    endloop
  endfacet
  facet normal 0 0 -1
    outer loop
      vertex 140.62 83.2 0
      vertex 155.546 111.872 0
      vertex 140.62 81 0
    endloop
  endfacet
  facet normal 0 0 -1
    outer loop
      vertex 140.62 57 0
      vertex 152.806 6.34335 0
      vertex 152.545 6.18347 0
    endloop
  endfacet
  facet normal 0 0 -1
    outer loop
      vertex 155.546 111.872 0
      vertex 140.62 83.2 0
      vertex 155.455 111.817 0
    endloop
  endfacet
  facet normal 0 0 -1
    outer loop
      vertex 140.62 57 0
      vertex 152.545 6.18347 0
      vertex 152.454 6.12771 0
    endloop
  endfacet
  facet normal 0 0 -1
    outer loop
      vertex 155.455 111.817 0
      vertex 140.62 83.2 0
      vertex 155.194 111.657 0
    endloop
  endfacet
  facet normal 0 0 -1
    outer loop
      vertex 140.62 57 0
      vertex 152.454 6.12771 0
      vertex 152.221 5.92899 0
    endloop
  endfacet
  facet normal 0 0 -1
    outer loop
      vertex 155.194 111.657 0
      vertex 140.62 83.2 0
      vertex 155.095 111.616 0
    endloop
  endfacet
  facet normal 0 0 -1
    outer loop
      vertex 140.62 57 0
      vertex 152.221 5.92899 0
      vertex 152.14 5.85969 0
    endloop
  endfacet
  facet normal 0 0 -1
    outer loop
      vertex 155.095 111.616 0
      vertex 140.62 83.2 0
      vertex 154.813 111.499 0
    endloop
  endfacet
  facet normal 0 0 -1
    outer loop
      vertex 122.62 57 0
      vertex 152.14 5.85969 0
      vertex 152.071 5.77855 0
    endloop
  endfacet
  facet normal 0 0 -1
    outer loop
      vertex 154.813 111.499 0
      vertex 140.62 83.2 0
      vertex 154.515 111.427 0
    endloop
  endfacet
  facet normal 0 0 -1
    outer loop
      vertex 122.62 57 0
      vertex 152.071 5.77855 0
      vertex 151.872 5.54587 0
    endloop
  endfacet
  facet normal 0 0 -1
    outer loop
      vertex 154.515 111.427 0
      vertex 140.62 83.2 0
      vertex 154.411 111.402 0
    endloop
  endfacet
  facet normal 0 0 -1
    outer loop
      vertex 122.62 57 0
      vertex 151.872 5.54587 0
      vertex 151.817 5.45489 0
    endloop
  endfacet
  facet normal 0 0 -1
    outer loop
      vertex 154.411 111.402 0
      vertex 140.62 83.2 0
      vertex 154.305 111.394 0
    endloop
  endfacet
  facet normal 0 0 -1
    outer loop
      vertex 122.62 57 0
      vertex 151.817 5.45489 0
      vertex 151.657 5.19399 0
    endloop
  endfacet
  facet normal 0 0 -1
    outer loop
      vertex 154.305 111.394 0
      vertex 140.62 83.2 0
      vertex 154 111.37 0
    endloop
  endfacet
  facet normal 0 0 -1
    outer loop
      vertex 122.62 57 0
      vertex 151.657 5.19399 0
      vertex 151.616 5.09541 0
    endloop
  endfacet
  facet normal -0 0 -1
    outer loop
      vertex 154 111.37 0
      vertex 140.62 83.2 0
      vertex 153.695 111.394 0
    endloop
  endfacet
  facet normal 0 0 -1
    outer loop
      vertex 122.62 57 0
      vertex 151.616 5.09541 0
      vertex 151.499 4.81271 0
    endloop
  endfacet
  facet normal -0 0 -1
    outer loop
      vertex 153.695 111.394 0
      vertex 140.62 83.2 0
      vertex 153.589 111.402 0
    endloop
  endfacet
  facet normal 0 0 -1
    outer loop
      vertex 110.62 57 0
      vertex 151.499 4.81271 0
      vertex 151.427 4.51518 0
    endloop
  endfacet
  facet normal -0 0 -1
    outer loop
      vertex 153.589 111.402 0
      vertex 140.62 83.2 0
      vertex 153.485 111.427 0
    endloop
  endfacet
  facet normal 0 0 -1
    outer loop
      vertex 110.62 57 0
      vertex 151.427 4.51518 0
      vertex 151.402 4.41142 0
    endloop
  endfacet
  facet normal -0 0 -1
    outer loop
      vertex 153.485 111.427 0
      vertex 140.62 83.2 0
      vertex 153.187 111.499 0
    endloop
  endfacet
  facet normal 0 0 -1
    outer loop
      vertex 110.62 57 0
      vertex 151.402 4.41142 0
      vertex 151.394 4.30505 0
    endloop
  endfacet
  facet normal -0 0 -1
    outer loop
      vertex 153.187 111.499 0
      vertex 140.62 83.2 0
      vertex 152.905 111.616 0
    endloop
  endfacet
  facet normal 0 0 -1
    outer loop
      vertex 110.62 57 0
      vertex 151.394 4.30505 0
      vertex 151.37 4 0
    endloop
  endfacet
  facet normal -0 0 -1
    outer loop
      vertex 152.905 111.616 0
      vertex 140.62 83.2 0
      vertex 152.806 111.657 0
    endloop
  endfacet
  facet normal 0 0 -1
    outer loop
      vertex 156.501 3.18729 0
      vertex 158 3 0
      vertex 157.963 2.5307 0
    endloop
  endfacet
  facet normal 0 0 -1
    outer loop
      vertex 156.606 4.30505 0
      vertex 158 3 0
      vertex 156.63 4 0
    endloop
  endfacet
  facet normal 0 0 -1
    outer loop
      vertex 156.343 2.80601 0
      vertex 157.963 2.5307 0
      vertex 157.853 2.07295 0
    endloop
  endfacet
  facet normal 0 0 -1
    outer loop
      vertex 156.598 4.41142 0
      vertex 158 3 0
      vertex 156.606 4.30505 0
    endloop
  endfacet
  facet normal 0 0 -1
    outer loop
      vertex 156.183 2.54511 0
      vertex 157.853 2.07295 0
      vertex 157.673 1.63803 0
    endloop
  endfacet
  facet normal 0 0 -1
    outer loop
      vertex 156.606 114.305 0
      vertex 158 115 0
      vertex 156.63 114 0
    endloop
  endfacet
  facet normal 0 0 -1
    outer loop
      vertex 156.128 2.45413 0
      vertex 157.673 1.63803 0
      vertex 157.427 1.23664 0
    endloop
  endfacet
  facet normal 0 0 -1
    outer loop
      vertex 156.598 114.411 0
      vertex 158 115 0
      vertex 156.606 114.305 0
    endloop
  endfacet
  facet normal 0 0 -1
    outer loop
      vertex 155.929 2.22145 0
      vertex 157.427 1.23664 0
      vertex 157.121 0.878679 0
    endloop
  endfacet
  facet normal 0 0 -1
    outer loop
      vertex 156.573 114.515 0
      vertex 158 115 0
      vertex 156.598 114.411 0
    endloop
  endfacet
  facet normal 0 0 -1
    outer loop
      vertex 155.779 2.07101 0
      vertex 157.121 0.878679 0
      vertex 156.763 0.572948 0
    endloop
  endfacet
  facet normal 0 0 -1
    outer loop
      vertex 156.501 114.813 0
      vertex 158 115 0
      vertex 156.573 114.515 0
    endloop
  endfacet
  facet normal -0 0 -1
    outer loop
      vertex 158 115 0
      vertex 156.501 114.813 0
      vertex 157.963 115.469 0
    endloop
  endfacet
  facet normal 0 0 -1
    outer loop
      vertex 158 3 0
      vertex 156.606 3.69495 0
      vertex 156.63 4 0
    endloop
  endfacet
  facet normal 0 0 -1
    outer loop
      vertex 158 3 0
      vertex 156.598 3.58858 0
      vertex 156.606 3.69495 0
    endloop
  endfacet
  facet normal 0 0 -1
    outer loop
      vertex 158 3 0
      vertex 156.573 3.48482 0
      vertex 156.598 3.58858 0
    endloop
  endfacet
  facet normal 0 0 -1
    outer loop
      vertex 158 3 0
      vertex 156.501 3.18729 0
      vertex 156.573 3.48482 0
    endloop
  endfacet
  facet normal 0 0 -1
    outer loop
      vertex 157.963 2.5307 0
      vertex 156.384 2.90459 0
      vertex 156.501 3.18729 0
    endloop
  endfacet
  facet normal 0 0 -1
    outer loop
      vertex 155.546 1.87229 0
      vertex 156.763 0.572948 0
      vertex 156.362 0.32698 0
    endloop
  endfacet
  facet normal 0 0 -1
    outer loop
      vertex 157.963 2.5307 0
      vertex 156.343 2.80601 0
      vertex 156.384 2.90459 0
    endloop
  endfacet
  facet normal 0 0 -1
    outer loop
      vertex 157.853 2.07295 0
      vertex 156.183 2.54511 0
      vertex 156.343 2.80601 0
    endloop
  endfacet
  facet normal 0 0 -1
    outer loop
      vertex 157.673 1.63803 0
      vertex 156.128 2.45413 0
      vertex 156.183 2.54511 0
    endloop
  endfacet
  facet normal 0 0 -1
    outer loop
      vertex 157.427 1.23664 0
      vertex 155.929 2.22145 0
      vertex 156.128 2.45413 0
    endloop
  endfacet
  facet normal 0 0 -1
    outer loop
      vertex 155.455 1.81653 0
      vertex 156.362 0.32698 0
      vertex 155.927 0.14683 0
    endloop
  endfacet
  facet normal 0 0 -1
    outer loop
      vertex 157.121 0.878679 0
      vertex 155.86 2.14031 0
      vertex 155.929 2.22145 0
    endloop
  endfacet
  facet normal 0 0 -1
    outer loop
      vertex 157.121 0.878679 0
      vertex 155.779 2.07101 0
      vertex 155.86 2.14031 0
    endloop
  endfacet
  facet normal 0 0 -1
    outer loop
      vertex 156.763 0.572948 0
      vertex 155.546 1.87229 0
      vertex 155.779 2.07101 0
    endloop
  endfacet
  facet normal 0 0 -1
    outer loop
      vertex 155.194 1.65665 0
      vertex 155.927 0.14683 0
      vertex 155.469 0.0369349 0
    endloop
  endfacet
  facet normal 0 0 -1
    outer loop
      vertex 156.362 0.32698 0
      vertex 155.455 1.81653 0
      vertex 155.546 1.87229 0
    endloop
  endfacet
  facet normal 0 0 -1
    outer loop
      vertex 155.927 0.14683 0
      vertex 155.194 1.65665 0
      vertex 155.455 1.81653 0
    endloop
  endfacet
  facet normal 0 0 -1
    outer loop
      vertex 155.469 0.0369349 0
      vertex 155.095 1.61582 0
      vertex 155.194 1.65665 0
    endloop
  endfacet
  facet normal 0 0 -1
    outer loop
      vertex 154.813 1.49872 0
      vertex 155.469 0.0369349 0
      vertex 155 0 0
    endloop
  endfacet
  facet normal 0 0 -1
    outer loop
      vertex 155.469 0.0369349 0
      vertex 154.813 1.49872 0
      vertex 155.095 1.61582 0
    endloop
  endfacet
  facet normal 0 0 -1
    outer loop
      vertex 155 0 0
      vertex 154.515 1.42729 0
      vertex 154.813 1.49872 0
    endloop
  endfacet
  facet normal 0 0 -1
    outer loop
      vertex 155 0 0
      vertex 154.411 1.40238 0
      vertex 154.515 1.42729 0
    endloop
  endfacet
  facet normal 0 0 -1
    outer loop
      vertex 155 0 0
      vertex 154.305 1.39401 0
      vertex 154.411 1.40238 0
    endloop
  endfacet
  facet normal 0 0 -1
    outer loop
      vertex 155 0 0
      vertex 154 1.37 0
      vertex 154.305 1.39401 0
    endloop
  endfacet
  facet normal 0 0 -1
    outer loop
      vertex 155 0 0
      vertex 153.695 1.39401 0
      vertex 154 1.37 0
    endloop
  endfacet
  facet normal 0 0 -1
    outer loop
      vertex 155 0 0
      vertex 153.589 1.40238 0
      vertex 153.695 1.39401 0
    endloop
  endfacet
  facet normal 0 0 -1
    outer loop
      vertex 155 0 0
      vertex 153.485 1.42729 0
      vertex 153.589 1.40238 0
    endloop
  endfacet
  facet normal 0 0 -1
    outer loop
      vertex 155 0 0
      vertex 153.187 1.49872 0
      vertex 153.485 1.42729 0
    endloop
  endfacet
  facet normal 0 0 -1
    outer loop
      vertex 155 0 0
      vertex 152.905 1.61582 0
      vertex 153.187 1.49872 0
    endloop
  endfacet
  facet normal 0 0 -1
    outer loop
      vertex 155 0 0
      vertex 152.806 1.65665 0
      vertex 152.905 1.61582 0
    endloop
  endfacet
  facet normal 0 0 -1
    outer loop
      vertex 155 0 0
      vertex 152.545 1.81653 0
      vertex 152.806 1.65665 0
    endloop
  endfacet
  facet normal 0 0 -1
    outer loop
      vertex 155 0 0
      vertex 152.454 1.87229 0
      vertex 152.545 1.81653 0
    endloop
  endfacet
  facet normal 0 0 1
    outer loop
      vertex 152.454 1.87229 0
      vertex 152.14 2.14031 0
      vertex 152.221 2.07101 0
    endloop
  endfacet
  facet normal 0 0 -1
    outer loop
      vertex 152.14 2.14031 0
      vertex 151.872 2.45413 0
      vertex 152.071 2.22145 0
    endloop
  endfacet
  facet normal 0 0 1
    outer loop
      vertex 151.657 2.80601 0
      vertex 151.499 3.18729 0
      vertex 151.616 2.90459 0
    endloop
  endfacet
  facet normal 0 0 1
    outer loop
      vertex 151.499 3.18729 0
      vertex 151.402 3.58858 0
      vertex 151.427 3.48482 0
    endloop
  endfacet
  facet normal 0 0 -1
    outer loop
      vertex 151.402 3.58858 0
      vertex 151.37 4 0
      vertex 151.394 3.69495 0
    endloop
  endfacet
  facet normal -0 0 -1
    outer loop
      vertex 152.806 111.657 0
      vertex 140.62 83.2 0
      vertex 152.545 111.817 0
    endloop
  endfacet
  facet normal 0 0 -1
    outer loop
      vertex 92.62 57 0
      vertex 151.37 4 0
      vertex 151.402 3.58858 0
    endloop
  endfacet
  facet normal 0 0 -1
    outer loop
      vertex 152.14 5.85969 0
      vertex 122.62 57 0
      vertex 140.62 57 0
    endloop
  endfacet
  facet normal 0 0 -1
    outer loop
      vertex 80.62 57 0
      vertex 151.402 3.58858 0
      vertex 151.499 3.18729 0
    endloop
  endfacet
  facet normal 0 0 -1
    outer loop
      vertex 6.50128 3.18729 0
      vertex 151.499 3.18729 0
      vertex 151.657 2.80601 0
    endloop
  endfacet
  facet normal 0 0 -1
    outer loop
      vertex 110.62 59.2 0
      vertex 122.62 59.2 0
      vertex 122.62 57 0
    endloop
  endfacet
  facet normal 0 0 -1
    outer loop
      vertex 122.62 59.2 0
      vertex 110.62 59.2 0
      vertex 122.62 61 0
    endloop
  endfacet
  facet normal 0 0 -1
    outer loop
      vertex 122.62 61 0
      vertex 110.62 61 0
      vertex 122.62 63.2 0
    endloop
  endfacet
  facet normal 0 0 -1
    outer loop
      vertex 110.62 63.2 0
      vertex 122.62 63.2 0
      vertex 110.62 61 0
    endloop
  endfacet
  facet normal 0 0 -1
    outer loop
      vertex 110.62 65 0
      vertex 122.62 65 0
      vertex 110.62 63.2 0
    endloop
  endfacet
  facet normal 0 0 -1
    outer loop
      vertex 122.62 65 0
      vertex 110.62 65 0
      vertex 122.62 67.2 0
    endloop
  endfacet
  facet normal 0 0 -1
    outer loop
      vertex 122.62 67.2 0
      vertex 110.62 67.2 0
      vertex 122.62 69 0
    endloop
  endfacet
  facet normal 0 0 -1
    outer loop
      vertex 110.62 69 0
      vertex 122.62 69 0
      vertex 110.62 67.2 0
    endloop
  endfacet
  facet normal 0 0 -1
    outer loop
      vertex 110.62 71.2 0
      vertex 122.62 71.2 0
      vertex 110.62 69 0
    endloop
  endfacet
  facet normal 0 0 -1
    outer loop
      vertex 122.62 71.2 0
      vertex 110.62 71.2 0
      vertex 122.62 73 0
    endloop
  endfacet
  facet normal 0 0 -1
    outer loop
      vertex 122.62 73 0
      vertex 110.62 73 0
      vertex 122.62 75.2 0
    endloop
  endfacet
  facet normal 0 0 -1
    outer loop
      vertex 110.62 75.2 0
      vertex 122.62 75.2 0
      vertex 110.62 73 0
    endloop
  endfacet
  facet normal 0 0 -1
    outer loop
      vertex 110.62 59.2 0
      vertex 122.62 57 0
      vertex 110.62 57 0
    endloop
  endfacet
  facet normal 0 0 -1
    outer loop
      vertex 151.499 4.81271 0
      vertex 110.62 57 0
      vertex 122.62 57 0
    endloop
  endfacet
  facet normal 0 0 -1
    outer loop
      vertex 6.34335 2.80601 0
      vertex 151.657 2.80601 0
      vertex 151.817 2.54511 0
    endloop
  endfacet
  facet normal 0 0 -1
    outer loop
      vertex 6.34335 2.80601 0
      vertex 151.817 2.54511 0
      vertex 151.872 2.45413 0
    endloop
  endfacet
  facet normal 0 0 -1
    outer loop
      vertex 151.37 4 0
      vertex 92.62 57 0
      vertex 110.62 57 0
    endloop
  endfacet
  facet normal 0 0 -1
    outer loop
      vertex 6.12771 2.45413 0
      vertex 151.872 2.45413 0
      vertex 152.14 2.14031 0
    endloop
  endfacet
  facet normal 0 0 -1
    outer loop
      vertex 80.62 59.2 0
      vertex 92.62 59.2 0
      vertex 92.62 57 0
    endloop
  endfacet
  facet normal 0 0 -1
    outer loop
      vertex 92.62 59.2 0
      vertex 80.62 59.2 0
      vertex 92.62 61 0
    endloop
  endfacet
  facet normal 0 0 -1
    outer loop
      vertex 92.62 61 0
      vertex 80.62 61 0
      vertex 92.62 63.2 0
    endloop
  endfacet
  facet normal 0 0 -1
    outer loop
      vertex 80.62 63.2 0
      vertex 92.62 63.2 0
      vertex 80.62 61 0
    endloop
  endfacet
  facet normal 0 0 -1
    outer loop
      vertex 80.62 65 0
      vertex 92.62 65 0
      vertex 80.62 63.2 0
    endloop
  endfacet
  facet normal 0 0 -1
    outer loop
      vertex 92.62 65 0
      vertex 80.62 65 0
      vertex 92.62 67.2 0
    endloop
  endfacet
  facet normal 0 0 -1
    outer loop
      vertex 92.62 67.2 0
      vertex 80.62 67.2 0
      vertex 92.62 69 0
    endloop
  endfacet
  facet normal 0 0 -1
    outer loop
      vertex 80.62 69 0
      vertex 92.62 69 0
      vertex 80.62 67.2 0
    endloop
  endfacet
  facet normal 0 0 -1
    outer loop
      vertex 80.62 71.2 0
      vertex 92.62 71.2 0
      vertex 80.62 69 0
    endloop
  endfacet
  facet normal 0 0 -1
    outer loop
      vertex 92.62 71.2 0
      vertex 80.62 71.2 0
      vertex 92.62 73 0
    endloop
  endfacet
  facet normal 0 0 -1
    outer loop
      vertex 92.62 73 0
      vertex 80.62 73 0
      vertex 92.62 75.2 0
    endloop
  endfacet
  facet normal 0 0 -1
    outer loop
      vertex 80.62 75.2 0
      vertex 92.62 75.2 0
      vertex 80.62 73 0
    endloop
  endfacet
  facet normal 0 0 -1
    outer loop
      vertex 80.62 59.2 0
      vertex 92.62 57 0
      vertex 80.62 57 0
    endloop
  endfacet
  facet normal 0 0 -1
    outer loop
      vertex 151.402 3.58858 0
      vertex 80.62 57 0
      vertex 92.62 57 0
    endloop
  endfacet
  facet normal 0 0 -1
    outer loop
      vertex 5.85969 2.14031 0
      vertex 152.14 2.14031 0
      vertex 152.454 1.87229 0
    endloop
  endfacet
  facet normal 0 0 -1
    outer loop
      vertex 151.499 3.18729 0
      vertex 6.50128 3.18729 0
      vertex 80.62 57 0
    endloop
  endfacet
  facet normal 0 0 -1
    outer loop
      vertex 5.54587 1.87229 0
      vertex 152.454 1.87229 0
      vertex 155 0 0
    endloop
  endfacet
  facet normal 0 0 -1
    outer loop
      vertex 50.62 59.2 0
      vertex 62.62 59.2 0
      vertex 62.62 57 0
    endloop
  endfacet
  facet normal 0 0 -1
    outer loop
      vertex 62.62 59.2 0
      vertex 50.62 59.2 0
      vertex 62.62 61 0
    endloop
  endfacet
  facet normal 0 0 -1
    outer loop
      vertex 62.62 61 0
      vertex 50.62 61 0
      vertex 62.62 63.2 0
    endloop
  endfacet
  facet normal 0 0 -1
    outer loop
      vertex 50.62 63.2 0
      vertex 62.62 63.2 0
      vertex 50.62 61 0
    endloop
  endfacet
  facet normal 0 0 -1
    outer loop
      vertex 50.62 65 0
      vertex 62.62 65 0
      vertex 50.62 63.2 0
    endloop
  endfacet
  facet normal 0 0 -1
    outer loop
      vertex 62.62 65 0
      vertex 50.62 65 0
      vertex 62.62 67.2 0
    endloop
  endfacet
  facet normal 0 0 -1
    outer loop
      vertex 62.62 67.2 0
      vertex 50.62 67.2 0
      vertex 62.62 69 0
    endloop
  endfacet
  facet normal 0 0 -1
    outer loop
      vertex 50.62 69 0
      vertex 62.62 69 0
      vertex 50.62 67.2 0
    endloop
  endfacet
  facet normal 0 0 -1
    outer loop
      vertex 50.62 71.2 0
      vertex 62.62 71.2 0
      vertex 50.62 69 0
    endloop
  endfacet
  facet normal 0 0 -1
    outer loop
      vertex 62.62 71.2 0
      vertex 50.62 71.2 0
      vertex 62.62 73 0
    endloop
  endfacet
  facet normal 0 0 -1
    outer loop
      vertex 62.62 73 0
      vertex 50.62 73 0
      vertex 62.62 75.2 0
    endloop
  endfacet
  facet normal 0 0 -1
    outer loop
      vertex 50.62 75.2 0
      vertex 62.62 75.2 0
      vertex 50.62 73 0
    endloop
  endfacet
  facet normal 0 0 -1
    outer loop
      vertex 50.62 59.2 0
      vertex 62.62 57 0
      vertex 50.62 57 0
    endloop
  endfacet
  facet normal 0 -0 -1
    outer loop
      vertex 6.57271 3.48482 0
      vertex 80.62 57 0
      vertex 6.50128 3.18729 0
    endloop
  endfacet
  facet normal 0 -0 -1
    outer loop
      vertex 6.60599 3.69495 0
      vertex 62.62 57 0
      vertex 6.59762 3.58858 0
    endloop
  endfacet
  facet normal 0 0 -1
    outer loop
      vertex 6.59762 4.41142 0
      vertex 50.62 57 0
      vertex 6.60599 4.30505 0
    endloop
  endfacet
  facet normal 0 0 -1
    outer loop
      vertex 32.62 59.2 0
      vertex 6.63 114 0
      vertex 32.62 61 0
    endloop
  endfacet
  facet normal 0 0 -1
    outer loop
      vertex 32.62 61 0
      vertex 6.63 114 0
      vertex 32.62 63.2 0
    endloop
  endfacet
  facet normal 0 0 -1
    outer loop
      vertex 32.62 63.2 0
      vertex 6.63 114 0
      vertex 32.62 65 0
    endloop
  endfacet
  facet normal 0 0 -1
    outer loop
      vertex 32.62 65 0
      vertex 6.63 114 0
      vertex 32.62 67.2 0
    endloop
  endfacet
  facet normal 0 0 -1
    outer loop
      vertex 32.62 67.2 0
      vertex 6.63 114 0
      vertex 32.62 69 0
    endloop
  endfacet
  facet normal 0 0 -1
    outer loop
      vertex 32.62 69 0
      vertex 6.63 114 0
      vertex 32.62 71.2 0
    endloop
  endfacet
  facet normal 0 0 -1
    outer loop
      vertex 32.62 71.2 0
      vertex 6.63 114 0
      vertex 32.62 73 0
    endloop
  endfacet
  facet normal 0 0 -1
    outer loop
      vertex 32.62 73 0
      vertex 6.63 114 0
      vertex 32.62 75.2 0
    endloop
  endfacet
  facet normal 0 0 -1
    outer loop
      vertex 32.62 75.2 0
      vertex 6.63 114 0
      vertex 32.62 77 0
    endloop
  endfacet
  facet normal 0 0 -1
    outer loop
      vertex 32.62 77 0
      vertex 6.63 114 0
      vertex 32.62 79.2 0
    endloop
  endfacet
  facet normal 0 0 -1
    outer loop
      vertex 32.62 79.2 0
      vertex 6.63 114 0
      vertex 32.62 81 0
    endloop
  endfacet
  facet normal 0 0 -1
    outer loop
      vertex 6.57271 4.51518 0
      vertex 50.62 57 0
      vertex 6.59762 4.41142 0
    endloop
  endfacet
  facet normal 0 0 -1
    outer loop
      vertex 6.60599 4.30505 0
      vertex 50.62 57 0
      vertex 6.63 4 0
    endloop
  endfacet
  facet normal -0 0 -1
    outer loop
      vertex 62.62 57 0
      vertex 6.63 4 0
      vertex 50.62 57 0
    endloop
  endfacet
  facet normal 0 -0 -1
    outer loop
      vertex 6.63 4 0
      vertex 62.62 57 0
      vertex 6.60599 3.69495 0
    endloop
  endfacet
  facet normal -0 0 -1
    outer loop
      vertex 80.62 57 0
      vertex 6.59762 3.58858 0
      vertex 62.62 57 0
    endloop
  endfacet
  facet normal 0 -0 -1
    outer loop
      vertex 6.59762 3.58858 0
      vertex 80.62 57 0
      vertex 6.57271 3.48482 0
    endloop
  endfacet
  facet normal 0 0 -1
    outer loop
      vertex 151.657 2.80601 0
      vertex 6.38418 2.90459 0
      vertex 6.50128 3.18729 0
    endloop
  endfacet
  facet normal 0 0 -1
    outer loop
      vertex 151.657 2.80601 0
      vertex 6.34335 2.80601 0
      vertex 6.38418 2.90459 0
    endloop
  endfacet
  facet normal 0 0 -1
    outer loop
      vertex 151.872 2.45413 0
      vertex 6.18347 2.54511 0
      vertex 6.34335 2.80601 0
    endloop
  endfacet
  facet normal 0 0 -1
    outer loop
      vertex 151.872 2.45413 0
      vertex 6.12771 2.45413 0
      vertex 6.18347 2.54511 0
    endloop
  endfacet
  facet normal 0 0 -1
    outer loop
      vertex 152.14 2.14031 0
      vertex 5.92899 2.22145 0
      vertex 6.12771 2.45413 0
    endloop
  endfacet
  facet normal 0 0 -1
    outer loop
      vertex 152.14 2.14031 0
      vertex 5.85969 2.14031 0
      vertex 5.92899 2.22145 0
    endloop
  endfacet
  facet normal 0 0 -1
    outer loop
      vertex 152.454 1.87229 0
      vertex 5.77855 2.07101 0
      vertex 5.85969 2.14031 0
    endloop
  endfacet
  facet normal 0 0 -1
    outer loop
      vertex 152.454 1.87229 0
      vertex 5.54587 1.87229 0
      vertex 5.77855 2.07101 0
    endloop
  endfacet
  facet normal 0 0 -1
    outer loop
      vertex 3 0 0
      vertex 5.54587 1.87229 0
      vertex 155 0 0
    endloop
  endfacet
  facet normal 0 0 -1
    outer loop
      vertex 5.54587 1.87229 0
      vertex 3 0 0
      vertex 5.45489 1.81653 0
    endloop
  endfacet
  facet normal 0 0 -1
    outer loop
      vertex 5.45489 1.81653 0
      vertex 3 0 0
      vertex 5.19399 1.65665 0
    endloop
  endfacet
  facet normal 0 0 -1
    outer loop
      vertex 5.19399 1.65665 0
      vertex 3 0 0
      vertex 5.09541 1.61582 0
    endloop
  endfacet
  facet normal 0 0 -1
    outer loop
      vertex 5.09541 1.61582 0
      vertex 3 0 0
      vertex 4.81271 1.49872 0
    endloop
  endfacet
  facet normal 0 0 -1
    outer loop
      vertex 4.81271 1.49872 0
      vertex 3 0 0
      vertex 4.51518 1.42729 0
    endloop
  endfacet
  facet normal 0 0 -1
    outer loop
      vertex 4.51518 1.42729 0
      vertex 3 0 0
      vertex 4.41142 1.40238 0
    endloop
  endfacet
  facet normal 0 0 -1
    outer loop
      vertex 4.41142 1.40238 0
      vertex 3 0 0
      vertex 4.30505 1.39401 0
    endloop
  endfacet
  facet normal 0 0 -1
    outer loop
      vertex 4.30505 1.39401 0
      vertex 3 0 0
      vertex 4 1.37 0
    endloop
  endfacet
  facet normal 0 0 -1
    outer loop
      vertex 3 0 0
      vertex 3.69495 1.39401 0
      vertex 4 1.37 0
    endloop
  endfacet
  facet normal 0 0 -1
    outer loop
      vertex 3 0 0
      vertex 3.58858 1.40238 0
      vertex 3.69495 1.39401 0
    endloop
  endfacet
  facet normal 0 0 -1
    outer loop
      vertex 3 0 0
      vertex 3.48482 1.42729 0
      vertex 3.58858 1.40238 0
    endloop
  endfacet
  facet normal 0 0 -1
    outer loop
      vertex 3 0 0
      vertex 3.18729 1.49872 0
      vertex 3.48482 1.42729 0
    endloop
  endfacet
  facet normal 0 0 -1
    outer loop
      vertex 2.5307 0.0369349 0
      vertex 3.18729 1.49872 0
      vertex 3 0 0
    endloop
  endfacet
  facet normal -0 0 -1
    outer loop
      vertex 3.18729 1.49872 0
      vertex 2.5307 0.0369349 0
      vertex 2.90459 1.61582 0
    endloop
  endfacet
  facet normal -0 0 -1
    outer loop
      vertex 2.90459 1.61582 0
      vertex 2.5307 0.0369349 0
      vertex 2.80601 1.65665 0
    endloop
  endfacet
  facet normal 0 0 -1
    outer loop
      vertex 2.07295 0.14683 0
      vertex 2.80601 1.65665 0
      vertex 2.5307 0.0369349 0
    endloop
  endfacet
  facet normal -0 0 -1
    outer loop
      vertex 2.80601 1.65665 0
      vertex 2.07295 0.14683 0
      vertex 2.54511 1.81653 0
    endloop
  endfacet
  facet normal 0 0 -1
    outer loop
      vertex 1.63803 0.32698 0
      vertex 2.54511 1.81653 0
      vertex 2.07295 0.14683 0
    endloop
  endfacet
  facet normal -0 0 -1
    outer loop
      vertex 2.54511 1.81653 0
      vertex 1.63803 0.32698 0
      vertex 2.45413 1.87229 0
    endloop
  endfacet
  facet normal 0 0 -1
    outer loop
      vertex 1.23664 0.572948 0
      vertex 2.45413 1.87229 0
      vertex 1.63803 0.32698 0
    endloop
  endfacet
  facet normal -0 0 -1
    outer loop
      vertex 2.45413 1.87229 0
      vertex 1.23664 0.572948 0
      vertex 2.22145 2.07101 0
    endloop
  endfacet
  facet normal 0 0 -1
    outer loop
      vertex 0.878679 0.878679 0
      vertex 2.22145 2.07101 0
      vertex 1.23664 0.572948 0
    endloop
  endfacet
  facet normal -0 0 -1
    outer loop
      vertex 2.22145 2.07101 0
      vertex 0.878679 0.878679 0
      vertex 2.14031 2.14031 0
    endloop
  endfacet
  facet normal -0 0 -1
    outer loop
      vertex 2.14031 2.14031 0
      vertex 0.878679 0.878679 0
      vertex 2.07101 2.22145 0
    endloop
  endfacet
  facet normal 0 0 -1
    outer loop
      vertex 0.572948 1.23664 0
      vertex 2.07101 2.22145 0
      vertex 0.878679 0.878679 0
    endloop
  endfacet
  facet normal -0 0 -1
    outer loop
      vertex 2.07101 2.22145 0
      vertex 0.572948 1.23664 0
      vertex 1.87229 2.45413 0
    endloop
  endfacet
  facet normal 0 0 -1
    outer loop
      vertex 0.32698 1.63803 0
      vertex 1.87229 2.45413 0
      vertex 0.572948 1.23664 0
    endloop
  endfacet
  facet normal -0 0 -1
    outer loop
      vertex 1.87229 2.45413 0
      vertex 0.32698 1.63803 0
      vertex 1.81653 2.54511 0
    endloop
  endfacet
  facet normal 0 0 -1
    outer loop
      vertex 0.14683 2.07295 0
      vertex 1.81653 2.54511 0
      vertex 0.32698 1.63803 0
    endloop
  endfacet
  facet normal -0 0 -1
    outer loop
      vertex 1.81653 2.54511 0
      vertex 0.14683 2.07295 0
      vertex 1.65665 2.80601 0
    endloop
  endfacet
  facet normal 0 0 -1
    outer loop
      vertex 0.0369349 2.5307 0
      vertex 1.65665 2.80601 0
      vertex 0.14683 2.07295 0
    endloop
  endfacet
  facet normal -0 0 -1
    outer loop
      vertex 1.61582 2.90459 0
      vertex 0.0369349 2.5307 0
      vertex 1.49872 3.18729 0
    endloop
  endfacet
  facet normal -0 0 -1
    outer loop
      vertex 1.65665 2.80601 0
      vertex 0.0369349 2.5307 0
      vertex 1.61582 2.90459 0
    endloop
  endfacet
  facet normal 0 0 -1
    outer loop
      vertex 156.384 115.095 0
      vertex 157.963 115.469 0
      vertex 156.501 114.813 0
    endloop
  endfacet
  facet normal 0 0 -1
    outer loop
      vertex 156.343 115.194 0
      vertex 157.963 115.469 0
      vertex 156.384 115.095 0
    endloop
  endfacet
  facet normal -0 0 -1
    outer loop
      vertex 157.963 115.469 0
      vertex 156.343 115.194 0
      vertex 157.853 115.927 0
    endloop
  endfacet
  facet normal 0 0 -1
    outer loop
      vertex 156.183 115.455 0
      vertex 157.853 115.927 0
      vertex 156.343 115.194 0
    endloop
  endfacet
  facet normal -0 0 -1
    outer loop
      vertex 157.853 115.927 0
      vertex 156.183 115.455 0
      vertex 157.673 116.362 0
    endloop
  endfacet
  facet normal 0 0 -1
    outer loop
      vertex 156.128 115.546 0
      vertex 157.673 116.362 0
      vertex 156.183 115.455 0
    endloop
  endfacet
  facet normal -0 0 -1
    outer loop
      vertex 157.673 116.362 0
      vertex 156.128 115.546 0
      vertex 157.427 116.763 0
    endloop
  endfacet
  facet normal 0 0 -1
    outer loop
      vertex 155.929 115.779 0
      vertex 157.427 116.763 0
      vertex 156.128 115.546 0
    endloop
  endfacet
  facet normal -0 0 -1
    outer loop
      vertex 157.427 116.763 0
      vertex 155.929 115.779 0
      vertex 157.121 117.121 0
    endloop
  endfacet
  facet normal 0 0 -1
    outer loop
      vertex 155.86 115.86 0
      vertex 157.121 117.121 0
      vertex 155.929 115.779 0
    endloop
  endfacet
  facet normal 0 0 -1
    outer loop
      vertex 155.779 115.929 0
      vertex 157.121 117.121 0
      vertex 155.86 115.86 0
    endloop
  endfacet
  facet normal -0 0 -1
    outer loop
      vertex 157.121 117.121 0
      vertex 155.779 115.929 0
      vertex 156.763 117.427 0
    endloop
  endfacet
  facet normal 0 0 -1
    outer loop
      vertex 155.546 116.128 0
      vertex 156.763 117.427 0
      vertex 155.779 115.929 0
    endloop
  endfacet
  facet normal -0 0 -1
    outer loop
      vertex 156.763 117.427 0
      vertex 155.546 116.128 0
      vertex 156.362 117.673 0
    endloop
  endfacet
  facet normal 0 0 -1
    outer loop
      vertex 155.455 116.183 0
      vertex 156.362 117.673 0
      vertex 155.546 116.128 0
    endloop
  endfacet
  facet normal -0 0 -1
    outer loop
      vertex 156.362 117.673 0
      vertex 155.455 116.183 0
      vertex 155.927 117.853 0
    endloop
  endfacet
  facet normal 0 0 -1
    outer loop
      vertex 155.194 116.343 0
      vertex 155.927 117.853 0
      vertex 155.455 116.183 0
    endloop
  endfacet
  facet normal -0 0 -1
    outer loop
      vertex 155.927 117.853 0
      vertex 155.194 116.343 0
      vertex 155.469 117.963 0
    endloop
  endfacet
  facet normal 0 0 -1
    outer loop
      vertex 155.095 116.384 0
      vertex 155.469 117.963 0
      vertex 155.194 116.343 0
    endloop
  endfacet
  facet normal 0 0 -1
    outer loop
      vertex 154.813 116.501 0
      vertex 155.469 117.963 0
      vertex 155.095 116.384 0
    endloop
  endfacet
  facet normal -0 0 -1
    outer loop
      vertex 155.469 117.963 0
      vertex 154.813 116.501 0
      vertex 155 118 0
    endloop
  endfacet
  facet normal 0 0 -1
    outer loop
      vertex 154.515 116.573 0
      vertex 155 118 0
      vertex 154.813 116.501 0
    endloop
  endfacet
  facet normal 0 0 -1
    outer loop
      vertex 154.411 116.598 0
      vertex 155 118 0
      vertex 154.515 116.573 0
    endloop
  endfacet
  facet normal 0 0 -1
    outer loop
      vertex 154.305 116.606 0
      vertex 155 118 0
      vertex 154.411 116.598 0
    endloop
  endfacet
  facet normal 0 0 -1
    outer loop
      vertex 154 116.63 0
      vertex 155 118 0
      vertex 154.305 116.606 0
    endloop
  endfacet
  facet normal 0 0 -1
    outer loop
      vertex 153.695 116.606 0
      vertex 155 118 0
      vertex 154 116.63 0
    endloop
  endfacet
  facet normal 0 0 -1
    outer loop
      vertex 153.589 116.598 0
      vertex 155 118 0
      vertex 153.695 116.606 0
    endloop
  endfacet
  facet normal 0 0 -1
    outer loop
      vertex 153.485 116.573 0
      vertex 155 118 0
      vertex 153.589 116.598 0
    endloop
  endfacet
  facet normal 0 0 -1
    outer loop
      vertex 153.187 116.501 0
      vertex 155 118 0
      vertex 153.485 116.573 0
    endloop
  endfacet
  facet normal 0 0 -1
    outer loop
      vertex 152.905 116.384 0
      vertex 155 118 0
      vertex 153.187 116.501 0
    endloop
  endfacet
  facet normal 0 0 -1
    outer loop
      vertex 152.806 116.343 0
      vertex 155 118 0
      vertex 152.905 116.384 0
    endloop
  endfacet
  facet normal 0 0 -1
    outer loop
      vertex 152.545 116.183 0
      vertex 155 118 0
      vertex 152.806 116.343 0
    endloop
  endfacet
  facet normal 0 0 -1
    outer loop
      vertex 152.454 116.128 0
      vertex 155 118 0
      vertex 152.545 116.183 0
    endloop
  endfacet
  facet normal 0 0 -1
    outer loop
      vertex 152.14 115.86 0
      vertex 152.454 116.128 0
      vertex 152.221 115.929 0
    endloop
  endfacet
  facet normal 0 0 -1
    outer loop
      vertex 151.872 115.546 0
      vertex 152.14 115.86 0
      vertex 152.071 115.779 0
    endloop
  endfacet
  facet normal 0 0 1
    outer loop
      vertex 151.402 114.411 0
      vertex 151.499 114.813 0
      vertex 151.427 114.515 0
    endloop
  endfacet
  facet normal 0 0 -1
    outer loop
      vertex 151.37 114 0
      vertex 151.402 114.411 0
      vertex 151.394 114.305 0
    endloop
  endfacet
  facet normal -0 0 -1
    outer loop
      vertex 152.545 111.817 0
      vertex 140.62 83.2 0
      vertex 152.454 111.872 0
    endloop
  endfacet
  facet normal -0 0 -1
    outer loop
      vertex 152.454 111.872 0
      vertex 140.62 83.2 0
      vertex 152.221 112.071 0
    endloop
  endfacet
  facet normal -0 0 -1
    outer loop
      vertex 152.221 112.071 0
      vertex 140.62 83.2 0
      vertex 152.14 112.14 0
    endloop
  endfacet
  facet normal -0 0 -1
    outer loop
      vertex 152.14 112.14 0
      vertex 140.62 83.2 0
      vertex 152.071 112.221 0
    endloop
  endfacet
  facet normal -0 0 -1
    outer loop
      vertex 152.071 112.221 0
      vertex 140.62 83.2 0
      vertex 151.872 112.454 0
    endloop
  endfacet
  facet normal -0 0 -1
    outer loop
      vertex 151.872 112.454 0
      vertex 140.62 83.2 0
      vertex 151.817 112.545 0
    endloop
  endfacet
  facet normal -0 0 -1
    outer loop
      vertex 151.817 112.545 0
      vertex 140.62 83.2 0
      vertex 151.657 112.806 0
    endloop
  endfacet
  facet normal 0 0 -1
    outer loop
      vertex 122.62 83.2 0
      vertex 151.657 112.806 0
      vertex 140.62 83.2 0
    endloop
  endfacet
  facet normal -0 0 -1
    outer loop
      vertex 151.657 112.806 0
      vertex 122.62 83.2 0
      vertex 151.616 112.905 0
    endloop
  endfacet
  facet normal -0 0 -1
    outer loop
      vertex 151.616 112.905 0
      vertex 122.62 83.2 0
      vertex 151.499 113.187 0
    endloop
  endfacet
  facet normal -0 0 -1
    outer loop
      vertex 151.499 113.187 0
      vertex 122.62 83.2 0
      vertex 151.427 113.485 0
    endloop
  endfacet
  facet normal -0 0 -1
    outer loop
      vertex 151.427 113.485 0
      vertex 122.62 83.2 0
      vertex 151.402 113.589 0
    endloop
  endfacet
  facet normal -0 0 -1
    outer loop
      vertex 151.402 113.589 0
      vertex 122.62 83.2 0
      vertex 151.394 113.695 0
    endloop
  endfacet
  facet normal -0 0 -1
    outer loop
      vertex 151.394 113.695 0
      vertex 122.62 83.2 0
      vertex 151.37 114 0
    endloop
  endfacet
  facet normal -0 0 -1
    outer loop
      vertex 151.37 114 0
      vertex 122.62 83.2 0
      vertex 151.402 114.411 0
    endloop
  endfacet
  facet normal 0 0 -1
    outer loop
      vertex 110.62 83.2 0
      vertex 151.402 114.411 0
      vertex 122.62 83.2 0
    endloop
  endfacet
  facet normal -0 0 -1
    outer loop
      vertex 151.402 114.411 0
      vertex 110.62 83.2 0
      vertex 151.499 114.813 0
    endloop
  endfacet
  facet normal -0 0 -1
    outer loop
      vertex 151.499 114.813 0
      vertex 110.62 83.2 0
      vertex 151.616 115.095 0
    endloop
  endfacet
  facet normal -0 0 -1
    outer loop
      vertex 151.616 115.095 0
      vertex 110.62 83.2 0
      vertex 151.657 115.194 0
    endloop
  endfacet
  facet normal 0 0 -1
    outer loop
      vertex 92.62 83.2 0
      vertex 151.657 115.194 0
      vertex 110.62 83.2 0
    endloop
  endfacet
  facet normal -0 0 -1
    outer loop
      vertex 151.657 115.194 0
      vertex 92.62 83.2 0
      vertex 151.817 115.455 0
    endloop
  endfacet
  facet normal -0 0 -1
    outer loop
      vertex 122.62 61 0
      vertex 110.62 59.2 0
      vertex 110.62 61 0
    endloop
  endfacet
  facet normal 0 0 -1
    outer loop
      vertex 122.62 63.2 0
      vertex 110.62 63.2 0
      vertex 122.62 65 0
    endloop
  endfacet
  facet normal 0 0 -1
    outer loop
      vertex 110.62 67.2 0
      vertex 122.62 67.2 0
      vertex 110.62 65 0
    endloop
  endfacet
  facet normal 0 0 -1
    outer loop
      vertex 122.62 69 0
      vertex 110.62 69 0
      vertex 122.62 71.2 0
    endloop
  endfacet
  facet normal 0 0 -1
    outer loop
      vertex 110.62 73 0
      vertex 122.62 73 0
      vertex 110.62 71.2 0
    endloop
  endfacet
  facet normal 0 0 -1
    outer loop
      vertex 122.62 75.2 0
      vertex 110.62 75.2 0
      vertex 122.62 77 0
    endloop
  endfacet
  facet normal 0 0 -1
    outer loop
      vertex 110.62 77 0
      vertex 122.62 77 0
      vertex 110.62 75.2 0
    endloop
  endfacet
  facet normal 0 0 -1
    outer loop
      vertex 122.62 77 0
      vertex 110.62 77 0
      vertex 122.62 79.2 0
    endloop
  endfacet
  facet normal 0 0 -1
    outer loop
      vertex 110.62 79.2 0
      vertex 122.62 79.2 0
      vertex 110.62 77 0
    endloop
  endfacet
  facet normal 0 0 -1
    outer loop
      vertex 122.62 79.2 0
      vertex 110.62 79.2 0
      vertex 122.62 81 0
    endloop
  endfacet
  facet normal 0 0 -1
    outer loop
      vertex 110.62 81 0
      vertex 122.62 81 0
      vertex 110.62 79.2 0
    endloop
  endfacet
  facet normal 0 0 -1
    outer loop
      vertex 122.62 81 0
      vertex 110.62 81 0
      vertex 122.62 83.2 0
    endloop
  endfacet
  facet normal 0 0 -1
    outer loop
      vertex 110.62 83.2 0
      vertex 122.62 83.2 0
      vertex 110.62 81 0
    endloop
  endfacet
  facet normal -0 0 -1
    outer loop
      vertex 151.817 115.455 0
      vertex 92.62 83.2 0
      vertex 151.872 115.546 0
    endloop
  endfacet
  facet normal 0 0 -1
    outer loop
      vertex 80.62 83.2 0
      vertex 151.872 115.546 0
      vertex 92.62 83.2 0
    endloop
  endfacet
  facet normal -0 0 -1
    outer loop
      vertex 151.872 115.546 0
      vertex 80.62 83.2 0
      vertex 152.14 115.86 0
    endloop
  endfacet
  facet normal 0 0 -1
    outer loop
      vertex 5.85969 115.86 0
      vertex 152.14 115.86 0
      vertex 80.62 83.2 0
    endloop
  endfacet
  facet normal -0 0 -1
    outer loop
      vertex 92.62 61 0
      vertex 80.62 59.2 0
      vertex 80.62 61 0
    endloop
  endfacet
  facet normal 0 0 -1
    outer loop
      vertex 92.62 63.2 0
      vertex 80.62 63.2 0
      vertex 92.62 65 0
    endloop
  endfacet
  facet normal 0 0 -1
    outer loop
      vertex 80.62 67.2 0
      vertex 92.62 67.2 0
      vertex 80.62 65 0
    endloop
  endfacet
  facet normal 0 0 -1
    outer loop
      vertex 92.62 69 0
      vertex 80.62 69 0
      vertex 92.62 71.2 0
    endloop
  endfacet
  facet normal 0 0 -1
    outer loop
      vertex 80.62 73 0
      vertex 92.62 73 0
      vertex 80.62 71.2 0
    endloop
  endfacet
  facet normal 0 0 -1
    outer loop
      vertex 92.62 75.2 0
      vertex 80.62 75.2 0
      vertex 92.62 77 0
    endloop
  endfacet
  facet normal 0 0 -1
    outer loop
      vertex 80.62 77 0
      vertex 92.62 77 0
      vertex 80.62 75.2 0
    endloop
  endfacet
  facet normal 0 0 -1
    outer loop
      vertex 92.62 77 0
      vertex 80.62 77 0
      vertex 92.62 79.2 0
    endloop
  endfacet
  facet normal 0 0 -1
    outer loop
      vertex 80.62 79.2 0
      vertex 92.62 79.2 0
      vertex 80.62 77 0
    endloop
  endfacet
  facet normal 0 0 -1
    outer loop
      vertex 92.62 79.2 0
      vertex 80.62 79.2 0
      vertex 92.62 81 0
    endloop
  endfacet
  facet normal 0 0 -1
    outer loop
      vertex 80.62 81 0
      vertex 92.62 81 0
      vertex 80.62 79.2 0
    endloop
  endfacet
  facet normal 0 0 -1
    outer loop
      vertex 92.62 81 0
      vertex 80.62 81 0
      vertex 92.62 83.2 0
    endloop
  endfacet
  facet normal 0 0 -1
    outer loop
      vertex 80.62 83.2 0
      vertex 92.62 83.2 0
      vertex 80.62 81 0
    endloop
  endfacet
  facet normal 0 0 -1
    outer loop
      vertex 152.14 115.86 0
      vertex 5.85969 115.86 0
      vertex 152.454 116.128 0
    endloop
  endfacet
  facet normal 0 0 -1
    outer loop
      vertex 6.12771 115.546 0
      vertex 80.62 83.2 0
      vertex 62.62 83.2 0
    endloop
  endfacet
  facet normal -0 0 -1
    outer loop
      vertex 62.62 61 0
      vertex 50.62 59.2 0
      vertex 50.62 61 0
    endloop
  endfacet
  facet normal 0 0 -1
    outer loop
      vertex 62.62 63.2 0
      vertex 50.62 63.2 0
      vertex 62.62 65 0
    endloop
  endfacet
  facet normal 0 0 -1
    outer loop
      vertex 50.62 67.2 0
      vertex 62.62 67.2 0
      vertex 50.62 65 0
    endloop
  endfacet
  facet normal 0 0 -1
    outer loop
      vertex 62.62 69 0
      vertex 50.62 69 0
      vertex 62.62 71.2 0
    endloop
  endfacet
  facet normal 0 0 -1
    outer loop
      vertex 50.62 73 0
      vertex 62.62 73 0
      vertex 50.62 71.2 0
    endloop
  endfacet
  facet normal 0 0 -1
    outer loop
      vertex 62.62 75.2 0
      vertex 50.62 75.2 0
      vertex 62.62 77 0
    endloop
  endfacet
  facet normal 0 0 -1
    outer loop
      vertex 50.62 77 0
      vertex 62.62 77 0
      vertex 50.62 75.2 0
    endloop
  endfacet
  facet normal 0 0 -1
    outer loop
      vertex 62.62 77 0
      vertex 50.62 77 0
      vertex 62.62 79.2 0
    endloop
  endfacet
  facet normal 0 0 -1
    outer loop
      vertex 50.62 79.2 0
      vertex 62.62 79.2 0
      vertex 50.62 77 0
    endloop
  endfacet
  facet normal 0 0 -1
    outer loop
      vertex 62.62 79.2 0
      vertex 50.62 79.2 0
      vertex 62.62 81 0
    endloop
  endfacet
  facet normal 0 0 -1
    outer loop
      vertex 50.62 81 0
      vertex 62.62 81 0
      vertex 50.62 79.2 0
    endloop
  endfacet
  facet normal 0 0 -1
    outer loop
      vertex 62.62 81 0
      vertex 50.62 81 0
      vertex 62.62 83.2 0
    endloop
  endfacet
  facet normal 0 0 -1
    outer loop
      vertex 50.62 83.2 0
      vertex 62.62 83.2 0
      vertex 50.62 81 0
    endloop
  endfacet
  facet normal 0 0 -1
    outer loop
      vertex 6.34335 115.194 0
      vertex 62.62 83.2 0
      vertex 50.62 83.2 0
    endloop
  endfacet
  facet normal 0 0 -1
    outer loop
      vertex 6.59762 114.411 0
      vertex 50.62 83.2 0
      vertex 32.62 83.2 0
    endloop
  endfacet
  facet normal 0 0 -1
    outer loop
      vertex 32.62 81 0
      vertex 6.63 114 0
      vertex 32.62 83.2 0
    endloop
  endfacet
  facet normal 0 0 -1
    outer loop
      vertex 6.60599 114.305 0
      vertex 32.62 83.2 0
      vertex 6.63 114 0
    endloop
  endfacet
  facet normal 0 0 -1
    outer loop
      vertex 6.59762 114.411 0
      vertex 32.62 83.2 0
      vertex 6.60599 114.305 0
    endloop
  endfacet
  facet normal 0 0 -1
    outer loop
      vertex 50.62 83.2 0
      vertex 6.59762 114.411 0
      vertex 6.57271 114.515 0
    endloop
  endfacet
  facet normal 0 0 -1
    outer loop
      vertex 50.62 83.2 0
      vertex 6.57271 114.515 0
      vertex 6.50128 114.813 0
    endloop
  endfacet
  facet normal 0 0 -1
    outer loop
      vertex 50.62 83.2 0
      vertex 6.50128 114.813 0
      vertex 6.38418 115.095 0
    endloop
  endfacet
  facet normal 0 0 -1
    outer loop
      vertex 50.62 83.2 0
      vertex 6.38418 115.095 0
      vertex 6.34335 115.194 0
    endloop
  endfacet
  facet normal 0 0 -1
    outer loop
      vertex 62.62 83.2 0
      vertex 6.34335 115.194 0
      vertex 6.18347 115.455 0
    endloop
  endfacet
  facet normal 0 0 -1
    outer loop
      vertex 62.62 83.2 0
      vertex 6.18347 115.455 0
      vertex 6.12771 115.546 0
    endloop
  endfacet
  facet normal 0 0 -1
    outer loop
      vertex 5.92899 115.779 0
      vertex 80.62 83.2 0
      vertex 6.12771 115.546 0
    endloop
  endfacet
  facet normal 0 0 -1
    outer loop
      vertex 5.85969 115.86 0
      vertex 80.62 83.2 0
      vertex 5.92899 115.779 0
    endloop
  endfacet
  facet normal 0 0 -1
    outer loop
      vertex 5.77855 115.929 0
      vertex 152.454 116.128 0
      vertex 5.85969 115.86 0
    endloop
  endfacet
  facet normal 0 0 -1
    outer loop
      vertex 5.54587 116.128 0
      vertex 152.454 116.128 0
      vertex 5.77855 115.929 0
    endloop
  endfacet
  facet normal 0 0 -1
    outer loop
      vertex 152.454 116.128 0
      vertex 5.54587 116.128 0
      vertex 155 118 0
    endloop
  endfacet
  facet normal 0 0 -1
    outer loop
      vertex 3 118 0
      vertex 5.54587 116.128 0
      vertex 5.45489 116.183 0
    endloop
  endfacet
  facet normal 0 0 -1
    outer loop
      vertex 3 118 0
      vertex 5.45489 116.183 0
      vertex 5.19399 116.343 0
    endloop
  endfacet
  facet normal 0 0 -1
    outer loop
      vertex 3 118 0
      vertex 5.19399 116.343 0
      vertex 5.09541 116.384 0
    endloop
  endfacet
  facet normal 0 0 -1
    outer loop
      vertex 3 118 0
      vertex 5.09541 116.384 0
      vertex 4.81271 116.501 0
    endloop
  endfacet
  facet normal 0 0 -1
    outer loop
      vertex 3 118 0
      vertex 4.81271 116.501 0
      vertex 4.51518 116.573 0
    endloop
  endfacet
  facet normal 0 0 -1
    outer loop
      vertex 3 118 0
      vertex 4.51518 116.573 0
      vertex 4.41142 116.598 0
    endloop
  endfacet
  facet normal 0 0 -1
    outer loop
      vertex 3 118 0
      vertex 4.41142 116.598 0
      vertex 4.30505 116.606 0
    endloop
  endfacet
  facet normal 0 0 -1
    outer loop
      vertex 3 118 0
      vertex 4.30505 116.606 0
      vertex 4 116.63 0
    endloop
  endfacet
  facet normal 0 0 -1
    outer loop
      vertex 3 118 0
      vertex 3.48482 116.573 0
      vertex 3.18729 116.501 0
    endloop
  endfacet
  facet normal 0 0 -1
    outer loop
      vertex 5.54587 116.128 0
      vertex 3 118 0
      vertex 155 118 0
    endloop
  endfacet
  facet normal 0 0 -1
    outer loop
      vertex 3.69495 116.606 0
      vertex 3 118 0
      vertex 4 116.63 0
    endloop
  endfacet
  facet normal 0 0 -1
    outer loop
      vertex 3.58858 116.598 0
      vertex 3 118 0
      vertex 3.69495 116.606 0
    endloop
  endfacet
  facet normal 0 0 -1
    outer loop
      vertex 3.48482 116.573 0
      vertex 3 118 0
      vertex 3.58858 116.598 0
    endloop
  endfacet
  facet normal 0 0 -1
    outer loop
      vertex 2.5307 117.963 0
      vertex 3.18729 116.501 0
      vertex 2.90459 116.384 0
    endloop
  endfacet
  facet normal 0 0 -1
    outer loop
      vertex 2.5307 117.963 0
      vertex 2.90459 116.384 0
      vertex 2.80601 116.343 0
    endloop
  endfacet
  facet normal 0 0 -1
    outer loop
      vertex 2.07295 117.853 0
      vertex 2.80601 116.343 0
      vertex 2.54511 116.183 0
    endloop
  endfacet
  facet normal 0 0 -1
    outer loop
      vertex 3.18729 116.501 0
      vertex 2.5307 117.963 0
      vertex 3 118 0
    endloop
  endfacet
  facet normal 0 0 -1
    outer loop
      vertex 1.63803 117.673 0
      vertex 2.54511 116.183 0
      vertex 2.45413 116.128 0
    endloop
  endfacet
  facet normal 0 0 -1
    outer loop
      vertex 1.23664 117.427 0
      vertex 2.45413 116.128 0
      vertex 2.22145 115.929 0
    endloop
  endfacet
  facet normal 0 0 -1
    outer loop
      vertex 0.878679 117.121 0
      vertex 2.22145 115.929 0
      vertex 2.14031 115.86 0
    endloop
  endfacet
  facet normal 0 0 -1
    outer loop
      vertex 2.80601 116.343 0
      vertex 2.07295 117.853 0
      vertex 2.5307 117.963 0
    endloop
  endfacet
  facet normal 0 0 -1
    outer loop
      vertex 0.878679 117.121 0
      vertex 2.14031 115.86 0
      vertex 2.07101 115.779 0
    endloop
  endfacet
  facet normal 0 0 -1
    outer loop
      vertex 0.572948 116.763 0
      vertex 2.07101 115.779 0
      vertex 1.87229 115.546 0
    endloop
  endfacet
  facet normal 0 0 -1
    outer loop
      vertex 0.32698 116.362 0
      vertex 1.87229 115.546 0
      vertex 1.81653 115.455 0
    endloop
  endfacet
  facet normal 0 0 -1
    outer loop
      vertex 0.14683 115.927 0
      vertex 1.81653 115.455 0
      vertex 1.65665 115.194 0
    endloop
  endfacet
  facet normal 0 0 -1
    outer loop
      vertex 2.54511 116.183 0
      vertex 1.63803 117.673 0
      vertex 2.07295 117.853 0
    endloop
  endfacet
  facet normal 0 0 -1
    outer loop
      vertex 0.0369349 115.469 0
      vertex 1.65665 115.194 0
      vertex 1.61582 115.095 0
    endloop
  endfacet
  facet normal 0 0 -1
    outer loop
      vertex 0.0369349 115.469 0
      vertex 1.61582 115.095 0
      vertex 1.49872 114.813 0
    endloop
  endfacet
  facet normal 0 0 -1
    outer loop
      vertex 0 115 0
      vertex 1.49872 114.813 0
      vertex 1.42729 114.515 0
    endloop
  endfacet
  facet normal 0 0 -1
    outer loop
      vertex 0 115 0
      vertex 1.42729 114.515 0
      vertex 1.40238 114.411 0
    endloop
  endfacet
  facet normal 0 0 -1
    outer loop
      vertex 0 115 0
      vertex 1.40238 114.411 0
      vertex 1.39401 114.305 0
    endloop
  endfacet
  facet normal 0 0 -1
    outer loop
      vertex 0 115 0
      vertex 1.39401 114.305 0
      vertex 1.37 114 0
    endloop
  endfacet
  facet normal 0 0 -1
    outer loop
      vertex 2.45413 116.128 0
      vertex 1.23664 117.427 0
      vertex 1.63803 117.673 0
    endloop
  endfacet
  facet normal 0 0 -1
    outer loop
      vertex 1.40238 113.589 0
      vertex 0 115 0
      vertex 1.39401 113.695 0
    endloop
  endfacet
  facet normal 0 0 -1
    outer loop
      vertex 0 3 0
      vertex 1.49872 3.18729 0
      vertex 0.0369349 2.5307 0
    endloop
  endfacet
  facet normal 0 0 -1
    outer loop
      vertex 1.39401 113.695 0
      vertex 0 115 0
      vertex 1.37 114 0
    endloop
  endfacet
  facet normal -0 0 -1
    outer loop
      vertex 1.49872 3.18729 0
      vertex 0 3 0
      vertex 1.42729 3.48482 0
    endloop
  endfacet
  facet normal 0 0 -1
    outer loop
      vertex 1.49872 114.813 0
      vertex 0 115 0
      vertex 0.0369349 115.469 0
    endloop
  endfacet
  facet normal -0 0 -1
    outer loop
      vertex 1.42729 3.48482 0
      vertex 0 3 0
      vertex 1.40238 3.58858 0
    endloop
  endfacet
  facet normal 0 0 -1
    outer loop
      vertex 2.22145 115.929 0
      vertex 0.878679 117.121 0
      vertex 1.23664 117.427 0
    endloop
  endfacet
  facet normal -0 0 -1
    outer loop
      vertex 1.40238 3.58858 0
      vertex 0 3 0
      vertex 1.39401 3.69495 0
    endloop
  endfacet
  facet normal 0 0 -1
    outer loop
      vertex 2.07101 115.779 0
      vertex 0.572948 116.763 0
      vertex 0.878679 117.121 0
    endloop
  endfacet
  facet normal -0 0 -1
    outer loop
      vertex 1.39401 3.69495 0
      vertex 0 3 0
      vertex 1.37 4 0
    endloop
  endfacet
  facet normal 0 0 -1
    outer loop
      vertex 1.87229 115.546 0
      vertex 0.32698 116.362 0
      vertex 0.572948 116.763 0
    endloop
  endfacet
  facet normal 0 0 -1
    outer loop
      vertex 1.81653 115.455 0
      vertex 0.14683 115.927 0
      vertex 0.32698 116.362 0
    endloop
  endfacet
  facet normal 0 0 -1
    outer loop
      vertex 1.65665 115.194 0
      vertex 0.0369349 115.469 0
      vertex 0.14683 115.927 0
    endloop
  endfacet
  facet normal 0.760155 0.649742 0
    outer loop
      vertex 157.427 116.763 2.5
      vertex 157.121 117.121 0
      vertex 157.121 117.121 2.5
    endloop
  endfacet
  facet normal 0.760155 0.649742 0
    outer loop
      vertex 157.121 117.121 0
      vertex 157.427 116.763 2.5
      vertex 157.427 116.763 0
    endloop
  endfacet
  facet normal -0.649782 0.76012 0
    outer loop
      vertex 1.23664 117.427 0
      vertex 0.878679 117.121 2.5
      vertex 1.23664 117.427 2.5
    endloop
  endfacet
  facet normal -0.649782 0.76012 0
    outer loop
      vertex 0.878679 117.121 2.5
      vertex 1.23664 117.427 0
      vertex 0.878679 117.121 0
    endloop
  endfacet
  facet normal -0.233654 0.97232 0
    outer loop
      vertex 2.5307 117.963 0
      vertex 2.07295 117.853 2.5
      vertex 2.5307 117.963 2.5
    endloop
  endfacet
  facet normal -0.233654 0.97232 0
    outer loop
      vertex 2.07295 117.853 2.5
      vertex 2.5307 117.963 0
      vertex 2.07295 117.853 0
    endloop
  endfacet
  facet normal 0.233534 0.972349 -0
    outer loop
      vertex 155.927 117.853 0
      vertex 155.469 117.963 2.5
      vertex 155.927 117.853 2.5
    endloop
  endfacet
  facet normal 0.233534 0.972349 0
    outer loop
      vertex 155.469 117.963 2.5
      vertex 155.927 117.853 0
      vertex 155.469 117.963 0
    endloop
  endfacet
  facet normal 0.923992 -0.382412 0
    outer loop
      vertex 157.673 1.63803 2.5
      vertex 157.853 2.07295 0
      vertex 157.853 2.07295 2.5
    endloop
  endfacet
  facet normal 0.923992 -0.382412 0
    outer loop
      vertex 157.853 2.07295 0
      vertex 157.673 1.63803 2.5
      vertex 157.673 1.63803 0
    endloop
  endfacet
  facet normal -0.760437 0.649411 0
    outer loop
      vertex 0.572948 116.763 0
      vertex 0.878679 117.121 2.5
      vertex 0.878679 117.121 0
    endloop
  endfacet
  facet normal -0.760437 0.649411 0
    outer loop
      vertex 0.878679 117.121 2.5
      vertex 0.572948 116.763 0
      vertex 0.572948 116.763 2.5
    endloop
  endfacet
  facet normal 0.972349 0.233534 0
    outer loop
      vertex 157.963 115.469 2.5
      vertex 157.853 115.927 0
      vertex 157.853 115.927 2.5
    endloop
  endfacet
  facet normal 0.972349 0.233534 0
    outer loop
      vertex 157.853 115.927 0
      vertex 157.963 115.469 2.5
      vertex 157.963 115.469 0
    endloop
  endfacet
  facet normal 0.649742 0.760155 -0
    outer loop
      vertex 157.121 117.121 0
      vertex 156.763 117.427 2.5
      vertex 157.121 117.121 2.5
    endloop
  endfacet
  facet normal 0.649742 0.760155 0
    outer loop
      vertex 156.763 117.427 2.5
      vertex 157.121 117.121 0
      vertex 156.763 117.427 0
    endloop
  endfacet
  facet normal -0.996913 0.0785094 0
    outer loop
      vertex 0 115 0
      vertex 0.0369349 115.469 2.5
      vertex 0.0369349 115.469 0
    endloop
  endfacet
  facet normal -0.996913 0.0785094 0
    outer loop
      vertex 0.0369349 115.469 2.5
      vertex 0 115 0
      vertex 0 115 2.5
    endloop
  endfacet
  facet normal 0.852614 -0.522542 0
    outer loop
      vertex 157.427 1.23664 2.5
      vertex 157.673 1.63803 0
      vertex 157.673 1.63803 2.5
    endloop
  endfacet
  facet normal 0.852614 -0.522542 0
    outer loop
      vertex 157.673 1.63803 0
      vertex 157.427 1.23664 2.5
      vertex 157.427 1.23664 0
    endloop
  endfacet
  facet normal -0.0784595 -0.996917 0
    outer loop
      vertex 2.5307 0.0369349 0
      vertex 3 0 2.5
      vertex 2.5307 0.0369349 2.5
    endloop
  endfacet
  facet normal -0.0784595 -0.996917 -0
    outer loop
      vertex 3 0 2.5
      vertex 2.5307 0.0369349 0
      vertex 3 0 0
    endloop
  endfacet
  facet normal -0.760402 -0.649452 0
    outer loop
      vertex 0.878679 0.878679 0
      vertex 0.572948 1.23664 2.5
      vertex 0.572948 1.23664 0
    endloop
  endfacet
  facet normal -0.760402 -0.649452 0
    outer loop
      vertex 0.572948 1.23664 2.5
      vertex 0.878679 0.878679 0
      vertex 0.878679 0.878679 2.5
    endloop
  endfacet
  facet normal -0.649452 -0.760402 0
    outer loop
      vertex 0.878679 0.878679 0
      vertex 1.23664 0.572948 2.5
      vertex 0.878679 0.878679 2.5
    endloop
  endfacet
  facet normal -0.649452 -0.760402 -0
    outer loop
      vertex 1.23664 0.572948 2.5
      vertex 0.878679 0.878679 0
      vertex 1.23664 0.572948 0
    endloop
  endfacet
  facet normal -0.923904 0.382624 0
    outer loop
      vertex 0.14683 115.927 0
      vertex 0.32698 116.362 2.5
      vertex 0.32698 116.362 0
    endloop
  endfacet
  facet normal -0.923904 0.382624 0
    outer loop
      vertex 0.32698 116.362 2.5
      vertex 0.14683 115.927 0
      vertex 0.14683 115.927 2.5
    endloop
  endfacet
  facet normal 0.233323 -0.972399 0
    outer loop
      vertex 155.469 0.0369349 0
      vertex 155.927 0.14683 2.5
      vertex 155.469 0.0369349 2.5
    endloop
  endfacet
  facet normal 0.233323 -0.972399 0
    outer loop
      vertex 155.927 0.14683 2.5
      vertex 155.469 0.0369349 0
      vertex 155.927 0.14683 0
    endloop
  endfacet
  facet normal 0.649411 -0.760437 0
    outer loop
      vertex 156.763 0.572948 0
      vertex 157.121 0.878679 2.5
      vertex 156.763 0.572948 2.5
    endloop
  endfacet
  facet normal 0.649411 -0.760437 0
    outer loop
      vertex 157.121 0.878679 2.5
      vertex 156.763 0.572948 0
      vertex 157.121 0.878679 0
    endloop
  endfacet
  facet normal 0.382624 -0.923904 0
    outer loop
      vertex 155.927 0.14683 0
      vertex 156.362 0.32698 2.5
      vertex 155.927 0.14683 2.5
    endloop
  endfacet
  facet normal 0.382624 -0.923904 0
    outer loop
      vertex 156.362 0.32698 2.5
      vertex 155.927 0.14683 0
      vertex 156.362 0.32698 0
    endloop
  endfacet
  facet normal 0.522911 0.852387 -0
    outer loop
      vertex 156.763 117.427 0
      vertex 156.362 117.673 2.5
      vertex 156.763 117.427 2.5
    endloop
  endfacet
  facet normal 0.522911 0.852387 0
    outer loop
      vertex 156.362 117.673 2.5
      vertex 156.763 117.427 0
      vertex 156.362 117.673 0
    endloop
  endfacet
  facet normal 0.522862 -0.852418 0
    outer loop
      vertex 156.362 0.32698 0
      vertex 156.763 0.572948 2.5
      vertex 156.362 0.32698 2.5
    endloop
  endfacet
  facet normal 0.522862 -0.852418 0
    outer loop
      vertex 156.763 0.572948 2.5
      vertex 156.362 0.32698 0
      vertex 156.763 0.572948 0
    endloop
  endfacet
  facet normal -0.522542 0.852614 0
    outer loop
      vertex 1.63803 117.673 0
      vertex 1.23664 117.427 2.5
      vertex 1.63803 117.673 2.5
    endloop
  endfacet
  facet normal -0.522542 0.852614 0
    outer loop
      vertex 1.23664 117.427 2.5
      vertex 1.63803 117.673 0
      vertex 1.23664 117.427 0
    endloop
  endfacet
  facet normal -0.972399 0.233323 0
    outer loop
      vertex 0.0369349 115.469 0
      vertex 0.14683 115.927 2.5
      vertex 0.14683 115.927 0
    endloop
  endfacet
  facet normal -0.972399 0.233323 0
    outer loop
      vertex 0.14683 115.927 2.5
      vertex 0.0369349 115.469 0
      vertex 0.0369349 115.469 2.5
    endloop
  endfacet
  facet normal -0.996917 -0.0784595 0
    outer loop
      vertex 0.0369349 2.5307 0
      vertex 0 3 2.5
      vertex 0 3 0
    endloop
  endfacet
  facet normal -0.996917 -0.0784595 0
    outer loop
      vertex 0 3 2.5
      vertex 0.0369349 2.5307 0
      vertex 0.0369349 2.5307 2.5
    endloop
  endfacet
  facet normal -0.972373 -0.233431 0
    outer loop
      vertex 5.67907 4.26594 1.5
      vertex 5.6168 4.52533 5
      vertex 5.6168 4.52533 1.5
    endloop
  endfacet
  facet normal -0.972373 -0.233431 0
    outer loop
      vertex 5.6168 4.52533 5
      vertex 5.67907 4.26594 1.5
      vertex 5.67907 4.26594 5
    endloop
  endfacet
  facet normal -0.996917 -0.0784593 0
    outer loop
      vertex 5.7 4 1.5
      vertex 5.67907 4.26594 5
      vertex 5.67907 4.26594 1.5
    endloop
  endfacet
  facet normal -0.996917 -0.0784593 0
    outer loop
      vertex 5.67907 4.26594 5
      vertex 5.7 4 1.5
      vertex 5.7 4 5
    endloop
  endfacet
  facet normal -0.92387 -0.382706 0
    outer loop
      vertex 5.6168 4.52533 1.5
      vertex 5.51471 4.77178 5
      vertex 5.51471 4.77178 1.5
    endloop
  endfacet
  facet normal -0.92387 -0.382706 0
    outer loop
      vertex 5.51471 4.77178 5
      vertex 5.6168 4.52533 1.5
      vertex 5.6168 4.52533 5
    endloop
  endfacet
  facet normal -0.522494 0.852643 0
    outer loop
      vertex 4.99923 2.62467 1.5
      vertex 4.77178 2.48529 2.5
      vertex 4.99923 2.62467 2.5
    endloop
  endfacet
  facet normal -0.522494 0.852643 0
    outer loop
      vertex 4.77178 2.48529 2.5
      vertex 4.99923 2.62467 1.5
      vertex 4.77178 2.48529 1.5
    endloop
  endfacet
  facet normal 0.92387 -0.382706 0
    outer loop
      vertex 2.3832 4.52533 2.5
      vertex 2.48529 4.77178 1.5
      vertex 2.48529 4.77178 2.5
    endloop
  endfacet
  facet normal 0.92387 -0.382706 0
    outer loop
      vertex 2.48529 4.77178 1.5
      vertex 2.3832 4.52533 2.5
      vertex 2.3832 4.52533 1.5
    endloop
  endfacet
  facet normal 0.522494 0.852643 -0
    outer loop
      vertex 3.22822 2.48529 1.5
      vertex 3.00077 2.62467 2.5
      vertex 3.22822 2.48529 2.5
    endloop
  endfacet
  facet normal 0.522494 0.852643 0
    outer loop
      vertex 3.00077 2.62467 2.5
      vertex 3.22822 2.48529 1.5
      vertex 3.00077 2.62467 1.5
    endloop
  endfacet
  facet normal -0.382706 0.92387 0
    outer loop
      vertex 4.77178 2.48529 1.5
      vertex 4.52533 2.3832 2.5
      vertex 4.77178 2.48529 2.5
    endloop
  endfacet
  facet normal -0.382706 0.92387 0
    outer loop
      vertex 4.52533 2.3832 2.5
      vertex 4.77178 2.48529 1.5
      vertex 4.52533 2.3832 1.5
    endloop
  endfacet
  facet normal 0.382706 -0.92387 0
    outer loop
      vertex 3.22822 5.51471 1.5
      vertex 3.47467 5.6168 5
      vertex 3.22822 5.51471 5
    endloop
  endfacet
  facet normal 0.382706 -0.92387 0
    outer loop
      vertex 3.47467 5.6168 5
      vertex 3.22822 5.51471 1.5
      vertex 3.47467 5.6168 1.5
    endloop
  endfacet
  facet normal 0.522494 -0.852643 0
    outer loop
      vertex 3.00077 5.37533 1.5
      vertex 3.22822 5.51471 5
      vertex 3.00077 5.37533 5
    endloop
  endfacet
  facet normal 0.522494 -0.852643 0
    outer loop
      vertex 3.22822 5.51471 5
      vertex 3.00077 5.37533 1.5
      vertex 3.22822 5.51471 1.5
    endloop
  endfacet
  facet normal 0.233431 -0.972373 0
    outer loop
      vertex 3.47467 5.6168 1.5
      vertex 3.73406 5.67907 5
      vertex 3.47467 5.6168 5
    endloop
  endfacet
  facet normal 0.233431 -0.972373 0
    outer loop
      vertex 3.73406 5.67907 5
      vertex 3.47467 5.6168 1.5
      vertex 3.73406 5.67907 1.5
    endloop
  endfacet
  facet normal -0.649447 0.760406 0
    outer loop
      vertex 5.20208 2.79792 1.5
      vertex 4.99923 2.62467 2.5
      vertex 5.20208 2.79792 2.5
    endloop
  endfacet
  facet normal -0.649447 0.760406 0
    outer loop
      vertex 4.99923 2.62467 2.5
      vertex 5.20208 2.79792 1.5
      vertex 4.99923 2.62467 1.5
    endloop
  endfacet
  facet normal 0.0784593 -0.996917 0
    outer loop
      vertex 3.73406 5.67907 1.5
      vertex 4 5.7 5
      vertex 3.73406 5.67907 5
    endloop
  endfacet
  facet normal 0.0784593 -0.996917 0
    outer loop
      vertex 4 5.7 5
      vertex 3.73406 5.67907 1.5
      vertex 4 5.7 1.5
    endloop
  endfacet
  facet normal 0.92387 0.382706 0
    outer loop
      vertex 2.48529 3.22822 2.5
      vertex 2.3832 3.47467 1.5
      vertex 2.3832 3.47467 2.5
    endloop
  endfacet
  facet normal 0.92387 0.382706 0
    outer loop
      vertex 2.3832 3.47467 1.5
      vertex 2.48529 3.22822 2.5
      vertex 2.48529 3.22822 1.5
    endloop
  endfacet
  facet normal 0.760406 -0.649447 0
    outer loop
      vertex 2.62467 4.99923 2.5
      vertex 2.79792 5.20208 1.5
      vertex 2.79792 5.20208 2.5
    endloop
  endfacet
  facet normal 0.760406 -0.649447 0
    outer loop
      vertex 2.79792 5.20208 1.5
      vertex 2.62467 4.99923 2.5
      vertex 2.62467 4.99923 1.5
    endloop
  endfacet
  facet normal 0.233431 0.972373 -0
    outer loop
      vertex 3.73406 2.32093 1.5
      vertex 3.47467 2.3832 2.5
      vertex 3.73406 2.32093 2.5
    endloop
  endfacet
  facet normal 0.233431 0.972373 0
    outer loop
      vertex 3.47467 2.3832 2.5
      vertex 3.73406 2.32093 1.5
      vertex 3.47467 2.3832 1.5
    endloop
  endfacet
  facet normal -0.92387 0.382706 0
    outer loop
      vertex 5.51471 3.22822 1.5
      vertex 5.6168 3.47467 5
      vertex 5.6168 3.47467 1.5
    endloop
  endfacet
  facet normal -0.92387 0.382706 0
    outer loop
      vertex 5.6168 3.47467 5
      vertex 5.51471 3.22822 1.5
      vertex 5.51471 3.22822 5
    endloop
  endfacet
  facet normal 0.760406 0.649447 0
    outer loop
      vertex 2.79792 2.79792 2.5
      vertex 2.62467 3.00077 1.5
      vertex 2.62467 3.00077 2.5
    endloop
  endfacet
  facet normal 0.760406 0.649447 0
    outer loop
      vertex 2.62467 3.00077 1.5
      vertex 2.79792 2.79792 2.5
      vertex 2.79792 2.79792 1.5
    endloop
  endfacet
  facet normal 0.65019 -0.759772 0
    outer loop
      vertex 2.79792 5.20208 2.5
      vertex 2.79792 5.20208 1.5
      vertex 2.8 5.20386 2.5
    endloop
  endfacet
  facet normal 0.64944 -0.760413 0
    outer loop
      vertex 2.8 5.20386 2.5
      vertex 3.00077 5.37533 5
      vertex 2.8 5.20386 5
    endloop
  endfacet
  facet normal 0.649447 -0.760406 2.67276e-06
    outer loop
      vertex 3.00077 5.37533 1.5
      vertex 2.8 5.20386 2.5
      vertex 2.79792 5.20208 1.5
    endloop
  endfacet
  facet normal 0.64944 -0.760413 0
    outer loop
      vertex 2.8 5.20386 2.5
      vertex 3.00077 5.37533 1.5
      vertex 3.00077 5.37533 5
    endloop
  endfacet
  facet normal -0.0784593 0.996917 0
    outer loop
      vertex 4.26594 2.32093 1.5
      vertex 4 2.3 2.5
      vertex 4.26594 2.32093 2.5
    endloop
  endfacet
  facet normal -0.0784593 0.996917 0
    outer loop
      vertex 4 2.3 2.5
      vertex 4.26594 2.32093 1.5
      vertex 4 2.3 1.5
    endloop
  endfacet
  facet normal -0.852643 0.522494 0
    outer loop
      vertex 5.37533 3.00077 1.5
      vertex 5.51471 3.22822 5
      vertex 5.51471 3.22822 1.5
    endloop
  endfacet
  facet normal -0.852643 0.522494 0
    outer loop
      vertex 5.51471 3.22822 5
      vertex 5.37533 3.00077 1.5
      vertex 5.37533 3.00077 5
    endloop
  endfacet
  facet normal -0.852637 -0.522504 0
    outer loop
      vertex 5.37533 4.99923 1.5
      vertex 5.49742 4.8 2.5
      vertex 5.37533 4.99923 2.5
    endloop
  endfacet
  facet normal -0.852643 -0.522494 2.59823e-06
    outer loop
      vertex 5.51471 4.77178 1.5
      vertex 5.49742 4.8 2.5
      vertex 5.37533 4.99923 1.5
    endloop
  endfacet
  facet normal -0.852684 -0.522427 -0
    outer loop
      vertex 5.51471 4.77178 5
      vertex 5.49742 4.8 2.5
      vertex 5.51471 4.77178 1.5
    endloop
  endfacet
  facet normal -0.852684 -0.522427 0
    outer loop
      vertex 5.49742 4.8 2.5
      vertex 5.51471 4.77178 5
      vertex 5.49742 4.8 5
    endloop
  endfacet
  facet normal -0.996917 0.0784593 0
    outer loop
      vertex 5.67907 3.73406 1.5
      vertex 5.7 4 5
      vertex 5.7 4 1.5
    endloop
  endfacet
  facet normal -0.996917 0.0784593 0
    outer loop
      vertex 5.7 4 5
      vertex 5.67907 3.73406 1.5
      vertex 5.67907 3.73406 5
    endloop
  endfacet
  facet normal -0.972373 0.233431 0
    outer loop
      vertex 5.6168 3.47467 1.5
      vertex 5.67907 3.73406 5
      vertex 5.67907 3.73406 1.5
    endloop
  endfacet
  facet normal -0.972373 0.233431 0
    outer loop
      vertex 5.67907 3.73406 5
      vertex 5.6168 3.47467 1.5
      vertex 5.6168 3.47467 5
    endloop
  endfacet
  facet normal 0.972373 0.233431 0
    outer loop
      vertex 2.3832 3.47467 2.5
      vertex 2.32093 3.73406 1.5
      vertex 2.32093 3.73406 2.5
    endloop
  endfacet
  facet normal 0.972373 0.233431 0
    outer loop
      vertex 2.32093 3.73406 1.5
      vertex 2.3832 3.47467 2.5
      vertex 2.3832 3.47467 1.5
    endloop
  endfacet
  facet normal -0.522427 -0.852684 0
    outer loop
      vertex 4.77178 5.51471 5
      vertex 4.8 5.49742 2.5
      vertex 4.8 5.49742 5
    endloop
  endfacet
  facet normal -0.522427 -0.852684 0
    outer loop
      vertex 4.77178 5.51471 1.5
      vertex 4.8 5.49742 2.5
      vertex 4.77178 5.51471 5
    endloop
  endfacet
  facet normal -0.522494 -0.852643 2.59823e-06
    outer loop
      vertex 4.99923 5.37533 1.5
      vertex 4.8 5.49742 2.5
      vertex 4.77178 5.51471 1.5
    endloop
  endfacet
  facet normal -0.522504 -0.852637 0
    outer loop
      vertex 4.8 5.49742 2.5
      vertex 4.99923 5.37533 1.5
      vertex 4.99923 5.37533 2.5
    endloop
  endfacet
  facet normal -0.760406 -0.649447 0
    outer loop
      vertex 5.37533 4.99923 1.5
      vertex 5.20208 5.20208 2.5
      vertex 5.20208 5.20208 1.5
    endloop
  endfacet
  facet normal -0.760406 -0.649447 0
    outer loop
      vertex 5.20208 5.20208 2.5
      vertex 5.37533 4.99923 1.5
      vertex 5.37533 4.99923 2.5
    endloop
  endfacet
  facet normal 0.996917 -0.0784593 0
    outer loop
      vertex 2.3 4 2.5
      vertex 2.32093 4.26594 1.5
      vertex 2.32093 4.26594 2.5
    endloop
  endfacet
  facet normal 0.996917 -0.0784593 0
    outer loop
      vertex 2.32093 4.26594 1.5
      vertex 2.3 4 2.5
      vertex 2.3 4 1.5
    endloop
  endfacet
  facet normal -0.649447 -0.760406 0
    outer loop
      vertex 4.99923 5.37533 1.5
      vertex 5.20208 5.20208 2.5
      vertex 4.99923 5.37533 2.5
    endloop
  endfacet
  facet normal -0.649447 -0.760406 -0
    outer loop
      vertex 5.20208 5.20208 2.5
      vertex 4.99923 5.37533 1.5
      vertex 5.20208 5.20208 1.5
    endloop
  endfacet
  facet normal -0.233431 0.972373 0
    outer loop
      vertex 4.52533 2.3832 1.5
      vertex 4.26594 2.32093 2.5
      vertex 4.52533 2.3832 2.5
    endloop
  endfacet
  facet normal -0.233431 0.972373 0
    outer loop
      vertex 4.26594 2.32093 2.5
      vertex 4.52533 2.3832 1.5
      vertex 4.26594 2.32093 1.5
    endloop
  endfacet
  facet normal 0.852643 0.522494 0
    outer loop
      vertex 2.62467 3.00077 2.5
      vertex 2.48529 3.22822 1.5
      vertex 2.48529 3.22822 2.5
    endloop
  endfacet
  facet normal 0.852643 0.522494 0
    outer loop
      vertex 2.48529 3.22822 1.5
      vertex 2.62467 3.00077 2.5
      vertex 2.62467 3.00077 1.5
    endloop
  endfacet
  facet normal 0.649447 0.760406 -0
    outer loop
      vertex 3.00077 2.62467 1.5
      vertex 2.79792 2.79792 2.5
      vertex 3.00077 2.62467 2.5
    endloop
  endfacet
  facet normal 0.649447 0.760406 0
    outer loop
      vertex 2.79792 2.79792 2.5
      vertex 3.00077 2.62467 1.5
      vertex 2.79792 2.79792 1.5
    endloop
  endfacet
  facet normal -0.760413 0.64944 0
    outer loop
      vertex 5.37533 3.00077 1.5
      vertex 5.20386 2.8 2.5
      vertex 5.37533 3.00077 5
    endloop
  endfacet
  facet normal -0.760406 0.649447 2.67276e-06
    outer loop
      vertex 5.20208 2.79792 1.5
      vertex 5.20386 2.8 2.5
      vertex 5.37533 3.00077 1.5
    endloop
  endfacet
  facet normal -0.759772 0.65019 0
    outer loop
      vertex 5.20386 2.8 2.5
      vertex 5.20208 2.79792 1.5
      vertex 5.20208 2.79792 2.5
    endloop
  endfacet
  facet normal -0.760413 0.64944 0
    outer loop
      vertex 5.37533 3.00077 5
      vertex 5.20386 2.8 2.5
      vertex 5.20386 2.8 5
    endloop
  endfacet
  facet normal 0.852643 -0.522494 0
    outer loop
      vertex 2.48529 4.77178 2.5
      vertex 2.62467 4.99923 1.5
      vertex 2.62467 4.99923 2.5
    endloop
  endfacet
  facet normal 0.852643 -0.522494 0
    outer loop
      vertex 2.62467 4.99923 1.5
      vertex 2.48529 4.77178 2.5
      vertex 2.48529 4.77178 1.5
    endloop
  endfacet
  facet normal 0.996917 0.0784593 0
    outer loop
      vertex 2.32093 3.73406 2.5
      vertex 2.3 4 1.5
      vertex 2.3 4 2.5
    endloop
  endfacet
  facet normal 0.996917 0.0784593 0
    outer loop
      vertex 2.3 4 1.5
      vertex 2.32093 3.73406 2.5
      vertex 2.32093 3.73406 1.5
    endloop
  endfacet
  facet normal 0.382706 0.92387 -0
    outer loop
      vertex 3.47467 2.3832 1.5
      vertex 3.22822 2.48529 2.5
      vertex 3.47467 2.3832 2.5
    endloop
  endfacet
  facet normal 0.382706 0.92387 0
    outer loop
      vertex 3.22822 2.48529 2.5
      vertex 3.47467 2.3832 1.5
      vertex 3.22822 2.48529 1.5
    endloop
  endfacet
  facet normal -0.382706 -0.92387 0
    outer loop
      vertex 4.52533 5.6168 1.5
      vertex 4.77178 5.51471 5
      vertex 4.52533 5.6168 5
    endloop
  endfacet
  facet normal -0.382706 -0.92387 -0
    outer loop
      vertex 4.77178 5.51471 5
      vertex 4.52533 5.6168 1.5
      vertex 4.77178 5.51471 1.5
    endloop
  endfacet
  facet normal -0.233431 -0.972373 0
    outer loop
      vertex 4.26594 5.67907 1.5
      vertex 4.52533 5.6168 5
      vertex 4.26594 5.67907 5
    endloop
  endfacet
  facet normal -0.233431 -0.972373 -0
    outer loop
      vertex 4.52533 5.6168 5
      vertex 4.26594 5.67907 1.5
      vertex 4.52533 5.6168 1.5
    endloop
  endfacet
  facet normal -0.0784593 -0.996917 0
    outer loop
      vertex 4 5.7 1.5
      vertex 4.26594 5.67907 5
      vertex 4 5.7 5
    endloop
  endfacet
  facet normal -0.0784593 -0.996917 -0
    outer loop
      vertex 4.26594 5.67907 5
      vertex 4 5.7 1.5
      vertex 4.26594 5.67907 1.5
    endloop
  endfacet
  facet normal 0.972373 -0.233431 0
    outer loop
      vertex 2.32093 4.26594 2.5
      vertex 2.3832 4.52533 1.5
      vertex 2.3832 4.52533 2.5
    endloop
  endfacet
  facet normal 0.972373 -0.233431 0
    outer loop
      vertex 2.3832 4.52533 1.5
      vertex 2.32093 4.26594 2.5
      vertex 2.32093 4.26594 1.5
    endloop
  endfacet
  facet normal 0.0784593 0.996917 -0
    outer loop
      vertex 4 2.3 1.5
      vertex 3.73406 2.32093 2.5
      vertex 4 2.3 2.5
    endloop
  endfacet
  facet normal 0.0784593 0.996917 0
    outer loop
      vertex 3.73406 2.32093 2.5
      vertex 4 2.3 1.5
      vertex 3.73406 2.32093 1.5
    endloop
  endfacet
  facet normal -0.848007 -0.0667453 -0.525765
    outer loop
      vertex 6.60599 4.30505 0
      vertex 6.63 4 0
      vertex 5.7 4 1.5
    endloop
  endfacet
  facet normal -0.646835 0.552428 -0.525763
    outer loop
      vertex 6.12771 2.45413 0
      vertex 5.92899 2.22145 0
      vertex 5.37533 3.00077 1.5
    endloop
  endfacet
  facet normal 0.827128 0.198574 -0.525763
    outer loop
      vertex 2.3832 3.47467 1.5
      vertex 1.49872 3.18729 0
      vertex 1.42729 3.48482 0
    endloop
  endfacet
  facet normal 0.325541 0.785872 -0.525765
    outer loop
      vertex 2.90459 1.61582 0
      vertex 3.22822 2.48529 1.5
      vertex 3.47467 2.3832 1.5
    endloop
  endfacet
  facet normal 0.3255 0.785888 -0.525765
    outer loop
      vertex 3.22822 2.48529 1.5
      vertex 2.90459 1.61582 0
      vertex 2.80601 1.65665 0
    endloop
  endfacet
  facet normal -0.552439 -0.646824 -0.525765
    outer loop
      vertex 5.77855 5.92899 0
      vertex 5.20208 5.20208 1.5
      vertex 4.99923 5.37533 1.5
    endloop
  endfacet
  facet normal -0.552439 -0.646824 -0.525765
    outer loop
      vertex 5.20208 5.20208 1.5
      vertex 5.77855 5.92899 0
      vertex 5.85969 5.85969 0
    endloop
  endfacet
  facet normal -0.552428 0.646835 -0.525763
    outer loop
      vertex 5.77855 2.07101 0
      vertex 5.54587 1.87229 0
      vertex 4.99923 2.62467 1.5
    endloop
  endfacet
  facet normal 0.82713 0.198563 -0.525765
    outer loop
      vertex 2.3832 3.47467 1.5
      vertex 1.40238 3.58858 0
      vertex 2.32093 3.73406 1.5
    endloop
  endfacet
  facet normal 0.827129 0.198572 -0.525763
    outer loop
      vertex 1.40238 3.58858 0
      vertex 2.3832 3.47467 1.5
      vertex 1.42729 3.48482 0
    endloop
  endfacet
  facet normal 0.725255 -0.444496 -0.525764
    outer loop
      vertex 2.62467 4.99923 1.5
      vertex 1.81653 5.45489 0
      vertex 1.87229 5.54587 0
    endloop
  endfacet
  facet normal 0.725283 -0.444449 -0.525765
    outer loop
      vertex 1.81653 5.45489 0
      vertex 2.62467 4.99923 1.5
      vertex 2.48529 4.77178 1.5
    endloop
  endfacet
  facet normal -0.725255 -0.444496 -0.525764
    outer loop
      vertex 6.18347 5.45489 0
      vertex 5.37533 4.99923 1.5
      vertex 6.12771 5.54587 0
    endloop
  endfacet
  facet normal -0.725283 -0.444449 -0.525765
    outer loop
      vertex 5.37533 4.99923 1.5
      vertex 6.18347 5.45489 0
      vertex 5.51471 4.77178 1.5
    endloop
  endfacet
  facet normal 0.444496 -0.725255 -0.525764
    outer loop
      vertex 2.54511 6.18347 0
      vertex 3.00077 5.37533 1.5
      vertex 2.45413 6.12771 0
    endloop
  endfacet
  facet normal 0.444449 -0.725283 -0.525765
    outer loop
      vertex 3.00077 5.37533 1.5
      vertex 2.54511 6.18347 0
      vertex 3.22822 5.51471 1.5
    endloop
  endfacet
  facet normal -0.325527 -0.785879 -0.525763
    outer loop
      vertex 4.81271 6.50128 0
      vertex 5.09541 6.38418 0
      vertex 4.52533 5.6168 1.5
    endloop
  endfacet
  facet normal -0.72528 -0.444453 -0.525766
    outer loop
      vertex 6.18347 5.45489 0
      vertex 6.34335 5.19399 0
      vertex 5.51471 4.77178 1.5
    endloop
  endfacet
  facet normal -0.785888 -0.3255 -0.525765
    outer loop
      vertex 6.38418 5.09541 0
      vertex 5.51471 4.77178 1.5
      vertex 6.34335 5.19399 0
    endloop
  endfacet
  facet normal -0.785872 -0.325541 -0.525765
    outer loop
      vertex 5.51471 4.77178 1.5
      vertex 6.38418 5.09541 0
      vertex 5.6168 4.52533 1.5
    endloop
  endfacet
  facet normal 0.552439 -0.646824 -0.525765
    outer loop
      vertex 2.22145 5.92899 0
      vertex 2.79792 5.20208 1.5
      vertex 2.14031 5.85969 0
    endloop
  endfacet
  facet normal 0.552439 -0.646824 -0.525765
    outer loop
      vertex 2.79792 5.20208 1.5
      vertex 2.22145 5.92899 0
      vertex 3.00077 5.37533 1.5
    endloop
  endfacet
  facet normal -0.0667453 0.848007 -0.525765
    outer loop
      vertex 4 2.3 1.5
      vertex 4.30505 1.39401 0
      vertex 4 1.37 0
    endloop
  endfacet
  facet normal 0.785888 -0.3255 -0.525765
    outer loop
      vertex 2.48529 4.77178 1.5
      vertex 1.61582 5.09541 0
      vertex 1.65665 5.19399 0
    endloop
  endfacet
  facet normal 0.785872 -0.325541 -0.525765
    outer loop
      vertex 1.61582 5.09541 0
      vertex 2.48529 4.77178 1.5
      vertex 2.3832 4.52533 1.5
    endloop
  endfacet
  facet normal 0.552428 0.646835 -0.525763
    outer loop
      vertex 3.00077 2.62467 1.5
      vertex 2.45413 1.87229 0
      vertex 2.22145 2.07101 0
    endloop
  endfacet
  facet normal 0.0667453 0.848007 -0.525765
    outer loop
      vertex 4 2.3 1.5
      vertex 4 1.37 0
      vertex 3.69495 1.39401 0
    endloop
  endfacet
  facet normal 0.848008 0.0667399 -0.525764
    outer loop
      vertex 2.32093 3.73406 1.5
      vertex 1.39401 3.69495 0
      vertex 2.3 4 1.5
    endloop
  endfacet
  facet normal 0.848009 0.0667278 -0.525764
    outer loop
      vertex 1.39401 3.69495 0
      vertex 2.32093 3.73406 1.5
      vertex 1.40238 3.58858 0
    endloop
  endfacet
  facet normal -0.198572 0.827129 -0.525763
    outer loop
      vertex 4.41142 1.40238 0
      vertex 4.52533 2.3832 1.5
      vertex 4.51518 1.42729 0
    endloop
  endfacet
  facet normal -0.198563 0.82713 -0.525765
    outer loop
      vertex 4.52533 2.3832 1.5
      vertex 4.41142 1.40238 0
      vertex 4.26594 2.32093 1.5
    endloop
  endfacet
  facet normal 0.848007 -0.0667453 -0.525765
    outer loop
      vertex 1.39401 4.30505 0
      vertex 2.3 4 1.5
      vertex 1.37 4 0
    endloop
  endfacet
  facet normal -0.646835 -0.552428 -0.525763
    outer loop
      vertex 5.92899 5.77855 0
      vertex 6.12771 5.54587 0
      vertex 5.37533 4.99923 1.5
    endloop
  endfacet
  facet normal -0.444453 0.72528 -0.525766
    outer loop
      vertex 5.45489 1.81653 0
      vertex 5.19399 1.65665 0
      vertex 4.77178 2.48529 1.5
    endloop
  endfacet
  facet normal -0.198574 0.827128 -0.525763
    outer loop
      vertex 4.52533 2.3832 1.5
      vertex 4.81271 1.49872 0
      vertex 4.51518 1.42729 0
    endloop
  endfacet
  facet normal -0.827128 -0.198574 -0.525763
    outer loop
      vertex 6.50128 4.81271 0
      vertex 6.57271 4.51518 0
      vertex 5.6168 4.52533 1.5
    endloop
  endfacet
  facet normal -0.0667453 -0.848007 -0.525765
    outer loop
      vertex 4 6.63 0
      vertex 4.30505 6.60599 0
      vertex 4 5.7 1.5
    endloop
  endfacet
  facet normal -0.848007 0.0667453 -0.525765
    outer loop
      vertex 6.63 4 0
      vertex 6.60599 3.69495 0
      vertex 5.7 4 1.5
    endloop
  endfacet
  facet normal -0.785879 -0.325527 -0.525763
    outer loop
      vertex 6.38418 5.09541 0
      vertex 6.50128 4.81271 0
      vertex 5.6168 4.52533 1.5
    endloop
  endfacet
  facet normal -0.72528 0.444453 -0.525766
    outer loop
      vertex 6.34335 2.80601 0
      vertex 6.18347 2.54511 0
      vertex 5.51471 3.22822 1.5
    endloop
  endfacet
  facet normal -0.444449 -0.725283 -0.525765
    outer loop
      vertex 5.45489 6.18347 0
      vertex 4.99923 5.37533 1.5
      vertex 4.77178 5.51471 1.5
    endloop
  endfacet
  facet normal -0.444496 -0.725255 -0.525764
    outer loop
      vertex 4.99923 5.37533 1.5
      vertex 5.45489 6.18347 0
      vertex 5.54587 6.12771 0
    endloop
  endfacet
  facet normal 0.646824 0.552439 -0.525765
    outer loop
      vertex 2.79792 2.79792 1.5
      vertex 2.07101 2.22145 0
      vertex 2.62467 3.00077 1.5
    endloop
  endfacet
  facet normal 0.646824 0.552439 -0.525765
    outer loop
      vertex 2.07101 2.22145 0
      vertex 2.79792 2.79792 1.5
      vertex 2.14031 2.14031 0
    endloop
  endfacet
  facet normal -0.0667399 -0.848008 -0.525764
    outer loop
      vertex 4.30505 6.60599 0
      vertex 4.26594 5.67907 1.5
      vertex 4 5.7 1.5
    endloop
  endfacet
  facet normal -0.0667278 -0.848009 -0.525764
    outer loop
      vertex 4.26594 5.67907 1.5
      vertex 4.30505 6.60599 0
      vertex 4.41142 6.59762 0
    endloop
  endfacet
  facet normal 0.444453 0.72528 -0.525766
    outer loop
      vertex 3.22822 2.48529 1.5
      vertex 2.80601 1.65665 0
      vertex 2.54511 1.81653 0
    endloop
  endfacet
  facet normal -0.198563 -0.82713 -0.525765
    outer loop
      vertex 4.41142 6.59762 0
      vertex 4.52533 5.6168 1.5
      vertex 4.26594 5.67907 1.5
    endloop
  endfacet
  facet normal -0.198572 -0.827129 -0.525763
    outer loop
      vertex 4.52533 5.6168 1.5
      vertex 4.41142 6.59762 0
      vertex 4.51518 6.57271 0
    endloop
  endfacet
  facet normal -0.646824 0.552439 -0.525765
    outer loop
      vertex 5.92899 2.22145 0
      vertex 5.20208 2.79792 1.5
      vertex 5.37533 3.00077 1.5
    endloop
  endfacet
  facet normal -0.646824 0.552439 -0.525765
    outer loop
      vertex 5.20208 2.79792 1.5
      vertex 5.92899 2.22145 0
      vertex 5.85969 2.14031 0
    endloop
  endfacet
  facet normal 0.72528 -0.444453 -0.525766
    outer loop
      vertex 1.81653 5.45489 0
      vertex 2.48529 4.77178 1.5
      vertex 1.65665 5.19399 0
    endloop
  endfacet
  facet normal 0.3255 -0.785888 -0.525765
    outer loop
      vertex 2.90459 6.38418 0
      vertex 3.22822 5.51471 1.5
      vertex 2.80601 6.34335 0
    endloop
  endfacet
  facet normal 0.325541 -0.785872 -0.525765
    outer loop
      vertex 3.22822 5.51471 1.5
      vertex 2.90459 6.38418 0
      vertex 3.47467 5.6168 1.5
    endloop
  endfacet
  facet normal 0.0667453 -0.848007 -0.525765
    outer loop
      vertex 4 6.63 0
      vertex 4 5.7 1.5
      vertex 3.69495 6.60599 0
    endloop
  endfacet
  facet normal 0.198572 -0.827129 -0.525763
    outer loop
      vertex 3.58858 6.59762 0
      vertex 3.47467 5.6168 1.5
      vertex 3.48482 6.57271 0
    endloop
  endfacet
  facet normal 0.198563 -0.82713 -0.525765
    outer loop
      vertex 3.47467 5.6168 1.5
      vertex 3.58858 6.59762 0
      vertex 3.73406 5.67907 1.5
    endloop
  endfacet
  facet normal -0.325541 -0.785872 -0.525765
    outer loop
      vertex 5.09541 6.38418 0
      vertex 4.77178 5.51471 1.5
      vertex 4.52533 5.6168 1.5
    endloop
  endfacet
  facet normal -0.3255 -0.785888 -0.525765
    outer loop
      vertex 4.77178 5.51471 1.5
      vertex 5.09541 6.38418 0
      vertex 5.19399 6.34335 0
    endloop
  endfacet
  facet normal 0.827128 -0.198574 -0.525763
    outer loop
      vertex 1.49872 4.81271 0
      vertex 2.3832 4.52533 1.5
      vertex 1.42729 4.51518 0
    endloop
  endfacet
  facet normal -0.552428 -0.646835 -0.525763
    outer loop
      vertex 5.54587 6.12771 0
      vertex 5.77855 5.92899 0
      vertex 4.99923 5.37533 1.5
    endloop
  endfacet
  facet normal 0.325527 -0.785879 -0.525763
    outer loop
      vertex 3.18729 6.50128 0
      vertex 3.47467 5.6168 1.5
      vertex 2.90459 6.38418 0
    endloop
  endfacet
  facet normal -0.827129 -0.198572 -0.525763
    outer loop
      vertex 6.59762 4.41142 0
      vertex 5.6168 4.52533 1.5
      vertex 6.57271 4.51518 0
    endloop
  endfacet
  facet normal -0.82713 -0.198563 -0.525765
    outer loop
      vertex 5.6168 4.52533 1.5
      vertex 6.59762 4.41142 0
      vertex 5.67907 4.26594 1.5
    endloop
  endfacet
  facet normal -0.198574 -0.827128 -0.525763
    outer loop
      vertex 4.81271 6.50128 0
      vertex 4.52533 5.6168 1.5
      vertex 4.51518 6.57271 0
    endloop
  endfacet
  facet normal -0.646824 -0.552439 -0.525765
    outer loop
      vertex 5.92899 5.77855 0
      vertex 5.20208 5.20208 1.5
      vertex 5.85969 5.85969 0
    endloop
  endfacet
  facet normal -0.646824 -0.552439 -0.525765
    outer loop
      vertex 5.20208 5.20208 1.5
      vertex 5.92899 5.77855 0
      vertex 5.37533 4.99923 1.5
    endloop
  endfacet
  facet normal 0.785879 0.325527 -0.525763
    outer loop
      vertex 2.3832 3.47467 1.5
      vertex 1.61582 2.90459 0
      vertex 1.49872 3.18729 0
    endloop
  endfacet
  facet normal -0.444453 -0.72528 -0.525766
    outer loop
      vertex 5.19399 6.34335 0
      vertex 5.45489 6.18347 0
      vertex 4.77178 5.51471 1.5
    endloop
  endfacet
  facet normal 0.0667278 -0.848009 -0.525764
    outer loop
      vertex 3.69495 6.60599 0
      vertex 3.73406 5.67907 1.5
      vertex 3.58858 6.59762 0
    endloop
  endfacet
  facet normal 0.0667399 -0.848008 -0.525764
    outer loop
      vertex 3.73406 5.67907 1.5
      vertex 3.69495 6.60599 0
      vertex 4 5.7 1.5
    endloop
  endfacet
  facet normal -0.827128 0.198574 -0.525763
    outer loop
      vertex 6.57271 3.48482 0
      vertex 6.50128 3.18729 0
      vertex 5.6168 3.47467 1.5
    endloop
  endfacet
  facet normal -0.785879 0.325527 -0.525763
    outer loop
      vertex 6.50128 3.18729 0
      vertex 6.38418 2.90459 0
      vertex 5.6168 3.47467 1.5
    endloop
  endfacet
  facet normal 0.646835 0.552428 -0.525763
    outer loop
      vertex 2.62467 3.00077 1.5
      vertex 2.07101 2.22145 0
      vertex 1.87229 2.45413 0
    endloop
  endfacet
  facet normal 0.646824 -0.552439 -0.525765
    outer loop
      vertex 2.79792 5.20208 1.5
      vertex 2.07101 5.77855 0
      vertex 2.14031 5.85969 0
    endloop
  endfacet
  facet normal 0.646824 -0.552439 -0.525765
    outer loop
      vertex 2.07101 5.77855 0
      vertex 2.79792 5.20208 1.5
      vertex 2.62467 4.99923 1.5
    endloop
  endfacet
  facet normal 0.646835 -0.552428 -0.525763
    outer loop
      vertex 2.07101 5.77855 0
      vertex 2.62467 4.99923 1.5
      vertex 1.87229 5.54587 0
    endloop
  endfacet
  facet normal 0.785879 -0.325527 -0.525763
    outer loop
      vertex 1.61582 5.09541 0
      vertex 2.3832 4.52533 1.5
      vertex 1.49872 4.81271 0
    endloop
  endfacet
  facet normal -0.552439 0.646824 -0.525765
    outer loop
      vertex 5.77855 2.07101 0
      vertex 5.20208 2.79792 1.5
      vertex 5.85969 2.14031 0
    endloop
  endfacet
  facet normal -0.552439 0.646824 -0.525765
    outer loop
      vertex 5.20208 2.79792 1.5
      vertex 5.77855 2.07101 0
      vertex 4.99923 2.62467 1.5
    endloop
  endfacet
  facet normal 0.0667399 0.848008 -0.525764
    outer loop
      vertex 3.69495 1.39401 0
      vertex 3.73406 2.32093 1.5
      vertex 4 2.3 1.5
    endloop
  endfacet
  facet normal 0.0667278 0.848009 -0.525764
    outer loop
      vertex 3.73406 2.32093 1.5
      vertex 3.69495 1.39401 0
      vertex 3.58858 1.40238 0
    endloop
  endfacet
  facet normal -0.444496 0.725255 -0.525764
    outer loop
      vertex 5.45489 1.81653 0
      vertex 4.99923 2.62467 1.5
      vertex 5.54587 1.87229 0
    endloop
  endfacet
  facet normal -0.444449 0.725283 -0.525765
    outer loop
      vertex 4.99923 2.62467 1.5
      vertex 5.45489 1.81653 0
      vertex 4.77178 2.48529 1.5
    endloop
  endfacet
  facet normal -0.0667278 0.848009 -0.525764
    outer loop
      vertex 4.30505 1.39401 0
      vertex 4.26594 2.32093 1.5
      vertex 4.41142 1.40238 0
    endloop
  endfacet
  facet normal -0.0667399 0.848008 -0.525764
    outer loop
      vertex 4.26594 2.32093 1.5
      vertex 4.30505 1.39401 0
      vertex 4 2.3 1.5
    endloop
  endfacet
  facet normal 0.444453 -0.72528 -0.525766
    outer loop
      vertex 2.80601 6.34335 0
      vertex 3.22822 5.51471 1.5
      vertex 2.54511 6.18347 0
    endloop
  endfacet
  facet normal -0.725283 0.444449 -0.525765
    outer loop
      vertex 6.18347 2.54511 0
      vertex 5.37533 3.00077 1.5
      vertex 5.51471 3.22822 1.5
    endloop
  endfacet
  facet normal -0.725255 0.444496 -0.525764
    outer loop
      vertex 5.37533 3.00077 1.5
      vertex 6.18347 2.54511 0
      vertex 6.12771 2.45413 0
    endloop
  endfacet
  facet normal -0.848009 -0.0667278 -0.525764
    outer loop
      vertex 6.60599 4.30505 0
      vertex 5.67907 4.26594 1.5
      vertex 6.59762 4.41142 0
    endloop
  endfacet
  facet normal -0.848008 -0.0667399 -0.525764
    outer loop
      vertex 5.67907 4.26594 1.5
      vertex 6.60599 4.30505 0
      vertex 5.7 4 1.5
    endloop
  endfacet
  facet normal -0.785872 0.325541 -0.525765
    outer loop
      vertex 6.38418 2.90459 0
      vertex 5.51471 3.22822 1.5
      vertex 5.6168 3.47467 1.5
    endloop
  endfacet
  facet normal -0.785888 0.3255 -0.525765
    outer loop
      vertex 5.51471 3.22822 1.5
      vertex 6.38418 2.90459 0
      vertex 6.34335 2.80601 0
    endloop
  endfacet
  facet normal 0.848007 0.0667453 -0.525765
    outer loop
      vertex 2.3 4 1.5
      vertex 1.39401 3.69495 0
      vertex 1.37 4 0
    endloop
  endfacet
  facet normal -0.827129 0.198572 -0.525763
    outer loop
      vertex 5.6168 3.47467 1.5
      vertex 6.59762 3.58858 0
      vertex 6.57271 3.48482 0
    endloop
  endfacet
  facet normal -0.82713 0.198563 -0.525765
    outer loop
      vertex 6.59762 3.58858 0
      vertex 5.6168 3.47467 1.5
      vertex 5.67907 3.73406 1.5
    endloop
  endfacet
  facet normal -0.848008 0.0667399 -0.525764
    outer loop
      vertex 6.60599 3.69495 0
      vertex 5.67907 3.73406 1.5
      vertex 5.7 4 1.5
    endloop
  endfacet
  facet normal -0.848009 0.0667278 -0.525764
    outer loop
      vertex 5.67907 3.73406 1.5
      vertex 6.60599 3.69495 0
      vertex 6.59762 3.58858 0
    endloop
  endfacet
  facet normal 0.198574 -0.827128 -0.525763
    outer loop
      vertex 3.48482 6.57271 0
      vertex 3.47467 5.6168 1.5
      vertex 3.18729 6.50128 0
    endloop
  endfacet
  facet normal 0.725283 0.444449 -0.525765
    outer loop
      vertex 2.62467 3.00077 1.5
      vertex 1.81653 2.54511 0
      vertex 2.48529 3.22822 1.5
    endloop
  endfacet
  facet normal 0.725255 0.444496 -0.525764
    outer loop
      vertex 1.81653 2.54511 0
      vertex 2.62467 3.00077 1.5
      vertex 1.87229 2.45413 0
    endloop
  endfacet
  facet normal 0.552428 -0.646835 -0.525763
    outer loop
      vertex 2.45413 6.12771 0
      vertex 3.00077 5.37533 1.5
      vertex 2.22145 5.92899 0
    endloop
  endfacet
  facet normal 0.325527 0.785879 -0.525763
    outer loop
      vertex 3.47467 2.3832 1.5
      vertex 3.18729 1.49872 0
      vertex 2.90459 1.61582 0
    endloop
  endfacet
  facet normal 0.444449 0.725283 -0.525765
    outer loop
      vertex 2.54511 1.81653 0
      vertex 3.00077 2.62467 1.5
      vertex 3.22822 2.48529 1.5
    endloop
  endfacet
  facet normal 0.444496 0.725255 -0.525764
    outer loop
      vertex 3.00077 2.62467 1.5
      vertex 2.54511 1.81653 0
      vertex 2.45413 1.87229 0
    endloop
  endfacet
  facet normal 0.552439 0.646824 -0.525765
    outer loop
      vertex 2.22145 2.07101 0
      vertex 2.79792 2.79792 1.5
      vertex 3.00077 2.62467 1.5
    endloop
  endfacet
  facet normal 0.552439 0.646824 -0.525765
    outer loop
      vertex 2.79792 2.79792 1.5
      vertex 2.22145 2.07101 0
      vertex 2.14031 2.14031 0
    endloop
  endfacet
  facet normal 0.827129 -0.198572 -0.525763
    outer loop
      vertex 2.3832 4.52533 1.5
      vertex 1.40238 4.41142 0
      vertex 1.42729 4.51518 0
    endloop
  endfacet
  facet normal 0.82713 -0.198563 -0.525765
    outer loop
      vertex 1.40238 4.41142 0
      vertex 2.3832 4.52533 1.5
      vertex 2.32093 4.26594 1.5
    endloop
  endfacet
  facet normal 0.848009 -0.0667278 -0.525764
    outer loop
      vertex 2.32093 4.26594 1.5
      vertex 1.39401 4.30505 0
      vertex 1.40238 4.41142 0
    endloop
  endfacet
  facet normal 0.848008 -0.0667399 -0.525764
    outer loop
      vertex 1.39401 4.30505 0
      vertex 2.32093 4.26594 1.5
      vertex 2.3 4 1.5
    endloop
  endfacet
  facet normal -0.3255 0.785888 -0.525765
    outer loop
      vertex 5.09541 1.61582 0
      vertex 4.77178 2.48529 1.5
      vertex 5.19399 1.65665 0
    endloop
  endfacet
  facet normal -0.325541 0.785872 -0.525765
    outer loop
      vertex 4.77178 2.48529 1.5
      vertex 5.09541 1.61582 0
      vertex 4.52533 2.3832 1.5
    endloop
  endfacet
  facet normal 0.785872 0.325541 -0.525765
    outer loop
      vertex 2.48529 3.22822 1.5
      vertex 1.61582 2.90459 0
      vertex 2.3832 3.47467 1.5
    endloop
  endfacet
  facet normal 0.785888 0.3255 -0.525765
    outer loop
      vertex 1.61582 2.90459 0
      vertex 2.48529 3.22822 1.5
      vertex 1.65665 2.80601 0
    endloop
  endfacet
  facet normal 0.72528 0.444453 -0.525766
    outer loop
      vertex 2.48529 3.22822 1.5
      vertex 1.81653 2.54511 0
      vertex 1.65665 2.80601 0
    endloop
  endfacet
  facet normal -0.325527 0.785879 -0.525763
    outer loop
      vertex 5.09541 1.61582 0
      vertex 4.81271 1.49872 0
      vertex 4.52533 2.3832 1.5
    endloop
  endfacet
  facet normal 0.198574 0.827128 -0.525763
    outer loop
      vertex 3.47467 2.3832 1.5
      vertex 3.48482 1.42729 0
      vertex 3.18729 1.49872 0
    endloop
  endfacet
  facet normal 0.198563 0.82713 -0.525765
    outer loop
      vertex 3.58858 1.40238 0
      vertex 3.47467 2.3832 1.5
      vertex 3.73406 2.32093 1.5
    endloop
  endfacet
  facet normal 0.198572 0.827129 -0.525763
    outer loop
      vertex 3.47467 2.3832 1.5
      vertex 3.58858 1.40238 0
      vertex 3.48482 1.42729 0
    endloop
  endfacet
  facet normal -0.972603 -0.232474 0
    outer loop
      vertex 155.679 4.26594 1.5
      vertex 155.617 4.52533 2.5
      vertex 155.617 4.52533 1.5
    endloop
  endfacet
  facet normal -0.972603 -0.232474 0
    outer loop
      vertex 155.617 4.52533 2.5
      vertex 155.679 4.26594 1.5
      vertex 155.679 4.26594 2.5
    endloop
  endfacet
  facet normal -0.996897 -0.0787201 0
    outer loop
      vertex 155.7 4 1.5
      vertex 155.679 4.26594 2.5
      vertex 155.679 4.26594 1.5
    endloop
  endfacet
  facet normal -0.996897 -0.0787201 0
    outer loop
      vertex 155.679 4.26594 2.5
      vertex 155.7 4 1.5
      vertex 155.7 4 2.5
    endloop
  endfacet
  facet normal -0.923989 -0.382418 0
    outer loop
      vertex 155.617 4.52533 1.5
      vertex 155.515 4.77178 2.5
      vertex 155.515 4.77178 1.5
    endloop
  endfacet
  facet normal -0.923989 -0.382418 0
    outer loop
      vertex 155.515 4.77178 2.5
      vertex 155.617 4.52533 1.5
      vertex 155.617 4.52533 2.5
    endloop
  endfacet
  facet normal -0.523247 0.852181 0
    outer loop
      vertex 154.999 2.62467 1.5
      vertex 154.772 2.48529 2.5
      vertex 154.999 2.62467 2.5
    endloop
  endfacet
  facet normal -0.523247 0.852181 0
    outer loop
      vertex 154.772 2.48529 2.5
      vertex 154.999 2.62467 1.5
      vertex 154.772 2.48529 1.5
    endloop
  endfacet
  facet normal 0.923989 -0.382418 0
    outer loop
      vertex 152.383 4.52533 5
      vertex 152.485 4.77178 1.5
      vertex 152.485 4.77178 5
    endloop
  endfacet
  facet normal 0.923989 -0.382418 0
    outer loop
      vertex 152.485 4.77178 1.5
      vertex 152.383 4.52533 5
      vertex 152.383 4.52533 1.5
    endloop
  endfacet
  facet normal 0.523247 0.852181 -0
    outer loop
      vertex 153.228 2.48529 1.5
      vertex 153.001 2.62467 2.5
      vertex 153.228 2.48529 2.5
    endloop
  endfacet
  facet normal 0.523247 0.852181 0
    outer loop
      vertex 153.001 2.62467 2.5
      vertex 153.228 2.48529 1.5
      vertex 153.001 2.62467 1.5
    endloop
  endfacet
  facet normal -0.381978 0.924171 0
    outer loop
      vertex 154.772 2.48529 1.5
      vertex 154.525 2.3832 2.5
      vertex 154.772 2.48529 2.5
    endloop
  endfacet
  facet normal -0.381978 0.924171 0
    outer loop
      vertex 154.525 2.3832 2.5
      vertex 154.772 2.48529 1.5
      vertex 154.525 2.3832 1.5
    endloop
  endfacet
  facet normal 0.381978 -0.924171 0
    outer loop
      vertex 153.228 5.51471 1.5
      vertex 153.475 5.6168 5
      vertex 153.228 5.51471 5
    endloop
  endfacet
  facet normal 0.381978 -0.924171 0
    outer loop
      vertex 153.475 5.6168 5
      vertex 153.228 5.51471 1.5
      vertex 153.475 5.6168 1.5
    endloop
  endfacet
  facet normal 0.522943 -0.852368 0
    outer loop
      vertex 153.001 5.37533 2.5
      vertex 153.001 5.37533 1.5
      vertex 153.2 5.49742 2.5
    endloop
  endfacet
  facet normal 0.525402 -0.850854 0
    outer loop
      vertex 153.2 5.49742 2.5
      vertex 153.228 5.51471 5
      vertex 153.2 5.49742 5
    endloop
  endfacet
  facet normal 0.525402 -0.850854 0
    outer loop
      vertex 153.2 5.49742 2.5
      vertex 153.228 5.51471 1.5
      vertex 153.228 5.51471 5
    endloop
  endfacet
  facet normal 0.523247 -0.852181 -8.33035e-05
    outer loop
      vertex 153.228 5.51471 1.5
      vertex 153.2 5.49742 2.5
      vertex 153.001 5.37533 1.5
    endloop
  endfacet
  facet normal 0.233763 -0.972294 0
    outer loop
      vertex 153.475 5.6168 1.5
      vertex 153.734 5.67907 5
      vertex 153.475 5.6168 5
    endloop
  endfacet
  facet normal 0.233763 -0.972294 0
    outer loop
      vertex 153.734 5.67907 5
      vertex 153.475 5.6168 1.5
      vertex 153.734 5.67907 1.5
    endloop
  endfacet
  facet normal -0.64917 0.760643 0
    outer loop
      vertex 155.202 2.79792 1.5
      vertex 154.999 2.62467 2.5
      vertex 155.202 2.79792 2.5
    endloop
  endfacet
  facet normal -0.64917 0.760643 0
    outer loop
      vertex 154.999 2.62467 2.5
      vertex 155.202 2.79792 1.5
      vertex 154.999 2.62467 1.5
    endloop
  endfacet
  facet normal 0.0784418 -0.996919 0
    outer loop
      vertex 153.734 5.67907 1.5
      vertex 154 5.7 5
      vertex 153.734 5.67907 5
    endloop
  endfacet
  facet normal 0.0784418 -0.996919 0
    outer loop
      vertex 154 5.7 5
      vertex 153.734 5.67907 1.5
      vertex 154 5.7 1.5
    endloop
  endfacet
  facet normal 0.923989 0.382418 0
    outer loop
      vertex 152.485 3.22822 5
      vertex 152.383 3.47467 1.5
      vertex 152.383 3.47467 5
    endloop
  endfacet
  facet normal 0.923989 0.382418 0
    outer loop
      vertex 152.383 3.47467 1.5
      vertex 152.485 3.22822 5
      vertex 152.485 3.22822 1.5
    endloop
  endfacet
  facet normal 0.760869 -0.648905 0
    outer loop
      vertex 152.625 4.99923 2.5
      vertex 152.798 5.20208 1.5
      vertex 152.798 5.20208 2.5
    endloop
  endfacet
  facet normal 0.760869 -0.648905 0
    outer loop
      vertex 152.798 5.20208 1.5
      vertex 152.625 4.99923 2.5
      vertex 152.625 4.99923 1.5
    endloop
  endfacet
  facet normal 0.233763 0.972294 -0
    outer loop
      vertex 153.734 2.32093 1.5
      vertex 153.475 2.3832 2.5
      vertex 153.734 2.32093 2.5
    endloop
  endfacet
  facet normal 0.233763 0.972294 0
    outer loop
      vertex 153.475 2.3832 2.5
      vertex 153.734 2.32093 1.5
      vertex 153.475 2.3832 1.5
    endloop
  endfacet
  facet normal -0.923989 0.382418 0
    outer loop
      vertex 155.515 3.22822 1.5
      vertex 155.617 3.47467 2.5
      vertex 155.617 3.47467 1.5
    endloop
  endfacet
  facet normal -0.923989 0.382418 0
    outer loop
      vertex 155.617 3.47467 2.5
      vertex 155.515 3.22822 1.5
      vertex 155.515 3.22822 2.5
    endloop
  endfacet
  facet normal 0.761292 0.648409 -0
    outer loop
      vertex 152.796 2.8 2.5
      vertex 152.625 3.00077 5
      vertex 152.796 2.8 5
    endloop
  endfacet
  facet normal 0.761292 0.648409 0
    outer loop
      vertex 152.625 3.00077 5
      vertex 152.796 2.8 2.5
      vertex 152.625 3.00077 1.5
    endloop
  endfacet
  facet normal 0.720833 0.693109 -0
    outer loop
      vertex 152.798 2.79792 1.5
      vertex 152.796 2.8 2.5
      vertex 152.798 2.79792 2.5
    endloop
  endfacet
  facet normal 0.760869 0.648905 0.000172016
    outer loop
      vertex 152.796 2.8 2.5
      vertex 152.798 2.79792 1.5
      vertex 152.625 3.00077 1.5
    endloop
  endfacet
  facet normal 0.64917 -0.760643 0
    outer loop
      vertex 152.798 5.20208 1.5
      vertex 153.001 5.37533 2.5
      vertex 152.798 5.20208 2.5
    endloop
  endfacet
  facet normal 0.64917 -0.760643 0
    outer loop
      vertex 153.001 5.37533 2.5
      vertex 152.798 5.20208 1.5
      vertex 153.001 5.37533 1.5
    endloop
  endfacet
  facet normal -0.0784418 0.996919 0
    outer loop
      vertex 154.266 2.32093 1.5
      vertex 154 2.3 2.5
      vertex 154.266 2.32093 2.5
    endloop
  endfacet
  facet normal -0.0784418 0.996919 0
    outer loop
      vertex 154 2.3 2.5
      vertex 154.266 2.32093 1.5
      vertex 154 2.3 1.5
    endloop
  endfacet
  facet normal -0.851607 0.524181 0
    outer loop
      vertex 155.375 3.00077 1.5
      vertex 155.515 3.22822 2.5
      vertex 155.515 3.22822 1.5
    endloop
  endfacet
  facet normal -0.851607 0.524181 0
    outer loop
      vertex 155.515 3.22822 2.5
      vertex 155.375 3.00077 1.5
      vertex 155.375 3.00077 2.5
    endloop
  endfacet
  facet normal -0.851607 -0.524181 0
    outer loop
      vertex 155.515 4.77178 1.5
      vertex 155.375 4.99923 2.5
      vertex 155.375 4.99923 1.5
    endloop
  endfacet
  facet normal -0.851607 -0.524181 0
    outer loop
      vertex 155.375 4.99923 2.5
      vertex 155.515 4.77178 1.5
      vertex 155.515 4.77178 2.5
    endloop
  endfacet
  facet normal -0.996897 0.0787201 0
    outer loop
      vertex 155.679 3.73406 1.5
      vertex 155.7 4 2.5
      vertex 155.7 4 1.5
    endloop
  endfacet
  facet normal -0.996897 0.0787201 0
    outer loop
      vertex 155.7 4 2.5
      vertex 155.679 3.73406 1.5
      vertex 155.679 3.73406 2.5
    endloop
  endfacet
  facet normal -0.972603 0.232474 0
    outer loop
      vertex 155.617 3.47467 1.5
      vertex 155.679 3.73406 2.5
      vertex 155.679 3.73406 1.5
    endloop
  endfacet
  facet normal -0.972603 0.232474 0
    outer loop
      vertex 155.679 3.73406 2.5
      vertex 155.617 3.47467 1.5
      vertex 155.617 3.47467 2.5
    endloop
  endfacet
  facet normal 0.972603 0.232474 0
    outer loop
      vertex 152.383 3.47467 5
      vertex 152.321 3.73406 1.5
      vertex 152.321 3.73406 5
    endloop
  endfacet
  facet normal 0.972603 0.232474 0
    outer loop
      vertex 152.321 3.73406 1.5
      vertex 152.383 3.47467 5
      vertex 152.383 3.47467 1.5
    endloop
  endfacet
  facet normal -0.523247 -0.852181 0
    outer loop
      vertex 154.772 5.51471 1.5
      vertex 154.999 5.37533 5
      vertex 154.772 5.51471 5
    endloop
  endfacet
  facet normal -0.523247 -0.852181 -0
    outer loop
      vertex 154.999 5.37533 5
      vertex 154.772 5.51471 1.5
      vertex 154.999 5.37533 1.5
    endloop
  endfacet
  facet normal -0.760869 -0.648905 0
    outer loop
      vertex 155.375 4.99923 1.5
      vertex 155.202 5.20208 2.5
      vertex 155.202 5.20208 1.5
    endloop
  endfacet
  facet normal -0.760869 -0.648905 0
    outer loop
      vertex 155.202 5.20208 2.5
      vertex 155.375 4.99923 1.5
      vertex 155.375 4.99923 2.5
    endloop
  endfacet
  facet normal 0.996897 -0.0787201 0
    outer loop
      vertex 152.3 4 5
      vertex 152.321 4.26594 1.5
      vertex 152.321 4.26594 5
    endloop
  endfacet
  facet normal 0.996897 -0.0787201 0
    outer loop
      vertex 152.321 4.26594 1.5
      vertex 152.3 4 5
      vertex 152.3 4 1.5
    endloop
  endfacet
  facet normal -0.64901 -0.76078 0
    outer loop
      vertex 154.999 5.37533 5
      vertex 155.2 5.20386 2.5
      vertex 155.2 5.20386 5
    endloop
  endfacet
  facet normal -0.64901 -0.76078 0
    outer loop
      vertex 154.999 5.37533 1.5
      vertex 155.2 5.20386 2.5
      vertex 154.999 5.37533 5
    endloop
  endfacet
  facet normal -0.64917 -0.760643 5.56057e-05
    outer loop
      vertex 155.202 5.20208 1.5
      vertex 155.2 5.20386 2.5
      vertex 154.999 5.37533 1.5
    endloop
  endfacet
  facet normal -0.664827 -0.746997 0
    outer loop
      vertex 155.2 5.20386 2.5
      vertex 155.202 5.20208 1.5
      vertex 155.202 5.20208 2.5
    endloop
  endfacet
  facet normal -0.233763 0.972294 0
    outer loop
      vertex 154.525 2.3832 1.5
      vertex 154.266 2.32093 2.5
      vertex 154.525 2.3832 2.5
    endloop
  endfacet
  facet normal -0.233763 0.972294 0
    outer loop
      vertex 154.266 2.32093 2.5
      vertex 154.525 2.3832 1.5
      vertex 154.266 2.32093 1.5
    endloop
  endfacet
  facet normal 0.851607 0.524181 0
    outer loop
      vertex 152.625 3.00077 5
      vertex 152.485 3.22822 1.5
      vertex 152.485 3.22822 5
    endloop
  endfacet
  facet normal 0.851607 0.524181 0
    outer loop
      vertex 152.485 3.22822 1.5
      vertex 152.625 3.00077 5
      vertex 152.625 3.00077 1.5
    endloop
  endfacet
  facet normal -0.0784418 -0.996919 0
    outer loop
      vertex 154 5.7 1.5
      vertex 154.266 5.67907 5
      vertex 154 5.7 5
    endloop
  endfacet
  facet normal -0.0784418 -0.996919 -0
    outer loop
      vertex 154.266 5.67907 5
      vertex 154 5.7 1.5
      vertex 154.266 5.67907 1.5
    endloop
  endfacet
  facet normal 0.64917 0.760643 -0
    outer loop
      vertex 153.001 2.62467 1.5
      vertex 152.798 2.79792 2.5
      vertex 153.001 2.62467 2.5
    endloop
  endfacet
  facet normal 0.64917 0.760643 0
    outer loop
      vertex 152.798 2.79792 2.5
      vertex 153.001 2.62467 1.5
      vertex 152.798 2.79792 1.5
    endloop
  endfacet
  facet normal -0.760869 0.648905 0
    outer loop
      vertex 155.202 2.79792 1.5
      vertex 155.375 3.00077 2.5
      vertex 155.375 3.00077 1.5
    endloop
  endfacet
  facet normal -0.760869 0.648905 0
    outer loop
      vertex 155.375 3.00077 2.5
      vertex 155.202 2.79792 1.5
      vertex 155.202 2.79792 2.5
    endloop
  endfacet
  facet normal 0.843095 -0.537764 0
    outer loop
      vertex 152.503 4.8 5
      vertex 152.485 4.77178 5
      vertex 152.503 4.8 2.5
    endloop
  endfacet
  facet normal 0.852809 -0.522224 0
    outer loop
      vertex 152.503 4.8 2.5
      vertex 152.625 4.99923 1.5
      vertex 152.625 4.99923 2.5
    endloop
  endfacet
  facet normal 0.851607 -0.524181 -0.000536537
    outer loop
      vertex 152.503 4.8 2.5
      vertex 152.485 4.77178 1.5
      vertex 152.625 4.99923 1.5
    endloop
  endfacet
  facet normal 0.843095 -0.537764 0
    outer loop
      vertex 152.485 4.77178 1.5
      vertex 152.503 4.8 2.5
      vertex 152.485 4.77178 5
    endloop
  endfacet
  facet normal 0.996897 0.0787201 0
    outer loop
      vertex 152.321 3.73406 5
      vertex 152.3 4 1.5
      vertex 152.3 4 5
    endloop
  endfacet
  facet normal 0.996897 0.0787201 0
    outer loop
      vertex 152.3 4 1.5
      vertex 152.321 3.73406 5
      vertex 152.321 3.73406 1.5
    endloop
  endfacet
  facet normal 0.381978 0.924171 -0
    outer loop
      vertex 153.475 2.3832 1.5
      vertex 153.228 2.48529 2.5
      vertex 153.475 2.3832 2.5
    endloop
  endfacet
  facet normal 0.381978 0.924171 0
    outer loop
      vertex 153.228 2.48529 2.5
      vertex 153.475 2.3832 1.5
      vertex 153.228 2.48529 1.5
    endloop
  endfacet
  facet normal -0.381978 -0.924171 0
    outer loop
      vertex 154.525 5.6168 1.5
      vertex 154.772 5.51471 5
      vertex 154.525 5.6168 5
    endloop
  endfacet
  facet normal -0.381978 -0.924171 -0
    outer loop
      vertex 154.772 5.51471 5
      vertex 154.525 5.6168 1.5
      vertex 154.772 5.51471 1.5
    endloop
  endfacet
  facet normal -0.233763 -0.972294 0
    outer loop
      vertex 154.266 5.67907 1.5
      vertex 154.525 5.6168 5
      vertex 154.266 5.67907 5
    endloop
  endfacet
  facet normal -0.233763 -0.972294 -0
    outer loop
      vertex 154.525 5.6168 5
      vertex 154.266 5.67907 1.5
      vertex 154.525 5.6168 1.5
    endloop
  endfacet
  facet normal 0.972603 -0.232474 0
    outer loop
      vertex 152.321 4.26594 5
      vertex 152.383 4.52533 1.5
      vertex 152.383 4.52533 5
    endloop
  endfacet
  facet normal 0.972603 -0.232474 0
    outer loop
      vertex 152.383 4.52533 1.5
      vertex 152.321 4.26594 5
      vertex 152.321 4.26594 1.5
    endloop
  endfacet
  facet normal 0.0784418 0.996919 -0
    outer loop
      vertex 154 2.3 1.5
      vertex 153.734 2.32093 2.5
      vertex 154 2.3 2.5
    endloop
  endfacet
  facet normal 0.0784418 0.996919 0
    outer loop
      vertex 153.734 2.32093 2.5
      vertex 154 2.3 1.5
      vertex 153.734 2.32093 1.5
    endloop
  endfacet
  facet normal -0.848009 -0.0667176 -0.525766
    outer loop
      vertex 156.606 4.30505 0
      vertex 156.63 4 0
      vertex 155.7 4 1.5
    endloop
  endfacet
  facet normal -0.64637 0.552809 -0.525936
    outer loop
      vertex 156.128 2.45413 0
      vertex 155.929 2.22145 0
      vertex 155.375 3.00077 1.5
    endloop
  endfacet
  facet normal 0.82685 0.200091 -0.525625
    outer loop
      vertex 152.383 3.47467 1.5
      vertex 151.499 3.18729 0
      vertex 151.427 3.48482 0
    endloop
  endfacet
  facet normal 0.324943 0.786178 -0.525677
    outer loop
      vertex 152.905 1.61582 0
      vertex 153.228 2.48529 1.5
      vertex 153.475 2.3832 1.5
    endloop
  endfacet
  facet normal 0.324339 0.786421 -0.525687
    outer loop
      vertex 153.228 2.48529 1.5
      vertex 152.905 1.61582 0
      vertex 152.806 1.65665 0
    endloop
  endfacet
  facet normal -0.552145 -0.646957 -0.525911
    outer loop
      vertex 155.779 5.92899 0
      vertex 155.202 5.20208 1.5
      vertex 154.999 5.37533 1.5
    endloop
  endfacet
  facet normal -0.552939 -0.646292 -0.525895
    outer loop
      vertex 155.202 5.20208 1.5
      vertex 155.779 5.92899 0
      vertex 155.86 5.85969 0
    endloop
  endfacet
  facet normal -0.551943 0.647155 -0.52588
    outer loop
      vertex 155.779 2.07101 0
      vertex 155.546 1.87229 0
      vertex 154.999 2.62467 1.5
    endloop
  endfacet
  facet normal 0.827199 0.197719 -0.525974
    outer loop
      vertex 152.383 3.47467 1.5
      vertex 151.402 3.58858 0
      vertex 152.321 3.73406 1.5
    endloop
  endfacet
  facet normal 0.826991 0.199256 -0.525721
    outer loop
      vertex 151.402 3.58858 0
      vertex 152.383 3.47467 1.5
      vertex 151.427 3.48482 0
    endloop
  endfacet
  facet normal 0.727936 -0.440058 -0.525793
    outer loop
      vertex 152.625 4.99923 1.5
      vertex 151.817 5.45489 0
      vertex 151.872 5.54587 0
    endloop
  endfacet
  facet normal 0.724443 -0.445909 -0.525688
    outer loop
      vertex 151.817 5.45489 0
      vertex 152.625 4.99923 1.5
      vertex 152.485 4.77178 1.5
    endloop
  endfacet
  facet normal -0.727936 -0.440058 -0.525793
    outer loop
      vertex 156.183 5.45489 0
      vertex 155.375 4.99923 1.5
      vertex 156.128 5.54587 0
    endloop
  endfacet
  facet normal -0.724443 -0.445909 -0.525688
    outer loop
      vertex 155.375 4.99923 1.5
      vertex 156.183 5.45489 0
      vertex 155.515 4.77178 1.5
    endloop
  endfacet
  facet normal 0.444401 -0.72526 -0.525839
    outer loop
      vertex 152.545 6.18347 0
      vertex 153.001 5.37533 1.5
      vertex 152.454 6.12771 0
    endloop
  endfacet
  facet normal 0.44507 -0.724859 -0.525826
    outer loop
      vertex 153.001 5.37533 1.5
      vertex 152.545 6.18347 0
      vertex 153.228 5.51471 1.5
    endloop
  endfacet
  facet normal -0.326199 -0.785552 -0.525834
    outer loop
      vertex 154.813 6.50128 0
      vertex 155.095 6.38418 0
      vertex 154.525 5.6168 1.5
    endloop
  endfacet
  facet normal -0.725255 -0.444771 -0.525532
    outer loop
      vertex 156.183 5.45489 0
      vertex 156.343 5.19399 0
      vertex 155.515 4.77178 1.5
    endloop
  endfacet
  facet normal -0.785522 -0.326703 -0.525566
    outer loop
      vertex 156.384 5.09541 0
      vertex 155.515 4.77178 1.5
      vertex 156.343 5.19399 0
    endloop
  endfacet
  facet normal -0.786073 -0.325337 -0.525591
    outer loop
      vertex 155.515 4.77178 1.5
      vertex 156.384 5.09541 0
      vertex 155.617 4.52533 1.5
    endloop
  endfacet
  facet normal 0.552939 -0.646292 -0.525895
    outer loop
      vertex 152.221 5.92899 0
      vertex 152.798 5.20208 1.5
      vertex 152.14 5.85969 0
    endloop
  endfacet
  facet normal 0.552145 -0.646957 -0.525911
    outer loop
      vertex 152.798 5.20208 1.5
      vertex 152.221 5.92899 0
      vertex 153.001 5.37533 1.5
    endloop
  endfacet
  facet normal -0.0667562 0.848007 -0.525764
    outer loop
      vertex 154 2.3 1.5
      vertex 154.305 1.39401 0
      vertex 154 1.37 0
    endloop
  endfacet
  facet normal 0.785522 -0.326703 -0.525566
    outer loop
      vertex 152.485 4.77178 1.5
      vertex 151.616 5.09541 0
      vertex 151.657 5.19399 0
    endloop
  endfacet
  facet normal 0.786073 -0.325337 -0.525591
    outer loop
      vertex 151.616 5.09541 0
      vertex 152.485 4.77178 1.5
      vertex 152.383 4.52533 1.5
    endloop
  endfacet
  facet normal 0.551943 0.647155 -0.52588
    outer loop
      vertex 153.001 2.62467 1.5
      vertex 152.454 1.87229 0
      vertex 152.221 2.07101 0
    endloop
  endfacet
  facet normal 0.0667562 0.848007 -0.525764
    outer loop
      vertex 154 2.3 1.5
      vertex 154 1.37 0
      vertex 153.695 1.39401 0
    endloop
  endfacet
  facet normal 0.847973 0.0669603 -0.525793
    outer loop
      vertex 152.321 3.73406 1.5
      vertex 151.394 3.69495 0
      vertex 152.3 4 1.5
    endloop
  endfacet
  facet normal 0.848186 0.0637914 -0.525843
    outer loop
      vertex 151.394 3.69495 0
      vertex 152.321 3.73406 1.5
      vertex 151.402 3.58858 0
    endloop
  endfacet
  facet normal -0.198129 0.827194 -0.525828
    outer loop
      vertex 154.411 1.40238 0
      vertex 154.525 2.3832 1.5
      vertex 154.515 1.42729 0
    endloop
  endfacet
  facet normal -0.198854 0.827096 -0.525709
    outer loop
      vertex 154.525 2.3832 1.5
      vertex 154.411 1.40238 0
      vertex 154.266 2.32093 1.5
    endloop
  endfacet
  facet normal 0.848009 -0.0667176 -0.525766
    outer loop
      vertex 151.394 4.30505 0
      vertex 152.3 4 1.5
      vertex 151.37 4 0
    endloop
  endfacet
  facet normal -0.64637 -0.552809 -0.525936
    outer loop
      vertex 155.929 5.77855 0
      vertex 156.128 5.54587 0
      vertex 155.375 4.99923 1.5
    endloop
  endfacet
  facet normal -0.444342 0.725377 -0.525726
    outer loop
      vertex 155.455 1.81653 0
      vertex 155.194 1.65665 0
      vertex 154.772 2.48529 1.5
    endloop
  endfacet
  facet normal -0.198271 0.82717 -0.525812
    outer loop
      vertex 154.525 2.3832 1.5
      vertex 154.813 1.49872 0
      vertex 154.515 1.42729 0
    endloop
  endfacet
  facet normal -0.82685 -0.200091 -0.525625
    outer loop
      vertex 156.501 4.81271 0
      vertex 156.573 4.51518 0
      vertex 155.617 4.52533 1.5
    endloop
  endfacet
  facet normal -0.0667562 -0.848007 -0.525764
    outer loop
      vertex 154 6.63 0
      vertex 154.305 6.60599 0
      vertex 154 5.7 1.5
    endloop
  endfacet
  facet normal -0.848009 0.0667176 -0.525766
    outer loop
      vertex 156.63 4 0
      vertex 156.606 3.69495 0
      vertex 155.7 4 1.5
    endloop
  endfacet
  facet normal -0.786076 -0.32533 -0.52559
    outer loop
      vertex 156.384 5.09541 0
      vertex 156.501 4.81271 0
      vertex 155.617 4.52533 1.5
    endloop
  endfacet
  facet normal -0.725255 0.444771 -0.525532
    outer loop
      vertex 156.343 2.80601 0
      vertex 156.183 2.54511 0
      vertex 155.515 3.22822 1.5
    endloop
  endfacet
  facet normal -0.44507 -0.724859 -0.525826
    outer loop
      vertex 155.455 6.18347 0
      vertex 154.999 5.37533 1.5
      vertex 154.772 5.51471 1.5
    endloop
  endfacet
  facet normal -0.444401 -0.72526 -0.525839
    outer loop
      vertex 154.999 5.37533 1.5
      vertex 155.455 6.18347 0
      vertex 155.546 6.12771 0
    endloop
  endfacet
  facet normal 0.6472 0.551963 -0.525803
    outer loop
      vertex 152.798 2.79792 1.5
      vertex 152.071 2.22145 0
      vertex 152.625 3.00077 1.5
    endloop
  endfacet
  facet normal 0.647979 0.55103 -0.525822
    outer loop
      vertex 152.071 2.22145 0
      vertex 152.798 2.79792 1.5
      vertex 152.14 2.14031 0
    endloop
  endfacet
  facet normal -0.0667251 -0.848011 -0.525761
    outer loop
      vertex 154.305 6.60599 0
      vertex 154.266 5.67907 1.5
      vertex 154 5.7 1.5
    endloop
  endfacet
  facet normal -0.0669596 -0.847995 -0.525757
    outer loop
      vertex 154.266 5.67907 1.5
      vertex 154.305 6.60599 0
      vertex 154.411 6.59762 0
    endloop
  endfacet
  facet normal 0.444342 0.725377 -0.525726
    outer loop
      vertex 153.228 2.48529 1.5
      vertex 152.806 1.65665 0
      vertex 152.545 1.81653 0
    endloop
  endfacet
  facet normal -0.198854 -0.827096 -0.525709
    outer loop
      vertex 154.411 6.59762 0
      vertex 154.525 5.6168 1.5
      vertex 154.266 5.67907 1.5
    endloop
  endfacet
  facet normal -0.198129 -0.827194 -0.525828
    outer loop
      vertex 154.525 5.6168 1.5
      vertex 154.411 6.59762 0
      vertex 154.515 6.57271 0
    endloop
  endfacet
  facet normal -0.6472 0.551963 -0.525803
    outer loop
      vertex 155.929 2.22145 0
      vertex 155.202 2.79792 1.5
      vertex 155.375 3.00077 1.5
    endloop
  endfacet
  facet normal -0.647979 0.55103 -0.525822
    outer loop
      vertex 155.202 2.79792 1.5
      vertex 155.929 2.22145 0
      vertex 155.86 2.14031 0
    endloop
  endfacet
  facet normal 0.725255 -0.444771 -0.525532
    outer loop
      vertex 151.817 5.45489 0
      vertex 152.485 4.77178 1.5
      vertex 151.657 5.19399 0
    endloop
  endfacet
  facet normal 0.324339 -0.786421 -0.525687
    outer loop
      vertex 152.905 6.38418 0
      vertex 153.228 5.51471 1.5
      vertex 152.806 6.34335 0
    endloop
  endfacet
  facet normal 0.324943 -0.786178 -0.525677
    outer loop
      vertex 153.228 5.51471 1.5
      vertex 152.905 6.38418 0
      vertex 153.475 5.6168 1.5
    endloop
  endfacet
  facet normal 0.0667562 -0.848007 -0.525764
    outer loop
      vertex 154 6.63 0
      vertex 154 5.7 1.5
      vertex 153.695 6.60599 0
    endloop
  endfacet
  facet normal 0.198129 -0.827194 -0.525828
    outer loop
      vertex 153.589 6.59762 0
      vertex 153.475 5.6168 1.5
      vertex 153.485 6.57271 0
    endloop
  endfacet
  facet normal 0.198854 -0.827096 -0.525709
    outer loop
      vertex 153.475 5.6168 1.5
      vertex 153.589 6.59762 0
      vertex 153.734 5.67907 1.5
    endloop
  endfacet
  facet normal -0.324943 -0.786178 -0.525677
    outer loop
      vertex 155.095 6.38418 0
      vertex 154.772 5.51471 1.5
      vertex 154.525 5.6168 1.5
    endloop
  endfacet
  facet normal -0.324339 -0.786421 -0.525687
    outer loop
      vertex 154.772 5.51471 1.5
      vertex 155.095 6.38418 0
      vertex 155.194 6.34335 0
    endloop
  endfacet
  facet normal 0.82685 -0.200091 -0.525625
    outer loop
      vertex 151.499 4.81271 0
      vertex 152.383 4.52533 1.5
      vertex 151.427 4.51518 0
    endloop
  endfacet
  facet normal -0.551943 -0.647155 -0.52588
    outer loop
      vertex 155.546 6.12771 0
      vertex 155.779 5.92899 0
      vertex 154.999 5.37533 1.5
    endloop
  endfacet
  facet normal 0.326199 -0.785552 -0.525834
    outer loop
      vertex 153.187 6.50128 0
      vertex 153.475 5.6168 1.5
      vertex 152.905 6.38418 0
    endloop
  endfacet
  facet normal -0.826991 -0.199256 -0.525721
    outer loop
      vertex 156.598 4.41142 0
      vertex 155.617 4.52533 1.5
      vertex 156.573 4.51518 0
    endloop
  endfacet
  facet normal -0.827199 -0.197719 -0.525974
    outer loop
      vertex 155.617 4.52533 1.5
      vertex 156.598 4.41142 0
      vertex 155.679 4.26594 1.5
    endloop
  endfacet
  facet normal -0.198271 -0.82717 -0.525812
    outer loop
      vertex 154.813 6.50128 0
      vertex 154.525 5.6168 1.5
      vertex 154.515 6.57271 0
    endloop
  endfacet
  facet normal -0.647979 -0.55103 -0.525822
    outer loop
      vertex 155.929 5.77855 0
      vertex 155.202 5.20208 1.5
      vertex 155.86 5.85969 0
    endloop
  endfacet
  facet normal -0.6472 -0.551963 -0.525803
    outer loop
      vertex 155.202 5.20208 1.5
      vertex 155.929 5.77855 0
      vertex 155.375 4.99923 1.5
    endloop
  endfacet
  facet normal 0.786076 0.32533 -0.52559
    outer loop
      vertex 152.383 3.47467 1.5
      vertex 151.616 2.90459 0
      vertex 151.499 3.18729 0
    endloop
  endfacet
  facet normal -0.444342 -0.725377 -0.525726
    outer loop
      vertex 155.194 6.34335 0
      vertex 155.455 6.18347 0
      vertex 154.772 5.51471 1.5
    endloop
  endfacet
  facet normal 0.0669596 -0.847995 -0.525757
    outer loop
      vertex 153.695 6.60599 0
      vertex 153.734 5.67907 1.5
      vertex 153.589 6.59762 0
    endloop
  endfacet
  facet normal 0.0667251 -0.848011 -0.525761
    outer loop
      vertex 153.734 5.67907 1.5
      vertex 153.695 6.60599 0
      vertex 154 5.7 1.5
    endloop
  endfacet
  facet normal -0.82685 0.200091 -0.525625
    outer loop
      vertex 156.573 3.48482 0
      vertex 156.501 3.18729 0
      vertex 155.617 3.47467 1.5
    endloop
  endfacet
  facet normal -0.786076 0.32533 -0.52559
    outer loop
      vertex 156.501 3.18729 0
      vertex 156.384 2.90459 0
      vertex 155.617 3.47467 1.5
    endloop
  endfacet
  facet normal 0.64637 0.552809 -0.525936
    outer loop
      vertex 152.625 3.00077 1.5
      vertex 152.071 2.22145 0
      vertex 151.872 2.45413 0
    endloop
  endfacet
  facet normal 0.647979 -0.55103 -0.525822
    outer loop
      vertex 152.798 5.20208 1.5
      vertex 152.071 5.77855 0
      vertex 152.14 5.85969 0
    endloop
  endfacet
  facet normal 0.6472 -0.551963 -0.525803
    outer loop
      vertex 152.071 5.77855 0
      vertex 152.798 5.20208 1.5
      vertex 152.625 4.99923 1.5
    endloop
  endfacet
  facet normal 0.64637 -0.552809 -0.525936
    outer loop
      vertex 152.071 5.77855 0
      vertex 152.625 4.99923 1.5
      vertex 151.872 5.54587 0
    endloop
  endfacet
  facet normal 0.786076 -0.32533 -0.52559
    outer loop
      vertex 151.616 5.09541 0
      vertex 152.383 4.52533 1.5
      vertex 151.499 4.81271 0
    endloop
  endfacet
  facet normal -0.552939 0.646292 -0.525895
    outer loop
      vertex 155.779 2.07101 0
      vertex 155.202 2.79792 1.5
      vertex 155.86 2.14031 0
    endloop
  endfacet
  facet normal -0.552145 0.646957 -0.525911
    outer loop
      vertex 155.202 2.79792 1.5
      vertex 155.779 2.07101 0
      vertex 154.999 2.62467 1.5
    endloop
  endfacet
  facet normal 0.0667251 0.848011 -0.525761
    outer loop
      vertex 153.695 1.39401 0
      vertex 153.734 2.32093 1.5
      vertex 154 2.3 1.5
    endloop
  endfacet
  facet normal 0.0669596 0.847995 -0.525757
    outer loop
      vertex 153.734 2.32093 1.5
      vertex 153.695 1.39401 0
      vertex 153.589 1.40238 0
    endloop
  endfacet
  facet normal -0.444401 0.72526 -0.525839
    outer loop
      vertex 155.455 1.81653 0
      vertex 154.999 2.62467 1.5
      vertex 155.546 1.87229 0
    endloop
  endfacet
  facet normal -0.44507 0.724859 -0.525826
    outer loop
      vertex 154.999 2.62467 1.5
      vertex 155.455 1.81653 0
      vertex 154.772 2.48529 1.5
    endloop
  endfacet
  facet normal -0.0669596 0.847995 -0.525757
    outer loop
      vertex 154.305 1.39401 0
      vertex 154.266 2.32093 1.5
      vertex 154.411 1.40238 0
    endloop
  endfacet
  facet normal -0.0667251 0.848011 -0.525761
    outer loop
      vertex 154.266 2.32093 1.5
      vertex 154.305 1.39401 0
      vertex 154 2.3 1.5
    endloop
  endfacet
  facet normal 0.444342 -0.725377 -0.525726
    outer loop
      vertex 152.806 6.34335 0
      vertex 153.228 5.51471 1.5
      vertex 152.545 6.18347 0
    endloop
  endfacet
  facet normal -0.724443 0.445909 -0.525688
    outer loop
      vertex 156.183 2.54511 0
      vertex 155.375 3.00077 1.5
      vertex 155.515 3.22822 1.5
    endloop
  endfacet
  facet normal -0.727936 0.440058 -0.525793
    outer loop
      vertex 155.375 3.00077 1.5
      vertex 156.183 2.54511 0
      vertex 156.128 2.45413 0
    endloop
  endfacet
  facet normal -0.848186 -0.0637914 -0.525843
    outer loop
      vertex 156.606 4.30505 0
      vertex 155.679 4.26594 1.5
      vertex 156.598 4.41142 0
    endloop
  endfacet
  facet normal -0.847973 -0.0669603 -0.525793
    outer loop
      vertex 155.679 4.26594 1.5
      vertex 156.606 4.30505 0
      vertex 155.7 4 1.5
    endloop
  endfacet
  facet normal -0.786073 0.325337 -0.525591
    outer loop
      vertex 156.384 2.90459 0
      vertex 155.515 3.22822 1.5
      vertex 155.617 3.47467 1.5
    endloop
  endfacet
  facet normal -0.785522 0.326703 -0.525566
    outer loop
      vertex 155.515 3.22822 1.5
      vertex 156.384 2.90459 0
      vertex 156.343 2.80601 0
    endloop
  endfacet
  facet normal 0.848009 0.0667176 -0.525766
    outer loop
      vertex 152.3 4 1.5
      vertex 151.394 3.69495 0
      vertex 151.37 4 0
    endloop
  endfacet
  facet normal -0.826991 0.199256 -0.525721
    outer loop
      vertex 155.617 3.47467 1.5
      vertex 156.598 3.58858 0
      vertex 156.573 3.48482 0
    endloop
  endfacet
  facet normal -0.827199 0.197719 -0.525974
    outer loop
      vertex 156.598 3.58858 0
      vertex 155.617 3.47467 1.5
      vertex 155.679 3.73406 1.5
    endloop
  endfacet
  facet normal -0.847973 0.0669603 -0.525793
    outer loop
      vertex 156.606 3.69495 0
      vertex 155.679 3.73406 1.5
      vertex 155.7 4 1.5
    endloop
  endfacet
  facet normal -0.848186 0.0637914 -0.525843
    outer loop
      vertex 155.679 3.73406 1.5
      vertex 156.606 3.69495 0
      vertex 156.598 3.58858 0
    endloop
  endfacet
  facet normal 0.198271 -0.82717 -0.525812
    outer loop
      vertex 153.485 6.57271 0
      vertex 153.475 5.6168 1.5
      vertex 153.187 6.50128 0
    endloop
  endfacet
  facet normal 0.724443 0.445909 -0.525688
    outer loop
      vertex 152.625 3.00077 1.5
      vertex 151.817 2.54511 0
      vertex 152.485 3.22822 1.5
    endloop
  endfacet
  facet normal 0.727936 0.440058 -0.525793
    outer loop
      vertex 151.817 2.54511 0
      vertex 152.625 3.00077 1.5
      vertex 151.872 2.45413 0
    endloop
  endfacet
  facet normal 0.551943 -0.647155 -0.52588
    outer loop
      vertex 152.454 6.12771 0
      vertex 153.001 5.37533 1.5
      vertex 152.221 5.92899 0
    endloop
  endfacet
  facet normal 0.326199 0.785552 -0.525834
    outer loop
      vertex 153.475 2.3832 1.5
      vertex 153.187 1.49872 0
      vertex 152.905 1.61582 0
    endloop
  endfacet
  facet normal 0.44507 0.724859 -0.525826
    outer loop
      vertex 152.545 1.81653 0
      vertex 153.001 2.62467 1.5
      vertex 153.228 2.48529 1.5
    endloop
  endfacet
  facet normal 0.444401 0.72526 -0.525839
    outer loop
      vertex 153.001 2.62467 1.5
      vertex 152.545 1.81653 0
      vertex 152.454 1.87229 0
    endloop
  endfacet
  facet normal 0.552145 0.646957 -0.525911
    outer loop
      vertex 152.221 2.07101 0
      vertex 152.798 2.79792 1.5
      vertex 153.001 2.62467 1.5
    endloop
  endfacet
  facet normal 0.552939 0.646292 -0.525895
    outer loop
      vertex 152.798 2.79792 1.5
      vertex 152.221 2.07101 0
      vertex 152.14 2.14031 0
    endloop
  endfacet
  facet normal 0.826991 -0.199256 -0.525721
    outer loop
      vertex 152.383 4.52533 1.5
      vertex 151.402 4.41142 0
      vertex 151.427 4.51518 0
    endloop
  endfacet
  facet normal 0.827199 -0.197719 -0.525974
    outer loop
      vertex 151.402 4.41142 0
      vertex 152.383 4.52533 1.5
      vertex 152.321 4.26594 1.5
    endloop
  endfacet
  facet normal 0.848186 -0.0637914 -0.525843
    outer loop
      vertex 152.321 4.26594 1.5
      vertex 151.394 4.30505 0
      vertex 151.402 4.41142 0
    endloop
  endfacet
  facet normal 0.847973 -0.0669603 -0.525793
    outer loop
      vertex 151.394 4.30505 0
      vertex 152.321 4.26594 1.5
      vertex 152.3 4 1.5
    endloop
  endfacet
  facet normal -0.324339 0.786421 -0.525687
    outer loop
      vertex 155.095 1.61582 0
      vertex 154.772 2.48529 1.5
      vertex 155.194 1.65665 0
    endloop
  endfacet
  facet normal -0.324943 0.786178 -0.525677
    outer loop
      vertex 154.772 2.48529 1.5
      vertex 155.095 1.61582 0
      vertex 154.525 2.3832 1.5
    endloop
  endfacet
  facet normal 0.786073 0.325337 -0.525591
    outer loop
      vertex 152.485 3.22822 1.5
      vertex 151.616 2.90459 0
      vertex 152.383 3.47467 1.5
    endloop
  endfacet
  facet normal 0.785522 0.326703 -0.525566
    outer loop
      vertex 151.616 2.90459 0
      vertex 152.485 3.22822 1.5
      vertex 151.657 2.80601 0
    endloop
  endfacet
  facet normal 0.725255 0.444771 -0.525532
    outer loop
      vertex 152.485 3.22822 1.5
      vertex 151.817 2.54511 0
      vertex 151.657 2.80601 0
    endloop
  endfacet
  facet normal -0.326199 0.785552 -0.525834
    outer loop
      vertex 155.095 1.61582 0
      vertex 154.813 1.49872 0
      vertex 154.525 2.3832 1.5
    endloop
  endfacet
  facet normal 0.198271 0.82717 -0.525812
    outer loop
      vertex 153.475 2.3832 1.5
      vertex 153.485 1.42729 0
      vertex 153.187 1.49872 0
    endloop
  endfacet
  facet normal 0.198854 0.827096 -0.525709
    outer loop
      vertex 153.589 1.40238 0
      vertex 153.475 2.3832 1.5
      vertex 153.734 2.32093 1.5
    endloop
  endfacet
  facet normal 0.198129 0.827194 -0.525828
    outer loop
      vertex 153.475 2.3832 1.5
      vertex 153.589 1.40238 0
      vertex 153.485 1.42729 0
    endloop
  endfacet
  facet normal -0.972294 -0.233763 0
    outer loop
      vertex 5.67907 114.266 1.5
      vertex 5.6168 114.525 5
      vertex 5.6168 114.525 1.5
    endloop
  endfacet
  facet normal -0.972294 -0.233763 0
    outer loop
      vertex 5.6168 114.525 5
      vertex 5.67907 114.266 1.5
      vertex 5.67907 114.266 5
    endloop
  endfacet
  facet normal -0.996919 -0.0784418 0
    outer loop
      vertex 5.7 114 1.5
      vertex 5.67907 114.266 5
      vertex 5.67907 114.266 1.5
    endloop
  endfacet
  facet normal -0.996919 -0.0784418 0
    outer loop
      vertex 5.67907 114.266 5
      vertex 5.7 114 1.5
      vertex 5.7 114 5
    endloop
  endfacet
  facet normal -0.924171 -0.381978 0
    outer loop
      vertex 5.6168 114.525 1.5
      vertex 5.51471 114.772 5
      vertex 5.51471 114.772 1.5
    endloop
  endfacet
  facet normal -0.924171 -0.381978 0
    outer loop
      vertex 5.51471 114.772 5
      vertex 5.6168 114.525 1.5
      vertex 5.6168 114.525 5
    endloop
  endfacet
  facet normal -0.522224 0.852809 0
    outer loop
      vertex 4.99923 112.625 2.5
      vertex 4.99923 112.625 1.5
      vertex 4.8 112.503 2.5
    endloop
  endfacet
  facet normal -0.537764 0.843095 0
    outer loop
      vertex 4.8 112.503 2.5
      vertex 4.77178 112.485 5
      vertex 4.8 112.503 5
    endloop
  endfacet
  facet normal -0.537764 0.843095 0
    outer loop
      vertex 4.8 112.503 2.5
      vertex 4.77178 112.485 1.5
      vertex 4.77178 112.485 5
    endloop
  endfacet
  facet normal -0.524181 0.851607 -0.000536537
    outer loop
      vertex 4.77178 112.485 1.5
      vertex 4.8 112.503 2.5
      vertex 4.99923 112.625 1.5
    endloop
  endfacet
  facet normal 0.924171 -0.381978 0
    outer loop
      vertex 2.3832 114.525 2.5
      vertex 2.48529 114.772 1.5
      vertex 2.48529 114.772 2.5
    endloop
  endfacet
  facet normal 0.924171 -0.381978 0
    outer loop
      vertex 2.48529 114.772 1.5
      vertex 2.3832 114.525 2.5
      vertex 2.3832 114.525 1.5
    endloop
  endfacet
  facet normal 0.524181 0.851607 -0
    outer loop
      vertex 3.22822 112.485 1.5
      vertex 3.00077 112.625 5
      vertex 3.22822 112.485 5
    endloop
  endfacet
  facet normal 0.524181 0.851607 0
    outer loop
      vertex 3.00077 112.625 5
      vertex 3.22822 112.485 1.5
      vertex 3.00077 112.625 1.5
    endloop
  endfacet
  facet normal -0.382418 0.923989 0
    outer loop
      vertex 4.77178 112.485 1.5
      vertex 4.52533 112.383 5
      vertex 4.77178 112.485 5
    endloop
  endfacet
  facet normal -0.382418 0.923989 0
    outer loop
      vertex 4.52533 112.383 5
      vertex 4.77178 112.485 1.5
      vertex 4.52533 112.383 1.5
    endloop
  endfacet
  facet normal 0.382418 -0.923989 0
    outer loop
      vertex 3.22822 115.515 1.5
      vertex 3.47467 115.617 2.5
      vertex 3.22822 115.515 2.5
    endloop
  endfacet
  facet normal 0.382418 -0.923989 0
    outer loop
      vertex 3.47467 115.617 2.5
      vertex 3.22822 115.515 1.5
      vertex 3.47467 115.617 1.5
    endloop
  endfacet
  facet normal 0.524181 -0.851607 0
    outer loop
      vertex 3.00077 115.375 1.5
      vertex 3.22822 115.515 2.5
      vertex 3.00077 115.375 2.5
    endloop
  endfacet
  facet normal 0.524181 -0.851607 0
    outer loop
      vertex 3.22822 115.515 2.5
      vertex 3.00077 115.375 1.5
      vertex 3.22822 115.515 1.5
    endloop
  endfacet
  facet normal 0.232474 -0.972603 0
    outer loop
      vertex 3.47467 115.617 1.5
      vertex 3.73406 115.679 2.5
      vertex 3.47467 115.617 2.5
    endloop
  endfacet
  facet normal 0.232474 -0.972603 0
    outer loop
      vertex 3.73406 115.679 2.5
      vertex 3.47467 115.617 1.5
      vertex 3.73406 115.679 1.5
    endloop
  endfacet
  facet normal -0.648905 0.760869 0
    outer loop
      vertex 5.20208 112.798 1.5
      vertex 4.99923 112.625 2.5
      vertex 5.20208 112.798 2.5
    endloop
  endfacet
  facet normal -0.648905 0.760869 0
    outer loop
      vertex 4.99923 112.625 2.5
      vertex 5.20208 112.798 1.5
      vertex 4.99923 112.625 1.5
    endloop
  endfacet
  facet normal 0.0787201 -0.996897 0
    outer loop
      vertex 3.73406 115.679 1.5
      vertex 4 115.7 2.5
      vertex 3.73406 115.679 2.5
    endloop
  endfacet
  facet normal 0.0787201 -0.996897 0
    outer loop
      vertex 4 115.7 2.5
      vertex 3.73406 115.679 1.5
      vertex 4 115.7 1.5
    endloop
  endfacet
  facet normal 0.924171 0.381978 0
    outer loop
      vertex 2.48529 113.228 2.5
      vertex 2.3832 113.475 1.5
      vertex 2.3832 113.475 2.5
    endloop
  endfacet
  facet normal 0.924171 0.381978 0
    outer loop
      vertex 2.3832 113.475 1.5
      vertex 2.48529 113.228 2.5
      vertex 2.48529 113.228 1.5
    endloop
  endfacet
  facet normal 0.760643 -0.64917 0
    outer loop
      vertex 2.62467 114.999 2.5
      vertex 2.79792 115.202 1.5
      vertex 2.79792 115.202 2.5
    endloop
  endfacet
  facet normal 0.760643 -0.64917 0
    outer loop
      vertex 2.79792 115.202 1.5
      vertex 2.62467 114.999 2.5
      vertex 2.62467 114.999 1.5
    endloop
  endfacet
  facet normal 0.232474 0.972603 -0
    outer loop
      vertex 3.73406 112.321 1.5
      vertex 3.47467 112.383 5
      vertex 3.73406 112.321 5
    endloop
  endfacet
  facet normal 0.232474 0.972603 0
    outer loop
      vertex 3.47467 112.383 5
      vertex 3.73406 112.321 1.5
      vertex 3.47467 112.383 1.5
    endloop
  endfacet
  facet normal -0.924171 0.381978 0
    outer loop
      vertex 5.51471 113.228 1.5
      vertex 5.6168 113.475 5
      vertex 5.6168 113.475 1.5
    endloop
  endfacet
  facet normal -0.924171 0.381978 0
    outer loop
      vertex 5.6168 113.475 5
      vertex 5.51471 113.228 1.5
      vertex 5.51471 113.228 5
    endloop
  endfacet
  facet normal 0.760643 0.64917 0
    outer loop
      vertex 2.79792 112.798 2.5
      vertex 2.62467 113.001 1.5
      vertex 2.62467 113.001 2.5
    endloop
  endfacet
  facet normal 0.760643 0.64917 0
    outer loop
      vertex 2.62467 113.001 1.5
      vertex 2.79792 112.798 2.5
      vertex 2.79792 112.798 1.5
    endloop
  endfacet
  facet normal 0.648905 -0.760869 0
    outer loop
      vertex 2.79792 115.202 1.5
      vertex 3.00077 115.375 2.5
      vertex 2.79792 115.202 2.5
    endloop
  endfacet
  facet normal 0.648905 -0.760869 0
    outer loop
      vertex 3.00077 115.375 2.5
      vertex 2.79792 115.202 1.5
      vertex 3.00077 115.375 1.5
    endloop
  endfacet
  facet normal -0.0787201 0.996897 0
    outer loop
      vertex 4.26594 112.321 1.5
      vertex 4 112.3 5
      vertex 4.26594 112.321 5
    endloop
  endfacet
  facet normal -0.0787201 0.996897 0
    outer loop
      vertex 4 112.3 5
      vertex 4.26594 112.321 1.5
      vertex 4 112.3 1.5
    endloop
  endfacet
  facet normal -0.850854 0.525402 0
    outer loop
      vertex 5.51471 113.228 1.5
      vertex 5.49742 113.2 2.5
      vertex 5.51471 113.228 5
    endloop
  endfacet
  facet normal -0.852181 0.523247 -8.33035e-05
    outer loop
      vertex 5.37533 113.001 1.5
      vertex 5.49742 113.2 2.5
      vertex 5.51471 113.228 1.5
    endloop
  endfacet
  facet normal -0.852368 0.522943 0
    outer loop
      vertex 5.49742 113.2 2.5
      vertex 5.37533 113.001 1.5
      vertex 5.37533 113.001 2.5
    endloop
  endfacet
  facet normal -0.850854 0.525402 0
    outer loop
      vertex 5.51471 113.228 5
      vertex 5.49742 113.2 2.5
      vertex 5.49742 113.2 5
    endloop
  endfacet
  facet normal -0.852181 -0.523247 0
    outer loop
      vertex 5.51471 114.772 1.5
      vertex 5.37533 114.999 5
      vertex 5.37533 114.999 1.5
    endloop
  endfacet
  facet normal -0.852181 -0.523247 0
    outer loop
      vertex 5.37533 114.999 5
      vertex 5.51471 114.772 1.5
      vertex 5.51471 114.772 5
    endloop
  endfacet
  facet normal -0.996919 0.0784418 0
    outer loop
      vertex 5.67907 113.734 1.5
      vertex 5.7 114 5
      vertex 5.7 114 1.5
    endloop
  endfacet
  facet normal -0.996919 0.0784418 0
    outer loop
      vertex 5.7 114 5
      vertex 5.67907 113.734 1.5
      vertex 5.67907 113.734 5
    endloop
  endfacet
  facet normal -0.972294 0.233763 0
    outer loop
      vertex 5.6168 113.475 1.5
      vertex 5.67907 113.734 5
      vertex 5.67907 113.734 1.5
    endloop
  endfacet
  facet normal -0.972294 0.233763 0
    outer loop
      vertex 5.67907 113.734 5
      vertex 5.6168 113.475 1.5
      vertex 5.6168 113.475 5
    endloop
  endfacet
  facet normal 0.972294 0.233763 0
    outer loop
      vertex 2.3832 113.475 2.5
      vertex 2.32093 113.734 1.5
      vertex 2.32093 113.734 2.5
    endloop
  endfacet
  facet normal 0.972294 0.233763 0
    outer loop
      vertex 2.32093 113.734 1.5
      vertex 2.3832 113.475 2.5
      vertex 2.3832 113.475 1.5
    endloop
  endfacet
  facet normal -0.524181 -0.851607 0
    outer loop
      vertex 4.77178 115.515 1.5
      vertex 4.99923 115.375 2.5
      vertex 4.77178 115.515 2.5
    endloop
  endfacet
  facet normal -0.524181 -0.851607 -0
    outer loop
      vertex 4.99923 115.375 2.5
      vertex 4.77178 115.515 1.5
      vertex 4.99923 115.375 1.5
    endloop
  endfacet
  facet normal -0.746997 -0.664827 0
    outer loop
      vertex 5.20208 115.202 1.5
      vertex 5.20386 115.2 2.5
      vertex 5.20208 115.202 2.5
    endloop
  endfacet
  facet normal -0.760643 -0.64917 5.56057e-05
    outer loop
      vertex 5.37533 114.999 1.5
      vertex 5.20386 115.2 2.5
      vertex 5.20208 115.202 1.5
    endloop
  endfacet
  facet normal -0.76078 -0.64901 -0
    outer loop
      vertex 5.37533 114.999 5
      vertex 5.20386 115.2 2.5
      vertex 5.37533 114.999 1.5
    endloop
  endfacet
  facet normal -0.76078 -0.64901 0
    outer loop
      vertex 5.20386 115.2 2.5
      vertex 5.37533 114.999 5
      vertex 5.20386 115.2 5
    endloop
  endfacet
  facet normal 0.996919 -0.0784418 0
    outer loop
      vertex 2.3 114 2.5
      vertex 2.32093 114.266 1.5
      vertex 2.32093 114.266 2.5
    endloop
  endfacet
  facet normal 0.996919 -0.0784418 0
    outer loop
      vertex 2.32093 114.266 1.5
      vertex 2.3 114 2.5
      vertex 2.3 114 1.5
    endloop
  endfacet
  facet normal -0.648905 -0.760869 0
    outer loop
      vertex 4.99923 115.375 1.5
      vertex 5.20208 115.202 2.5
      vertex 4.99923 115.375 2.5
    endloop
  endfacet
  facet normal -0.648905 -0.760869 -0
    outer loop
      vertex 5.20208 115.202 2.5
      vertex 4.99923 115.375 1.5
      vertex 5.20208 115.202 1.5
    endloop
  endfacet
  facet normal -0.232474 0.972603 0
    outer loop
      vertex 4.52533 112.383 1.5
      vertex 4.26594 112.321 5
      vertex 4.52533 112.383 5
    endloop
  endfacet
  facet normal -0.232474 0.972603 0
    outer loop
      vertex 4.26594 112.321 5
      vertex 4.52533 112.383 1.5
      vertex 4.26594 112.321 1.5
    endloop
  endfacet
  facet normal 0.852181 0.523247 0
    outer loop
      vertex 2.62467 113.001 2.5
      vertex 2.48529 113.228 1.5
      vertex 2.48529 113.228 2.5
    endloop
  endfacet
  facet normal 0.852181 0.523247 0
    outer loop
      vertex 2.48529 113.228 1.5
      vertex 2.62467 113.001 2.5
      vertex 2.62467 113.001 1.5
    endloop
  endfacet
  facet normal 0.648409 0.761292 0
    outer loop
      vertex 3.00077 112.625 5
      vertex 2.8 112.796 2.5
      vertex 2.8 112.796 5
    endloop
  endfacet
  facet normal 0.648409 0.761292 -0
    outer loop
      vertex 3.00077 112.625 1.5
      vertex 2.8 112.796 2.5
      vertex 3.00077 112.625 5
    endloop
  endfacet
  facet normal 0.648905 0.760869 0.000172016
    outer loop
      vertex 2.79792 112.798 1.5
      vertex 2.8 112.796 2.5
      vertex 3.00077 112.625 1.5
    endloop
  endfacet
  facet normal 0.693109 0.720833 0
    outer loop
      vertex 2.8 112.796 2.5
      vertex 2.79792 112.798 1.5
      vertex 2.79792 112.798 2.5
    endloop
  endfacet
  facet normal -0.760643 0.64917 0
    outer loop
      vertex 5.20208 112.798 1.5
      vertex 5.37533 113.001 2.5
      vertex 5.37533 113.001 1.5
    endloop
  endfacet
  facet normal -0.760643 0.64917 0
    outer loop
      vertex 5.37533 113.001 2.5
      vertex 5.20208 112.798 1.5
      vertex 5.20208 112.798 2.5
    endloop
  endfacet
  facet normal 0.852181 -0.523247 0
    outer loop
      vertex 2.48529 114.772 2.5
      vertex 2.62467 114.999 1.5
      vertex 2.62467 114.999 2.5
    endloop
  endfacet
  facet normal 0.852181 -0.523247 0
    outer loop
      vertex 2.62467 114.999 1.5
      vertex 2.48529 114.772 2.5
      vertex 2.48529 114.772 1.5
    endloop
  endfacet
  facet normal 0.996919 0.0784418 0
    outer loop
      vertex 2.32093 113.734 2.5
      vertex 2.3 114 1.5
      vertex 2.3 114 2.5
    endloop
  endfacet
  facet normal 0.996919 0.0784418 0
    outer loop
      vertex 2.3 114 1.5
      vertex 2.32093 113.734 2.5
      vertex 2.32093 113.734 1.5
    endloop
  endfacet
  facet normal 0.382418 0.923989 -0
    outer loop
      vertex 3.47467 112.383 1.5
      vertex 3.22822 112.485 5
      vertex 3.47467 112.383 5
    endloop
  endfacet
  facet normal 0.382418 0.923989 0
    outer loop
      vertex 3.22822 112.485 5
      vertex 3.47467 112.383 1.5
      vertex 3.22822 112.485 1.5
    endloop
  endfacet
  facet normal -0.382418 -0.923989 0
    outer loop
      vertex 4.52533 115.617 1.5
      vertex 4.77178 115.515 2.5
      vertex 4.52533 115.617 2.5
    endloop
  endfacet
  facet normal -0.382418 -0.923989 -0
    outer loop
      vertex 4.77178 115.515 2.5
      vertex 4.52533 115.617 1.5
      vertex 4.77178 115.515 1.5
    endloop
  endfacet
  facet normal -0.232474 -0.972603 0
    outer loop
      vertex 4.26594 115.679 1.5
      vertex 4.52533 115.617 2.5
      vertex 4.26594 115.679 2.5
    endloop
  endfacet
  facet normal -0.232474 -0.972603 -0
    outer loop
      vertex 4.52533 115.617 2.5
      vertex 4.26594 115.679 1.5
      vertex 4.52533 115.617 1.5
    endloop
  endfacet
  facet normal -0.0787201 -0.996897 0
    outer loop
      vertex 4 115.7 1.5
      vertex 4.26594 115.679 2.5
      vertex 4 115.7 2.5
    endloop
  endfacet
  facet normal -0.0787201 -0.996897 -0
    outer loop
      vertex 4.26594 115.679 2.5
      vertex 4 115.7 1.5
      vertex 4.26594 115.679 1.5
    endloop
  endfacet
  facet normal 0.972294 -0.233763 0
    outer loop
      vertex 2.32093 114.266 2.5
      vertex 2.3832 114.525 1.5
      vertex 2.3832 114.525 2.5
    endloop
  endfacet
  facet normal 0.972294 -0.233763 0
    outer loop
      vertex 2.3832 114.525 1.5
      vertex 2.32093 114.266 2.5
      vertex 2.32093 114.266 1.5
    endloop
  endfacet
  facet normal 0.0787201 0.996897 -0
    outer loop
      vertex 4 112.3 1.5
      vertex 3.73406 112.321 5
      vertex 4 112.3 5
    endloop
  endfacet
  facet normal 0.0787201 0.996897 0
    outer loop
      vertex 3.73406 112.321 5
      vertex 4 112.3 1.5
      vertex 3.73406 112.321 1.5
    endloop
  endfacet
  facet normal -0.848007 -0.0667562 -0.525764
    outer loop
      vertex 6.60599 114.305 0
      vertex 6.63 114 0
      vertex 5.7 114 1.5
    endloop
  endfacet
  facet normal -0.647155 0.551943 -0.52588
    outer loop
      vertex 6.12771 112.454 0
      vertex 5.92899 112.221 0
      vertex 5.37533 113.001 1.5
    endloop
  endfacet
  facet normal 0.82717 0.198271 -0.525812
    outer loop
      vertex 2.3832 113.475 1.5
      vertex 1.49872 113.187 0
      vertex 1.42729 113.485 0
    endloop
  endfacet
  facet normal 0.325337 0.786073 -0.525591
    outer loop
      vertex 2.90459 111.616 0
      vertex 3.22822 112.485 1.5
      vertex 3.47467 112.383 1.5
    endloop
  endfacet
  facet normal 0.326703 0.785522 -0.525566
    outer loop
      vertex 3.22822 112.485 1.5
      vertex 2.90459 111.616 0
      vertex 2.80601 111.657 0
    endloop
  endfacet
  facet normal -0.551963 -0.6472 -0.525803
    outer loop
      vertex 5.77855 115.929 0
      vertex 5.20208 115.202 1.5
      vertex 4.99923 115.375 1.5
    endloop
  endfacet
  facet normal -0.55103 -0.647979 -0.525822
    outer loop
      vertex 5.20208 115.202 1.5
      vertex 5.77855 115.929 0
      vertex 5.85969 115.86 0
    endloop
  endfacet
  facet normal -0.552809 0.64637 -0.525936
    outer loop
      vertex 5.77855 112.071 0
      vertex 5.54587 111.872 0
      vertex 4.99923 112.625 1.5
    endloop
  endfacet
  facet normal 0.827096 0.198854 -0.525709
    outer loop
      vertex 2.3832 113.475 1.5
      vertex 1.40238 113.589 0
      vertex 2.32093 113.734 1.5
    endloop
  endfacet
  facet normal 0.827194 0.198129 -0.525828
    outer loop
      vertex 1.40238 113.589 0
      vertex 2.3832 113.475 1.5
      vertex 1.42729 113.485 0
    endloop
  endfacet
  facet normal 0.72526 -0.444401 -0.525839
    outer loop
      vertex 2.62467 114.999 1.5
      vertex 1.81653 115.455 0
      vertex 1.87229 115.546 0
    endloop
  endfacet
  facet normal 0.724859 -0.44507 -0.525826
    outer loop
      vertex 1.81653 115.455 0
      vertex 2.62467 114.999 1.5
      vertex 2.48529 114.772 1.5
    endloop
  endfacet
  facet normal -0.72526 -0.444401 -0.525839
    outer loop
      vertex 6.18347 115.455 0
      vertex 5.37533 114.999 1.5
      vertex 6.12771 115.546 0
    endloop
  endfacet
  facet normal -0.724859 -0.44507 -0.525826
    outer loop
      vertex 5.37533 114.999 1.5
      vertex 6.18347 115.455 0
      vertex 5.51471 114.772 1.5
    endloop
  endfacet
  facet normal 0.440058 -0.727936 -0.525793
    outer loop
      vertex 2.54511 116.183 0
      vertex 3.00077 115.375 1.5
      vertex 2.45413 116.128 0
    endloop
  endfacet
  facet normal 0.445909 -0.724443 -0.525688
    outer loop
      vertex 3.00077 115.375 1.5
      vertex 2.54511 116.183 0
      vertex 3.22822 115.515 1.5
    endloop
  endfacet
  facet normal -0.32533 -0.786076 -0.52559
    outer loop
      vertex 4.81271 116.501 0
      vertex 5.09541 116.384 0
      vertex 4.52533 115.617 1.5
    endloop
  endfacet
  facet normal -0.725377 -0.444342 -0.525726
    outer loop
      vertex 6.18347 115.455 0
      vertex 6.34335 115.194 0
      vertex 5.51471 114.772 1.5
    endloop
  endfacet
  facet normal -0.786421 -0.324339 -0.525687
    outer loop
      vertex 6.38418 115.095 0
      vertex 5.51471 114.772 1.5
      vertex 6.34335 115.194 0
    endloop
  endfacet
  facet normal -0.786178 -0.324943 -0.525677
    outer loop
      vertex 5.51471 114.772 1.5
      vertex 6.38418 115.095 0
      vertex 5.6168 114.525 1.5
    endloop
  endfacet
  facet normal 0.55103 -0.647979 -0.525822
    outer loop
      vertex 2.22145 115.929 0
      vertex 2.79792 115.202 1.5
      vertex 2.14031 115.86 0
    endloop
  endfacet
  facet normal 0.551963 -0.6472 -0.525803
    outer loop
      vertex 2.79792 115.202 1.5
      vertex 2.22145 115.929 0
      vertex 3.00077 115.375 1.5
    endloop
  endfacet
  facet normal -0.0667176 0.848009 -0.525766
    outer loop
      vertex 4 112.3 1.5
      vertex 4.30505 111.394 0
      vertex 4 111.37 0
    endloop
  endfacet
  facet normal 0.786421 -0.324339 -0.525687
    outer loop
      vertex 2.48529 114.772 1.5
      vertex 1.61582 115.095 0
      vertex 1.65665 115.194 0
    endloop
  endfacet
  facet normal 0.786178 -0.324943 -0.525677
    outer loop
      vertex 1.61582 115.095 0
      vertex 2.48529 114.772 1.5
      vertex 2.3832 114.525 1.5
    endloop
  endfacet
  facet normal 0.552809 0.64637 -0.525936
    outer loop
      vertex 3.00077 112.625 1.5
      vertex 2.45413 111.872 0
      vertex 2.22145 112.071 0
    endloop
  endfacet
  facet normal 0.0667176 0.848009 -0.525766
    outer loop
      vertex 4 112.3 1.5
      vertex 4 111.37 0
      vertex 3.69495 111.394 0
    endloop
  endfacet
  facet normal 0.848011 0.0667251 -0.525761
    outer loop
      vertex 2.32093 113.734 1.5
      vertex 1.39401 113.695 0
      vertex 2.3 114 1.5
    endloop
  endfacet
  facet normal 0.847995 0.0669596 -0.525757
    outer loop
      vertex 1.39401 113.695 0
      vertex 2.32093 113.734 1.5
      vertex 1.40238 113.589 0
    endloop
  endfacet
  facet normal -0.199256 0.826991 -0.525721
    outer loop
      vertex 4.41142 111.402 0
      vertex 4.52533 112.383 1.5
      vertex 4.51518 111.427 0
    endloop
  endfacet
  facet normal -0.197719 0.827199 -0.525974
    outer loop
      vertex 4.52533 112.383 1.5
      vertex 4.41142 111.402 0
      vertex 4.26594 112.321 1.5
    endloop
  endfacet
  facet normal 0.848007 -0.0667562 -0.525764
    outer loop
      vertex 1.39401 114.305 0
      vertex 2.3 114 1.5
      vertex 1.37 114 0
    endloop
  endfacet
  facet normal -0.647155 -0.551943 -0.52588
    outer loop
      vertex 5.92899 115.779 0
      vertex 6.12771 115.546 0
      vertex 5.37533 114.999 1.5
    endloop
  endfacet
  facet normal -0.444771 0.725255 -0.525532
    outer loop
      vertex 5.45489 111.817 0
      vertex 5.19399 111.657 0
      vertex 4.77178 112.485 1.5
    endloop
  endfacet
  facet normal -0.200091 0.82685 -0.525625
    outer loop
      vertex 4.52533 112.383 1.5
      vertex 4.81271 111.499 0
      vertex 4.51518 111.427 0
    endloop
  endfacet
  facet normal -0.82717 -0.198271 -0.525812
    outer loop
      vertex 6.50128 114.813 0
      vertex 6.57271 114.515 0
      vertex 5.6168 114.525 1.5
    endloop
  endfacet
  facet normal -0.0667176 -0.848009 -0.525766
    outer loop
      vertex 4 116.63 0
      vertex 4.30505 116.606 0
      vertex 4 115.7 1.5
    endloop
  endfacet
  facet normal -0.848007 0.0667562 -0.525764
    outer loop
      vertex 6.63 114 0
      vertex 6.60599 113.695 0
      vertex 5.7 114 1.5
    endloop
  endfacet
  facet normal -0.785552 -0.326199 -0.525834
    outer loop
      vertex 6.38418 115.095 0
      vertex 6.50128 114.813 0
      vertex 5.6168 114.525 1.5
    endloop
  endfacet
  facet normal -0.725377 0.444342 -0.525726
    outer loop
      vertex 6.34335 112.806 0
      vertex 6.18347 112.545 0
      vertex 5.51471 113.228 1.5
    endloop
  endfacet
  facet normal -0.445909 -0.724443 -0.525688
    outer loop
      vertex 5.45489 116.183 0
      vertex 4.99923 115.375 1.5
      vertex 4.77178 115.515 1.5
    endloop
  endfacet
  facet normal -0.440058 -0.727936 -0.525793
    outer loop
      vertex 4.99923 115.375 1.5
      vertex 5.45489 116.183 0
      vertex 5.54587 116.128 0
    endloop
  endfacet
  facet normal 0.646957 0.552145 -0.525911
    outer loop
      vertex 2.79792 112.798 1.5
      vertex 2.07101 112.221 0
      vertex 2.62467 113.001 1.5
    endloop
  endfacet
  facet normal 0.646292 0.552939 -0.525895
    outer loop
      vertex 2.07101 112.221 0
      vertex 2.79792 112.798 1.5
      vertex 2.14031 112.14 0
    endloop
  endfacet
  facet normal -0.0669603 -0.847973 -0.525793
    outer loop
      vertex 4.30505 116.606 0
      vertex 4.26594 115.679 1.5
      vertex 4 115.7 1.5
    endloop
  endfacet
  facet normal -0.0637914 -0.848186 -0.525843
    outer loop
      vertex 4.26594 115.679 1.5
      vertex 4.30505 116.606 0
      vertex 4.41142 116.598 0
    endloop
  endfacet
  facet normal 0.444771 0.725255 -0.525532
    outer loop
      vertex 3.22822 112.485 1.5
      vertex 2.80601 111.657 0
      vertex 2.54511 111.817 0
    endloop
  endfacet
  facet normal -0.197719 -0.827199 -0.525974
    outer loop
      vertex 4.41142 116.598 0
      vertex 4.52533 115.617 1.5
      vertex 4.26594 115.679 1.5
    endloop
  endfacet
  facet normal -0.199256 -0.826991 -0.525721
    outer loop
      vertex 4.52533 115.617 1.5
      vertex 4.41142 116.598 0
      vertex 4.51518 116.573 0
    endloop
  endfacet
  facet normal -0.646957 0.552145 -0.525911
    outer loop
      vertex 5.92899 112.221 0
      vertex 5.20208 112.798 1.5
      vertex 5.37533 113.001 1.5
    endloop
  endfacet
  facet normal -0.646292 0.552939 -0.525895
    outer loop
      vertex 5.20208 112.798 1.5
      vertex 5.92899 112.221 0
      vertex 5.85969 112.14 0
    endloop
  endfacet
  facet normal 0.725377 -0.444342 -0.525726
    outer loop
      vertex 1.81653 115.455 0
      vertex 2.48529 114.772 1.5
      vertex 1.65665 115.194 0
    endloop
  endfacet
  facet normal 0.326703 -0.785522 -0.525566
    outer loop
      vertex 2.90459 116.384 0
      vertex 3.22822 115.515 1.5
      vertex 2.80601 116.343 0
    endloop
  endfacet
  facet normal 0.325337 -0.786073 -0.525591
    outer loop
      vertex 3.22822 115.515 1.5
      vertex 2.90459 116.384 0
      vertex 3.47467 115.617 1.5
    endloop
  endfacet
  facet normal 0.0667176 -0.848009 -0.525766
    outer loop
      vertex 4 116.63 0
      vertex 4 115.7 1.5
      vertex 3.69495 116.606 0
    endloop
  endfacet
  facet normal 0.199256 -0.826991 -0.525721
    outer loop
      vertex 3.58858 116.598 0
      vertex 3.47467 115.617 1.5
      vertex 3.48482 116.573 0
    endloop
  endfacet
  facet normal 0.197719 -0.827199 -0.525974
    outer loop
      vertex 3.47467 115.617 1.5
      vertex 3.58858 116.598 0
      vertex 3.73406 115.679 1.5
    endloop
  endfacet
  facet normal -0.325337 -0.786073 -0.525591
    outer loop
      vertex 5.09541 116.384 0
      vertex 4.77178 115.515 1.5
      vertex 4.52533 115.617 1.5
    endloop
  endfacet
  facet normal -0.326703 -0.785522 -0.525566
    outer loop
      vertex 4.77178 115.515 1.5
      vertex 5.09541 116.384 0
      vertex 5.19399 116.343 0
    endloop
  endfacet
  facet normal 0.82717 -0.198271 -0.525812
    outer loop
      vertex 1.49872 114.813 0
      vertex 2.3832 114.525 1.5
      vertex 1.42729 114.515 0
    endloop
  endfacet
  facet normal -0.552809 -0.64637 -0.525936
    outer loop
      vertex 5.54587 116.128 0
      vertex 5.77855 115.929 0
      vertex 4.99923 115.375 1.5
    endloop
  endfacet
  facet normal 0.32533 -0.786076 -0.52559
    outer loop
      vertex 3.18729 116.501 0
      vertex 3.47467 115.617 1.5
      vertex 2.90459 116.384 0
    endloop
  endfacet
  facet normal -0.827194 -0.198129 -0.525828
    outer loop
      vertex 6.59762 114.411 0
      vertex 5.6168 114.525 1.5
      vertex 6.57271 114.515 0
    endloop
  endfacet
  facet normal -0.827096 -0.198854 -0.525709
    outer loop
      vertex 5.6168 114.525 1.5
      vertex 6.59762 114.411 0
      vertex 5.67907 114.266 1.5
    endloop
  endfacet
  facet normal -0.200091 -0.82685 -0.525625
    outer loop
      vertex 4.81271 116.501 0
      vertex 4.52533 115.617 1.5
      vertex 4.51518 116.573 0
    endloop
  endfacet
  facet normal -0.646292 -0.552939 -0.525895
    outer loop
      vertex 5.92899 115.779 0
      vertex 5.20208 115.202 1.5
      vertex 5.85969 115.86 0
    endloop
  endfacet
  facet normal -0.646957 -0.552145 -0.525911
    outer loop
      vertex 5.20208 115.202 1.5
      vertex 5.92899 115.779 0
      vertex 5.37533 114.999 1.5
    endloop
  endfacet
  facet normal 0.785552 0.326199 -0.525834
    outer loop
      vertex 2.3832 113.475 1.5
      vertex 1.61582 112.905 0
      vertex 1.49872 113.187 0
    endloop
  endfacet
  facet normal -0.444771 -0.725255 -0.525532
    outer loop
      vertex 5.19399 116.343 0
      vertex 5.45489 116.183 0
      vertex 4.77178 115.515 1.5
    endloop
  endfacet
  facet normal 0.0637914 -0.848186 -0.525843
    outer loop
      vertex 3.69495 116.606 0
      vertex 3.73406 115.679 1.5
      vertex 3.58858 116.598 0
    endloop
  endfacet
  facet normal 0.0669603 -0.847973 -0.525793
    outer loop
      vertex 3.73406 115.679 1.5
      vertex 3.69495 116.606 0
      vertex 4 115.7 1.5
    endloop
  endfacet
  facet normal -0.82717 0.198271 -0.525812
    outer loop
      vertex 6.57271 113.485 0
      vertex 6.50128 113.187 0
      vertex 5.6168 113.475 1.5
    endloop
  endfacet
  facet normal -0.785552 0.326199 -0.525834
    outer loop
      vertex 6.50128 113.187 0
      vertex 6.38418 112.905 0
      vertex 5.6168 113.475 1.5
    endloop
  endfacet
  facet normal 0.647155 0.551943 -0.52588
    outer loop
      vertex 2.62467 113.001 1.5
      vertex 2.07101 112.221 0
      vertex 1.87229 112.454 0
    endloop
  endfacet
  facet normal 0.646292 -0.552939 -0.525895
    outer loop
      vertex 2.79792 115.202 1.5
      vertex 2.07101 115.779 0
      vertex 2.14031 115.86 0
    endloop
  endfacet
  facet normal 0.646957 -0.552145 -0.525911
    outer loop
      vertex 2.07101 115.779 0
      vertex 2.79792 115.202 1.5
      vertex 2.62467 114.999 1.5
    endloop
  endfacet
  facet normal 0.647155 -0.551943 -0.52588
    outer loop
      vertex 2.07101 115.779 0
      vertex 2.62467 114.999 1.5
      vertex 1.87229 115.546 0
    endloop
  endfacet
  facet normal 0.785552 -0.326199 -0.525834
    outer loop
      vertex 1.61582 115.095 0
      vertex 2.3832 114.525 1.5
      vertex 1.49872 114.813 0
    endloop
  endfacet
  facet normal -0.55103 0.647979 -0.525822
    outer loop
      vertex 5.77855 112.071 0
      vertex 5.20208 112.798 1.5
      vertex 5.85969 112.14 0
    endloop
  endfacet
  facet normal -0.551963 0.6472 -0.525803
    outer loop
      vertex 5.20208 112.798 1.5
      vertex 5.77855 112.071 0
      vertex 4.99923 112.625 1.5
    endloop
  endfacet
  facet normal 0.0669603 0.847973 -0.525793
    outer loop
      vertex 3.69495 111.394 0
      vertex 3.73406 112.321 1.5
      vertex 4 112.3 1.5
    endloop
  endfacet
  facet normal 0.0637914 0.848186 -0.525843
    outer loop
      vertex 3.73406 112.321 1.5
      vertex 3.69495 111.394 0
      vertex 3.58858 111.402 0
    endloop
  endfacet
  facet normal -0.440058 0.727936 -0.525793
    outer loop
      vertex 5.45489 111.817 0
      vertex 4.99923 112.625 1.5
      vertex 5.54587 111.872 0
    endloop
  endfacet
  facet normal -0.445909 0.724443 -0.525688
    outer loop
      vertex 4.99923 112.625 1.5
      vertex 5.45489 111.817 0
      vertex 4.77178 112.485 1.5
    endloop
  endfacet
  facet normal -0.0637914 0.848186 -0.525843
    outer loop
      vertex 4.30505 111.394 0
      vertex 4.26594 112.321 1.5
      vertex 4.41142 111.402 0
    endloop
  endfacet
  facet normal -0.0669603 0.847973 -0.525793
    outer loop
      vertex 4.26594 112.321 1.5
      vertex 4.30505 111.394 0
      vertex 4 112.3 1.5
    endloop
  endfacet
  facet normal 0.444771 -0.725255 -0.525532
    outer loop
      vertex 2.80601 116.343 0
      vertex 3.22822 115.515 1.5
      vertex 2.54511 116.183 0
    endloop
  endfacet
  facet normal -0.724859 0.44507 -0.525826
    outer loop
      vertex 6.18347 112.545 0
      vertex 5.37533 113.001 1.5
      vertex 5.51471 113.228 1.5
    endloop
  endfacet
  facet normal -0.72526 0.444401 -0.525839
    outer loop
      vertex 5.37533 113.001 1.5
      vertex 6.18347 112.545 0
      vertex 6.12771 112.454 0
    endloop
  endfacet
  facet normal -0.847995 -0.0669596 -0.525757
    outer loop
      vertex 6.60599 114.305 0
      vertex 5.67907 114.266 1.5
      vertex 6.59762 114.411 0
    endloop
  endfacet
  facet normal -0.848011 -0.0667251 -0.525761
    outer loop
      vertex 5.67907 114.266 1.5
      vertex 6.60599 114.305 0
      vertex 5.7 114 1.5
    endloop
  endfacet
  facet normal -0.786178 0.324943 -0.525677
    outer loop
      vertex 6.38418 112.905 0
      vertex 5.51471 113.228 1.5
      vertex 5.6168 113.475 1.5
    endloop
  endfacet
  facet normal -0.786421 0.324339 -0.525687
    outer loop
      vertex 5.51471 113.228 1.5
      vertex 6.38418 112.905 0
      vertex 6.34335 112.806 0
    endloop
  endfacet
  facet normal 0.848007 0.0667562 -0.525764
    outer loop
      vertex 2.3 114 1.5
      vertex 1.39401 113.695 0
      vertex 1.37 114 0
    endloop
  endfacet
  facet normal -0.827194 0.198129 -0.525828
    outer loop
      vertex 5.6168 113.475 1.5
      vertex 6.59762 113.589 0
      vertex 6.57271 113.485 0
    endloop
  endfacet
  facet normal -0.827096 0.198854 -0.525709
    outer loop
      vertex 6.59762 113.589 0
      vertex 5.6168 113.475 1.5
      vertex 5.67907 113.734 1.5
    endloop
  endfacet
  facet normal -0.848011 0.0667251 -0.525761
    outer loop
      vertex 6.60599 113.695 0
      vertex 5.67907 113.734 1.5
      vertex 5.7 114 1.5
    endloop
  endfacet
  facet normal -0.847995 0.0669596 -0.525757
    outer loop
      vertex 5.67907 113.734 1.5
      vertex 6.60599 113.695 0
      vertex 6.59762 113.589 0
    endloop
  endfacet
  facet normal 0.200091 -0.82685 -0.525625
    outer loop
      vertex 3.48482 116.573 0
      vertex 3.47467 115.617 1.5
      vertex 3.18729 116.501 0
    endloop
  endfacet
  facet normal 0.724859 0.44507 -0.525826
    outer loop
      vertex 2.62467 113.001 1.5
      vertex 1.81653 112.545 0
      vertex 2.48529 113.228 1.5
    endloop
  endfacet
  facet normal 0.72526 0.444401 -0.525839
    outer loop
      vertex 1.81653 112.545 0
      vertex 2.62467 113.001 1.5
      vertex 1.87229 112.454 0
    endloop
  endfacet
  facet normal 0.552809 -0.64637 -0.525936
    outer loop
      vertex 2.45413 116.128 0
      vertex 3.00077 115.375 1.5
      vertex 2.22145 115.929 0
    endloop
  endfacet
  facet normal 0.32533 0.786076 -0.52559
    outer loop
      vertex 3.47467 112.383 1.5
      vertex 3.18729 111.499 0
      vertex 2.90459 111.616 0
    endloop
  endfacet
  facet normal 0.445909 0.724443 -0.525688
    outer loop
      vertex 2.54511 111.817 0
      vertex 3.00077 112.625 1.5
      vertex 3.22822 112.485 1.5
    endloop
  endfacet
  facet normal 0.440058 0.727936 -0.525793
    outer loop
      vertex 3.00077 112.625 1.5
      vertex 2.54511 111.817 0
      vertex 2.45413 111.872 0
    endloop
  endfacet
  facet normal 0.551963 0.6472 -0.525803
    outer loop
      vertex 2.22145 112.071 0
      vertex 2.79792 112.798 1.5
      vertex 3.00077 112.625 1.5
    endloop
  endfacet
  facet normal 0.55103 0.647979 -0.525822
    outer loop
      vertex 2.79792 112.798 1.5
      vertex 2.22145 112.071 0
      vertex 2.14031 112.14 0
    endloop
  endfacet
  facet normal 0.827194 -0.198129 -0.525828
    outer loop
      vertex 2.3832 114.525 1.5
      vertex 1.40238 114.411 0
      vertex 1.42729 114.515 0
    endloop
  endfacet
  facet normal 0.827096 -0.198854 -0.525709
    outer loop
      vertex 1.40238 114.411 0
      vertex 2.3832 114.525 1.5
      vertex 2.32093 114.266 1.5
    endloop
  endfacet
  facet normal 0.847995 -0.0669596 -0.525757
    outer loop
      vertex 2.32093 114.266 1.5
      vertex 1.39401 114.305 0
      vertex 1.40238 114.411 0
    endloop
  endfacet
  facet normal 0.848011 -0.0667251 -0.525761
    outer loop
      vertex 1.39401 114.305 0
      vertex 2.32093 114.266 1.5
      vertex 2.3 114 1.5
    endloop
  endfacet
  facet normal -0.326703 0.785522 -0.525566
    outer loop
      vertex 5.09541 111.616 0
      vertex 4.77178 112.485 1.5
      vertex 5.19399 111.657 0
    endloop
  endfacet
  facet normal -0.325337 0.786073 -0.525591
    outer loop
      vertex 4.77178 112.485 1.5
      vertex 5.09541 111.616 0
      vertex 4.52533 112.383 1.5
    endloop
  endfacet
  facet normal 0.786178 0.324943 -0.525677
    outer loop
      vertex 2.48529 113.228 1.5
      vertex 1.61582 112.905 0
      vertex 2.3832 113.475 1.5
    endloop
  endfacet
  facet normal 0.786421 0.324339 -0.525687
    outer loop
      vertex 1.61582 112.905 0
      vertex 2.48529 113.228 1.5
      vertex 1.65665 112.806 0
    endloop
  endfacet
  facet normal 0.725377 0.444342 -0.525726
    outer loop
      vertex 2.48529 113.228 1.5
      vertex 1.81653 112.545 0
      vertex 1.65665 112.806 0
    endloop
  endfacet
  facet normal -0.32533 0.786076 -0.52559
    outer loop
      vertex 5.09541 111.616 0
      vertex 4.81271 111.499 0
      vertex 4.52533 112.383 1.5
    endloop
  endfacet
  facet normal 0.200091 0.82685 -0.525625
    outer loop
      vertex 3.47467 112.383 1.5
      vertex 3.48482 111.427 0
      vertex 3.18729 111.499 0
    endloop
  endfacet
  facet normal 0.197719 0.827199 -0.525974
    outer loop
      vertex 3.58858 111.402 0
      vertex 3.47467 112.383 1.5
      vertex 3.73406 112.321 1.5
    endloop
  endfacet
  facet normal 0.199256 0.826991 -0.525721
    outer loop
      vertex 3.47467 112.383 1.5
      vertex 3.58858 111.402 0
      vertex 3.48482 111.427 0
    endloop
  endfacet
  facet normal -0.972523 -0.232805 0
    outer loop
      vertex 155.679 114.266 1.5
      vertex 155.617 114.525 2.5
      vertex 155.617 114.525 1.5
    endloop
  endfacet
  facet normal -0.972523 -0.232805 0
    outer loop
      vertex 155.617 114.525 2.5
      vertex 155.679 114.266 1.5
      vertex 155.679 114.266 2.5
    endloop
  endfacet
  facet normal -0.996898 -0.0787025 0
    outer loop
      vertex 155.7 114 1.5
      vertex 155.679 114.266 2.5
      vertex 155.679 114.266 1.5
    endloop
  endfacet
  facet normal -0.996898 -0.0787025 0
    outer loop
      vertex 155.679 114.266 2.5
      vertex 155.7 114 1.5
      vertex 155.7 114 2.5
    endloop
  endfacet
  facet normal -0.92429 -0.381691 0
    outer loop
      vertex 155.617 114.525 1.5
      vertex 155.515 114.772 2.5
      vertex 155.515 114.772 1.5
    endloop
  endfacet
  facet normal -0.92429 -0.381691 0
    outer loop
      vertex 155.515 114.772 2.5
      vertex 155.617 114.525 1.5
      vertex 155.617 114.525 2.5
    endloop
  endfacet
  facet normal -0.524934 0.851143 0
    outer loop
      vertex 154.999 112.625 1.5
      vertex 154.772 112.485 5
      vertex 154.999 112.625 5
    endloop
  endfacet
  facet normal -0.524934 0.851143 0
    outer loop
      vertex 154.772 112.485 5
      vertex 154.999 112.625 1.5
      vertex 154.772 112.485 1.5
    endloop
  endfacet
  facet normal 0.92429 -0.381691 0
    outer loop
      vertex 152.383 114.525 5
      vertex 152.485 114.772 1.5
      vertex 152.485 114.772 5
    endloop
  endfacet
  facet normal 0.92429 -0.381691 0
    outer loop
      vertex 152.485 114.772 1.5
      vertex 152.383 114.525 5
      vertex 152.383 114.525 1.5
    endloop
  endfacet
  facet normal 0.540758 0.841178 0
    outer loop
      vertex 153.228 112.485 5
      vertex 153.2 112.503 2.5
      vertex 153.2 112.503 5
    endloop
  endfacet
  facet normal 0.540758 0.841178 -0
    outer loop
      vertex 153.228 112.485 1.5
      vertex 153.2 112.503 2.5
      vertex 153.228 112.485 5
    endloop
  endfacet
  facet normal 0.524934 0.851143 -0.000622422
    outer loop
      vertex 153.001 112.625 1.5
      vertex 153.2 112.503 2.5
      vertex 153.228 112.485 1.5
    endloop
  endfacet
  facet normal 0.522663 0.85254 0
    outer loop
      vertex 153.2 112.503 2.5
      vertex 153.001 112.625 1.5
      vertex 153.001 112.625 2.5
    endloop
  endfacet
  facet normal -0.381691 0.92429 0
    outer loop
      vertex 154.772 112.485 1.5
      vertex 154.525 112.383 5
      vertex 154.772 112.485 5
    endloop
  endfacet
  facet normal -0.381691 0.92429 0
    outer loop
      vertex 154.525 112.383 5
      vertex 154.772 112.485 1.5
      vertex 154.525 112.383 1.5
    endloop
  endfacet
  facet normal 0.381691 -0.92429 0
    outer loop
      vertex 153.228 115.515 1.5
      vertex 153.475 115.617 2.5
      vertex 153.228 115.515 2.5
    endloop
  endfacet
  facet normal 0.381691 -0.92429 0
    outer loop
      vertex 153.475 115.617 2.5
      vertex 153.228 115.515 1.5
      vertex 153.475 115.617 1.5
    endloop
  endfacet
  facet normal 0.524934 -0.851143 0
    outer loop
      vertex 153.001 115.375 1.5
      vertex 153.228 115.515 2.5
      vertex 153.001 115.375 2.5
    endloop
  endfacet
  facet normal 0.524934 -0.851143 0
    outer loop
      vertex 153.228 115.515 2.5
      vertex 153.001 115.375 1.5
      vertex 153.228 115.515 1.5
    endloop
  endfacet
  facet normal 0.232805 -0.972523 0
    outer loop
      vertex 153.475 115.617 1.5
      vertex 153.734 115.679 2.5
      vertex 153.475 115.617 2.5
    endloop
  endfacet
  facet normal 0.232805 -0.972523 0
    outer loop
      vertex 153.734 115.679 2.5
      vertex 153.475 115.617 1.5
      vertex 153.734 115.679 1.5
    endloop
  endfacet
  facet normal -0.707107 0.707107 0
    outer loop
      vertex 155.202 112.798 2.5
      vertex 155.202 112.798 1.5
      vertex 155.2 112.796 2.5
    endloop
  endfacet
  facet normal -0.647978 0.761659 0
    outer loop
      vertex 155.2 112.796 2.5
      vertex 154.999 112.625 5
      vertex 155.2 112.796 5
    endloop
  endfacet
  facet normal -0.648627 0.761106 0.000224957
    outer loop
      vertex 154.999 112.625 1.5
      vertex 155.2 112.796 2.5
      vertex 155.202 112.798 1.5
    endloop
  endfacet
  facet normal -0.647978 0.761659 0
    outer loop
      vertex 155.2 112.796 2.5
      vertex 154.999 112.625 1.5
      vertex 154.999 112.625 5
    endloop
  endfacet
  facet normal 0.0787025 -0.996898 0
    outer loop
      vertex 153.734 115.679 1.5
      vertex 154 115.7 2.5
      vertex 153.734 115.679 2.5
    endloop
  endfacet
  facet normal 0.0787025 -0.996898 0
    outer loop
      vertex 154 115.7 2.5
      vertex 153.734 115.679 1.5
      vertex 154 115.7 1.5
    endloop
  endfacet
  facet normal 0.92429 0.381691 0
    outer loop
      vertex 152.485 113.228 5
      vertex 152.383 113.475 1.5
      vertex 152.383 113.475 5
    endloop
  endfacet
  facet normal 0.92429 0.381691 0
    outer loop
      vertex 152.383 113.475 1.5
      vertex 152.485 113.228 5
      vertex 152.485 113.228 1.5
    endloop
  endfacet
  facet normal 0.761659 -0.647978 0
    outer loop
      vertex 152.796 115.2 5
      vertex 152.625 114.999 5
      vertex 152.796 115.2 2.5
    endloop
  endfacet
  facet normal 0.707107 -0.707107 0
    outer loop
      vertex 152.796 115.2 2.5
      vertex 152.798 115.202 1.5
      vertex 152.798 115.202 2.5
    endloop
  endfacet
  facet normal 0.761659 -0.647978 0
    outer loop
      vertex 152.625 114.999 1.5
      vertex 152.796 115.2 2.5
      vertex 152.625 114.999 5
    endloop
  endfacet
  facet normal 0.761106 -0.648627 0.000224957
    outer loop
      vertex 152.796 115.2 2.5
      vertex 152.625 114.999 1.5
      vertex 152.798 115.202 1.5
    endloop
  endfacet
  facet normal 0.232805 0.972523 -0
    outer loop
      vertex 153.734 112.321 1.5
      vertex 153.475 112.383 5
      vertex 153.734 112.321 5
    endloop
  endfacet
  facet normal 0.232805 0.972523 0
    outer loop
      vertex 153.475 112.383 5
      vertex 153.734 112.321 1.5
      vertex 153.475 112.383 1.5
    endloop
  endfacet
  facet normal -0.92429 0.381691 0
    outer loop
      vertex 155.515 113.228 1.5
      vertex 155.617 113.475 2.5
      vertex 155.617 113.475 1.5
    endloop
  endfacet
  facet normal -0.92429 0.381691 0
    outer loop
      vertex 155.617 113.475 2.5
      vertex 155.515 113.228 1.5
      vertex 155.515 113.228 2.5
    endloop
  endfacet
  facet normal 0.761106 0.648627 0
    outer loop
      vertex 152.798 112.798 2.5
      vertex 152.625 113.001 1.5
      vertex 152.625 113.001 2.5
    endloop
  endfacet
  facet normal 0.761106 0.648627 0
    outer loop
      vertex 152.625 113.001 1.5
      vertex 152.798 112.798 2.5
      vertex 152.798 112.798 1.5
    endloop
  endfacet
  facet normal 0.648627 -0.761106 0
    outer loop
      vertex 152.798 115.202 1.5
      vertex 153.001 115.375 2.5
      vertex 152.798 115.202 2.5
    endloop
  endfacet
  facet normal 0.648627 -0.761106 0
    outer loop
      vertex 153.001 115.375 2.5
      vertex 152.798 115.202 1.5
      vertex 153.001 115.375 1.5
    endloop
  endfacet
  facet normal -0.0787025 0.996898 0
    outer loop
      vertex 154.266 112.321 1.5
      vertex 154 112.3 5
      vertex 154.266 112.321 5
    endloop
  endfacet
  facet normal -0.0787025 0.996898 0
    outer loop
      vertex 154 112.3 5
      vertex 154.266 112.321 1.5
      vertex 154 112.3 1.5
    endloop
  endfacet
  facet normal -0.851143 0.524934 0
    outer loop
      vertex 155.375 113.001 1.5
      vertex 155.515 113.228 2.5
      vertex 155.515 113.228 1.5
    endloop
  endfacet
  facet normal -0.851143 0.524934 0
    outer loop
      vertex 155.515 113.228 2.5
      vertex 155.375 113.001 1.5
      vertex 155.375 113.001 2.5
    endloop
  endfacet
  facet normal -0.851143 -0.524934 0
    outer loop
      vertex 155.515 114.772 1.5
      vertex 155.375 114.999 2.5
      vertex 155.375 114.999 1.5
    endloop
  endfacet
  facet normal -0.851143 -0.524934 0
    outer loop
      vertex 155.375 114.999 2.5
      vertex 155.515 114.772 1.5
      vertex 155.515 114.772 2.5
    endloop
  endfacet
  facet normal -0.996898 0.0787025 0
    outer loop
      vertex 155.679 113.734 1.5
      vertex 155.7 114 2.5
      vertex 155.7 114 1.5
    endloop
  endfacet
  facet normal -0.996898 0.0787025 0
    outer loop
      vertex 155.7 114 2.5
      vertex 155.679 113.734 1.5
      vertex 155.679 113.734 2.5
    endloop
  endfacet
  facet normal -0.972523 0.232805 0
    outer loop
      vertex 155.617 113.475 1.5
      vertex 155.679 113.734 2.5
      vertex 155.679 113.734 1.5
    endloop
  endfacet
  facet normal -0.972523 0.232805 0
    outer loop
      vertex 155.679 113.734 2.5
      vertex 155.617 113.475 1.5
      vertex 155.617 113.475 2.5
    endloop
  endfacet
  facet normal 0.972523 0.232805 0
    outer loop
      vertex 152.383 113.475 5
      vertex 152.321 113.734 1.5
      vertex 152.321 113.734 5
    endloop
  endfacet
  facet normal 0.972523 0.232805 0
    outer loop
      vertex 152.321 113.734 1.5
      vertex 152.383 113.475 5
      vertex 152.383 113.475 1.5
    endloop
  endfacet
  facet normal -0.524934 -0.851143 0
    outer loop
      vertex 154.772 115.515 1.5
      vertex 154.999 115.375 2.5
      vertex 154.772 115.515 2.5
    endloop
  endfacet
  facet normal -0.524934 -0.851143 -0
    outer loop
      vertex 154.999 115.375 2.5
      vertex 154.772 115.515 1.5
      vertex 154.999 115.375 1.5
    endloop
  endfacet
  facet normal -0.761106 -0.648627 0
    outer loop
      vertex 155.375 114.999 1.5
      vertex 155.202 115.202 2.5
      vertex 155.202 115.202 1.5
    endloop
  endfacet
  facet normal -0.761106 -0.648627 0
    outer loop
      vertex 155.202 115.202 2.5
      vertex 155.375 114.999 1.5
      vertex 155.375 114.999 2.5
    endloop
  endfacet
  facet normal 0.996898 -0.0787025 0
    outer loop
      vertex 152.3 114 5
      vertex 152.321 114.266 1.5
      vertex 152.321 114.266 5
    endloop
  endfacet
  facet normal 0.996898 -0.0787025 0
    outer loop
      vertex 152.321 114.266 1.5
      vertex 152.3 114 5
      vertex 152.3 114 1.5
    endloop
  endfacet
  facet normal -0.648627 -0.761106 0
    outer loop
      vertex 154.999 115.375 1.5
      vertex 155.202 115.202 2.5
      vertex 154.999 115.375 2.5
    endloop
  endfacet
  facet normal -0.648627 -0.761106 -0
    outer loop
      vertex 155.202 115.202 2.5
      vertex 154.999 115.375 1.5
      vertex 155.202 115.202 1.5
    endloop
  endfacet
  facet normal -0.232805 0.972523 0
    outer loop
      vertex 154.525 112.383 1.5
      vertex 154.266 112.321 5
      vertex 154.525 112.383 5
    endloop
  endfacet
  facet normal -0.232805 0.972523 0
    outer loop
      vertex 154.266 112.321 5
      vertex 154.525 112.383 1.5
      vertex 154.266 112.321 1.5
    endloop
  endfacet
  facet normal 0.841178 0.540758 -0
    outer loop
      vertex 152.503 113.2 2.5
      vertex 152.485 113.228 5
      vertex 152.503 113.2 5
    endloop
  endfacet
  facet normal 0.841178 0.540758 0
    outer loop
      vertex 152.485 113.228 5
      vertex 152.503 113.2 2.5
      vertex 152.485 113.228 1.5
    endloop
  endfacet
  facet normal 0.85254 0.522663 -0
    outer loop
      vertex 152.625 113.001 1.5
      vertex 152.503 113.2 2.5
      vertex 152.625 113.001 2.5
    endloop
  endfacet
  facet normal 0.851143 0.524934 -0.000622422
    outer loop
      vertex 152.503 113.2 2.5
      vertex 152.625 113.001 1.5
      vertex 152.485 113.228 1.5
    endloop
  endfacet
  facet normal -0.0787025 -0.996898 0
    outer loop
      vertex 154 115.7 1.5
      vertex 154.266 115.679 2.5
      vertex 154 115.7 2.5
    endloop
  endfacet
  facet normal -0.0787025 -0.996898 -0
    outer loop
      vertex 154.266 115.679 2.5
      vertex 154 115.7 1.5
      vertex 154.266 115.679 1.5
    endloop
  endfacet
  facet normal 0.648627 0.761106 -0
    outer loop
      vertex 153.001 112.625 1.5
      vertex 152.798 112.798 2.5
      vertex 153.001 112.625 2.5
    endloop
  endfacet
  facet normal 0.648627 0.761106 0
    outer loop
      vertex 152.798 112.798 2.5
      vertex 153.001 112.625 1.5
      vertex 152.798 112.798 1.5
    endloop
  endfacet
  facet normal -0.761106 0.648627 0
    outer loop
      vertex 155.202 112.798 1.5
      vertex 155.375 113.001 2.5
      vertex 155.375 113.001 1.5
    endloop
  endfacet
  facet normal -0.761106 0.648627 0
    outer loop
      vertex 155.375 113.001 2.5
      vertex 155.202 112.798 1.5
      vertex 155.202 112.798 2.5
    endloop
  endfacet
  facet normal 0.851143 -0.524934 0
    outer loop
      vertex 152.485 114.772 5
      vertex 152.625 114.999 1.5
      vertex 152.625 114.999 5
    endloop
  endfacet
  facet normal 0.851143 -0.524934 0
    outer loop
      vertex 152.625 114.999 1.5
      vertex 152.485 114.772 5
      vertex 152.485 114.772 1.5
    endloop
  endfacet
  facet normal 0.996898 0.0787025 0
    outer loop
      vertex 152.321 113.734 5
      vertex 152.3 114 1.5
      vertex 152.3 114 5
    endloop
  endfacet
  facet normal 0.996898 0.0787025 0
    outer loop
      vertex 152.3 114 1.5
      vertex 152.321 113.734 5
      vertex 152.321 113.734 1.5
    endloop
  endfacet
  facet normal 0.381691 0.92429 -0
    outer loop
      vertex 153.475 112.383 1.5
      vertex 153.228 112.485 5
      vertex 153.475 112.383 5
    endloop
  endfacet
  facet normal 0.381691 0.92429 0
    outer loop
      vertex 153.228 112.485 5
      vertex 153.475 112.383 1.5
      vertex 153.228 112.485 1.5
    endloop
  endfacet
  facet normal -0.381691 -0.92429 0
    outer loop
      vertex 154.525 115.617 1.5
      vertex 154.772 115.515 2.5
      vertex 154.525 115.617 2.5
    endloop
  endfacet
  facet normal -0.381691 -0.92429 -0
    outer loop
      vertex 154.772 115.515 2.5
      vertex 154.525 115.617 1.5
      vertex 154.772 115.515 1.5
    endloop
  endfacet
  facet normal -0.232805 -0.972523 0
    outer loop
      vertex 154.266 115.679 1.5
      vertex 154.525 115.617 2.5
      vertex 154.266 115.679 2.5
    endloop
  endfacet
  facet normal -0.232805 -0.972523 -0
    outer loop
      vertex 154.525 115.617 2.5
      vertex 154.266 115.679 1.5
      vertex 154.525 115.617 1.5
    endloop
  endfacet
  facet normal 0.972523 -0.232805 0
    outer loop
      vertex 152.321 114.266 5
      vertex 152.383 114.525 1.5
      vertex 152.383 114.525 5
    endloop
  endfacet
  facet normal 0.972523 -0.232805 0
    outer loop
      vertex 152.383 114.525 1.5
      vertex 152.321 114.266 5
      vertex 152.321 114.266 1.5
    endloop
  endfacet
  facet normal 0.0787025 0.996898 -0
    outer loop
      vertex 154 112.3 1.5
      vertex 153.734 112.321 5
      vertex 154 112.3 5
    endloop
  endfacet
  facet normal 0.0787025 0.996898 0
    outer loop
      vertex 153.734 112.321 5
      vertex 154 112.3 1.5
      vertex 153.734 112.321 1.5
    endloop
  endfacet
  facet normal -0.848008 -0.0667285 -0.525765
    outer loop
      vertex 156.606 114.305 0
      vertex 156.63 114 0
      vertex 155.7 114 1.5
    endloop
  endfacet
  facet normal -0.64669 0.552323 -0.526052
    outer loop
      vertex 156.128 112.454 0
      vertex 155.929 112.221 0
      vertex 155.375 113.001 1.5
    endloop
  endfacet
  facet normal 0.826893 0.199786 -0.525674
    outer loop
      vertex 152.383 113.475 1.5
      vertex 151.499 113.187 0
      vertex 151.427 113.485 0
    endloop
  endfacet
  facet normal 0.324739 0.786379 -0.525503
    outer loop
      vertex 152.905 111.616 0
      vertex 153.228 112.485 1.5
      vertex 153.475 112.383 1.5
    endloop
  endfacet
  facet normal 0.325539 0.786057 -0.525489
    outer loop
      vertex 153.228 112.485 1.5
      vertex 152.905 111.616 0
      vertex 152.806 111.657 0
    endloop
  endfacet
  facet normal -0.551668 -0.647333 -0.525949
    outer loop
      vertex 155.779 115.929 0
      vertex 155.202 115.202 1.5
      vertex 154.999 115.375 1.5
    endloop
  endfacet
  facet normal -0.55153 -0.647448 -0.525952
    outer loop
      vertex 155.202 115.202 1.5
      vertex 155.779 115.929 0
      vertex 155.86 115.86 0
    endloop
  endfacet
  facet normal -0.552323 0.64669 -0.526052
    outer loop
      vertex 155.779 112.071 0
      vertex 155.546 111.872 0
      vertex 154.999 112.625 1.5
    endloop
  endfacet
  facet normal 0.827166 0.198009 -0.525918
    outer loop
      vertex 152.383 113.475 1.5
      vertex 151.402 113.589 0
      vertex 152.321 113.734 1.5
    endloop
  endfacet
  facet normal 0.827057 0.198812 -0.525786
    outer loop
      vertex 151.402 113.589 0
      vertex 152.383 113.475 1.5
      vertex 151.427 113.485 0
    endloop
  endfacet
  facet normal 0.72794 -0.439964 -0.525866
    outer loop
      vertex 152.625 114.999 1.5
      vertex 151.817 115.455 0
      vertex 151.872 115.546 0
    endloop
  endfacet
  facet normal 0.724016 -0.44653 -0.525749
    outer loop
      vertex 151.817 115.455 0
      vertex 152.625 114.999 1.5
      vertex 152.485 114.772 1.5
    endloop
  endfacet
  facet normal -0.72794 -0.439964 -0.525866
    outer loop
      vertex 156.183 115.455 0
      vertex 155.375 114.999 1.5
      vertex 156.128 115.546 0
    endloop
  endfacet
  facet normal -0.724016 -0.44653 -0.525749
    outer loop
      vertex 155.375 114.999 1.5
      vertex 156.183 115.455 0
      vertex 155.515 114.772 1.5
    endloop
  endfacet
  facet normal 0.439964 -0.72794 -0.525866
    outer loop
      vertex 152.545 116.183 0
      vertex 153.001 115.375 1.5
      vertex 152.454 116.128 0
    endloop
  endfacet
  facet normal 0.44653 -0.724016 -0.525749
    outer loop
      vertex 153.001 115.375 1.5
      vertex 152.545 116.183 0
      vertex 153.228 115.515 1.5
    endloop
  endfacet
  facet normal -0.326003 -0.78575 -0.525661
    outer loop
      vertex 154.813 116.501 0
      vertex 155.095 116.384 0
      vertex 154.525 115.617 1.5
    endloop
  endfacet
  facet normal -0.725352 -0.44466 -0.525492
    outer loop
      vertex 156.183 115.455 0
      vertex 156.343 115.194 0
      vertex 155.515 114.772 1.5
    endloop
  endfacet
  facet normal -0.786057 -0.325539 -0.525489
    outer loop
      vertex 156.384 115.095 0
      vertex 155.515 114.772 1.5
      vertex 156.343 115.194 0
    endloop
  endfacet
  facet normal -0.786379 -0.324739 -0.525503
    outer loop
      vertex 155.515 114.772 1.5
      vertex 156.384 115.095 0
      vertex 155.617 114.525 1.5
    endloop
  endfacet
  facet normal 0.55153 -0.647448 -0.525952
    outer loop
      vertex 152.221 115.929 0
      vertex 152.798 115.202 1.5
      vertex 152.14 115.86 0
    endloop
  endfacet
  facet normal 0.551668 -0.647333 -0.525949
    outer loop
      vertex 152.798 115.202 1.5
      vertex 152.221 115.929 0
      vertex 153.001 115.375 1.5
    endloop
  endfacet
  facet normal -0.0667285 0.848008 -0.525765
    outer loop
      vertex 154 112.3 1.5
      vertex 154.305 111.394 0
      vertex 154 111.37 0
    endloop
  endfacet
  facet normal 0.786057 -0.325539 -0.525489
    outer loop
      vertex 152.485 114.772 1.5
      vertex 151.616 115.095 0
      vertex 151.657 115.194 0
    endloop
  endfacet
  facet normal 0.786379 -0.324739 -0.525503
    outer loop
      vertex 151.616 115.095 0
      vertex 152.485 114.772 1.5
      vertex 152.383 114.525 1.5
    endloop
  endfacet
  facet normal 0.552323 0.64669 -0.526052
    outer loop
      vertex 153.001 112.625 1.5
      vertex 152.454 111.872 0
      vertex 152.221 112.071 0
    endloop
  endfacet
  facet normal 0.0667285 0.848008 -0.525765
    outer loop
      vertex 154 112.3 1.5
      vertex 154 111.37 0
      vertex 153.695 111.394 0
    endloop
  endfacet
  facet normal 0.847976 0.0669455 -0.52579
    outer loop
      vertex 152.321 113.734 1.5
      vertex 151.394 113.695 0
      vertex 152.3 114 1.5
    endloop
  endfacet
  facet normal 0.848174 0.0640131 -0.525836
    outer loop
      vertex 151.394 113.695 0
      vertex 152.321 113.734 1.5
      vertex 151.402 113.589 0
    endloop
  endfacet
  facet normal -0.198812 0.827057 -0.525786
    outer loop
      vertex 154.411 111.402 0
      vertex 154.525 112.383 1.5
      vertex 154.515 111.427 0
    endloop
  endfacet
  facet normal -0.198009 0.827166 -0.525918
    outer loop
      vertex 154.525 112.383 1.5
      vertex 154.411 111.402 0
      vertex 154.266 112.321 1.5
    endloop
  endfacet
  facet normal 0.848008 -0.0667285 -0.525765
    outer loop
      vertex 151.394 114.305 0
      vertex 152.3 114 1.5
      vertex 151.37 114 0
    endloop
  endfacet
  facet normal -0.64669 -0.552323 -0.526052
    outer loop
      vertex 155.929 115.779 0
      vertex 156.128 115.546 0
      vertex 155.375 114.999 1.5
    endloop
  endfacet
  facet normal -0.44466 0.725352 -0.525492
    outer loop
      vertex 155.455 111.817 0
      vertex 155.194 111.657 0
      vertex 154.772 112.485 1.5
    endloop
  endfacet
  facet normal -0.199786 0.826893 -0.525674
    outer loop
      vertex 154.525 112.383 1.5
      vertex 154.813 111.499 0
      vertex 154.515 111.427 0
    endloop
  endfacet
  facet normal -0.826893 -0.199786 -0.525674
    outer loop
      vertex 156.501 114.813 0
      vertex 156.573 114.515 0
      vertex 155.617 114.525 1.5
    endloop
  endfacet
  facet normal -0.0667285 -0.848008 -0.525765
    outer loop
      vertex 154 116.63 0
      vertex 154.305 116.606 0
      vertex 154 115.7 1.5
    endloop
  endfacet
  facet normal -0.848008 0.0667285 -0.525765
    outer loop
      vertex 156.63 114 0
      vertex 156.606 113.695 0
      vertex 155.7 114 1.5
    endloop
  endfacet
  facet normal -0.78575 -0.326003 -0.525661
    outer loop
      vertex 156.384 115.095 0
      vertex 156.501 114.813 0
      vertex 155.617 114.525 1.5
    endloop
  endfacet
  facet normal -0.725352 0.44466 -0.525492
    outer loop
      vertex 156.343 112.806 0
      vertex 156.183 112.545 0
      vertex 155.515 113.228 1.5
    endloop
  endfacet
  facet normal -0.44653 -0.724016 -0.525749
    outer loop
      vertex 155.455 116.183 0
      vertex 154.999 115.375 1.5
      vertex 154.772 115.515 1.5
    endloop
  endfacet
  facet normal -0.439964 -0.72794 -0.525866
    outer loop
      vertex 154.999 115.375 1.5
      vertex 155.455 116.183 0
      vertex 155.546 116.128 0
    endloop
  endfacet
  facet normal 0.647333 0.551668 -0.525949
    outer loop
      vertex 152.798 112.798 1.5
      vertex 152.071 112.221 0
      vertex 152.625 113.001 1.5
    endloop
  endfacet
  facet normal 0.647448 0.55153 -0.525952
    outer loop
      vertex 152.071 112.221 0
      vertex 152.798 112.798 1.5
      vertex 152.14 112.14 0
    endloop
  endfacet
  facet normal -0.0669455 -0.847976 -0.52579
    outer loop
      vertex 154.305 116.606 0
      vertex 154.266 115.679 1.5
      vertex 154 115.7 1.5
    endloop
  endfacet
  facet normal -0.0640131 -0.848174 -0.525836
    outer loop
      vertex 154.266 115.679 1.5
      vertex 154.305 116.606 0
      vertex 154.411 116.598 0
    endloop
  endfacet
  facet normal 0.44466 0.725352 -0.525492
    outer loop
      vertex 153.228 112.485 1.5
      vertex 152.806 111.657 0
      vertex 152.545 111.817 0
    endloop
  endfacet
  facet normal -0.198009 -0.827166 -0.525918
    outer loop
      vertex 154.411 116.598 0
      vertex 154.525 115.617 1.5
      vertex 154.266 115.679 1.5
    endloop
  endfacet
  facet normal -0.198812 -0.827057 -0.525786
    outer loop
      vertex 154.525 115.617 1.5
      vertex 154.411 116.598 0
      vertex 154.515 116.573 0
    endloop
  endfacet
  facet normal -0.647333 0.551668 -0.525949
    outer loop
      vertex 155.929 112.221 0
      vertex 155.202 112.798 1.5
      vertex 155.375 113.001 1.5
    endloop
  endfacet
  facet normal -0.647448 0.55153 -0.525952
    outer loop
      vertex 155.202 112.798 1.5
      vertex 155.929 112.221 0
      vertex 155.86 112.14 0
    endloop
  endfacet
  facet normal 0.725352 -0.44466 -0.525492
    outer loop
      vertex 151.817 115.455 0
      vertex 152.485 114.772 1.5
      vertex 151.657 115.194 0
    endloop
  endfacet
  facet normal 0.325539 -0.786057 -0.525489
    outer loop
      vertex 152.905 116.384 0
      vertex 153.228 115.515 1.5
      vertex 152.806 116.343 0
    endloop
  endfacet
  facet normal 0.324739 -0.786379 -0.525503
    outer loop
      vertex 153.228 115.515 1.5
      vertex 152.905 116.384 0
      vertex 153.475 115.617 1.5
    endloop
  endfacet
  facet normal 0.0667285 -0.848008 -0.525765
    outer loop
      vertex 154 116.63 0
      vertex 154 115.7 1.5
      vertex 153.695 116.606 0
    endloop
  endfacet
  facet normal 0.198812 -0.827057 -0.525786
    outer loop
      vertex 153.589 116.598 0
      vertex 153.475 115.617 1.5
      vertex 153.485 116.573 0
    endloop
  endfacet
  facet normal 0.198009 -0.827166 -0.525918
    outer loop
      vertex 153.475 115.617 1.5
      vertex 153.589 116.598 0
      vertex 153.734 115.679 1.5
    endloop
  endfacet
  facet normal -0.324739 -0.786379 -0.525503
    outer loop
      vertex 155.095 116.384 0
      vertex 154.772 115.515 1.5
      vertex 154.525 115.617 1.5
    endloop
  endfacet
  facet normal -0.325539 -0.786057 -0.525489
    outer loop
      vertex 154.772 115.515 1.5
      vertex 155.095 116.384 0
      vertex 155.194 116.343 0
    endloop
  endfacet
  facet normal 0.826893 -0.199786 -0.525674
    outer loop
      vertex 151.499 114.813 0
      vertex 152.383 114.525 1.5
      vertex 151.427 114.515 0
    endloop
  endfacet
  facet normal -0.552323 -0.64669 -0.526052
    outer loop
      vertex 155.546 116.128 0
      vertex 155.779 115.929 0
      vertex 154.999 115.375 1.5
    endloop
  endfacet
  facet normal 0.326003 -0.78575 -0.525661
    outer loop
      vertex 153.187 116.501 0
      vertex 153.475 115.617 1.5
      vertex 152.905 116.384 0
    endloop
  endfacet
  facet normal -0.827057 -0.198812 -0.525786
    outer loop
      vertex 156.598 114.411 0
      vertex 155.617 114.525 1.5
      vertex 156.573 114.515 0
    endloop
  endfacet
  facet normal -0.827166 -0.198009 -0.525918
    outer loop
      vertex 155.617 114.525 1.5
      vertex 156.598 114.411 0
      vertex 155.679 114.266 1.5
    endloop
  endfacet
  facet normal -0.199786 -0.826893 -0.525674
    outer loop
      vertex 154.813 116.501 0
      vertex 154.525 115.617 1.5
      vertex 154.515 116.573 0
    endloop
  endfacet
  facet normal -0.647448 -0.55153 -0.525952
    outer loop
      vertex 155.929 115.779 0
      vertex 155.202 115.202 1.5
      vertex 155.86 115.86 0
    endloop
  endfacet
  facet normal -0.647333 -0.551668 -0.525949
    outer loop
      vertex 155.202 115.202 1.5
      vertex 155.929 115.779 0
      vertex 155.375 114.999 1.5
    endloop
  endfacet
  facet normal 0.78575 0.326003 -0.525661
    outer loop
      vertex 152.383 113.475 1.5
      vertex 151.616 112.905 0
      vertex 151.499 113.187 0
    endloop
  endfacet
  facet normal -0.44466 -0.725352 -0.525492
    outer loop
      vertex 155.194 116.343 0
      vertex 155.455 116.183 0
      vertex 154.772 115.515 1.5
    endloop
  endfacet
  facet normal 0.0640131 -0.848174 -0.525836
    outer loop
      vertex 153.695 116.606 0
      vertex 153.734 115.679 1.5
      vertex 153.589 116.598 0
    endloop
  endfacet
  facet normal 0.0669455 -0.847976 -0.52579
    outer loop
      vertex 153.734 115.679 1.5
      vertex 153.695 116.606 0
      vertex 154 115.7 1.5
    endloop
  endfacet
  facet normal -0.826893 0.199786 -0.525674
    outer loop
      vertex 156.573 113.485 0
      vertex 156.501 113.187 0
      vertex 155.617 113.475 1.5
    endloop
  endfacet
  facet normal -0.78575 0.326003 -0.525661
    outer loop
      vertex 156.501 113.187 0
      vertex 156.384 112.905 0
      vertex 155.617 113.475 1.5
    endloop
  endfacet
  facet normal 0.64669 0.552323 -0.526052
    outer loop
      vertex 152.625 113.001 1.5
      vertex 152.071 112.221 0
      vertex 151.872 112.454 0
    endloop
  endfacet
  facet normal 0.647448 -0.55153 -0.525952
    outer loop
      vertex 152.798 115.202 1.5
      vertex 152.071 115.779 0
      vertex 152.14 115.86 0
    endloop
  endfacet
  facet normal 0.647333 -0.551668 -0.525949
    outer loop
      vertex 152.071 115.779 0
      vertex 152.798 115.202 1.5
      vertex 152.625 114.999 1.5
    endloop
  endfacet
  facet normal 0.64669 -0.552323 -0.526052
    outer loop
      vertex 152.071 115.779 0
      vertex 152.625 114.999 1.5
      vertex 151.872 115.546 0
    endloop
  endfacet
  facet normal 0.78575 -0.326003 -0.525661
    outer loop
      vertex 151.616 115.095 0
      vertex 152.383 114.525 1.5
      vertex 151.499 114.813 0
    endloop
  endfacet
  facet normal -0.55153 0.647448 -0.525952
    outer loop
      vertex 155.779 112.071 0
      vertex 155.202 112.798 1.5
      vertex 155.86 112.14 0
    endloop
  endfacet
  facet normal -0.551668 0.647333 -0.525949
    outer loop
      vertex 155.202 112.798 1.5
      vertex 155.779 112.071 0
      vertex 154.999 112.625 1.5
    endloop
  endfacet
  facet normal 0.0669455 0.847976 -0.52579
    outer loop
      vertex 153.695 111.394 0
      vertex 153.734 112.321 1.5
      vertex 154 112.3 1.5
    endloop
  endfacet
  facet normal 0.0640131 0.848174 -0.525836
    outer loop
      vertex 153.734 112.321 1.5
      vertex 153.695 111.394 0
      vertex 153.589 111.402 0
    endloop
  endfacet
  facet normal -0.439964 0.72794 -0.525866
    outer loop
      vertex 155.455 111.817 0
      vertex 154.999 112.625 1.5
      vertex 155.546 111.872 0
    endloop
  endfacet
  facet normal -0.44653 0.724016 -0.525749
    outer loop
      vertex 154.999 112.625 1.5
      vertex 155.455 111.817 0
      vertex 154.772 112.485 1.5
    endloop
  endfacet
  facet normal -0.0640131 0.848174 -0.525836
    outer loop
      vertex 154.305 111.394 0
      vertex 154.266 112.321 1.5
      vertex 154.411 111.402 0
    endloop
  endfacet
  facet normal -0.0669455 0.847976 -0.52579
    outer loop
      vertex 154.266 112.321 1.5
      vertex 154.305 111.394 0
      vertex 154 112.3 1.5
    endloop
  endfacet
  facet normal 0.44466 -0.725352 -0.525492
    outer loop
      vertex 152.806 116.343 0
      vertex 153.228 115.515 1.5
      vertex 152.545 116.183 0
    endloop
  endfacet
  facet normal -0.724016 0.44653 -0.525749
    outer loop
      vertex 156.183 112.545 0
      vertex 155.375 113.001 1.5
      vertex 155.515 113.228 1.5
    endloop
  endfacet
  facet normal -0.72794 0.439964 -0.525866
    outer loop
      vertex 155.375 113.001 1.5
      vertex 156.183 112.545 0
      vertex 156.128 112.454 0
    endloop
  endfacet
  facet normal -0.848174 -0.0640131 -0.525836
    outer loop
      vertex 156.606 114.305 0
      vertex 155.679 114.266 1.5
      vertex 156.598 114.411 0
    endloop
  endfacet
  facet normal -0.847976 -0.0669455 -0.52579
    outer loop
      vertex 155.679 114.266 1.5
      vertex 156.606 114.305 0
      vertex 155.7 114 1.5
    endloop
  endfacet
  facet normal -0.786379 0.324739 -0.525503
    outer loop
      vertex 156.384 112.905 0
      vertex 155.515 113.228 1.5
      vertex 155.617 113.475 1.5
    endloop
  endfacet
  facet normal -0.786057 0.325539 -0.525489
    outer loop
      vertex 155.515 113.228 1.5
      vertex 156.384 112.905 0
      vertex 156.343 112.806 0
    endloop
  endfacet
  facet normal 0.848008 0.0667285 -0.525765
    outer loop
      vertex 152.3 114 1.5
      vertex 151.394 113.695 0
      vertex 151.37 114 0
    endloop
  endfacet
  facet normal -0.827057 0.198812 -0.525786
    outer loop
      vertex 155.617 113.475 1.5
      vertex 156.598 113.589 0
      vertex 156.573 113.485 0
    endloop
  endfacet
  facet normal -0.827166 0.198009 -0.525918
    outer loop
      vertex 156.598 113.589 0
      vertex 155.617 113.475 1.5
      vertex 155.679 113.734 1.5
    endloop
  endfacet
  facet normal -0.847976 0.0669455 -0.52579
    outer loop
      vertex 156.606 113.695 0
      vertex 155.679 113.734 1.5
      vertex 155.7 114 1.5
    endloop
  endfacet
  facet normal -0.848174 0.0640131 -0.525836
    outer loop
      vertex 155.679 113.734 1.5
      vertex 156.606 113.695 0
      vertex 156.598 113.589 0
    endloop
  endfacet
  facet normal 0.199786 -0.826893 -0.525674
    outer loop
      vertex 153.485 116.573 0
      vertex 153.475 115.617 1.5
      vertex 153.187 116.501 0
    endloop
  endfacet
  facet normal 0.724016 0.44653 -0.525749
    outer loop
      vertex 152.625 113.001 1.5
      vertex 151.817 112.545 0
      vertex 152.485 113.228 1.5
    endloop
  endfacet
  facet normal 0.72794 0.439964 -0.525866
    outer loop
      vertex 151.817 112.545 0
      vertex 152.625 113.001 1.5
      vertex 151.872 112.454 0
    endloop
  endfacet
  facet normal 0.552323 -0.64669 -0.526052
    outer loop
      vertex 152.454 116.128 0
      vertex 153.001 115.375 1.5
      vertex 152.221 115.929 0
    endloop
  endfacet
  facet normal 0.326003 0.78575 -0.525661
    outer loop
      vertex 153.475 112.383 1.5
      vertex 153.187 111.499 0
      vertex 152.905 111.616 0
    endloop
  endfacet
  facet normal 0.44653 0.724016 -0.525749
    outer loop
      vertex 152.545 111.817 0
      vertex 153.001 112.625 1.5
      vertex 153.228 112.485 1.5
    endloop
  endfacet
  facet normal 0.439964 0.72794 -0.525866
    outer loop
      vertex 153.001 112.625 1.5
      vertex 152.545 111.817 0
      vertex 152.454 111.872 0
    endloop
  endfacet
  facet normal 0.551668 0.647333 -0.525949
    outer loop
      vertex 152.221 112.071 0
      vertex 152.798 112.798 1.5
      vertex 153.001 112.625 1.5
    endloop
  endfacet
  facet normal 0.55153 0.647448 -0.525952
    outer loop
      vertex 152.798 112.798 1.5
      vertex 152.221 112.071 0
      vertex 152.14 112.14 0
    endloop
  endfacet
  facet normal 0.827057 -0.198812 -0.525786
    outer loop
      vertex 152.383 114.525 1.5
      vertex 151.402 114.411 0
      vertex 151.427 114.515 0
    endloop
  endfacet
  facet normal 0.827166 -0.198009 -0.525918
    outer loop
      vertex 151.402 114.411 0
      vertex 152.383 114.525 1.5
      vertex 152.321 114.266 1.5
    endloop
  endfacet
  facet normal 0.848174 -0.0640131 -0.525836
    outer loop
      vertex 152.321 114.266 1.5
      vertex 151.394 114.305 0
      vertex 151.402 114.411 0
    endloop
  endfacet
  facet normal 0.847976 -0.0669455 -0.52579
    outer loop
      vertex 151.394 114.305 0
      vertex 152.321 114.266 1.5
      vertex 152.3 114 1.5
    endloop
  endfacet
  facet normal -0.325539 0.786057 -0.525489
    outer loop
      vertex 155.095 111.616 0
      vertex 154.772 112.485 1.5
      vertex 155.194 111.657 0
    endloop
  endfacet
  facet normal -0.324739 0.786379 -0.525503
    outer loop
      vertex 154.772 112.485 1.5
      vertex 155.095 111.616 0
      vertex 154.525 112.383 1.5
    endloop
  endfacet
  facet normal 0.786379 0.324739 -0.525503
    outer loop
      vertex 152.485 113.228 1.5
      vertex 151.616 112.905 0
      vertex 152.383 113.475 1.5
    endloop
  endfacet
  facet normal 0.786057 0.325539 -0.525489
    outer loop
      vertex 151.616 112.905 0
      vertex 152.485 113.228 1.5
      vertex 151.657 112.806 0
    endloop
  endfacet
  facet normal 0.725352 0.44466 -0.525492
    outer loop
      vertex 152.485 113.228 1.5
      vertex 151.817 112.545 0
      vertex 151.657 112.806 0
    endloop
  endfacet
  facet normal -0.326003 0.78575 -0.525661
    outer loop
      vertex 155.095 111.616 0
      vertex 154.813 111.499 0
      vertex 154.525 112.383 1.5
    endloop
  endfacet
  facet normal 0.199786 0.826893 -0.525674
    outer loop
      vertex 153.475 112.383 1.5
      vertex 153.485 111.427 0
      vertex 153.187 111.499 0
    endloop
  endfacet
  facet normal 0.198009 0.827166 -0.525918
    outer loop
      vertex 153.589 111.402 0
      vertex 153.475 112.383 1.5
      vertex 153.734 112.321 1.5
    endloop
  endfacet
  facet normal 0.198812 0.827057 -0.525786
    outer loop
      vertex 153.475 112.383 1.5
      vertex 153.589 111.402 0
      vertex 153.485 111.427 0
    endloop
  endfacet
  facet normal -1 0 0
    outer loop
      vertex 50.62 57 0
      vertex 50.62 59.2 2.5
      vertex 50.62 59.2 0
    endloop
  endfacet
  facet normal -1 -0 0
    outer loop
      vertex 50.62 59.2 2.5
      vertex 50.62 57 0
      vertex 50.62 57 2.5
    endloop
  endfacet
  facet normal 1 -0 0
    outer loop
      vertex 32.62 57 2.5
      vertex 32.62 59.2 0
      vertex 32.62 59.2 2.5
    endloop
  endfacet
  facet normal 1 0 0
    outer loop
      vertex 32.62 59.2 0
      vertex 32.62 57 2.5
      vertex 32.62 57 0
    endloop
  endfacet
  facet normal 0 -1 0
    outer loop
      vertex 32.62 59.2 0
      vertex 50.62 59.2 2.5
      vertex 32.62 59.2 2.5
    endloop
  endfacet
  facet normal 0 -1 -0
    outer loop
      vertex 50.62 59.2 2.5
      vertex 32.62 59.2 0
      vertex 50.62 59.2 0
    endloop
  endfacet
  facet normal 0 1 -0
    outer loop
      vertex 50.62 57 0
      vertex 32.62 57 2.5
      vertex 50.62 57 2.5
    endloop
  endfacet
  facet normal 0 1 0
    outer loop
      vertex 32.62 57 2.5
      vertex 50.62 57 0
      vertex 32.62 57 0
    endloop
  endfacet
  facet normal -1 0 0
    outer loop
      vertex 50.62 61 0
      vertex 50.62 63.2 2.5
      vertex 50.62 63.2 0
    endloop
  endfacet
  facet normal -1 -0 0
    outer loop
      vertex 50.62 63.2 2.5
      vertex 50.62 61 0
      vertex 50.62 61 2.5
    endloop
  endfacet
  facet normal 1 -0 0
    outer loop
      vertex 32.62 61 2.5
      vertex 32.62 63.2 0
      vertex 32.62 63.2 2.5
    endloop
  endfacet
  facet normal 1 0 0
    outer loop
      vertex 32.62 63.2 0
      vertex 32.62 61 2.5
      vertex 32.62 61 0
    endloop
  endfacet
  facet normal 0 -1 0
    outer loop
      vertex 32.62 63.2 0
      vertex 50.62 63.2 2.5
      vertex 32.62 63.2 2.5
    endloop
  endfacet
  facet normal 0 -1 -0
    outer loop
      vertex 50.62 63.2 2.5
      vertex 32.62 63.2 0
      vertex 50.62 63.2 0
    endloop
  endfacet
  facet normal 0 1 -0
    outer loop
      vertex 50.62 61 0
      vertex 32.62 61 2.5
      vertex 50.62 61 2.5
    endloop
  endfacet
  facet normal 0 1 0
    outer loop
      vertex 32.62 61 2.5
      vertex 50.62 61 0
      vertex 32.62 61 0
    endloop
  endfacet
  facet normal -1 0 0
    outer loop
      vertex 50.62 65 0
      vertex 50.62 67.2 2.5
      vertex 50.62 67.2 0
    endloop
  endfacet
  facet normal -1 -0 0
    outer loop
      vertex 50.62 67.2 2.5
      vertex 50.62 65 0
      vertex 50.62 65 2.5
    endloop
  endfacet
  facet normal 1 -0 0
    outer loop
      vertex 32.62 65 2.5
      vertex 32.62 67.2 0
      vertex 32.62 67.2 2.5
    endloop
  endfacet
  facet normal 1 0 0
    outer loop
      vertex 32.62 67.2 0
      vertex 32.62 65 2.5
      vertex 32.62 65 0
    endloop
  endfacet
  facet normal 0 -1 0
    outer loop
      vertex 32.62 67.2 0
      vertex 50.62 67.2 2.5
      vertex 32.62 67.2 2.5
    endloop
  endfacet
  facet normal 0 -1 -0
    outer loop
      vertex 50.62 67.2 2.5
      vertex 32.62 67.2 0
      vertex 50.62 67.2 0
    endloop
  endfacet
  facet normal 0 1 -0
    outer loop
      vertex 50.62 65 0
      vertex 32.62 65 2.5
      vertex 50.62 65 2.5
    endloop
  endfacet
  facet normal 0 1 0
    outer loop
      vertex 32.62 65 2.5
      vertex 50.62 65 0
      vertex 32.62 65 0
    endloop
  endfacet
  facet normal -1 0 0
    outer loop
      vertex 50.62 69 0
      vertex 50.62 71.2 2.5
      vertex 50.62 71.2 0
    endloop
  endfacet
  facet normal -1 -0 0
    outer loop
      vertex 50.62 71.2 2.5
      vertex 50.62 69 0
      vertex 50.62 69 2.5
    endloop
  endfacet
  facet normal 1 -0 0
    outer loop
      vertex 32.62 69 2.5
      vertex 32.62 71.2 0
      vertex 32.62 71.2 2.5
    endloop
  endfacet
  facet normal 1 0 0
    outer loop
      vertex 32.62 71.2 0
      vertex 32.62 69 2.5
      vertex 32.62 69 0
    endloop
  endfacet
  facet normal 0 -1 0
    outer loop
      vertex 32.62 71.2 0
      vertex 50.62 71.2 2.5
      vertex 32.62 71.2 2.5
    endloop
  endfacet
  facet normal 0 -1 -0
    outer loop
      vertex 50.62 71.2 2.5
      vertex 32.62 71.2 0
      vertex 50.62 71.2 0
    endloop
  endfacet
  facet normal 0 1 -0
    outer loop
      vertex 50.62 69 0
      vertex 32.62 69 2.5
      vertex 50.62 69 2.5
    endloop
  endfacet
  facet normal 0 1 0
    outer loop
      vertex 32.62 69 2.5
      vertex 50.62 69 0
      vertex 32.62 69 0
    endloop
  endfacet
  facet normal -1 0 0
    outer loop
      vertex 50.62 73 0
      vertex 50.62 75.2 2.5
      vertex 50.62 75.2 0
    endloop
  endfacet
  facet normal -1 -0 0
    outer loop
      vertex 50.62 75.2 2.5
      vertex 50.62 73 0
      vertex 50.62 73 2.5
    endloop
  endfacet
  facet normal 1 -0 0
    outer loop
      vertex 32.62 73 2.5
      vertex 32.62 75.2 0
      vertex 32.62 75.2 2.5
    endloop
  endfacet
  facet normal 1 0 0
    outer loop
      vertex 32.62 75.2 0
      vertex 32.62 73 2.5
      vertex 32.62 73 0
    endloop
  endfacet
  facet normal 0 -1 0
    outer loop
      vertex 32.62 75.2 0
      vertex 50.62 75.2 2.5
      vertex 32.62 75.2 2.5
    endloop
  endfacet
  facet normal 0 -1 -0
    outer loop
      vertex 50.62 75.2 2.5
      vertex 32.62 75.2 0
      vertex 50.62 75.2 0
    endloop
  endfacet
  facet normal 0 1 -0
    outer loop
      vertex 50.62 73 0
      vertex 32.62 73 2.5
      vertex 50.62 73 2.5
    endloop
  endfacet
  facet normal 0 1 0
    outer loop
      vertex 32.62 73 2.5
      vertex 50.62 73 0
      vertex 32.62 73 0
    endloop
  endfacet
  facet normal -1 0 0
    outer loop
      vertex 50.62 77 0
      vertex 50.62 79.2 2.5
      vertex 50.62 79.2 0
    endloop
  endfacet
  facet normal -1 -0 0
    outer loop
      vertex 50.62 79.2 2.5
      vertex 50.62 77 0
      vertex 50.62 77 2.5
    endloop
  endfacet
  facet normal 1 -0 0
    outer loop
      vertex 32.62 77 2.5
      vertex 32.62 79.2 0
      vertex 32.62 79.2 2.5
    endloop
  endfacet
  facet normal 1 0 0
    outer loop
      vertex 32.62 79.2 0
      vertex 32.62 77 2.5
      vertex 32.62 77 0
    endloop
  endfacet
  facet normal 0 -1 0
    outer loop
      vertex 32.62 79.2 0
      vertex 50.62 79.2 2.5
      vertex 32.62 79.2 2.5
    endloop
  endfacet
  facet normal 0 -1 -0
    outer loop
      vertex 50.62 79.2 2.5
      vertex 32.62 79.2 0
      vertex 50.62 79.2 0
    endloop
  endfacet
  facet normal 0 1 -0
    outer loop
      vertex 50.62 77 0
      vertex 32.62 77 2.5
      vertex 50.62 77 2.5
    endloop
  endfacet
  facet normal 0 1 0
    outer loop
      vertex 32.62 77 2.5
      vertex 50.62 77 0
      vertex 32.62 77 0
    endloop
  endfacet
  facet normal -1 0 0
    outer loop
      vertex 50.62 81 0
      vertex 50.62 83.2 2.5
      vertex 50.62 83.2 0
    endloop
  endfacet
  facet normal -1 -0 0
    outer loop
      vertex 50.62 83.2 2.5
      vertex 50.62 81 0
      vertex 50.62 81 2.5
    endloop
  endfacet
  facet normal 1 -0 0
    outer loop
      vertex 32.62 81 2.5
      vertex 32.62 83.2 0
      vertex 32.62 83.2 2.5
    endloop
  endfacet
  facet normal 1 0 0
    outer loop
      vertex 32.62 83.2 0
      vertex 32.62 81 2.5
      vertex 32.62 81 0
    endloop
  endfacet
  facet normal 0 -1 0
    outer loop
      vertex 32.62 83.2 0
      vertex 50.62 83.2 2.5
      vertex 32.62 83.2 2.5
    endloop
  endfacet
  facet normal 0 -1 -0
    outer loop
      vertex 50.62 83.2 2.5
      vertex 32.62 83.2 0
      vertex 50.62 83.2 0
    endloop
  endfacet
  facet normal 0 1 -0
    outer loop
      vertex 50.62 81 0
      vertex 32.62 81 2.5
      vertex 50.62 81 2.5
    endloop
  endfacet
  facet normal 0 1 0
    outer loop
      vertex 32.62 81 2.5
      vertex 50.62 81 0
      vertex 32.62 81 0
    endloop
  endfacet
  facet normal -1 0 0
    outer loop
      vertex 80.62 57 0
      vertex 80.62 59.2 2.5
      vertex 80.62 59.2 0
    endloop
  endfacet
  facet normal -1 -0 0
    outer loop
      vertex 80.62 59.2 2.5
      vertex 80.62 57 0
      vertex 80.62 57 2.5
    endloop
  endfacet
  facet normal 1 -0 0
    outer loop
      vertex 62.62 57 2.5
      vertex 62.62 59.2 0
      vertex 62.62 59.2 2.5
    endloop
  endfacet
  facet normal 1 0 0
    outer loop
      vertex 62.62 59.2 0
      vertex 62.62 57 2.5
      vertex 62.62 57 0
    endloop
  endfacet
  facet normal 0 -1 0
    outer loop
      vertex 62.62 59.2 0
      vertex 80.62 59.2 2.5
      vertex 62.62 59.2 2.5
    endloop
  endfacet
  facet normal 0 -1 -0
    outer loop
      vertex 80.62 59.2 2.5
      vertex 62.62 59.2 0
      vertex 80.62 59.2 0
    endloop
  endfacet
  facet normal 0 1 -0
    outer loop
      vertex 80.62 57 0
      vertex 62.62 57 2.5
      vertex 80.62 57 2.5
    endloop
  endfacet
  facet normal 0 1 0
    outer loop
      vertex 62.62 57 2.5
      vertex 80.62 57 0
      vertex 62.62 57 0
    endloop
  endfacet
  facet normal -1 0 0
    outer loop
      vertex 80.62 61 0
      vertex 80.62 63.2 2.5
      vertex 80.62 63.2 0
    endloop
  endfacet
  facet normal -1 -0 0
    outer loop
      vertex 80.62 63.2 2.5
      vertex 80.62 61 0
      vertex 80.62 61 2.5
    endloop
  endfacet
  facet normal 1 -0 0
    outer loop
      vertex 62.62 61 2.5
      vertex 62.62 63.2 0
      vertex 62.62 63.2 2.5
    endloop
  endfacet
  facet normal 1 0 0
    outer loop
      vertex 62.62 63.2 0
      vertex 62.62 61 2.5
      vertex 62.62 61 0
    endloop
  endfacet
  facet normal 0 -1 0
    outer loop
      vertex 62.62 63.2 0
      vertex 80.62 63.2 2.5
      vertex 62.62 63.2 2.5
    endloop
  endfacet
  facet normal 0 -1 -0
    outer loop
      vertex 80.62 63.2 2.5
      vertex 62.62 63.2 0
      vertex 80.62 63.2 0
    endloop
  endfacet
  facet normal 0 1 -0
    outer loop
      vertex 80.62 61 0
      vertex 62.62 61 2.5
      vertex 80.62 61 2.5
    endloop
  endfacet
  facet normal 0 1 0
    outer loop
      vertex 62.62 61 2.5
      vertex 80.62 61 0
      vertex 62.62 61 0
    endloop
  endfacet
  facet normal -1 0 0
    outer loop
      vertex 80.62 65 0
      vertex 80.62 67.2 2.5
      vertex 80.62 67.2 0
    endloop
  endfacet
  facet normal -1 -0 0
    outer loop
      vertex 80.62 67.2 2.5
      vertex 80.62 65 0
      vertex 80.62 65 2.5
    endloop
  endfacet
  facet normal 1 -0 0
    outer loop
      vertex 62.62 65 2.5
      vertex 62.62 67.2 0
      vertex 62.62 67.2 2.5
    endloop
  endfacet
  facet normal 1 0 0
    outer loop
      vertex 62.62 67.2 0
      vertex 62.62 65 2.5
      vertex 62.62 65 0
    endloop
  endfacet
  facet normal 0 -1 0
    outer loop
      vertex 62.62 67.2 0
      vertex 80.62 67.2 2.5
      vertex 62.62 67.2 2.5
    endloop
  endfacet
  facet normal 0 -1 -0
    outer loop
      vertex 80.62 67.2 2.5
      vertex 62.62 67.2 0
      vertex 80.62 67.2 0
    endloop
  endfacet
  facet normal 0 1 -0
    outer loop
      vertex 80.62 65 0
      vertex 62.62 65 2.5
      vertex 80.62 65 2.5
    endloop
  endfacet
  facet normal 0 1 0
    outer loop
      vertex 62.62 65 2.5
      vertex 80.62 65 0
      vertex 62.62 65 0
    endloop
  endfacet
  facet normal -1 0 0
    outer loop
      vertex 80.62 69 0
      vertex 80.62 71.2 2.5
      vertex 80.62 71.2 0
    endloop
  endfacet
  facet normal -1 -0 0
    outer loop
      vertex 80.62 71.2 2.5
      vertex 80.62 69 0
      vertex 80.62 69 2.5
    endloop
  endfacet
  facet normal 1 -0 0
    outer loop
      vertex 62.62 69 2.5
      vertex 62.62 71.2 0
      vertex 62.62 71.2 2.5
    endloop
  endfacet
  facet normal 1 0 0
    outer loop
      vertex 62.62 71.2 0
      vertex 62.62 69 2.5
      vertex 62.62 69 0
    endloop
  endfacet
  facet normal 0 -1 0
    outer loop
      vertex 62.62 71.2 0
      vertex 80.62 71.2 2.5
      vertex 62.62 71.2 2.5
    endloop
  endfacet
  facet normal 0 -1 -0
    outer loop
      vertex 80.62 71.2 2.5
      vertex 62.62 71.2 0
      vertex 80.62 71.2 0
    endloop
  endfacet
  facet normal 0 1 -0
    outer loop
      vertex 80.62 69 0
      vertex 62.62 69 2.5
      vertex 80.62 69 2.5
    endloop
  endfacet
  facet normal 0 1 0
    outer loop
      vertex 62.62 69 2.5
      vertex 80.62 69 0
      vertex 62.62 69 0
    endloop
  endfacet
  facet normal -1 0 0
    outer loop
      vertex 80.62 73 0
      vertex 80.62 75.2 2.5
      vertex 80.62 75.2 0
    endloop
  endfacet
  facet normal -1 -0 0
    outer loop
      vertex 80.62 75.2 2.5
      vertex 80.62 73 0
      vertex 80.62 73 2.5
    endloop
  endfacet
  facet normal 1 -0 0
    outer loop
      vertex 62.62 73 2.5
      vertex 62.62 75.2 0
      vertex 62.62 75.2 2.5
    endloop
  endfacet
  facet normal 1 0 0
    outer loop
      vertex 62.62 75.2 0
      vertex 62.62 73 2.5
      vertex 62.62 73 0
    endloop
  endfacet
  facet normal 0 -1 0
    outer loop
      vertex 62.62 75.2 0
      vertex 80.62 75.2 2.5
      vertex 62.62 75.2 2.5
    endloop
  endfacet
  facet normal 0 -1 -0
    outer loop
      vertex 80.62 75.2 2.5
      vertex 62.62 75.2 0
      vertex 80.62 75.2 0
    endloop
  endfacet
  facet normal 0 1 -0
    outer loop
      vertex 80.62 73 0
      vertex 62.62 73 2.5
      vertex 80.62 73 2.5
    endloop
  endfacet
  facet normal 0 1 0
    outer loop
      vertex 62.62 73 2.5
      vertex 80.62 73 0
      vertex 62.62 73 0
    endloop
  endfacet
  facet normal -1 0 0
    outer loop
      vertex 80.62 77 0
      vertex 80.62 79.2 2.5
      vertex 80.62 79.2 0
    endloop
  endfacet
  facet normal -1 -0 0
    outer loop
      vertex 80.62 79.2 2.5
      vertex 80.62 77 0
      vertex 80.62 77 2.5
    endloop
  endfacet
  facet normal 1 -0 0
    outer loop
      vertex 62.62 77 2.5
      vertex 62.62 79.2 0
      vertex 62.62 79.2 2.5
    endloop
  endfacet
  facet normal 1 0 0
    outer loop
      vertex 62.62 79.2 0
      vertex 62.62 77 2.5
      vertex 62.62 77 0
    endloop
  endfacet
  facet normal 0 -1 0
    outer loop
      vertex 62.62 79.2 0
      vertex 80.62 79.2 2.5
      vertex 62.62 79.2 2.5
    endloop
  endfacet
  facet normal 0 -1 -0
    outer loop
      vertex 80.62 79.2 2.5
      vertex 62.62 79.2 0
      vertex 80.62 79.2 0
    endloop
  endfacet
  facet normal 0 1 -0
    outer loop
      vertex 80.62 77 0
      vertex 62.62 77 2.5
      vertex 80.62 77 2.5
    endloop
  endfacet
  facet normal 0 1 0
    outer loop
      vertex 62.62 77 2.5
      vertex 80.62 77 0
      vertex 62.62 77 0
    endloop
  endfacet
  facet normal -1 0 0
    outer loop
      vertex 80.62 81 0
      vertex 80.62 83.2 2.5
      vertex 80.62 83.2 0
    endloop
  endfacet
  facet normal -1 -0 0
    outer loop
      vertex 80.62 83.2 2.5
      vertex 80.62 81 0
      vertex 80.62 81 2.5
    endloop
  endfacet
  facet normal 1 -0 0
    outer loop
      vertex 62.62 81 2.5
      vertex 62.62 83.2 0
      vertex 62.62 83.2 2.5
    endloop
  endfacet
  facet normal 1 0 0
    outer loop
      vertex 62.62 83.2 0
      vertex 62.62 81 2.5
      vertex 62.62 81 0
    endloop
  endfacet
  facet normal 0 -1 0
    outer loop
      vertex 62.62 83.2 0
      vertex 80.62 83.2 2.5
      vertex 62.62 83.2 2.5
    endloop
  endfacet
  facet normal 0 -1 -0
    outer loop
      vertex 80.62 83.2 2.5
      vertex 62.62 83.2 0
      vertex 80.62 83.2 0
    endloop
  endfacet
  facet normal 0 1 -0
    outer loop
      vertex 80.62 81 0
      vertex 62.62 81 2.5
      vertex 80.62 81 2.5
    endloop
  endfacet
  facet normal 0 1 0
    outer loop
      vertex 62.62 81 2.5
      vertex 80.62 81 0
      vertex 62.62 81 0
    endloop
  endfacet
  facet normal -1 0 0
    outer loop
      vertex 110.62 57 0
      vertex 110.62 59.2 2.5
      vertex 110.62 59.2 0
    endloop
  endfacet
  facet normal -1 -0 0
    outer loop
      vertex 110.62 59.2 2.5
      vertex 110.62 57 0
      vertex 110.62 57 2.5
    endloop
  endfacet
  facet normal 1 -0 0
    outer loop
      vertex 92.62 57 2.5
      vertex 92.62 59.2 0
      vertex 92.62 59.2 2.5
    endloop
  endfacet
  facet normal 1 0 0
    outer loop
      vertex 92.62 59.2 0
      vertex 92.62 57 2.5
      vertex 92.62 57 0
    endloop
  endfacet
  facet normal 0 -1 0
    outer loop
      vertex 92.62 59.2 0
      vertex 110.62 59.2 2.5
      vertex 92.62 59.2 2.5
    endloop
  endfacet
  facet normal 0 -1 -0
    outer loop
      vertex 110.62 59.2 2.5
      vertex 92.62 59.2 0
      vertex 110.62 59.2 0
    endloop
  endfacet
  facet normal 0 1 -0
    outer loop
      vertex 110.62 57 0
      vertex 92.62 57 2.5
      vertex 110.62 57 2.5
    endloop
  endfacet
  facet normal 0 1 0
    outer loop
      vertex 92.62 57 2.5
      vertex 110.62 57 0
      vertex 92.62 57 0
    endloop
  endfacet
  facet normal -1 0 0
    outer loop
      vertex 110.62 61 0
      vertex 110.62 63.2 2.5
      vertex 110.62 63.2 0
    endloop
  endfacet
  facet normal -1 -0 0
    outer loop
      vertex 110.62 63.2 2.5
      vertex 110.62 61 0
      vertex 110.62 61 2.5
    endloop
  endfacet
  facet normal 1 -0 0
    outer loop
      vertex 92.62 61 2.5
      vertex 92.62 63.2 0
      vertex 92.62 63.2 2.5
    endloop
  endfacet
  facet normal 1 0 0
    outer loop
      vertex 92.62 63.2 0
      vertex 92.62 61 2.5
      vertex 92.62 61 0
    endloop
  endfacet
  facet normal 0 -1 0
    outer loop
      vertex 92.62 63.2 0
      vertex 110.62 63.2 2.5
      vertex 92.62 63.2 2.5
    endloop
  endfacet
  facet normal 0 -1 -0
    outer loop
      vertex 110.62 63.2 2.5
      vertex 92.62 63.2 0
      vertex 110.62 63.2 0
    endloop
  endfacet
  facet normal 0 1 -0
    outer loop
      vertex 110.62 61 0
      vertex 92.62 61 2.5
      vertex 110.62 61 2.5
    endloop
  endfacet
  facet normal 0 1 0
    outer loop
      vertex 92.62 61 2.5
      vertex 110.62 61 0
      vertex 92.62 61 0
    endloop
  endfacet
  facet normal -1 0 0
    outer loop
      vertex 110.62 65 0
      vertex 110.62 67.2 2.5
      vertex 110.62 67.2 0
    endloop
  endfacet
  facet normal -1 -0 0
    outer loop
      vertex 110.62 67.2 2.5
      vertex 110.62 65 0
      vertex 110.62 65 2.5
    endloop
  endfacet
  facet normal 1 -0 0
    outer loop
      vertex 92.62 65 2.5
      vertex 92.62 67.2 0
      vertex 92.62 67.2 2.5
    endloop
  endfacet
  facet normal 1 0 0
    outer loop
      vertex 92.62 67.2 0
      vertex 92.62 65 2.5
      vertex 92.62 65 0
    endloop
  endfacet
  facet normal 0 -1 0
    outer loop
      vertex 92.62 67.2 0
      vertex 110.62 67.2 2.5
      vertex 92.62 67.2 2.5
    endloop
  endfacet
  facet normal 0 -1 -0
    outer loop
      vertex 110.62 67.2 2.5
      vertex 92.62 67.2 0
      vertex 110.62 67.2 0
    endloop
  endfacet
  facet normal 0 1 -0
    outer loop
      vertex 110.62 65 0
      vertex 92.62 65 2.5
      vertex 110.62 65 2.5
    endloop
  endfacet
  facet normal 0 1 0
    outer loop
      vertex 92.62 65 2.5
      vertex 110.62 65 0
      vertex 92.62 65 0
    endloop
  endfacet
  facet normal -1 0 0
    outer loop
      vertex 110.62 69 0
      vertex 110.62 71.2 2.5
      vertex 110.62 71.2 0
    endloop
  endfacet
  facet normal -1 -0 0
    outer loop
      vertex 110.62 71.2 2.5
      vertex 110.62 69 0
      vertex 110.62 69 2.5
    endloop
  endfacet
  facet normal 1 -0 0
    outer loop
      vertex 92.62 69 2.5
      vertex 92.62 71.2 0
      vertex 92.62 71.2 2.5
    endloop
  endfacet
  facet normal 1 0 0
    outer loop
      vertex 92.62 71.2 0
      vertex 92.62 69 2.5
      vertex 92.62 69 0
    endloop
  endfacet
  facet normal 0 -1 0
    outer loop
      vertex 92.62 71.2 0
      vertex 110.62 71.2 2.5
      vertex 92.62 71.2 2.5
    endloop
  endfacet
  facet normal 0 -1 -0
    outer loop
      vertex 110.62 71.2 2.5
      vertex 92.62 71.2 0
      vertex 110.62 71.2 0
    endloop
  endfacet
  facet normal 0 1 -0
    outer loop
      vertex 110.62 69 0
      vertex 92.62 69 2.5
      vertex 110.62 69 2.5
    endloop
  endfacet
  facet normal 0 1 0
    outer loop
      vertex 92.62 69 2.5
      vertex 110.62 69 0
      vertex 92.62 69 0
    endloop
  endfacet
  facet normal -1 0 0
    outer loop
      vertex 110.62 73 0
      vertex 110.62 75.2 2.5
      vertex 110.62 75.2 0
    endloop
  endfacet
  facet normal -1 -0 0
    outer loop
      vertex 110.62 75.2 2.5
      vertex 110.62 73 0
      vertex 110.62 73 2.5
    endloop
  endfacet
  facet normal 1 -0 0
    outer loop
      vertex 92.62 73 2.5
      vertex 92.62 75.2 0
      vertex 92.62 75.2 2.5
    endloop
  endfacet
  facet normal 1 0 0
    outer loop
      vertex 92.62 75.2 0
      vertex 92.62 73 2.5
      vertex 92.62 73 0
    endloop
  endfacet
  facet normal 0 -1 0
    outer loop
      vertex 92.62 75.2 0
      vertex 110.62 75.2 2.5
      vertex 92.62 75.2 2.5
    endloop
  endfacet
  facet normal 0 -1 -0
    outer loop
      vertex 110.62 75.2 2.5
      vertex 92.62 75.2 0
      vertex 110.62 75.2 0
    endloop
  endfacet
  facet normal 0 1 -0
    outer loop
      vertex 110.62 73 0
      vertex 92.62 73 2.5
      vertex 110.62 73 2.5
    endloop
  endfacet
  facet normal 0 1 0
    outer loop
      vertex 92.62 73 2.5
      vertex 110.62 73 0
      vertex 92.62 73 0
    endloop
  endfacet
  facet normal -1 0 0
    outer loop
      vertex 110.62 77 0
      vertex 110.62 79.2 2.5
      vertex 110.62 79.2 0
    endloop
  endfacet
  facet normal -1 -0 0
    outer loop
      vertex 110.62 79.2 2.5
      vertex 110.62 77 0
      vertex 110.62 77 2.5
    endloop
  endfacet
  facet normal 1 -0 0
    outer loop
      vertex 92.62 77 2.5
      vertex 92.62 79.2 0
      vertex 92.62 79.2 2.5
    endloop
  endfacet
  facet normal 1 0 0
    outer loop
      vertex 92.62 79.2 0
      vertex 92.62 77 2.5
      vertex 92.62 77 0
    endloop
  endfacet
  facet normal 0 -1 0
    outer loop
      vertex 92.62 79.2 0
      vertex 110.62 79.2 2.5
      vertex 92.62 79.2 2.5
    endloop
  endfacet
  facet normal 0 -1 -0
    outer loop
      vertex 110.62 79.2 2.5
      vertex 92.62 79.2 0
      vertex 110.62 79.2 0
    endloop
  endfacet
  facet normal 0 1 -0
    outer loop
      vertex 110.62 77 0
      vertex 92.62 77 2.5
      vertex 110.62 77 2.5
    endloop
  endfacet
  facet normal 0 1 0
    outer loop
      vertex 92.62 77 2.5
      vertex 110.62 77 0
      vertex 92.62 77 0
    endloop
  endfacet
  facet normal -1 0 0
    outer loop
      vertex 110.62 81 0
      vertex 110.62 83.2 2.5
      vertex 110.62 83.2 0
    endloop
  endfacet
  facet normal -1 -0 0
    outer loop
      vertex 110.62 83.2 2.5
      vertex 110.62 81 0
      vertex 110.62 81 2.5
    endloop
  endfacet
  facet normal 1 -0 0
    outer loop
      vertex 92.62 81 2.5
      vertex 92.62 83.2 0
      vertex 92.62 83.2 2.5
    endloop
  endfacet
  facet normal 1 0 0
    outer loop
      vertex 92.62 83.2 0
      vertex 92.62 81 2.5
      vertex 92.62 81 0
    endloop
  endfacet
  facet normal 0 -1 0
    outer loop
      vertex 92.62 83.2 0
      vertex 110.62 83.2 2.5
      vertex 92.62 83.2 2.5
    endloop
  endfacet
  facet normal 0 -1 -0
    outer loop
      vertex 110.62 83.2 2.5
      vertex 92.62 83.2 0
      vertex 110.62 83.2 0
    endloop
  endfacet
  facet normal 0 1 -0
    outer loop
      vertex 110.62 81 0
      vertex 92.62 81 2.5
      vertex 110.62 81 2.5
    endloop
  endfacet
  facet normal 0 1 0
    outer loop
      vertex 92.62 81 2.5
      vertex 110.62 81 0
      vertex 92.62 81 0
    endloop
  endfacet
  facet normal -1 0 0
    outer loop
      vertex 140.62 57 0
      vertex 140.62 59.2 2.5
      vertex 140.62 59.2 0
    endloop
  endfacet
  facet normal -1 -0 0
    outer loop
      vertex 140.62 59.2 2.5
      vertex 140.62 57 0
      vertex 140.62 57 2.5
    endloop
  endfacet
  facet normal 1 -0 0
    outer loop
      vertex 122.62 57 2.5
      vertex 122.62 59.2 0
      vertex 122.62 59.2 2.5
    endloop
  endfacet
  facet normal 1 0 0
    outer loop
      vertex 122.62 59.2 0
      vertex 122.62 57 2.5
      vertex 122.62 57 0
    endloop
  endfacet
  facet normal 0 -1 0
    outer loop
      vertex 122.62 59.2 0
      vertex 140.62 59.2 2.5
      vertex 122.62 59.2 2.5
    endloop
  endfacet
  facet normal 0 -1 -0
    outer loop
      vertex 140.62 59.2 2.5
      vertex 122.62 59.2 0
      vertex 140.62 59.2 0
    endloop
  endfacet
  facet normal 0 1 -0
    outer loop
      vertex 140.62 57 0
      vertex 122.62 57 2.5
      vertex 140.62 57 2.5
    endloop
  endfacet
  facet normal 0 1 0
    outer loop
      vertex 122.62 57 2.5
      vertex 140.62 57 0
      vertex 122.62 57 0
    endloop
  endfacet
  facet normal -1 0 0
    outer loop
      vertex 140.62 61 0
      vertex 140.62 63.2 2.5
      vertex 140.62 63.2 0
    endloop
  endfacet
  facet normal -1 -0 0
    outer loop
      vertex 140.62 63.2 2.5
      vertex 140.62 61 0
      vertex 140.62 61 2.5
    endloop
  endfacet
  facet normal 1 -0 0
    outer loop
      vertex 122.62 61 2.5
      vertex 122.62 63.2 0
      vertex 122.62 63.2 2.5
    endloop
  endfacet
  facet normal 1 0 0
    outer loop
      vertex 122.62 63.2 0
      vertex 122.62 61 2.5
      vertex 122.62 61 0
    endloop
  endfacet
  facet normal 0 -1 0
    outer loop
      vertex 122.62 63.2 0
      vertex 140.62 63.2 2.5
      vertex 122.62 63.2 2.5
    endloop
  endfacet
  facet normal 0 -1 -0
    outer loop
      vertex 140.62 63.2 2.5
      vertex 122.62 63.2 0
      vertex 140.62 63.2 0
    endloop
  endfacet
  facet normal 0 1 -0
    outer loop
      vertex 140.62 61 0
      vertex 122.62 61 2.5
      vertex 140.62 61 2.5
    endloop
  endfacet
  facet normal 0 1 0
    outer loop
      vertex 122.62 61 2.5
      vertex 140.62 61 0
      vertex 122.62 61 0
    endloop
  endfacet
  facet normal -1 0 0
    outer loop
      vertex 140.62 65 0
      vertex 140.62 67.2 2.5
      vertex 140.62 67.2 0
    endloop
  endfacet
  facet normal -1 -0 0
    outer loop
      vertex 140.62 67.2 2.5
      vertex 140.62 65 0
      vertex 140.62 65 2.5
    endloop
  endfacet
  facet normal 1 -0 0
    outer loop
      vertex 122.62 65 2.5
      vertex 122.62 67.2 0
      vertex 122.62 67.2 2.5
    endloop
  endfacet
  facet normal 1 0 0
    outer loop
      vertex 122.62 67.2 0
      vertex 122.62 65 2.5
      vertex 122.62 65 0
    endloop
  endfacet
  facet normal 0 -1 0
    outer loop
      vertex 122.62 67.2 0
      vertex 140.62 67.2 2.5
      vertex 122.62 67.2 2.5
    endloop
  endfacet
  facet normal 0 -1 -0
    outer loop
      vertex 140.62 67.2 2.5
      vertex 122.62 67.2 0
      vertex 140.62 67.2 0
    endloop
  endfacet
  facet normal 0 1 -0
    outer loop
      vertex 140.62 65 0
      vertex 122.62 65 2.5
      vertex 140.62 65 2.5
    endloop
  endfacet
  facet normal 0 1 0
    outer loop
      vertex 122.62 65 2.5
      vertex 140.62 65 0
      vertex 122.62 65 0
    endloop
  endfacet
  facet normal -1 0 0
    outer loop
      vertex 140.62 69 0
      vertex 140.62 71.2 2.5
      vertex 140.62 71.2 0
    endloop
  endfacet
  facet normal -1 -0 0
    outer loop
      vertex 140.62 71.2 2.5
      vertex 140.62 69 0
      vertex 140.62 69 2.5
    endloop
  endfacet
  facet normal 1 -0 0
    outer loop
      vertex 122.62 69 2.5
      vertex 122.62 71.2 0
      vertex 122.62 71.2 2.5
    endloop
  endfacet
  facet normal 1 0 0
    outer loop
      vertex 122.62 71.2 0
      vertex 122.62 69 2.5
      vertex 122.62 69 0
    endloop
  endfacet
  facet normal 0 -1 0
    outer loop
      vertex 122.62 71.2 0
      vertex 140.62 71.2 2.5
      vertex 122.62 71.2 2.5
    endloop
  endfacet
  facet normal 0 -1 -0
    outer loop
      vertex 140.62 71.2 2.5
      vertex 122.62 71.2 0
      vertex 140.62 71.2 0
    endloop
  endfacet
  facet normal 0 1 -0
    outer loop
      vertex 140.62 69 0
      vertex 122.62 69 2.5
      vertex 140.62 69 2.5
    endloop
  endfacet
  facet normal 0 1 0
    outer loop
      vertex 122.62 69 2.5
      vertex 140.62 69 0
      vertex 122.62 69 0
    endloop
  endfacet
  facet normal -1 0 0
    outer loop
      vertex 140.62 73 0
      vertex 140.62 75.2 2.5
      vertex 140.62 75.2 0
    endloop
  endfacet
  facet normal -1 -0 0
    outer loop
      vertex 140.62 75.2 2.5
      vertex 140.62 73 0
      vertex 140.62 73 2.5
    endloop
  endfacet
  facet normal 1 -0 0
    outer loop
      vertex 122.62 73 2.5
      vertex 122.62 75.2 0
      vertex 122.62 75.2 2.5
    endloop
  endfacet
  facet normal 1 0 0
    outer loop
      vertex 122.62 75.2 0
      vertex 122.62 73 2.5
      vertex 122.62 73 0
    endloop
  endfacet
  facet normal 0 -1 0
    outer loop
      vertex 122.62 75.2 0
      vertex 140.62 75.2 2.5
      vertex 122.62 75.2 2.5
    endloop
  endfacet
  facet normal 0 -1 -0
    outer loop
      vertex 140.62 75.2 2.5
      vertex 122.62 75.2 0
      vertex 140.62 75.2 0
    endloop
  endfacet
  facet normal 0 1 -0
    outer loop
      vertex 140.62 73 0
      vertex 122.62 73 2.5
      vertex 140.62 73 2.5
    endloop
  endfacet
  facet normal 0 1 0
    outer loop
      vertex 122.62 73 2.5
      vertex 140.62 73 0
      vertex 122.62 73 0
    endloop
  endfacet
  facet normal -1 0 0
    outer loop
      vertex 140.62 77 0
      vertex 140.62 79.2 2.5
      vertex 140.62 79.2 0
    endloop
  endfacet
  facet normal -1 -0 0
    outer loop
      vertex 140.62 79.2 2.5
      vertex 140.62 77 0
      vertex 140.62 77 2.5
    endloop
  endfacet
  facet normal 1 -0 0
    outer loop
      vertex 122.62 77 2.5
      vertex 122.62 79.2 0
      vertex 122.62 79.2 2.5
    endloop
  endfacet
  facet normal 1 0 0
    outer loop
      vertex 122.62 79.2 0
      vertex 122.62 77 2.5
      vertex 122.62 77 0
    endloop
  endfacet
  facet normal 0 -1 0
    outer loop
      vertex 122.62 79.2 0
      vertex 140.62 79.2 2.5
      vertex 122.62 79.2 2.5
    endloop
  endfacet
  facet normal 0 -1 -0
    outer loop
      vertex 140.62 79.2 2.5
      vertex 122.62 79.2 0
      vertex 140.62 79.2 0
    endloop
  endfacet
  facet normal 0 1 -0
    outer loop
      vertex 140.62 77 0
      vertex 122.62 77 2.5
      vertex 140.62 77 2.5
    endloop
  endfacet
  facet normal 0 1 0
    outer loop
      vertex 122.62 77 2.5
      vertex 140.62 77 0
      vertex 122.62 77 0
    endloop
  endfacet
  facet normal -1 0 0
    outer loop
      vertex 140.62 81 0
      vertex 140.62 83.2 2.5
      vertex 140.62 83.2 0
    endloop
  endfacet
  facet normal -1 -0 0
    outer loop
      vertex 140.62 83.2 2.5
      vertex 140.62 81 0
      vertex 140.62 81 2.5
    endloop
  endfacet
  facet normal 1 -0 0
    outer loop
      vertex 122.62 81 2.5
      vertex 122.62 83.2 0
      vertex 122.62 83.2 2.5
    endloop
  endfacet
  facet normal 1 0 0
    outer loop
      vertex 122.62 83.2 0
      vertex 122.62 81 2.5
      vertex 122.62 81 0
    endloop
  endfacet
  facet normal 0 -1 0
    outer loop
      vertex 122.62 83.2 0
      vertex 140.62 83.2 2.5
      vertex 122.62 83.2 2.5
    endloop
  endfacet
  facet normal 0 -1 -0
    outer loop
      vertex 140.62 83.2 2.5
      vertex 122.62 83.2 0
      vertex 140.62 83.2 0
    endloop
  endfacet
  facet normal 0 1 -0
    outer loop
      vertex 140.62 81 0
      vertex 122.62 81 2.5
      vertex 140.62 81 2.5
    endloop
  endfacet
  facet normal 0 1 0
    outer loop
      vertex 122.62 81 2.5
      vertex 140.62 81 0
      vertex 122.62 81 0
    endloop
  endfacet
endsolid OpenSCAD_Model
