solid OpenSCAD_Model
  facet normal 0.923863 -0.382723 0
    outer loop
      vertex 51.7447 50.5451 14
      vertex 52.045 51.27 11.5
      vertex 52.045 51.27 14
    endloop
  endfacet
  facet normal 0.923863 -0.382723 0
    outer loop
      vertex 52.045 51.27 11.5
      vertex 51.7447 50.5451 14
      vertex 51.7447 50.5451 11.5
    endloop
  endfacet
  facet normal -0.233378 0.972386 0
    outer loop
      vertex 58.0451 44.2447 11.5
      vertex 57.2822 44.0616 14
      vertex 58.0451 44.2447 14
    endloop
  endfacet
  facet normal -0.233378 0.972386 0
    outer loop
      vertex 57.2822 44.0616 14
      vertex 58.0451 44.2447 11.5
      vertex 57.2822 44.0616 11.5
    endloop
  endfacet
  facet normal -0.972386 -0.233378 0
    outer loop
      vertex 61.4384 49.7822 11.5
      vertex 61.2553 50.5451 14
      vertex 61.2553 50.5451 11.5
    endloop
  endfacet
  facet normal -0.972386 -0.233378 0
    outer loop
      vertex 61.2553 50.5451 14
      vertex 61.4384 49.7822 11.5
      vertex 61.4384 49.7822 14
    endloop
  endfacet
  facet normal -0.996913 -0.0785092 0
    outer loop
      vertex 61.5 49 11.5
      vertex 61.4384 49.7822 14
      vertex 61.4384 49.7822 11.5
    endloop
  endfacet
  facet normal -0.996913 -0.0785092 0
    outer loop
      vertex 61.4384 49.7822 14
      vertex 61.5 49 11.5
      vertex 61.5 49 14
    endloop
  endfacet
  facet normal -0.996913 0.0785092 0
    outer loop
      vertex 61.4384 48.2178 11.5
      vertex 61.5 49 14
      vertex 61.5 49 11.5
    endloop
  endfacet
  facet normal -0.996913 0.0785092 0
    outer loop
      vertex 61.5 49 14
      vertex 61.4384 48.2178 11.5
      vertex 61.4384 48.2178 14
    endloop
  endfacet
  facet normal -0.760371 -0.649489 0
    outer loop
      vertex 60.5451 51.9389 11.5
      vertex 60.0355 52.5355 14
      vertex 60.0355 52.5355 11.5
    endloop
  endfacet
  facet normal -0.760371 -0.649489 0
    outer loop
      vertex 60.0355 52.5355 14
      vertex 60.5451 51.9389 11.5
      vertex 60.5451 51.9389 14
    endloop
  endfacet
  facet normal -0.649489 -0.760371 0
    outer loop
      vertex 59.4389 53.0451 11.5
      vertex 60.0355 52.5355 14
      vertex 59.4389 53.0451 14
    endloop
  endfacet
  facet normal -0.649489 -0.760371 -0
    outer loop
      vertex 60.0355 52.5355 14
      vertex 59.4389 53.0451 11.5
      vertex 60.0355 52.5355 11.5
    endloop
  endfacet
  facet normal 0.649489 -0.760371 0
    outer loop
      vertex 52.9645 52.5355 11.5
      vertex 53.5611 53.0451 14
      vertex 52.9645 52.5355 14
    endloop
  endfacet
  facet normal 0.649489 -0.760371 0
    outer loop
      vertex 53.5611 53.0451 14
      vertex 52.9645 52.5355 11.5
      vertex 53.5611 53.0451 11.5
    endloop
  endfacet
  facet normal 0.522496 0.852642 -0
    outer loop
      vertex 54.23 44.545 11.5
      vertex 53.5611 44.9549 14
      vertex 54.23 44.545 14
    endloop
  endfacet
  facet normal 0.522496 0.852642 0
    outer loop
      vertex 53.5611 44.9549 14
      vertex 54.23 44.545 11.5
      vertex 53.5611 44.9549 11.5
    endloop
  endfacet
  facet normal 0.972386 -0.233378 0
    outer loop
      vertex 51.5616 49.7822 14
      vertex 51.7447 50.5451 11.5
      vertex 51.7447 50.5451 14
    endloop
  endfacet
  facet normal 0.972386 -0.233378 0
    outer loop
      vertex 51.7447 50.5451 11.5
      vertex 51.5616 49.7822 14
      vertex 51.5616 49.7822 11.5
    endloop
  endfacet
  facet normal 0.972386 0.233378 0
    outer loop
      vertex 51.7447 47.4549 14
      vertex 51.5616 48.2178 11.5
      vertex 51.5616 48.2178 14
    endloop
  endfacet
  facet normal 0.972386 0.233378 0
    outer loop
      vertex 51.5616 48.2178 11.5
      vertex 51.7447 47.4549 14
      vertex 51.7447 47.4549 11.5
    endloop
  endfacet
  facet normal -0.852642 0.522496 0
    outer loop
      vertex 60.5451 46.0611 11.5
      vertex 60.955 46.73 14
      vertex 60.955 46.73 11.5
    endloop
  endfacet
  facet normal -0.852642 0.522496 0
    outer loop
      vertex 60.955 46.73 14
      vertex 60.5451 46.0611 11.5
      vertex 60.5451 46.0611 14
    endloop
  endfacet
  facet normal 0.382723 0.923863 -0
    outer loop
      vertex 54.9549 44.2447 11.5
      vertex 54.23 44.545 14
      vertex 54.9549 44.2447 14
    endloop
  endfacet
  facet normal 0.382723 0.923863 0
    outer loop
      vertex 54.23 44.545 14
      vertex 54.9549 44.2447 11.5
      vertex 54.23 44.545 11.5
    endloop
  endfacet
  facet normal 0.852642 0.522496 0
    outer loop
      vertex 52.4549 46.0611 14
      vertex 52.045 46.73 11.5
      vertex 52.045 46.73 14
    endloop
  endfacet
  facet normal 0.852642 0.522496 0
    outer loop
      vertex 52.045 46.73 11.5
      vertex 52.4549 46.0611 14
      vertex 52.4549 46.0611 11.5
    endloop
  endfacet
  facet normal 0.382723 -0.923863 0
    outer loop
      vertex 54.23 53.455 11.5
      vertex 54.9549 53.7553 14
      vertex 54.23 53.455 14
    endloop
  endfacet
  facet normal 0.382723 -0.923863 0
    outer loop
      vertex 54.9549 53.7553 14
      vertex 54.23 53.455 11.5
      vertex 54.9549 53.7553 11.5
    endloop
  endfacet
  facet normal -0.923863 0.382723 0
    outer loop
      vertex 60.955 46.73 11.5
      vertex 61.2553 47.4549 14
      vertex 61.2553 47.4549 11.5
    endloop
  endfacet
  facet normal -0.923863 0.382723 0
    outer loop
      vertex 61.2553 47.4549 14
      vertex 60.955 46.73 11.5
      vertex 60.955 46.73 14
    endloop
  endfacet
  facet normal -0.382723 -0.923863 0
    outer loop
      vertex 58.0451 53.7553 11.5
      vertex 58.77 53.455 14
      vertex 58.0451 53.7553 14
    endloop
  endfacet
  facet normal -0.382723 -0.923863 -0
    outer loop
      vertex 58.77 53.455 14
      vertex 58.0451 53.7553 11.5
      vertex 58.77 53.455 11.5
    endloop
  endfacet
  facet normal -0.233378 -0.972386 0
    outer loop
      vertex 57.2822 53.9384 11.5
      vertex 58.0451 53.7553 14
      vertex 57.2822 53.9384 14
    endloop
  endfacet
  facet normal -0.233378 -0.972386 -0
    outer loop
      vertex 58.0451 53.7553 14
      vertex 57.2822 53.9384 11.5
      vertex 58.0451 53.7553 11.5
    endloop
  endfacet
  facet normal -0.0785092 0.996913 0
    outer loop
      vertex 57.2822 44.0616 11.5
      vertex 56.5 44 14
      vertex 57.2822 44.0616 14
    endloop
  endfacet
  facet normal -0.0785092 0.996913 0
    outer loop
      vertex 56.5 44 14
      vertex 57.2822 44.0616 11.5
      vertex 56.5 44 11.5
    endloop
  endfacet
  facet normal 0.852642 -0.522496 0
    outer loop
      vertex 52.045 51.27 14
      vertex 52.4549 51.9389 11.5
      vertex 52.4549 51.9389 14
    endloop
  endfacet
  facet normal 0.852642 -0.522496 0
    outer loop
      vertex 52.4549 51.9389 11.5
      vertex 52.045 51.27 14
      vertex 52.045 51.27 11.5
    endloop
  endfacet
  facet normal 0.760371 -0.649489 0
    outer loop
      vertex 52.4549 51.9389 14
      vertex 52.9645 52.5355 11.5
      vertex 52.9645 52.5355 14
    endloop
  endfacet
  facet normal 0.760371 -0.649489 0
    outer loop
      vertex 52.9645 52.5355 11.5
      vertex 52.4549 51.9389 14
      vertex 52.4549 51.9389 11.5
    endloop
  endfacet
  facet normal 0.522496 -0.852642 0
    outer loop
      vertex 53.5611 53.0451 11.5
      vertex 54.23 53.455 14
      vertex 53.5611 53.0451 14
    endloop
  endfacet
  facet normal 0.522496 -0.852642 0
    outer loop
      vertex 54.23 53.455 14
      vertex 53.5611 53.0451 11.5
      vertex 54.23 53.455 11.5
    endloop
  endfacet
  facet normal 0.996913 0.0785092 0
    outer loop
      vertex 51.5616 48.2178 14
      vertex 51.5 49 11.5
      vertex 51.5 49 14
    endloop
  endfacet
  facet normal 0.996913 0.0785092 0
    outer loop
      vertex 51.5 49 11.5
      vertex 51.5616 48.2178 14
      vertex 51.5616 48.2178 11.5
    endloop
  endfacet
  facet normal -0.522496 -0.852642 0
    outer loop
      vertex 58.77 53.455 11.5
      vertex 59.4389 53.0451 14
      vertex 58.77 53.455 14
    endloop
  endfacet
  facet normal -0.522496 -0.852642 -0
    outer loop
      vertex 59.4389 53.0451 14
      vertex 58.77 53.455 11.5
      vertex 59.4389 53.0451 11.5
    endloop
  endfacet
  facet normal 0.0785092 -0.996913 0
    outer loop
      vertex 55.7178 53.9384 11.5
      vertex 56.5 54 14
      vertex 55.7178 53.9384 14
    endloop
  endfacet
  facet normal 0.0785092 -0.996913 0
    outer loop
      vertex 56.5 54 14
      vertex 55.7178 53.9384 11.5
      vertex 56.5 54 11.5
    endloop
  endfacet
  facet normal -0.522496 0.852642 0
    outer loop
      vertex 59.4389 44.9549 11.5
      vertex 58.77 44.545 14
      vertex 59.4389 44.9549 14
    endloop
  endfacet
  facet normal -0.522496 0.852642 0
    outer loop
      vertex 58.77 44.545 14
      vertex 59.4389 44.9549 11.5
      vertex 58.77 44.545 11.5
    endloop
  endfacet
  facet normal -0.0785092 -0.996913 0
    outer loop
      vertex 56.5 54 11.5
      vertex 57.2822 53.9384 14
      vertex 56.5 54 14
    endloop
  endfacet
  facet normal -0.0785092 -0.996913 -0
    outer loop
      vertex 57.2822 53.9384 14
      vertex 56.5 54 11.5
      vertex 57.2822 53.9384 11.5
    endloop
  endfacet
  facet normal 0.233378 -0.972386 0
    outer loop
      vertex 54.9549 53.7553 11.5
      vertex 55.7178 53.9384 14
      vertex 54.9549 53.7553 14
    endloop
  endfacet
  facet normal 0.233378 -0.972386 0
    outer loop
      vertex 55.7178 53.9384 14
      vertex 54.9549 53.7553 11.5
      vertex 55.7178 53.9384 11.5
    endloop
  endfacet
  facet normal -0.852642 -0.522496 0
    outer loop
      vertex 60.955 51.27 11.5
      vertex 60.5451 51.9389 14
      vertex 60.5451 51.9389 11.5
    endloop
  endfacet
  facet normal -0.852642 -0.522496 0
    outer loop
      vertex 60.5451 51.9389 14
      vertex 60.955 51.27 11.5
      vertex 60.955 51.27 14
    endloop
  endfacet
  facet normal 0.760371 0.649489 0
    outer loop
      vertex 52.9645 45.4645 14
      vertex 52.4549 46.0611 11.5
      vertex 52.4549 46.0611 14
    endloop
  endfacet
  facet normal 0.760371 0.649489 0
    outer loop
      vertex 52.4549 46.0611 11.5
      vertex 52.9645 45.4645 14
      vertex 52.9645 45.4645 11.5
    endloop
  endfacet
  facet normal -0.972386 0.233378 0
    outer loop
      vertex 61.2553 47.4549 11.5
      vertex 61.4384 48.2178 14
      vertex 61.4384 48.2178 11.5
    endloop
  endfacet
  facet normal -0.972386 0.233378 0
    outer loop
      vertex 61.4384 48.2178 14
      vertex 61.2553 47.4549 11.5
      vertex 61.2553 47.4549 14
    endloop
  endfacet
  facet normal 0.649489 0.760371 -0
    outer loop
      vertex 53.5611 44.9549 11.5
      vertex 52.9645 45.4645 14
      vertex 53.5611 44.9549 14
    endloop
  endfacet
  facet normal 0.649489 0.760371 0
    outer loop
      vertex 52.9645 45.4645 14
      vertex 53.5611 44.9549 11.5
      vertex 52.9645 45.4645 11.5
    endloop
  endfacet
  facet normal -0.760371 0.649489 0
    outer loop
      vertex 60.0355 45.4645 11.5
      vertex 60.5451 46.0611 14
      vertex 60.5451 46.0611 11.5
    endloop
  endfacet
  facet normal -0.760371 0.649489 0
    outer loop
      vertex 60.5451 46.0611 14
      vertex 60.0355 45.4645 11.5
      vertex 60.0355 45.4645 14
    endloop
  endfacet
  facet normal -0.649489 0.760371 0
    outer loop
      vertex 60.0355 45.4645 11.5
      vertex 59.4389 44.9549 14
      vertex 60.0355 45.4645 14
    endloop
  endfacet
  facet normal -0.649489 0.760371 0
    outer loop
      vertex 59.4389 44.9549 14
      vertex 60.0355 45.4645 11.5
      vertex 59.4389 44.9549 11.5
    endloop
  endfacet
  facet normal 0.0785092 0.996913 -0
    outer loop
      vertex 56.5 44 11.5
      vertex 55.7178 44.0616 14
      vertex 56.5 44 14
    endloop
  endfacet
  facet normal 0.0785092 0.996913 0
    outer loop
      vertex 55.7178 44.0616 14
      vertex 56.5 44 11.5
      vertex 55.7178 44.0616 11.5
    endloop
  endfacet
  facet normal -0.382723 0.923863 0
    outer loop
      vertex 58.77 44.545 11.5
      vertex 58.0451 44.2447 14
      vertex 58.77 44.545 14
    endloop
  endfacet
  facet normal -0.382723 0.923863 0
    outer loop
      vertex 58.0451 44.2447 14
      vertex 58.77 44.545 11.5
      vertex 58.0451 44.2447 11.5
    endloop
  endfacet
  facet normal 0.923863 0.382723 0
    outer loop
      vertex 52.045 46.73 14
      vertex 51.7447 47.4549 11.5
      vertex 51.7447 47.4549 14
    endloop
  endfacet
  facet normal 0.923863 0.382723 0
    outer loop
      vertex 51.7447 47.4549 11.5
      vertex 52.045 46.73 14
      vertex 52.045 46.73 11.5
    endloop
  endfacet
  facet normal -0.923863 -0.382723 0
    outer loop
      vertex 61.2553 50.5451 11.5
      vertex 60.955 51.27 14
      vertex 60.955 51.27 11.5
    endloop
  endfacet
  facet normal -0.923863 -0.382723 0
    outer loop
      vertex 60.955 51.27 14
      vertex 61.2553 50.5451 11.5
      vertex 61.2553 50.5451 14
    endloop
  endfacet
  facet normal 0.233378 0.972386 -0
    outer loop
      vertex 55.7178 44.0616 11.5
      vertex 54.9549 44.2447 14
      vertex 55.7178 44.0616 14
    endloop
  endfacet
  facet normal 0.233378 0.972386 0
    outer loop
      vertex 54.9549 44.2447 14
      vertex 55.7178 44.0616 11.5
      vertex 54.9549 44.2447 11.5
    endloop
  endfacet
  facet normal 0.996913 -0.0785092 0
    outer loop
      vertex 51.5 49 14
      vertex 51.5616 49.7822 11.5
      vertex 51.5616 49.7822 14
    endloop
  endfacet
  facet normal 0.996913 -0.0785092 0
    outer loop
      vertex 51.5616 49.7822 11.5
      vertex 51.5 49 14
      vertex 51.5 49 11.5
    endloop
  endfacet
  facet normal 0.923863 -0.382723 0
    outer loop
      vertex 36.7447 35.5451 14
      vertex 37.045 36.27 11.5
      vertex 37.045 36.27 14
    endloop
  endfacet
  facet normal 0.923863 -0.382723 0
    outer loop
      vertex 37.045 36.27 11.5
      vertex 36.7447 35.5451 14
      vertex 36.7447 35.5451 11.5
    endloop
  endfacet
  facet normal -0.233378 0.972386 0
    outer loop
      vertex 43.0451 29.2447 11.5
      vertex 42.2822 29.0616 14
      vertex 43.0451 29.2447 14
    endloop
  endfacet
  facet normal -0.233378 0.972386 0
    outer loop
      vertex 42.2822 29.0616 14
      vertex 43.0451 29.2447 11.5
      vertex 42.2822 29.0616 11.5
    endloop
  endfacet
  facet normal -0.972386 -0.233378 0
    outer loop
      vertex 46.4384 34.7822 11.5
      vertex 46.2553 35.5451 14
      vertex 46.2553 35.5451 11.5
    endloop
  endfacet
  facet normal -0.972386 -0.233378 0
    outer loop
      vertex 46.2553 35.5451 14
      vertex 46.4384 34.7822 11.5
      vertex 46.4384 34.7822 14
    endloop
  endfacet
  facet normal -0.996913 -0.0785092 0
    outer loop
      vertex 46.5 34 11.5
      vertex 46.4384 34.7822 14
      vertex 46.4384 34.7822 11.5
    endloop
  endfacet
  facet normal -0.996913 -0.0785092 0
    outer loop
      vertex 46.4384 34.7822 14
      vertex 46.5 34 11.5
      vertex 46.5 34 14
    endloop
  endfacet
  facet normal -0.996913 0.0785092 0
    outer loop
      vertex 46.4384 33.2178 11.5
      vertex 46.5 34 14
      vertex 46.5 34 11.5
    endloop
  endfacet
  facet normal -0.996913 0.0785092 0
    outer loop
      vertex 46.5 34 14
      vertex 46.4384 33.2178 11.5
      vertex 46.4384 33.2178 14
    endloop
  endfacet
  facet normal -0.760371 -0.649489 0
    outer loop
      vertex 45.5451 36.9389 11.5
      vertex 45.0355 37.5355 14
      vertex 45.0355 37.5355 11.5
    endloop
  endfacet
  facet normal -0.760371 -0.649489 0
    outer loop
      vertex 45.0355 37.5355 14
      vertex 45.5451 36.9389 11.5
      vertex 45.5451 36.9389 14
    endloop
  endfacet
  facet normal -0.649489 -0.760371 0
    outer loop
      vertex 44.4389 38.0451 11.5
      vertex 45.0355 37.5355 14
      vertex 44.4389 38.0451 14
    endloop
  endfacet
  facet normal -0.649489 -0.760371 -0
    outer loop
      vertex 45.0355 37.5355 14
      vertex 44.4389 38.0451 11.5
      vertex 45.0355 37.5355 11.5
    endloop
  endfacet
  facet normal 0.649489 -0.760371 0
    outer loop
      vertex 37.9645 37.5355 11.5
      vertex 38.5611 38.0451 14
      vertex 37.9645 37.5355 14
    endloop
  endfacet
  facet normal 0.649489 -0.760371 0
    outer loop
      vertex 38.5611 38.0451 14
      vertex 37.9645 37.5355 11.5
      vertex 38.5611 38.0451 11.5
    endloop
  endfacet
  facet normal 0.522496 0.852642 -0
    outer loop
      vertex 39.23 29.545 11.5
      vertex 38.5611 29.9549 14
      vertex 39.23 29.545 14
    endloop
  endfacet
  facet normal 0.522496 0.852642 0
    outer loop
      vertex 38.5611 29.9549 14
      vertex 39.23 29.545 11.5
      vertex 38.5611 29.9549 11.5
    endloop
  endfacet
  facet normal 0.972386 -0.233378 0
    outer loop
      vertex 36.5616 34.7822 14
      vertex 36.7447 35.5451 11.5
      vertex 36.7447 35.5451 14
    endloop
  endfacet
  facet normal 0.972386 -0.233378 0
    outer loop
      vertex 36.7447 35.5451 11.5
      vertex 36.5616 34.7822 14
      vertex 36.5616 34.7822 11.5
    endloop
  endfacet
  facet normal 0.233378 0.972386 -0
    outer loop
      vertex 40.7178 29.0616 11.5
      vertex 39.9549 29.2447 14
      vertex 40.7178 29.0616 14
    endloop
  endfacet
  facet normal 0.233378 0.972386 0
    outer loop
      vertex 39.9549 29.2447 14
      vertex 40.7178 29.0616 11.5
      vertex 39.9549 29.2447 11.5
    endloop
  endfacet
  facet normal 0.972386 0.233378 0
    outer loop
      vertex 36.7447 32.4549 14
      vertex 36.5616 33.2178 11.5
      vertex 36.5616 33.2178 14
    endloop
  endfacet
  facet normal 0.972386 0.233378 0
    outer loop
      vertex 36.5616 33.2178 11.5
      vertex 36.7447 32.4549 14
      vertex 36.7447 32.4549 11.5
    endloop
  endfacet
  facet normal -0.852642 0.522496 0
    outer loop
      vertex 45.5451 31.0611 11.5
      vertex 45.955 31.73 14
      vertex 45.955 31.73 11.5
    endloop
  endfacet
  facet normal -0.852642 0.522496 0
    outer loop
      vertex 45.955 31.73 14
      vertex 45.5451 31.0611 11.5
      vertex 45.5451 31.0611 14
    endloop
  endfacet
  facet normal 0.382723 0.923863 -0
    outer loop
      vertex 39.9549 29.2447 11.5
      vertex 39.23 29.545 14
      vertex 39.9549 29.2447 14
    endloop
  endfacet
  facet normal 0.382723 0.923863 0
    outer loop
      vertex 39.23 29.545 14
      vertex 39.9549 29.2447 11.5
      vertex 39.23 29.545 11.5
    endloop
  endfacet
  facet normal 0.852642 0.522496 0
    outer loop
      vertex 37.4549 31.0611 14
      vertex 37.045 31.73 11.5
      vertex 37.045 31.73 14
    endloop
  endfacet
  facet normal 0.852642 0.522496 0
    outer loop
      vertex 37.045 31.73 11.5
      vertex 37.4549 31.0611 14
      vertex 37.4549 31.0611 11.5
    endloop
  endfacet
  facet normal 0.382723 -0.923863 0
    outer loop
      vertex 39.23 38.455 11.5
      vertex 39.9549 38.7553 14
      vertex 39.23 38.455 14
    endloop
  endfacet
  facet normal 0.382723 -0.923863 0
    outer loop
      vertex 39.9549 38.7553 14
      vertex 39.23 38.455 11.5
      vertex 39.9549 38.7553 11.5
    endloop
  endfacet
  facet normal -0.923863 0.382723 0
    outer loop
      vertex 45.955 31.73 11.5
      vertex 46.2553 32.4549 14
      vertex 46.2553 32.4549 11.5
    endloop
  endfacet
  facet normal -0.923863 0.382723 0
    outer loop
      vertex 46.2553 32.4549 14
      vertex 45.955 31.73 11.5
      vertex 45.955 31.73 14
    endloop
  endfacet
  facet normal -0.382723 -0.923863 0
    outer loop
      vertex 43.0451 38.7553 11.5
      vertex 43.77 38.455 14
      vertex 43.0451 38.7553 14
    endloop
  endfacet
  facet normal -0.382723 -0.923863 -0
    outer loop
      vertex 43.77 38.455 14
      vertex 43.0451 38.7553 11.5
      vertex 43.77 38.455 11.5
    endloop
  endfacet
  facet normal -0.233378 -0.972386 0
    outer loop
      vertex 42.2822 38.9384 11.5
      vertex 43.0451 38.7553 14
      vertex 42.2822 38.9384 14
    endloop
  endfacet
  facet normal -0.233378 -0.972386 -0
    outer loop
      vertex 43.0451 38.7553 14
      vertex 42.2822 38.9384 11.5
      vertex 43.0451 38.7553 11.5
    endloop
  endfacet
  facet normal -0.0785092 0.996913 0
    outer loop
      vertex 42.2822 29.0616 11.5
      vertex 41.5 29 14
      vertex 42.2822 29.0616 14
    endloop
  endfacet
  facet normal -0.0785092 0.996913 0
    outer loop
      vertex 41.5 29 14
      vertex 42.2822 29.0616 11.5
      vertex 41.5 29 11.5
    endloop
  endfacet
  facet normal 0.852642 -0.522496 0
    outer loop
      vertex 37.045 36.27 14
      vertex 37.4549 36.9389 11.5
      vertex 37.4549 36.9389 14
    endloop
  endfacet
  facet normal 0.852642 -0.522496 0
    outer loop
      vertex 37.4549 36.9389 11.5
      vertex 37.045 36.27 14
      vertex 37.045 36.27 11.5
    endloop
  endfacet
  facet normal 0.760371 -0.649489 0
    outer loop
      vertex 37.4549 36.9389 14
      vertex 37.9645 37.5355 11.5
      vertex 37.9645 37.5355 14
    endloop
  endfacet
  facet normal 0.760371 -0.649489 0
    outer loop
      vertex 37.9645 37.5355 11.5
      vertex 37.4549 36.9389 14
      vertex 37.4549 36.9389 11.5
    endloop
  endfacet
  facet normal 0.522496 -0.852642 0
    outer loop
      vertex 38.5611 38.0451 11.5
      vertex 39.23 38.455 14
      vertex 38.5611 38.0451 14
    endloop
  endfacet
  facet normal 0.522496 -0.852642 0
    outer loop
      vertex 39.23 38.455 14
      vertex 38.5611 38.0451 11.5
      vertex 39.23 38.455 11.5
    endloop
  endfacet
  facet normal 0.996913 0.0785092 0
    outer loop
      vertex 36.5616 33.2178 14
      vertex 36.5 34 11.5
      vertex 36.5 34 14
    endloop
  endfacet
  facet normal 0.996913 0.0785092 0
    outer loop
      vertex 36.5 34 11.5
      vertex 36.5616 33.2178 14
      vertex 36.5616 33.2178 11.5
    endloop
  endfacet
  facet normal -0.522496 -0.852642 0
    outer loop
      vertex 43.77 38.455 11.5
      vertex 44.4389 38.0451 14
      vertex 43.77 38.455 14
    endloop
  endfacet
  facet normal -0.522496 -0.852642 -0
    outer loop
      vertex 44.4389 38.0451 14
      vertex 43.77 38.455 11.5
      vertex 44.4389 38.0451 11.5
    endloop
  endfacet
  facet normal 0.0785092 -0.996913 0
    outer loop
      vertex 40.7178 38.9384 11.5
      vertex 41.5 39 14
      vertex 40.7178 38.9384 14
    endloop
  endfacet
  facet normal 0.0785092 -0.996913 0
    outer loop
      vertex 41.5 39 14
      vertex 40.7178 38.9384 11.5
      vertex 41.5 39 11.5
    endloop
  endfacet
  facet normal -0.522496 0.852642 0
    outer loop
      vertex 44.4389 29.9549 11.5
      vertex 43.77 29.545 14
      vertex 44.4389 29.9549 14
    endloop
  endfacet
  facet normal -0.522496 0.852642 0
    outer loop
      vertex 43.77 29.545 14
      vertex 44.4389 29.9549 11.5
      vertex 43.77 29.545 11.5
    endloop
  endfacet
  facet normal -0.0785092 -0.996913 0
    outer loop
      vertex 41.5 39 11.5
      vertex 42.2822 38.9384 14
      vertex 41.5 39 14
    endloop
  endfacet
  facet normal -0.0785092 -0.996913 -0
    outer loop
      vertex 42.2822 38.9384 14
      vertex 41.5 39 11.5
      vertex 42.2822 38.9384 11.5
    endloop
  endfacet
  facet normal 0.233378 -0.972386 0
    outer loop
      vertex 39.9549 38.7553 11.5
      vertex 40.7178 38.9384 14
      vertex 39.9549 38.7553 14
    endloop
  endfacet
  facet normal 0.233378 -0.972386 0
    outer loop
      vertex 40.7178 38.9384 14
      vertex 39.9549 38.7553 11.5
      vertex 40.7178 38.9384 11.5
    endloop
  endfacet
  facet normal -0.852642 -0.522496 0
    outer loop
      vertex 45.955 36.27 11.5
      vertex 45.5451 36.9389 14
      vertex 45.5451 36.9389 11.5
    endloop
  endfacet
  facet normal -0.852642 -0.522496 0
    outer loop
      vertex 45.5451 36.9389 14
      vertex 45.955 36.27 11.5
      vertex 45.955 36.27 14
    endloop
  endfacet
  facet normal 0.760371 0.649489 0
    outer loop
      vertex 37.9645 30.4645 14
      vertex 37.4549 31.0611 11.5
      vertex 37.4549 31.0611 14
    endloop
  endfacet
  facet normal 0.760371 0.649489 0
    outer loop
      vertex 37.4549 31.0611 11.5
      vertex 37.9645 30.4645 14
      vertex 37.9645 30.4645 11.5
    endloop
  endfacet
  facet normal -0.972386 0.233378 0
    outer loop
      vertex 46.2553 32.4549 11.5
      vertex 46.4384 33.2178 14
      vertex 46.4384 33.2178 11.5
    endloop
  endfacet
  facet normal -0.972386 0.233378 0
    outer loop
      vertex 46.4384 33.2178 14
      vertex 46.2553 32.4549 11.5
      vertex 46.2553 32.4549 14
    endloop
  endfacet
  facet normal 0.649489 0.760371 -0
    outer loop
      vertex 38.5611 29.9549 11.5
      vertex 37.9645 30.4645 14
      vertex 38.5611 29.9549 14
    endloop
  endfacet
  facet normal 0.649489 0.760371 0
    outer loop
      vertex 37.9645 30.4645 14
      vertex 38.5611 29.9549 11.5
      vertex 37.9645 30.4645 11.5
    endloop
  endfacet
  facet normal -0.760371 0.649489 0
    outer loop
      vertex 45.0355 30.4645 11.5
      vertex 45.5451 31.0611 14
      vertex 45.5451 31.0611 11.5
    endloop
  endfacet
  facet normal -0.760371 0.649489 0
    outer loop
      vertex 45.5451 31.0611 14
      vertex 45.0355 30.4645 11.5
      vertex 45.0355 30.4645 14
    endloop
  endfacet
  facet normal -0.649489 0.760371 0
    outer loop
      vertex 45.0355 30.4645 11.5
      vertex 44.4389 29.9549 14
      vertex 45.0355 30.4645 14
    endloop
  endfacet
  facet normal -0.649489 0.760371 0
    outer loop
      vertex 44.4389 29.9549 14
      vertex 45.0355 30.4645 11.5
      vertex 44.4389 29.9549 11.5
    endloop
  endfacet
  facet normal 0.0785092 0.996913 -0
    outer loop
      vertex 41.5 29 11.5
      vertex 40.7178 29.0616 14
      vertex 41.5 29 14
    endloop
  endfacet
  facet normal 0.0785092 0.996913 0
    outer loop
      vertex 40.7178 29.0616 14
      vertex 41.5 29 11.5
      vertex 40.7178 29.0616 11.5
    endloop
  endfacet
  facet normal -0.382723 0.923863 0
    outer loop
      vertex 43.77 29.545 11.5
      vertex 43.0451 29.2447 14
      vertex 43.77 29.545 14
    endloop
  endfacet
  facet normal -0.382723 0.923863 0
    outer loop
      vertex 43.0451 29.2447 14
      vertex 43.77 29.545 11.5
      vertex 43.0451 29.2447 11.5
    endloop
  endfacet
  facet normal 0.923863 0.382723 0
    outer loop
      vertex 37.045 31.73 14
      vertex 36.7447 32.4549 11.5
      vertex 36.7447 32.4549 14
    endloop
  endfacet
  facet normal 0.923863 0.382723 0
    outer loop
      vertex 36.7447 32.4549 11.5
      vertex 37.045 31.73 14
      vertex 37.045 31.73 11.5
    endloop
  endfacet
  facet normal -0.923863 -0.382723 0
    outer loop
      vertex 46.2553 35.5451 11.5
      vertex 45.955 36.27 14
      vertex 45.955 36.27 11.5
    endloop
  endfacet
  facet normal -0.923863 -0.382723 0
    outer loop
      vertex 45.955 36.27 14
      vertex 46.2553 35.5451 11.5
      vertex 46.2553 35.5451 14
    endloop
  endfacet
  facet normal 0.996913 -0.0785092 0
    outer loop
      vertex 36.5 34 14
      vertex 36.5616 34.7822 11.5
      vertex 36.5616 34.7822 14
    endloop
  endfacet
  facet normal 0.996913 -0.0785092 0
    outer loop
      vertex 36.5616 34.7822 11.5
      vertex 36.5 34 14
      vertex 36.5 34 11.5
    endloop
  endfacet
  facet normal 0.923863 -0.382723 0
    outer loop
      vertex 51.7447 35.5451 14
      vertex 52.045 36.27 11.5
      vertex 52.045 36.27 14
    endloop
  endfacet
  facet normal 0.923863 -0.382723 0
    outer loop
      vertex 52.045 36.27 11.5
      vertex 51.7447 35.5451 14
      vertex 51.7447 35.5451 11.5
    endloop
  endfacet
  facet normal -0.233378 0.972386 0
    outer loop
      vertex 58.0451 29.2447 11.5
      vertex 57.2822 29.0616 14
      vertex 58.0451 29.2447 14
    endloop
  endfacet
  facet normal -0.233378 0.972386 0
    outer loop
      vertex 57.2822 29.0616 14
      vertex 58.0451 29.2447 11.5
      vertex 57.2822 29.0616 11.5
    endloop
  endfacet
  facet normal -0.972386 -0.233378 0
    outer loop
      vertex 61.4384 34.7822 11.5
      vertex 61.2553 35.5451 14
      vertex 61.2553 35.5451 11.5
    endloop
  endfacet
  facet normal -0.972386 -0.233378 0
    outer loop
      vertex 61.2553 35.5451 14
      vertex 61.4384 34.7822 11.5
      vertex 61.4384 34.7822 14
    endloop
  endfacet
  facet normal -0.996913 -0.0785092 0
    outer loop
      vertex 61.5 34 11.5
      vertex 61.4384 34.7822 14
      vertex 61.4384 34.7822 11.5
    endloop
  endfacet
  facet normal -0.996913 -0.0785092 0
    outer loop
      vertex 61.4384 34.7822 14
      vertex 61.5 34 11.5
      vertex 61.5 34 14
    endloop
  endfacet
  facet normal -0.996913 0.0785092 0
    outer loop
      vertex 61.4384 33.2178 11.5
      vertex 61.5 34 14
      vertex 61.5 34 11.5
    endloop
  endfacet
  facet normal -0.996913 0.0785092 0
    outer loop
      vertex 61.5 34 14
      vertex 61.4384 33.2178 11.5
      vertex 61.4384 33.2178 14
    endloop
  endfacet
  facet normal -0.760371 -0.649489 0
    outer loop
      vertex 60.5451 36.9389 11.5
      vertex 60.0355 37.5355 14
      vertex 60.0355 37.5355 11.5
    endloop
  endfacet
  facet normal -0.760371 -0.649489 0
    outer loop
      vertex 60.0355 37.5355 14
      vertex 60.5451 36.9389 11.5
      vertex 60.5451 36.9389 14
    endloop
  endfacet
  facet normal -0.649489 -0.760371 0
    outer loop
      vertex 59.4389 38.0451 11.5
      vertex 60.0355 37.5355 14
      vertex 59.4389 38.0451 14
    endloop
  endfacet
  facet normal -0.649489 -0.760371 -0
    outer loop
      vertex 60.0355 37.5355 14
      vertex 59.4389 38.0451 11.5
      vertex 60.0355 37.5355 11.5
    endloop
  endfacet
  facet normal 0.649489 -0.760371 0
    outer loop
      vertex 52.9645 37.5355 11.5
      vertex 53.5611 38.0451 14
      vertex 52.9645 37.5355 14
    endloop
  endfacet
  facet normal 0.649489 -0.760371 0
    outer loop
      vertex 53.5611 38.0451 14
      vertex 52.9645 37.5355 11.5
      vertex 53.5611 38.0451 11.5
    endloop
  endfacet
  facet normal 0.522496 0.852642 -0
    outer loop
      vertex 54.23 29.545 11.5
      vertex 53.5611 29.9549 14
      vertex 54.23 29.545 14
    endloop
  endfacet
  facet normal 0.522496 0.852642 0
    outer loop
      vertex 53.5611 29.9549 14
      vertex 54.23 29.545 11.5
      vertex 53.5611 29.9549 11.5
    endloop
  endfacet
  facet normal 0.972386 -0.233378 0
    outer loop
      vertex 51.5616 34.7822 14
      vertex 51.7447 35.5451 11.5
      vertex 51.7447 35.5451 14
    endloop
  endfacet
  facet normal 0.972386 -0.233378 0
    outer loop
      vertex 51.7447 35.5451 11.5
      vertex 51.5616 34.7822 14
      vertex 51.5616 34.7822 11.5
    endloop
  endfacet
  facet normal 0.233378 0.972386 -0
    outer loop
      vertex 55.7178 29.0616 11.5
      vertex 54.9549 29.2447 14
      vertex 55.7178 29.0616 14
    endloop
  endfacet
  facet normal 0.233378 0.972386 0
    outer loop
      vertex 54.9549 29.2447 14
      vertex 55.7178 29.0616 11.5
      vertex 54.9549 29.2447 11.5
    endloop
  endfacet
  facet normal 0.972386 0.233378 0
    outer loop
      vertex 51.7447 32.4549 14
      vertex 51.5616 33.2178 11.5
      vertex 51.5616 33.2178 14
    endloop
  endfacet
  facet normal 0.972386 0.233378 0
    outer loop
      vertex 51.5616 33.2178 11.5
      vertex 51.7447 32.4549 14
      vertex 51.7447 32.4549 11.5
    endloop
  endfacet
  facet normal -0.852642 0.522496 0
    outer loop
      vertex 60.5451 31.0611 11.5
      vertex 60.955 31.73 14
      vertex 60.955 31.73 11.5
    endloop
  endfacet
  facet normal -0.852642 0.522496 0
    outer loop
      vertex 60.955 31.73 14
      vertex 60.5451 31.0611 11.5
      vertex 60.5451 31.0611 14
    endloop
  endfacet
  facet normal 0.382723 0.923863 -0
    outer loop
      vertex 54.9549 29.2447 11.5
      vertex 54.23 29.545 14
      vertex 54.9549 29.2447 14
    endloop
  endfacet
  facet normal 0.382723 0.923863 0
    outer loop
      vertex 54.23 29.545 14
      vertex 54.9549 29.2447 11.5
      vertex 54.23 29.545 11.5
    endloop
  endfacet
  facet normal 0.852642 0.522496 0
    outer loop
      vertex 52.4549 31.0611 14
      vertex 52.045 31.73 11.5
      vertex 52.045 31.73 14
    endloop
  endfacet
  facet normal 0.852642 0.522496 0
    outer loop
      vertex 52.045 31.73 11.5
      vertex 52.4549 31.0611 14
      vertex 52.4549 31.0611 11.5
    endloop
  endfacet
  facet normal 0.382723 -0.923863 0
    outer loop
      vertex 54.23 38.455 11.5
      vertex 54.9549 38.7553 14
      vertex 54.23 38.455 14
    endloop
  endfacet
  facet normal 0.382723 -0.923863 0
    outer loop
      vertex 54.9549 38.7553 14
      vertex 54.23 38.455 11.5
      vertex 54.9549 38.7553 11.5
    endloop
  endfacet
  facet normal -0.923863 0.382723 0
    outer loop
      vertex 60.955 31.73 11.5
      vertex 61.2553 32.4549 14
      vertex 61.2553 32.4549 11.5
    endloop
  endfacet
  facet normal -0.923863 0.382723 0
    outer loop
      vertex 61.2553 32.4549 14
      vertex 60.955 31.73 11.5
      vertex 60.955 31.73 14
    endloop
  endfacet
  facet normal -0.382723 -0.923863 0
    outer loop
      vertex 58.0451 38.7553 11.5
      vertex 58.77 38.455 14
      vertex 58.0451 38.7553 14
    endloop
  endfacet
  facet normal -0.382723 -0.923863 -0
    outer loop
      vertex 58.77 38.455 14
      vertex 58.0451 38.7553 11.5
      vertex 58.77 38.455 11.5
    endloop
  endfacet
  facet normal -0.233378 -0.972386 0
    outer loop
      vertex 57.2822 38.9384 11.5
      vertex 58.0451 38.7553 14
      vertex 57.2822 38.9384 14
    endloop
  endfacet
  facet normal -0.233378 -0.972386 -0
    outer loop
      vertex 58.0451 38.7553 14
      vertex 57.2822 38.9384 11.5
      vertex 58.0451 38.7553 11.5
    endloop
  endfacet
  facet normal -0.0785092 0.996913 0
    outer loop
      vertex 57.2822 29.0616 11.5
      vertex 56.5 29 14
      vertex 57.2822 29.0616 14
    endloop
  endfacet
  facet normal -0.0785092 0.996913 0
    outer loop
      vertex 56.5 29 14
      vertex 57.2822 29.0616 11.5
      vertex 56.5 29 11.5
    endloop
  endfacet
  facet normal 0.852642 -0.522496 0
    outer loop
      vertex 52.045 36.27 14
      vertex 52.4549 36.9389 11.5
      vertex 52.4549 36.9389 14
    endloop
  endfacet
  facet normal 0.852642 -0.522496 0
    outer loop
      vertex 52.4549 36.9389 11.5
      vertex 52.045 36.27 14
      vertex 52.045 36.27 11.5
    endloop
  endfacet
  facet normal 0.760371 -0.649489 0
    outer loop
      vertex 52.4549 36.9389 14
      vertex 52.9645 37.5355 11.5
      vertex 52.9645 37.5355 14
    endloop
  endfacet
  facet normal 0.760371 -0.649489 0
    outer loop
      vertex 52.9645 37.5355 11.5
      vertex 52.4549 36.9389 14
      vertex 52.4549 36.9389 11.5
    endloop
  endfacet
  facet normal 0.522496 -0.852642 0
    outer loop
      vertex 53.5611 38.0451 11.5
      vertex 54.23 38.455 14
      vertex 53.5611 38.0451 14
    endloop
  endfacet
  facet normal 0.522496 -0.852642 0
    outer loop
      vertex 54.23 38.455 14
      vertex 53.5611 38.0451 11.5
      vertex 54.23 38.455 11.5
    endloop
  endfacet
  facet normal 0.996913 0.0785092 0
    outer loop
      vertex 51.5616 33.2178 14
      vertex 51.5 34 11.5
      vertex 51.5 34 14
    endloop
  endfacet
  facet normal 0.996913 0.0785092 0
    outer loop
      vertex 51.5 34 11.5
      vertex 51.5616 33.2178 14
      vertex 51.5616 33.2178 11.5
    endloop
  endfacet
  facet normal -0.522496 -0.852642 0
    outer loop
      vertex 58.77 38.455 11.5
      vertex 59.4389 38.0451 14
      vertex 58.77 38.455 14
    endloop
  endfacet
  facet normal -0.522496 -0.852642 -0
    outer loop
      vertex 59.4389 38.0451 14
      vertex 58.77 38.455 11.5
      vertex 59.4389 38.0451 11.5
    endloop
  endfacet
  facet normal 0.0785092 -0.996913 0
    outer loop
      vertex 55.7178 38.9384 11.5
      vertex 56.5 39 14
      vertex 55.7178 38.9384 14
    endloop
  endfacet
  facet normal 0.0785092 -0.996913 0
    outer loop
      vertex 56.5 39 14
      vertex 55.7178 38.9384 11.5
      vertex 56.5 39 11.5
    endloop
  endfacet
  facet normal -0.522496 0.852642 0
    outer loop
      vertex 59.4389 29.9549 11.5
      vertex 58.77 29.545 14
      vertex 59.4389 29.9549 14
    endloop
  endfacet
  facet normal -0.522496 0.852642 0
    outer loop
      vertex 58.77 29.545 14
      vertex 59.4389 29.9549 11.5
      vertex 58.77 29.545 11.5
    endloop
  endfacet
  facet normal -0.0785092 -0.996913 0
    outer loop
      vertex 56.5 39 11.5
      vertex 57.2822 38.9384 14
      vertex 56.5 39 14
    endloop
  endfacet
  facet normal -0.0785092 -0.996913 -0
    outer loop
      vertex 57.2822 38.9384 14
      vertex 56.5 39 11.5
      vertex 57.2822 38.9384 11.5
    endloop
  endfacet
  facet normal 0.233378 -0.972386 0
    outer loop
      vertex 54.9549 38.7553 11.5
      vertex 55.7178 38.9384 14
      vertex 54.9549 38.7553 14
    endloop
  endfacet
  facet normal 0.233378 -0.972386 0
    outer loop
      vertex 55.7178 38.9384 14
      vertex 54.9549 38.7553 11.5
      vertex 55.7178 38.9384 11.5
    endloop
  endfacet
  facet normal -0.852642 -0.522496 0
    outer loop
      vertex 60.955 36.27 11.5
      vertex 60.5451 36.9389 14
      vertex 60.5451 36.9389 11.5
    endloop
  endfacet
  facet normal -0.852642 -0.522496 0
    outer loop
      vertex 60.5451 36.9389 14
      vertex 60.955 36.27 11.5
      vertex 60.955 36.27 14
    endloop
  endfacet
  facet normal 0.760371 0.649489 0
    outer loop
      vertex 52.9645 30.4645 14
      vertex 52.4549 31.0611 11.5
      vertex 52.4549 31.0611 14
    endloop
  endfacet
  facet normal 0.760371 0.649489 0
    outer loop
      vertex 52.4549 31.0611 11.5
      vertex 52.9645 30.4645 14
      vertex 52.9645 30.4645 11.5
    endloop
  endfacet
  facet normal -0.972386 0.233378 0
    outer loop
      vertex 61.2553 32.4549 11.5
      vertex 61.4384 33.2178 14
      vertex 61.4384 33.2178 11.5
    endloop
  endfacet
  facet normal -0.972386 0.233378 0
    outer loop
      vertex 61.4384 33.2178 14
      vertex 61.2553 32.4549 11.5
      vertex 61.2553 32.4549 14
    endloop
  endfacet
  facet normal 0.649489 0.760371 -0
    outer loop
      vertex 53.5611 29.9549 11.5
      vertex 52.9645 30.4645 14
      vertex 53.5611 29.9549 14
    endloop
  endfacet
  facet normal 0.649489 0.760371 0
    outer loop
      vertex 52.9645 30.4645 14
      vertex 53.5611 29.9549 11.5
      vertex 52.9645 30.4645 11.5
    endloop
  endfacet
  facet normal -0.760371 0.649489 0
    outer loop
      vertex 60.0355 30.4645 11.5
      vertex 60.5451 31.0611 14
      vertex 60.5451 31.0611 11.5
    endloop
  endfacet
  facet normal -0.760371 0.649489 0
    outer loop
      vertex 60.5451 31.0611 14
      vertex 60.0355 30.4645 11.5
      vertex 60.0355 30.4645 14
    endloop
  endfacet
  facet normal -0.649489 0.760371 0
    outer loop
      vertex 60.0355 30.4645 11.5
      vertex 59.4389 29.9549 14
      vertex 60.0355 30.4645 14
    endloop
  endfacet
  facet normal -0.649489 0.760371 0
    outer loop
      vertex 59.4389 29.9549 14
      vertex 60.0355 30.4645 11.5
      vertex 59.4389 29.9549 11.5
    endloop
  endfacet
  facet normal 0.0785092 0.996913 -0
    outer loop
      vertex 56.5 29 11.5
      vertex 55.7178 29.0616 14
      vertex 56.5 29 14
    endloop
  endfacet
  facet normal 0.0785092 0.996913 0
    outer loop
      vertex 55.7178 29.0616 14
      vertex 56.5 29 11.5
      vertex 55.7178 29.0616 11.5
    endloop
  endfacet
  facet normal -0.382723 0.923863 0
    outer loop
      vertex 58.77 29.545 11.5
      vertex 58.0451 29.2447 14
      vertex 58.77 29.545 14
    endloop
  endfacet
  facet normal -0.382723 0.923863 0
    outer loop
      vertex 58.0451 29.2447 14
      vertex 58.77 29.545 11.5
      vertex 58.0451 29.2447 11.5
    endloop
  endfacet
  facet normal 0.923863 0.382723 0
    outer loop
      vertex 52.045 31.73 14
      vertex 51.7447 32.4549 11.5
      vertex 51.7447 32.4549 14
    endloop
  endfacet
  facet normal 0.923863 0.382723 0
    outer loop
      vertex 51.7447 32.4549 11.5
      vertex 52.045 31.73 14
      vertex 52.045 31.73 11.5
    endloop
  endfacet
  facet normal -0.923863 -0.382723 0
    outer loop
      vertex 61.2553 35.5451 11.5
      vertex 60.955 36.27 14
      vertex 60.955 36.27 11.5
    endloop
  endfacet
  facet normal -0.923863 -0.382723 0
    outer loop
      vertex 60.955 36.27 14
      vertex 61.2553 35.5451 11.5
      vertex 61.2553 35.5451 14
    endloop
  endfacet
  facet normal 0.996913 -0.0785092 0
    outer loop
      vertex 51.5 34 14
      vertex 51.5616 34.7822 11.5
      vertex 51.5616 34.7822 14
    endloop
  endfacet
  facet normal 0.996913 -0.0785092 0
    outer loop
      vertex 51.5616 34.7822 11.5
      vertex 51.5 34 14
      vertex 51.5 34 11.5
    endloop
  endfacet
  facet normal 0.923863 -0.382723 0
    outer loop
      vertex 66.7447 35.5451 14
      vertex 67.045 36.27 11.5
      vertex 67.045 36.27 14
    endloop
  endfacet
  facet normal 0.923863 -0.382723 0
    outer loop
      vertex 67.045 36.27 11.5
      vertex 66.7447 35.5451 14
      vertex 66.7447 35.5451 11.5
    endloop
  endfacet
  facet normal -0.233378 0.972386 0
    outer loop
      vertex 73.0451 29.2447 11.5
      vertex 72.2822 29.0616 14
      vertex 73.0451 29.2447 14
    endloop
  endfacet
  facet normal -0.233378 0.972386 0
    outer loop
      vertex 72.2822 29.0616 14
      vertex 73.0451 29.2447 11.5
      vertex 72.2822 29.0616 11.5
    endloop
  endfacet
  facet normal -0.972386 -0.233378 0
    outer loop
      vertex 76.4384 34.7822 11.5
      vertex 76.2553 35.5451 14
      vertex 76.2553 35.5451 11.5
    endloop
  endfacet
  facet normal -0.972386 -0.233378 0
    outer loop
      vertex 76.2553 35.5451 14
      vertex 76.4384 34.7822 11.5
      vertex 76.4384 34.7822 14
    endloop
  endfacet
  facet normal -0.996913 -0.0785092 0
    outer loop
      vertex 76.5 34 11.5
      vertex 76.4384 34.7822 14
      vertex 76.4384 34.7822 11.5
    endloop
  endfacet
  facet normal -0.996913 -0.0785092 0
    outer loop
      vertex 76.4384 34.7822 14
      vertex 76.5 34 11.5
      vertex 76.5 34 14
    endloop
  endfacet
  facet normal -0.996913 0.0785092 0
    outer loop
      vertex 76.4384 33.2178 11.5
      vertex 76.5 34 14
      vertex 76.5 34 11.5
    endloop
  endfacet
  facet normal -0.996913 0.0785092 0
    outer loop
      vertex 76.5 34 14
      vertex 76.4384 33.2178 11.5
      vertex 76.4384 33.2178 14
    endloop
  endfacet
  facet normal -0.760371 -0.649489 0
    outer loop
      vertex 75.5451 36.9389 11.5
      vertex 75.0355 37.5355 14
      vertex 75.0355 37.5355 11.5
    endloop
  endfacet
  facet normal -0.760371 -0.649489 0
    outer loop
      vertex 75.0355 37.5355 14
      vertex 75.5451 36.9389 11.5
      vertex 75.5451 36.9389 14
    endloop
  endfacet
  facet normal -0.649489 -0.760371 0
    outer loop
      vertex 74.4389 38.0451 11.5
      vertex 75.0355 37.5355 14
      vertex 74.4389 38.0451 14
    endloop
  endfacet
  facet normal -0.649489 -0.760371 -0
    outer loop
      vertex 75.0355 37.5355 14
      vertex 74.4389 38.0451 11.5
      vertex 75.0355 37.5355 11.5
    endloop
  endfacet
  facet normal 0.649489 -0.760371 0
    outer loop
      vertex 67.9645 37.5355 11.5
      vertex 68.5611 38.0451 14
      vertex 67.9645 37.5355 14
    endloop
  endfacet
  facet normal 0.649489 -0.760371 0
    outer loop
      vertex 68.5611 38.0451 14
      vertex 67.9645 37.5355 11.5
      vertex 68.5611 38.0451 11.5
    endloop
  endfacet
  facet normal 0.522496 0.852642 -0
    outer loop
      vertex 69.23 29.545 11.5
      vertex 68.5611 29.9549 14
      vertex 69.23 29.545 14
    endloop
  endfacet
  facet normal 0.522496 0.852642 0
    outer loop
      vertex 68.5611 29.9549 14
      vertex 69.23 29.545 11.5
      vertex 68.5611 29.9549 11.5
    endloop
  endfacet
  facet normal 0.972386 -0.233378 0
    outer loop
      vertex 66.5616 34.7822 14
      vertex 66.7447 35.5451 11.5
      vertex 66.7447 35.5451 14
    endloop
  endfacet
  facet normal 0.972386 -0.233378 0
    outer loop
      vertex 66.7447 35.5451 11.5
      vertex 66.5616 34.7822 14
      vertex 66.5616 34.7822 11.5
    endloop
  endfacet
  facet normal 0.972386 0.233378 0
    outer loop
      vertex 66.7447 32.4549 14
      vertex 66.5616 33.2178 11.5
      vertex 66.5616 33.2178 14
    endloop
  endfacet
  facet normal 0.972386 0.233378 0
    outer loop
      vertex 66.5616 33.2178 11.5
      vertex 66.7447 32.4549 14
      vertex 66.7447 32.4549 11.5
    endloop
  endfacet
  facet normal -0.852642 0.522496 0
    outer loop
      vertex 75.5451 31.0611 11.5
      vertex 75.955 31.73 14
      vertex 75.955 31.73 11.5
    endloop
  endfacet
  facet normal -0.852642 0.522496 0
    outer loop
      vertex 75.955 31.73 14
      vertex 75.5451 31.0611 11.5
      vertex 75.5451 31.0611 14
    endloop
  endfacet
  facet normal 0.382723 0.923863 -0
    outer loop
      vertex 69.9549 29.2447 11.5
      vertex 69.23 29.545 14
      vertex 69.9549 29.2447 14
    endloop
  endfacet
  facet normal 0.382723 0.923863 0
    outer loop
      vertex 69.23 29.545 14
      vertex 69.9549 29.2447 11.5
      vertex 69.23 29.545 11.5
    endloop
  endfacet
  facet normal 0.852642 0.522496 0
    outer loop
      vertex 67.4549 31.0611 14
      vertex 67.045 31.73 11.5
      vertex 67.045 31.73 14
    endloop
  endfacet
  facet normal 0.852642 0.522496 0
    outer loop
      vertex 67.045 31.73 11.5
      vertex 67.4549 31.0611 14
      vertex 67.4549 31.0611 11.5
    endloop
  endfacet
  facet normal 0.382723 -0.923863 0
    outer loop
      vertex 69.23 38.455 11.5
      vertex 69.9549 38.7553 14
      vertex 69.23 38.455 14
    endloop
  endfacet
  facet normal 0.382723 -0.923863 0
    outer loop
      vertex 69.9549 38.7553 14
      vertex 69.23 38.455 11.5
      vertex 69.9549 38.7553 11.5
    endloop
  endfacet
  facet normal -0.923863 0.382723 0
    outer loop
      vertex 75.955 31.73 11.5
      vertex 76.2553 32.4549 14
      vertex 76.2553 32.4549 11.5
    endloop
  endfacet
  facet normal -0.923863 0.382723 0
    outer loop
      vertex 76.2553 32.4549 14
      vertex 75.955 31.73 11.5
      vertex 75.955 31.73 14
    endloop
  endfacet
  facet normal -0.382723 -0.923863 0
    outer loop
      vertex 73.0451 38.7553 11.5
      vertex 73.77 38.455 14
      vertex 73.0451 38.7553 14
    endloop
  endfacet
  facet normal -0.382723 -0.923863 -0
    outer loop
      vertex 73.77 38.455 14
      vertex 73.0451 38.7553 11.5
      vertex 73.77 38.455 11.5
    endloop
  endfacet
  facet normal -0.233378 -0.972386 0
    outer loop
      vertex 72.2822 38.9384 11.5
      vertex 73.0451 38.7553 14
      vertex 72.2822 38.9384 14
    endloop
  endfacet
  facet normal -0.233378 -0.972386 -0
    outer loop
      vertex 73.0451 38.7553 14
      vertex 72.2822 38.9384 11.5
      vertex 73.0451 38.7553 11.5
    endloop
  endfacet
  facet normal -0.0785092 0.996913 0
    outer loop
      vertex 72.2822 29.0616 11.5
      vertex 71.5 29 14
      vertex 72.2822 29.0616 14
    endloop
  endfacet
  facet normal -0.0785092 0.996913 0
    outer loop
      vertex 71.5 29 14
      vertex 72.2822 29.0616 11.5
      vertex 71.5 29 11.5
    endloop
  endfacet
  facet normal 0.852642 -0.522496 0
    outer loop
      vertex 67.045 36.27 14
      vertex 67.4549 36.9389 11.5
      vertex 67.4549 36.9389 14
    endloop
  endfacet
  facet normal 0.852642 -0.522496 0
    outer loop
      vertex 67.4549 36.9389 11.5
      vertex 67.045 36.27 14
      vertex 67.045 36.27 11.5
    endloop
  endfacet
  facet normal 0.760371 -0.649489 0
    outer loop
      vertex 67.4549 36.9389 14
      vertex 67.9645 37.5355 11.5
      vertex 67.9645 37.5355 14
    endloop
  endfacet
  facet normal 0.760371 -0.649489 0
    outer loop
      vertex 67.9645 37.5355 11.5
      vertex 67.4549 36.9389 14
      vertex 67.4549 36.9389 11.5
    endloop
  endfacet
  facet normal 0.522496 -0.852642 0
    outer loop
      vertex 68.5611 38.0451 11.5
      vertex 69.23 38.455 14
      vertex 68.5611 38.0451 14
    endloop
  endfacet
  facet normal 0.522496 -0.852642 0
    outer loop
      vertex 69.23 38.455 14
      vertex 68.5611 38.0451 11.5
      vertex 69.23 38.455 11.5
    endloop
  endfacet
  facet normal 0.996913 0.0785092 0
    outer loop
      vertex 66.5616 33.2178 14
      vertex 66.5 34 11.5
      vertex 66.5 34 14
    endloop
  endfacet
  facet normal 0.996913 0.0785092 0
    outer loop
      vertex 66.5 34 11.5
      vertex 66.5616 33.2178 14
      vertex 66.5616 33.2178 11.5
    endloop
  endfacet
  facet normal -0.522496 -0.852642 0
    outer loop
      vertex 73.77 38.455 11.5
      vertex 74.4389 38.0451 14
      vertex 73.77 38.455 14
    endloop
  endfacet
  facet normal -0.522496 -0.852642 -0
    outer loop
      vertex 74.4389 38.0451 14
      vertex 73.77 38.455 11.5
      vertex 74.4389 38.0451 11.5
    endloop
  endfacet
  facet normal 0.0785092 -0.996913 0
    outer loop
      vertex 70.7178 38.9384 11.5
      vertex 71.5 39 14
      vertex 70.7178 38.9384 14
    endloop
  endfacet
  facet normal 0.0785092 -0.996913 0
    outer loop
      vertex 71.5 39 14
      vertex 70.7178 38.9384 11.5
      vertex 71.5 39 11.5
    endloop
  endfacet
  facet normal -0.522496 0.852642 0
    outer loop
      vertex 74.4389 29.9549 11.5
      vertex 73.77 29.545 14
      vertex 74.4389 29.9549 14
    endloop
  endfacet
  facet normal -0.522496 0.852642 0
    outer loop
      vertex 73.77 29.545 14
      vertex 74.4389 29.9549 11.5
      vertex 73.77 29.545 11.5
    endloop
  endfacet
  facet normal -0.0785092 -0.996913 0
    outer loop
      vertex 71.5 39 11.5
      vertex 72.2822 38.9384 14
      vertex 71.5 39 14
    endloop
  endfacet
  facet normal -0.0785092 -0.996913 -0
    outer loop
      vertex 72.2822 38.9384 14
      vertex 71.5 39 11.5
      vertex 72.2822 38.9384 11.5
    endloop
  endfacet
  facet normal 0.233378 -0.972386 0
    outer loop
      vertex 69.9549 38.7553 11.5
      vertex 70.7178 38.9384 14
      vertex 69.9549 38.7553 14
    endloop
  endfacet
  facet normal 0.233378 -0.972386 0
    outer loop
      vertex 70.7178 38.9384 14
      vertex 69.9549 38.7553 11.5
      vertex 70.7178 38.9384 11.5
    endloop
  endfacet
  facet normal -0.852642 -0.522496 0
    outer loop
      vertex 75.955 36.27 11.5
      vertex 75.5451 36.9389 14
      vertex 75.5451 36.9389 11.5
    endloop
  endfacet
  facet normal -0.852642 -0.522496 0
    outer loop
      vertex 75.5451 36.9389 14
      vertex 75.955 36.27 11.5
      vertex 75.955 36.27 14
    endloop
  endfacet
  facet normal 0.760371 0.649489 0
    outer loop
      vertex 67.9645 30.4645 14
      vertex 67.4549 31.0611 11.5
      vertex 67.4549 31.0611 14
    endloop
  endfacet
  facet normal 0.760371 0.649489 0
    outer loop
      vertex 67.4549 31.0611 11.5
      vertex 67.9645 30.4645 14
      vertex 67.9645 30.4645 11.5
    endloop
  endfacet
  facet normal -0.972386 0.233378 0
    outer loop
      vertex 76.2553 32.4549 11.5
      vertex 76.4384 33.2178 14
      vertex 76.4384 33.2178 11.5
    endloop
  endfacet
  facet normal -0.972386 0.233378 0
    outer loop
      vertex 76.4384 33.2178 14
      vertex 76.2553 32.4549 11.5
      vertex 76.2553 32.4549 14
    endloop
  endfacet
  facet normal 0.649489 0.760371 -0
    outer loop
      vertex 68.5611 29.9549 11.5
      vertex 67.9645 30.4645 14
      vertex 68.5611 29.9549 14
    endloop
  endfacet
  facet normal 0.649489 0.760371 0
    outer loop
      vertex 67.9645 30.4645 14
      vertex 68.5611 29.9549 11.5
      vertex 67.9645 30.4645 11.5
    endloop
  endfacet
  facet normal -0.760371 0.649489 0
    outer loop
      vertex 75.0355 30.4645 11.5
      vertex 75.5451 31.0611 14
      vertex 75.5451 31.0611 11.5
    endloop
  endfacet
  facet normal -0.760371 0.649489 0
    outer loop
      vertex 75.5451 31.0611 14
      vertex 75.0355 30.4645 11.5
      vertex 75.0355 30.4645 14
    endloop
  endfacet
  facet normal -0.649489 0.760371 0
    outer loop
      vertex 75.0355 30.4645 11.5
      vertex 74.4389 29.9549 14
      vertex 75.0355 30.4645 14
    endloop
  endfacet
  facet normal -0.649489 0.760371 0
    outer loop
      vertex 74.4389 29.9549 14
      vertex 75.0355 30.4645 11.5
      vertex 74.4389 29.9549 11.5
    endloop
  endfacet
  facet normal 0.0785092 0.996913 -0
    outer loop
      vertex 71.5 29 11.5
      vertex 70.7178 29.0616 14
      vertex 71.5 29 14
    endloop
  endfacet
  facet normal 0.0785092 0.996913 0
    outer loop
      vertex 70.7178 29.0616 14
      vertex 71.5 29 11.5
      vertex 70.7178 29.0616 11.5
    endloop
  endfacet
  facet normal -0.382723 0.923863 0
    outer loop
      vertex 73.77 29.545 11.5
      vertex 73.0451 29.2447 14
      vertex 73.77 29.545 14
    endloop
  endfacet
  facet normal -0.382723 0.923863 0
    outer loop
      vertex 73.0451 29.2447 14
      vertex 73.77 29.545 11.5
      vertex 73.0451 29.2447 11.5
    endloop
  endfacet
  facet normal 0.923863 0.382723 0
    outer loop
      vertex 67.045 31.73 14
      vertex 66.7447 32.4549 11.5
      vertex 66.7447 32.4549 14
    endloop
  endfacet
  facet normal 0.923863 0.382723 0
    outer loop
      vertex 66.7447 32.4549 11.5
      vertex 67.045 31.73 14
      vertex 67.045 31.73 11.5
    endloop
  endfacet
  facet normal -0.923863 -0.382723 0
    outer loop
      vertex 76.2553 35.5451 11.5
      vertex 75.955 36.27 14
      vertex 75.955 36.27 11.5
    endloop
  endfacet
  facet normal -0.923863 -0.382723 0
    outer loop
      vertex 75.955 36.27 14
      vertex 76.2553 35.5451 11.5
      vertex 76.2553 35.5451 14
    endloop
  endfacet
  facet normal 0.233378 0.972386 -0
    outer loop
      vertex 70.7178 29.0616 11.5
      vertex 69.9549 29.2447 14
      vertex 70.7178 29.0616 14
    endloop
  endfacet
  facet normal 0.233378 0.972386 0
    outer loop
      vertex 69.9549 29.2447 14
      vertex 70.7178 29.0616 11.5
      vertex 69.9549 29.2447 11.5
    endloop
  endfacet
  facet normal 0.996913 -0.0785092 0
    outer loop
      vertex 66.5 34 14
      vertex 66.5616 34.7822 11.5
      vertex 66.5616 34.7822 14
    endloop
  endfacet
  facet normal 0.996913 -0.0785092 0
    outer loop
      vertex 66.5616 34.7822 11.5
      vertex 66.5 34 14
      vertex 66.5 34 11.5
    endloop
  endfacet
  facet normal 0.923863 -0.382723 0
    outer loop
      vertex 51.7447 20.5451 14
      vertex 52.045 21.27 11.5
      vertex 52.045 21.27 14
    endloop
  endfacet
  facet normal 0.923863 -0.382723 0
    outer loop
      vertex 52.045 21.27 11.5
      vertex 51.7447 20.5451 14
      vertex 51.7447 20.5451 11.5
    endloop
  endfacet
  facet normal -0.233378 0.972386 0
    outer loop
      vertex 58.0451 14.2447 11.5
      vertex 57.2822 14.0616 14
      vertex 58.0451 14.2447 14
    endloop
  endfacet
  facet normal -0.233378 0.972386 0
    outer loop
      vertex 57.2822 14.0616 14
      vertex 58.0451 14.2447 11.5
      vertex 57.2822 14.0616 11.5
    endloop
  endfacet
  facet normal -0.972386 -0.233378 0
    outer loop
      vertex 61.4384 19.7822 11.5
      vertex 61.2553 20.5451 14
      vertex 61.2553 20.5451 11.5
    endloop
  endfacet
  facet normal -0.972386 -0.233378 0
    outer loop
      vertex 61.2553 20.5451 14
      vertex 61.4384 19.7822 11.5
      vertex 61.4384 19.7822 14
    endloop
  endfacet
  facet normal -0.996913 -0.0785092 0
    outer loop
      vertex 61.5 19 11.5
      vertex 61.4384 19.7822 14
      vertex 61.4384 19.7822 11.5
    endloop
  endfacet
  facet normal -0.996913 -0.0785092 0
    outer loop
      vertex 61.4384 19.7822 14
      vertex 61.5 19 11.5
      vertex 61.5 19 14
    endloop
  endfacet
  facet normal -0.996913 0.0785092 0
    outer loop
      vertex 61.4384 18.2178 11.5
      vertex 61.5 19 14
      vertex 61.5 19 11.5
    endloop
  endfacet
  facet normal -0.996913 0.0785092 0
    outer loop
      vertex 61.5 19 14
      vertex 61.4384 18.2178 11.5
      vertex 61.4384 18.2178 14
    endloop
  endfacet
  facet normal -0.760371 -0.649489 0
    outer loop
      vertex 60.5451 21.9389 11.5
      vertex 60.0355 22.5355 14
      vertex 60.0355 22.5355 11.5
    endloop
  endfacet
  facet normal -0.760371 -0.649489 0
    outer loop
      vertex 60.0355 22.5355 14
      vertex 60.5451 21.9389 11.5
      vertex 60.5451 21.9389 14
    endloop
  endfacet
  facet normal -0.649489 -0.760371 0
    outer loop
      vertex 59.4389 23.0451 11.5
      vertex 60.0355 22.5355 14
      vertex 59.4389 23.0451 14
    endloop
  endfacet
  facet normal -0.649489 -0.760371 -0
    outer loop
      vertex 60.0355 22.5355 14
      vertex 59.4389 23.0451 11.5
      vertex 60.0355 22.5355 11.5
    endloop
  endfacet
  facet normal 0.649489 -0.760371 0
    outer loop
      vertex 52.9645 22.5355 11.5
      vertex 53.5611 23.0451 14
      vertex 52.9645 22.5355 14
    endloop
  endfacet
  facet normal 0.649489 -0.760371 0
    outer loop
      vertex 53.5611 23.0451 14
      vertex 52.9645 22.5355 11.5
      vertex 53.5611 23.0451 11.5
    endloop
  endfacet
  facet normal 0.522496 0.852642 -0
    outer loop
      vertex 54.23 14.545 11.5
      vertex 53.5611 14.9549 14
      vertex 54.23 14.545 14
    endloop
  endfacet
  facet normal 0.522496 0.852642 0
    outer loop
      vertex 53.5611 14.9549 14
      vertex 54.23 14.545 11.5
      vertex 53.5611 14.9549 11.5
    endloop
  endfacet
  facet normal 0.972386 -0.233378 0
    outer loop
      vertex 51.5616 19.7822 14
      vertex 51.7447 20.5451 11.5
      vertex 51.7447 20.5451 14
    endloop
  endfacet
  facet normal 0.972386 -0.233378 0
    outer loop
      vertex 51.7447 20.5451 11.5
      vertex 51.5616 19.7822 14
      vertex 51.5616 19.7822 11.5
    endloop
  endfacet
  facet normal 0.233378 0.972386 -0
    outer loop
      vertex 55.7178 14.0616 11.5
      vertex 54.9549 14.2447 14
      vertex 55.7178 14.0616 14
    endloop
  endfacet
  facet normal 0.233378 0.972386 0
    outer loop
      vertex 54.9549 14.2447 14
      vertex 55.7178 14.0616 11.5
      vertex 54.9549 14.2447 11.5
    endloop
  endfacet
  facet normal 0.972386 0.233378 0
    outer loop
      vertex 51.7447 17.4549 14
      vertex 51.5616 18.2178 11.5
      vertex 51.5616 18.2178 14
    endloop
  endfacet
  facet normal 0.972386 0.233378 0
    outer loop
      vertex 51.5616 18.2178 11.5
      vertex 51.7447 17.4549 14
      vertex 51.7447 17.4549 11.5
    endloop
  endfacet
  facet normal -0.852642 0.522496 0
    outer loop
      vertex 60.5451 16.0611 11.5
      vertex 60.955 16.73 14
      vertex 60.955 16.73 11.5
    endloop
  endfacet
  facet normal -0.852642 0.522496 0
    outer loop
      vertex 60.955 16.73 14
      vertex 60.5451 16.0611 11.5
      vertex 60.5451 16.0611 14
    endloop
  endfacet
  facet normal 0.382723 0.923863 -0
    outer loop
      vertex 54.9549 14.2447 11.5
      vertex 54.23 14.545 14
      vertex 54.9549 14.2447 14
    endloop
  endfacet
  facet normal 0.382723 0.923863 0
    outer loop
      vertex 54.23 14.545 14
      vertex 54.9549 14.2447 11.5
      vertex 54.23 14.545 11.5
    endloop
  endfacet
  facet normal 0.852642 0.522496 0
    outer loop
      vertex 52.4549 16.0611 14
      vertex 52.045 16.73 11.5
      vertex 52.045 16.73 14
    endloop
  endfacet
  facet normal 0.852642 0.522496 0
    outer loop
      vertex 52.045 16.73 11.5
      vertex 52.4549 16.0611 14
      vertex 52.4549 16.0611 11.5
    endloop
  endfacet
  facet normal 0.382723 -0.923863 0
    outer loop
      vertex 54.23 23.455 11.5
      vertex 54.9549 23.7553 14
      vertex 54.23 23.455 14
    endloop
  endfacet
  facet normal 0.382723 -0.923863 0
    outer loop
      vertex 54.9549 23.7553 14
      vertex 54.23 23.455 11.5
      vertex 54.9549 23.7553 11.5
    endloop
  endfacet
  facet normal -0.923863 0.382723 0
    outer loop
      vertex 60.955 16.73 11.5
      vertex 61.2553 17.4549 14
      vertex 61.2553 17.4549 11.5
    endloop
  endfacet
  facet normal -0.923863 0.382723 0
    outer loop
      vertex 61.2553 17.4549 14
      vertex 60.955 16.73 11.5
      vertex 60.955 16.73 14
    endloop
  endfacet
  facet normal -0.382723 -0.923863 0
    outer loop
      vertex 58.0451 23.7553 11.5
      vertex 58.77 23.455 14
      vertex 58.0451 23.7553 14
    endloop
  endfacet
  facet normal -0.382723 -0.923863 -0
    outer loop
      vertex 58.77 23.455 14
      vertex 58.0451 23.7553 11.5
      vertex 58.77 23.455 11.5
    endloop
  endfacet
  facet normal -0.233378 -0.972386 0
    outer loop
      vertex 57.2822 23.9384 11.5
      vertex 58.0451 23.7553 14
      vertex 57.2822 23.9384 14
    endloop
  endfacet
  facet normal -0.233378 -0.972386 -0
    outer loop
      vertex 58.0451 23.7553 14
      vertex 57.2822 23.9384 11.5
      vertex 58.0451 23.7553 11.5
    endloop
  endfacet
  facet normal -0.0785092 0.996913 0
    outer loop
      vertex 57.2822 14.0616 11.5
      vertex 56.5 14 14
      vertex 57.2822 14.0616 14
    endloop
  endfacet
  facet normal -0.0785092 0.996913 0
    outer loop
      vertex 56.5 14 14
      vertex 57.2822 14.0616 11.5
      vertex 56.5 14 11.5
    endloop
  endfacet
  facet normal 0.852642 -0.522496 0
    outer loop
      vertex 52.045 21.27 14
      vertex 52.4549 21.9389 11.5
      vertex 52.4549 21.9389 14
    endloop
  endfacet
  facet normal 0.852642 -0.522496 0
    outer loop
      vertex 52.4549 21.9389 11.5
      vertex 52.045 21.27 14
      vertex 52.045 21.27 11.5
    endloop
  endfacet
  facet normal 0.760371 -0.649489 0
    outer loop
      vertex 52.4549 21.9389 14
      vertex 52.9645 22.5355 11.5
      vertex 52.9645 22.5355 14
    endloop
  endfacet
  facet normal 0.760371 -0.649489 0
    outer loop
      vertex 52.9645 22.5355 11.5
      vertex 52.4549 21.9389 14
      vertex 52.4549 21.9389 11.5
    endloop
  endfacet
  facet normal 0.522496 -0.852642 0
    outer loop
      vertex 53.5611 23.0451 11.5
      vertex 54.23 23.455 14
      vertex 53.5611 23.0451 14
    endloop
  endfacet
  facet normal 0.522496 -0.852642 0
    outer loop
      vertex 54.23 23.455 14
      vertex 53.5611 23.0451 11.5
      vertex 54.23 23.455 11.5
    endloop
  endfacet
  facet normal 0.996913 0.0785092 0
    outer loop
      vertex 51.5616 18.2178 14
      vertex 51.5 19 11.5
      vertex 51.5 19 14
    endloop
  endfacet
  facet normal 0.996913 0.0785092 0
    outer loop
      vertex 51.5 19 11.5
      vertex 51.5616 18.2178 14
      vertex 51.5616 18.2178 11.5
    endloop
  endfacet
  facet normal -0.522496 -0.852642 0
    outer loop
      vertex 58.77 23.455 11.5
      vertex 59.4389 23.0451 14
      vertex 58.77 23.455 14
    endloop
  endfacet
  facet normal -0.522496 -0.852642 -0
    outer loop
      vertex 59.4389 23.0451 14
      vertex 58.77 23.455 11.5
      vertex 59.4389 23.0451 11.5
    endloop
  endfacet
  facet normal 0.0785092 -0.996913 0
    outer loop
      vertex 55.7178 23.9384 11.5
      vertex 56.5 24 14
      vertex 55.7178 23.9384 14
    endloop
  endfacet
  facet normal 0.0785092 -0.996913 0
    outer loop
      vertex 56.5 24 14
      vertex 55.7178 23.9384 11.5
      vertex 56.5 24 11.5
    endloop
  endfacet
  facet normal -0.522496 0.852642 0
    outer loop
      vertex 59.4389 14.9549 11.5
      vertex 58.77 14.545 14
      vertex 59.4389 14.9549 14
    endloop
  endfacet
  facet normal -0.522496 0.852642 0
    outer loop
      vertex 58.77 14.545 14
      vertex 59.4389 14.9549 11.5
      vertex 58.77 14.545 11.5
    endloop
  endfacet
  facet normal -0.0785092 -0.996913 0
    outer loop
      vertex 56.5 24 11.5
      vertex 57.2822 23.9384 14
      vertex 56.5 24 14
    endloop
  endfacet
  facet normal -0.0785092 -0.996913 -0
    outer loop
      vertex 57.2822 23.9384 14
      vertex 56.5 24 11.5
      vertex 57.2822 23.9384 11.5
    endloop
  endfacet
  facet normal 0.233378 -0.972386 0
    outer loop
      vertex 54.9549 23.7553 11.5
      vertex 55.7178 23.9384 14
      vertex 54.9549 23.7553 14
    endloop
  endfacet
  facet normal 0.233378 -0.972386 0
    outer loop
      vertex 55.7178 23.9384 14
      vertex 54.9549 23.7553 11.5
      vertex 55.7178 23.9384 11.5
    endloop
  endfacet
  facet normal -0.852642 -0.522496 0
    outer loop
      vertex 60.955 21.27 11.5
      vertex 60.5451 21.9389 14
      vertex 60.5451 21.9389 11.5
    endloop
  endfacet
  facet normal -0.852642 -0.522496 0
    outer loop
      vertex 60.5451 21.9389 14
      vertex 60.955 21.27 11.5
      vertex 60.955 21.27 14
    endloop
  endfacet
  facet normal 0.760371 0.649489 0
    outer loop
      vertex 52.9645 15.4645 14
      vertex 52.4549 16.0611 11.5
      vertex 52.4549 16.0611 14
    endloop
  endfacet
  facet normal 0.760371 0.649489 0
    outer loop
      vertex 52.4549 16.0611 11.5
      vertex 52.9645 15.4645 14
      vertex 52.9645 15.4645 11.5
    endloop
  endfacet
  facet normal -0.972386 0.233378 0
    outer loop
      vertex 61.2553 17.4549 11.5
      vertex 61.4384 18.2178 14
      vertex 61.4384 18.2178 11.5
    endloop
  endfacet
  facet normal -0.972386 0.233378 0
    outer loop
      vertex 61.4384 18.2178 14
      vertex 61.2553 17.4549 11.5
      vertex 61.2553 17.4549 14
    endloop
  endfacet
  facet normal 0.649489 0.760371 -0
    outer loop
      vertex 53.5611 14.9549 11.5
      vertex 52.9645 15.4645 14
      vertex 53.5611 14.9549 14
    endloop
  endfacet
  facet normal 0.649489 0.760371 0
    outer loop
      vertex 52.9645 15.4645 14
      vertex 53.5611 14.9549 11.5
      vertex 52.9645 15.4645 11.5
    endloop
  endfacet
  facet normal -0.760371 0.649489 0
    outer loop
      vertex 60.0355 15.4645 11.5
      vertex 60.5451 16.0611 14
      vertex 60.5451 16.0611 11.5
    endloop
  endfacet
  facet normal -0.760371 0.649489 0
    outer loop
      vertex 60.5451 16.0611 14
      vertex 60.0355 15.4645 11.5
      vertex 60.0355 15.4645 14
    endloop
  endfacet
  facet normal -0.649489 0.760371 0
    outer loop
      vertex 60.0355 15.4645 11.5
      vertex 59.4389 14.9549 14
      vertex 60.0355 15.4645 14
    endloop
  endfacet
  facet normal -0.649489 0.760371 0
    outer loop
      vertex 59.4389 14.9549 14
      vertex 60.0355 15.4645 11.5
      vertex 59.4389 14.9549 11.5
    endloop
  endfacet
  facet normal 0.0785092 0.996913 -0
    outer loop
      vertex 56.5 14 11.5
      vertex 55.7178 14.0616 14
      vertex 56.5 14 14
    endloop
  endfacet
  facet normal 0.0785092 0.996913 0
    outer loop
      vertex 55.7178 14.0616 14
      vertex 56.5 14 11.5
      vertex 55.7178 14.0616 11.5
    endloop
  endfacet
  facet normal -0.382723 0.923863 0
    outer loop
      vertex 58.77 14.545 11.5
      vertex 58.0451 14.2447 14
      vertex 58.77 14.545 14
    endloop
  endfacet
  facet normal -0.382723 0.923863 0
    outer loop
      vertex 58.0451 14.2447 14
      vertex 58.77 14.545 11.5
      vertex 58.0451 14.2447 11.5
    endloop
  endfacet
  facet normal 0.923863 0.382723 0
    outer loop
      vertex 52.045 16.73 14
      vertex 51.7447 17.4549 11.5
      vertex 51.7447 17.4549 14
    endloop
  endfacet
  facet normal 0.923863 0.382723 0
    outer loop
      vertex 51.7447 17.4549 11.5
      vertex 52.045 16.73 14
      vertex 52.045 16.73 11.5
    endloop
  endfacet
  facet normal -0.923863 -0.382723 0
    outer loop
      vertex 61.2553 20.5451 11.5
      vertex 60.955 21.27 14
      vertex 60.955 21.27 11.5
    endloop
  endfacet
  facet normal -0.923863 -0.382723 0
    outer loop
      vertex 60.955 21.27 14
      vertex 61.2553 20.5451 11.5
      vertex 61.2553 20.5451 14
    endloop
  endfacet
  facet normal 0.996913 -0.0785092 0
    outer loop
      vertex 51.5 19 14
      vertex 51.5616 19.7822 11.5
      vertex 51.5616 19.7822 14
    endloop
  endfacet
  facet normal 0.996913 -0.0785092 0
    outer loop
      vertex 51.5616 19.7822 11.5
      vertex 51.5 19 14
      vertex 51.5 19 11.5
    endloop
  endfacet
  facet normal -0.972373 -0.233431 0
    outer loop
      vertex 5.67907 4.26594 13.5
      vertex 5.6168 4.52533 14
      vertex 5.6168 4.52533 13.5
    endloop
  endfacet
  facet normal -0.972373 -0.233431 0
    outer loop
      vertex 5.6168 4.52533 14
      vertex 5.67907 4.26594 13.5
      vertex 5.67907 4.26594 14
    endloop
  endfacet
  facet normal -0.996917 -0.0784593 0
    outer loop
      vertex 5.7 4 13.5
      vertex 5.67907 4.26594 14
      vertex 5.67907 4.26594 13.5
    endloop
  endfacet
  facet normal -0.996917 -0.0784593 0
    outer loop
      vertex 5.67907 4.26594 14
      vertex 5.7 4 13.5
      vertex 5.7 4 14
    endloop
  endfacet
  facet normal -0.92387 -0.382706 0
    outer loop
      vertex 5.6168 4.52533 13.5
      vertex 5.51471 4.77178 14
      vertex 5.51471 4.77178 13.5
    endloop
  endfacet
  facet normal -0.92387 -0.382706 0
    outer loop
      vertex 5.51471 4.77178 14
      vertex 5.6168 4.52533 13.5
      vertex 5.6168 4.52533 14
    endloop
  endfacet
  facet normal -0.522412 0.852693 0
    outer loop
      vertex 4.79579 2.5 0
      vertex 4.77178 2.48529 11
      vertex 4.79579 2.5 11
    endloop
  endfacet
  facet normal -0.522412 0.852693 0
    outer loop
      vertex 4.77178 2.48529 11
      vertex 4.79579 2.5 0
      vertex 4.77178 2.48529 0
    endloop
  endfacet
  facet normal -0.522494 0.852643 0
    outer loop
      vertex 4.99923 2.62467 13.5
      vertex 4.77178 2.48529 14
      vertex 4.99923 2.62467 14
    endloop
  endfacet
  facet normal -0.522494 0.852643 0
    outer loop
      vertex 4.77178 2.48529 14
      vertex 4.99923 2.62467 13.5
      vertex 4.77178 2.48529 13.5
    endloop
  endfacet
  facet normal 0.92387 -0.382706 0
    outer loop
      vertex 2.3832 4.52533 11
      vertex 2.48529 4.77178 0
      vertex 2.48529 4.77178 11
    endloop
  endfacet
  facet normal 0.92387 -0.382706 0
    outer loop
      vertex 2.48529 4.77178 0
      vertex 2.3832 4.52533 11
      vertex 2.3832 4.52533 0
    endloop
  endfacet
  facet normal 0.92387 -0.382706 0
    outer loop
      vertex 2.3832 4.52533 14
      vertex 2.48529 4.77178 13.5
      vertex 2.48529 4.77178 14
    endloop
  endfacet
  facet normal 0.92387 -0.382706 0
    outer loop
      vertex 2.48529 4.77178 13.5
      vertex 2.3832 4.52533 14
      vertex 2.3832 4.52533 13.5
    endloop
  endfacet
  facet normal 0.522412 0.852693 -0
    outer loop
      vertex 3.22822 2.48529 0
      vertex 3.20421 2.5 11
      vertex 3.22822 2.48529 11
    endloop
  endfacet
  facet normal 0.522412 0.852693 0
    outer loop
      vertex 3.20421 2.5 11
      vertex 3.22822 2.48529 0
      vertex 3.20421 2.5 0
    endloop
  endfacet
  facet normal 0.522494 0.852643 -0
    outer loop
      vertex 3.22822 2.48529 13.5
      vertex 3.00077 2.62467 14
      vertex 3.22822 2.48529 14
    endloop
  endfacet
  facet normal 0.522494 0.852643 0
    outer loop
      vertex 3.00077 2.62467 14
      vertex 3.22822 2.48529 13.5
      vertex 3.00077 2.62467 13.5
    endloop
  endfacet
  facet normal -0.972373 0.233431 0
    outer loop
      vertex 5.6168 3.47467 13.5
      vertex 5.67907 3.73406 14
      vertex 5.67907 3.73406 13.5
    endloop
  endfacet
  facet normal -0.972373 0.233431 0
    outer loop
      vertex 5.67907 3.73406 14
      vertex 5.6168 3.47467 13.5
      vertex 5.6168 3.47467 14
    endloop
  endfacet
  facet normal -0.382706 0.92387 0
    outer loop
      vertex 4.77178 2.48529 0
      vertex 4.52533 2.3832 11
      vertex 4.77178 2.48529 11
    endloop
  endfacet
  facet normal -0.382706 0.92387 0
    outer loop
      vertex 4.52533 2.3832 11
      vertex 4.77178 2.48529 0
      vertex 4.52533 2.3832 0
    endloop
  endfacet
  facet normal -0.382706 0.92387 0
    outer loop
      vertex 4.77178 2.48529 13.5
      vertex 4.52533 2.3832 14
      vertex 4.77178 2.48529 14
    endloop
  endfacet
  facet normal -0.382706 0.92387 0
    outer loop
      vertex 4.52533 2.3832 14
      vertex 4.77178 2.48529 13.5
      vertex 4.52533 2.3832 13.5
    endloop
  endfacet
  facet normal 0.382706 -0.92387 0
    outer loop
      vertex 3.22822 5.51471 13.5
      vertex 3.47467 5.6168 14
      vertex 3.22822 5.51471 14
    endloop
  endfacet
  facet normal 0.382706 -0.92387 0
    outer loop
      vertex 3.47467 5.6168 14
      vertex 3.22822 5.51471 13.5
      vertex 3.47467 5.6168 13.5
    endloop
  endfacet
  facet normal 0.522494 -0.852643 0
    outer loop
      vertex 3.00077 5.37533 13.5
      vertex 3.22822 5.51471 14
      vertex 3.00077 5.37533 14
    endloop
  endfacet
  facet normal 0.522494 -0.852643 0
    outer loop
      vertex 3.22822 5.51471 14
      vertex 3.00077 5.37533 13.5
      vertex 3.22822 5.51471 13.5
    endloop
  endfacet
  facet normal 0.233431 -0.972373 0
    outer loop
      vertex 3.47467 5.6168 13.5
      vertex 3.73406 5.67907 14
      vertex 3.47467 5.6168 14
    endloop
  endfacet
  facet normal 0.233431 -0.972373 0
    outer loop
      vertex 3.73406 5.67907 14
      vertex 3.47467 5.6168 13.5
      vertex 3.73406 5.67907 13.5
    endloop
  endfacet
  facet normal -0.649447 0.760406 0
    outer loop
      vertex 5.20208 2.79792 13.5
      vertex 4.99923 2.62467 14
      vertex 5.20208 2.79792 14
    endloop
  endfacet
  facet normal -0.649447 0.760406 0
    outer loop
      vertex 4.99923 2.62467 14
      vertex 5.20208 2.79792 13.5
      vertex 4.99923 2.62467 13.5
    endloop
  endfacet
  facet normal 0.0784593 -0.996917 0
    outer loop
      vertex 3.73406 5.67907 13.5
      vertex 4 5.7 14
      vertex 3.73406 5.67907 14
    endloop
  endfacet
  facet normal 0.0784593 -0.996917 0
    outer loop
      vertex 4 5.7 14
      vertex 3.73406 5.67907 13.5
      vertex 4 5.7 13.5
    endloop
  endfacet
  facet normal 0.92387 0.382706 0
    outer loop
      vertex 2.48529 3.22822 11
      vertex 2.3832 3.47467 0
      vertex 2.3832 3.47467 11
    endloop
  endfacet
  facet normal 0.92387 0.382706 0
    outer loop
      vertex 2.3832 3.47467 0
      vertex 2.48529 3.22822 11
      vertex 2.48529 3.22822 0
    endloop
  endfacet
  facet normal 0.92387 0.382706 0
    outer loop
      vertex 2.48529 3.22822 14
      vertex 2.3832 3.47467 13.5
      vertex 2.3832 3.47467 14
    endloop
  endfacet
  facet normal 0.92387 0.382706 0
    outer loop
      vertex 2.3832 3.47467 13.5
      vertex 2.48529 3.22822 14
      vertex 2.48529 3.22822 13.5
    endloop
  endfacet
  facet normal 0.760406 -0.649447 0
    outer loop
      vertex 2.62467 4.99923 14
      vertex 2.79792 5.20208 13.5
      vertex 2.79792 5.20208 14
    endloop
  endfacet
  facet normal 0.760406 -0.649447 0
    outer loop
      vertex 2.79792 5.20208 13.5
      vertex 2.62467 4.99923 14
      vertex 2.62467 4.99923 13.5
    endloop
  endfacet
  facet normal 0.233431 0.972373 -0
    outer loop
      vertex 3.73406 2.32093 13.5
      vertex 3.47467 2.3832 14
      vertex 3.73406 2.32093 14
    endloop
  endfacet
  facet normal 0.233431 0.972373 0
    outer loop
      vertex 3.47467 2.3832 14
      vertex 3.73406 2.32093 13.5
      vertex 3.47467 2.3832 13.5
    endloop
  endfacet
  facet normal 0.233431 0.972373 -0
    outer loop
      vertex 3.73406 2.32093 0
      vertex 3.47467 2.3832 11
      vertex 3.73406 2.32093 11
    endloop
  endfacet
  facet normal 0.233431 0.972373 0
    outer loop
      vertex 3.47467 2.3832 11
      vertex 3.73406 2.32093 0
      vertex 3.47467 2.3832 0
    endloop
  endfacet
  facet normal -0.92387 0.382706 0
    outer loop
      vertex 5.51471 3.22822 13.5
      vertex 5.6168 3.47467 14
      vertex 5.6168 3.47467 13.5
    endloop
  endfacet
  facet normal -0.92387 0.382706 0
    outer loop
      vertex 5.6168 3.47467 14
      vertex 5.51471 3.22822 13.5
      vertex 5.51471 3.22822 14
    endloop
  endfacet
  facet normal 0.760406 0.649447 0
    outer loop
      vertex 2.79792 2.79792 14
      vertex 2.62467 3.00077 13.5
      vertex 2.62467 3.00077 14
    endloop
  endfacet
  facet normal 0.760406 0.649447 0
    outer loop
      vertex 2.62467 3.00077 13.5
      vertex 2.79792 2.79792 14
      vertex 2.79792 2.79792 13.5
    endloop
  endfacet
  facet normal 0.649447 -0.760406 0
    outer loop
      vertex 2.79792 5.20208 13.5
      vertex 3.00077 5.37533 14
      vertex 2.79792 5.20208 14
    endloop
  endfacet
  facet normal 0.649447 -0.760406 0
    outer loop
      vertex 3.00077 5.37533 14
      vertex 2.79792 5.20208 13.5
      vertex 3.00077 5.37533 13.5
    endloop
  endfacet
  facet normal -0.0784593 0.996917 0
    outer loop
      vertex 4.26594 2.32093 0
      vertex 4 2.3 11
      vertex 4.26594 2.32093 11
    endloop
  endfacet
  facet normal -0.0784593 0.996917 0
    outer loop
      vertex 4 2.3 11
      vertex 4.26594 2.32093 0
      vertex 4 2.3 0
    endloop
  endfacet
  facet normal -0.0784593 0.996917 0
    outer loop
      vertex 4.26594 2.32093 13.5
      vertex 4 2.3 14
      vertex 4.26594 2.32093 14
    endloop
  endfacet
  facet normal -0.0784593 0.996917 0
    outer loop
      vertex 4 2.3 14
      vertex 4.26594 2.32093 13.5
      vertex 4 2.3 13.5
    endloop
  endfacet
  facet normal -0.852643 0.522494 0
    outer loop
      vertex 5.37533 3.00077 13.5
      vertex 5.51471 3.22822 14
      vertex 5.51471 3.22822 13.5
    endloop
  endfacet
  facet normal -0.852643 0.522494 0
    outer loop
      vertex 5.51471 3.22822 14
      vertex 5.37533 3.00077 13.5
      vertex 5.37533 3.00077 14
    endloop
  endfacet
  facet normal -0.852643 -0.522494 0
    outer loop
      vertex 5.51471 4.77178 13.5
      vertex 5.37533 4.99923 14
      vertex 5.37533 4.99923 13.5
    endloop
  endfacet
  facet normal -0.852643 -0.522494 0
    outer loop
      vertex 5.37533 4.99923 14
      vertex 5.51471 4.77178 13.5
      vertex 5.51471 4.77178 14
    endloop
  endfacet
  facet normal -0.996917 0.0784593 0
    outer loop
      vertex 5.67907 3.73406 13.5
      vertex 5.7 4 14
      vertex 5.7 4 13.5
    endloop
  endfacet
  facet normal -0.996917 0.0784593 0
    outer loop
      vertex 5.7 4 14
      vertex 5.67907 3.73406 13.5
      vertex 5.67907 3.73406 14
    endloop
  endfacet
  facet normal 0.972373 0.233431 0
    outer loop
      vertex 2.3832 3.47467 11
      vertex 2.32093 3.73406 0
      vertex 2.32093 3.73406 11
    endloop
  endfacet
  facet normal 0.972373 0.233431 0
    outer loop
      vertex 2.32093 3.73406 0
      vertex 2.3832 3.47467 11
      vertex 2.3832 3.47467 0
    endloop
  endfacet
  facet normal 0.972373 0.233431 0
    outer loop
      vertex 2.3832 3.47467 14
      vertex 2.32093 3.73406 13.5
      vertex 2.32093 3.73406 14
    endloop
  endfacet
  facet normal 0.972373 0.233431 0
    outer loop
      vertex 2.32093 3.73406 13.5
      vertex 2.3832 3.47467 14
      vertex 2.3832 3.47467 13.5
    endloop
  endfacet
  facet normal -0.522494 -0.852643 0
    outer loop
      vertex 4.77178 5.51471 13.5
      vertex 4.99923 5.37533 14
      vertex 4.77178 5.51471 14
    endloop
  endfacet
  facet normal -0.522494 -0.852643 -0
    outer loop
      vertex 4.99923 5.37533 14
      vertex 4.77178 5.51471 13.5
      vertex 4.99923 5.37533 13.5
    endloop
  endfacet
  facet normal -0.760406 -0.649447 0
    outer loop
      vertex 5.37533 4.99923 13.5
      vertex 5.20208 5.20208 14
      vertex 5.20208 5.20208 13.5
    endloop
  endfacet
  facet normal -0.760406 -0.649447 0
    outer loop
      vertex 5.20208 5.20208 14
      vertex 5.37533 4.99923 13.5
      vertex 5.37533 4.99923 14
    endloop
  endfacet
  facet normal 0.996917 -0.0784593 0
    outer loop
      vertex 2.3 4 11
      vertex 2.32093 4.26594 0
      vertex 2.32093 4.26594 11
    endloop
  endfacet
  facet normal 0.996917 -0.0784593 0
    outer loop
      vertex 2.32093 4.26594 0
      vertex 2.3 4 11
      vertex 2.3 4 0
    endloop
  endfacet
  facet normal 0.996917 -0.0784593 0
    outer loop
      vertex 2.3 4 14
      vertex 2.32093 4.26594 13.5
      vertex 2.32093 4.26594 14
    endloop
  endfacet
  facet normal 0.996917 -0.0784593 0
    outer loop
      vertex 2.32093 4.26594 13.5
      vertex 2.3 4 14
      vertex 2.3 4 13.5
    endloop
  endfacet
  facet normal -0.649447 -0.760406 0
    outer loop
      vertex 4.99923 5.37533 13.5
      vertex 5.20208 5.20208 14
      vertex 4.99923 5.37533 14
    endloop
  endfacet
  facet normal -0.649447 -0.760406 -0
    outer loop
      vertex 5.20208 5.20208 14
      vertex 4.99923 5.37533 13.5
      vertex 5.20208 5.20208 13.5
    endloop
  endfacet
  facet normal -0.233431 0.972373 0
    outer loop
      vertex 4.52533 2.3832 13.5
      vertex 4.26594 2.32093 14
      vertex 4.52533 2.3832 14
    endloop
  endfacet
  facet normal -0.233431 0.972373 0
    outer loop
      vertex 4.26594 2.32093 14
      vertex 4.52533 2.3832 13.5
      vertex 4.26594 2.32093 13.5
    endloop
  endfacet
  facet normal -0.233431 0.972373 0
    outer loop
      vertex 4.52533 2.3832 0
      vertex 4.26594 2.32093 11
      vertex 4.52533 2.3832 11
    endloop
  endfacet
  facet normal -0.233431 0.972373 0
    outer loop
      vertex 4.26594 2.32093 11
      vertex 4.52533 2.3832 0
      vertex 4.26594 2.32093 0
    endloop
  endfacet
  facet normal 0.852693 0.522412 0
    outer loop
      vertex 2.5 3.20421 11
      vertex 2.48529 3.22822 0
      vertex 2.48529 3.22822 11
    endloop
  endfacet
  facet normal 0.852693 0.522412 0
    outer loop
      vertex 2.48529 3.22822 0
      vertex 2.5 3.20421 11
      vertex 2.5 3.20421 0
    endloop
  endfacet
  facet normal 0.852643 0.522494 0
    outer loop
      vertex 2.62467 3.00077 14
      vertex 2.48529 3.22822 13.5
      vertex 2.48529 3.22822 14
    endloop
  endfacet
  facet normal 0.852643 0.522494 0
    outer loop
      vertex 2.48529 3.22822 13.5
      vertex 2.62467 3.00077 14
      vertex 2.62467 3.00077 13.5
    endloop
  endfacet
  facet normal 0.649447 0.760406 -0
    outer loop
      vertex 3.00077 2.62467 13.5
      vertex 2.79792 2.79792 14
      vertex 3.00077 2.62467 14
    endloop
  endfacet
  facet normal 0.649447 0.760406 0
    outer loop
      vertex 2.79792 2.79792 14
      vertex 3.00077 2.62467 13.5
      vertex 2.79792 2.79792 13.5
    endloop
  endfacet
  facet normal -0.760406 0.649447 0
    outer loop
      vertex 5.20208 2.79792 13.5
      vertex 5.37533 3.00077 14
      vertex 5.37533 3.00077 13.5
    endloop
  endfacet
  facet normal -0.760406 0.649447 0
    outer loop
      vertex 5.37533 3.00077 14
      vertex 5.20208 2.79792 13.5
      vertex 5.20208 2.79792 14
    endloop
  endfacet
  facet normal 0.852643 -0.522494 0
    outer loop
      vertex 2.48529 4.77178 14
      vertex 2.62467 4.99923 13.5
      vertex 2.62467 4.99923 14
    endloop
  endfacet
  facet normal 0.852643 -0.522494 0
    outer loop
      vertex 2.62467 4.99923 13.5
      vertex 2.48529 4.77178 14
      vertex 2.48529 4.77178 13.5
    endloop
  endfacet
  facet normal 0.852693 -0.522412 0
    outer loop
      vertex 2.48529 4.77178 11
      vertex 2.5 4.79579 0
      vertex 2.5 4.79579 11
    endloop
  endfacet
  facet normal 0.852693 -0.522412 0
    outer loop
      vertex 2.5 4.79579 0
      vertex 2.48529 4.77178 11
      vertex 2.48529 4.77178 0
    endloop
  endfacet
  facet normal 0.996917 0.0784593 0
    outer loop
      vertex 2.32093 3.73406 11
      vertex 2.3 4 0
      vertex 2.3 4 11
    endloop
  endfacet
  facet normal 0.996917 0.0784593 0
    outer loop
      vertex 2.3 4 0
      vertex 2.32093 3.73406 11
      vertex 2.32093 3.73406 0
    endloop
  endfacet
  facet normal 0.996917 0.0784593 0
    outer loop
      vertex 2.32093 3.73406 14
      vertex 2.3 4 13.5
      vertex 2.3 4 14
    endloop
  endfacet
  facet normal 0.996917 0.0784593 0
    outer loop
      vertex 2.3 4 13.5
      vertex 2.32093 3.73406 14
      vertex 2.32093 3.73406 13.5
    endloop
  endfacet
  facet normal 0.382706 0.92387 -0
    outer loop
      vertex 3.47467 2.3832 0
      vertex 3.22822 2.48529 11
      vertex 3.47467 2.3832 11
    endloop
  endfacet
  facet normal 0.382706 0.92387 0
    outer loop
      vertex 3.22822 2.48529 11
      vertex 3.47467 2.3832 0
      vertex 3.22822 2.48529 0
    endloop
  endfacet
  facet normal 0.382706 0.92387 -0
    outer loop
      vertex 3.47467 2.3832 13.5
      vertex 3.22822 2.48529 14
      vertex 3.47467 2.3832 14
    endloop
  endfacet
  facet normal 0.382706 0.92387 0
    outer loop
      vertex 3.22822 2.48529 14
      vertex 3.47467 2.3832 13.5
      vertex 3.22822 2.48529 13.5
    endloop
  endfacet
  facet normal -0.382706 -0.92387 0
    outer loop
      vertex 4.52533 5.6168 13.5
      vertex 4.77178 5.51471 14
      vertex 4.52533 5.6168 14
    endloop
  endfacet
  facet normal -0.382706 -0.92387 -0
    outer loop
      vertex 4.77178 5.51471 14
      vertex 4.52533 5.6168 13.5
      vertex 4.77178 5.51471 13.5
    endloop
  endfacet
  facet normal -0.233431 -0.972373 0
    outer loop
      vertex 4.26594 5.67907 13.5
      vertex 4.52533 5.6168 14
      vertex 4.26594 5.67907 14
    endloop
  endfacet
  facet normal -0.233431 -0.972373 -0
    outer loop
      vertex 4.52533 5.6168 14
      vertex 4.26594 5.67907 13.5
      vertex 4.52533 5.6168 13.5
    endloop
  endfacet
  facet normal -0.0784593 -0.996917 0
    outer loop
      vertex 4 5.7 13.5
      vertex 4.26594 5.67907 14
      vertex 4 5.7 14
    endloop
  endfacet
  facet normal -0.0784593 -0.996917 -0
    outer loop
      vertex 4.26594 5.67907 14
      vertex 4 5.7 13.5
      vertex 4.26594 5.67907 13.5
    endloop
  endfacet
  facet normal 0.972373 -0.233431 0
    outer loop
      vertex 2.32093 4.26594 11
      vertex 2.3832 4.52533 0
      vertex 2.3832 4.52533 11
    endloop
  endfacet
  facet normal 0.972373 -0.233431 0
    outer loop
      vertex 2.3832 4.52533 0
      vertex 2.32093 4.26594 11
      vertex 2.32093 4.26594 0
    endloop
  endfacet
  facet normal 0.972373 -0.233431 0
    outer loop
      vertex 2.32093 4.26594 14
      vertex 2.3832 4.52533 13.5
      vertex 2.3832 4.52533 14
    endloop
  endfacet
  facet normal 0.972373 -0.233431 0
    outer loop
      vertex 2.3832 4.52533 13.5
      vertex 2.32093 4.26594 14
      vertex 2.32093 4.26594 13.5
    endloop
  endfacet
  facet normal 0.0784593 0.996917 -0
    outer loop
      vertex 4 2.3 0
      vertex 3.73406 2.32093 11
      vertex 4 2.3 11
    endloop
  endfacet
  facet normal 0.0784593 0.996917 0
    outer loop
      vertex 3.73406 2.32093 11
      vertex 4 2.3 0
      vertex 3.73406 2.32093 0
    endloop
  endfacet
  facet normal 0.0784593 0.996917 -0
    outer loop
      vertex 4 2.3 13.5
      vertex 3.73406 2.32093 14
      vertex 4 2.3 14
    endloop
  endfacet
  facet normal 0.0784593 0.996917 0
    outer loop
      vertex 3.73406 2.32093 14
      vertex 4 2.3 13.5
      vertex 3.73406 2.32093 13.5
    endloop
  endfacet
  facet normal 0.445185 0.724802 0.525806
    outer loop
      vertex 2.14579 1.42561 13.3768
      vertex 2.91019 2.5 11.2486
      vertex 2.1358 1.43414 13.3735
    endloop
  endfacet
  facet normal 0.444541 0.725214 0.525783
    outer loop
      vertex 3.22822 2.48529 11
      vertex 2.91019 2.5 11.2486
      vertex 2.14579 1.42561 13.3768
    endloop
  endfacet
  facet normal 0.444425 0.725401 0.525623
    outer loop
      vertex 2.91019 2.5 11.2486
      vertex 3.22822 2.48529 11
      vertex 3.20421 2.5 11
    endloop
  endfacet
  facet normal 0.848008 -0.0667401 0.525765
    outer loop
      vertex 2.3 4 11
      vertex 0.790013 4.50841 13.5
      vertex 0.75 4 13.5
    endloop
  endfacet
  facet normal 0.44446 -0.725278 0.525764
    outer loop
      vertex 3.00051 5.73763 11.5
      vertex 2.52453 6.89577 13.5
      vertex 2.0897 6.6293 13.5
    endloop
  endfacet
  facet normal 0.44442 -0.7253 0.525767
    outer loop
      vertex 2.52453 6.89577 13.5
      vertex 3.00051 5.73763 11.5
      vertex 3.08748 5.79092 11.5
    endloop
  endfacet
  facet normal -0.0667198 -0.848009 0.525766
    outer loop
      vertex 4.10168 6.002 11.5
      vertex 4 7.25 13.5
      vertex 4 6.01 11.5
    endloop
  endfacet
  facet normal -0.0667351 -0.848008 0.525764
    outer loop
      vertex 4 7.25 13.5
      vertex 4.10168 6.002 11.5
      vertex 4.50841 7.20999 13.5
    endloop
  endfacet
  facet normal -0.848009 -0.0667198 0.525766
    outer loop
      vertex 7.25 4 13.5
      vertex 6.002 4.10168 11.5
      vertex 6.01 4 11.5
    endloop
  endfacet
  facet normal -0.848008 -0.0667351 0.525764
    outer loop
      vertex 6.002 4.10168 11.5
      vertex 7.25 4 13.5
      vertex 7.20999 4.50841 13.5
    endloop
  endfacet
  facet normal -0.848004 -0.0667641 0.525768
    outer loop
      vertex 6.002 4.10168 11.5
      vertex 7.20999 4.50841 13.5
      vertex 5.98525 4.31443 11.5
    endloop
  endfacet
  facet normal 0.827127 0.198578 0.525763
    outer loop
      vertex 0.909067 2.9957 13.5
      vertex 2.3832 3.47467 11
      vertex 0.790013 3.49159 13.5
    endloop
  endfacet
  facet normal 0.64694 0.552314 0.525754
    outer loop
      vertex 1.74859 1.76762 13.3735
      vertex 2.5 2.67088 11.5
      vertex 2.5 2.82528 11.3378
    endloop
  endfacet
  facet normal 0.646794 0.55247 0.525771
    outer loop
      vertex 1.74859 1.76762 13.3735
      vertex 2.57872 2.57872 11.5
      vertex 2.5 2.67088 11.5
    endloop
  endfacet
  facet normal 0.646595 0.552694 0.52578
    outer loop
      vertex 2.57872 2.57872 11.5
      vertex 1.74859 1.76762 13.3735
      vertex 1.75736 1.75736 13.3735
    endloop
  endfacet
  facet normal 0.848008 0.0667401 0.525765
    outer loop
      vertex 0.790013 3.49159 13.5
      vertex 2.3 4 11
      vertex 0.75 4 13.5
    endloop
  endfacet
  facet normal 0.0667351 -0.848008 0.525764
    outer loop
      vertex 3.89832 6.002 11.5
      vertex 4 7.25 13.5
      vertex 3.49159 7.20999 13.5
    endloop
  endfacet
  facet normal 0.0667198 -0.848009 0.525766
    outer loop
      vertex 4 7.25 13.5
      vertex 3.89832 6.002 11.5
      vertex 4 6.01 11.5
    endloop
  endfacet
  facet normal 0.0667399 0.848008 0.525765
    outer loop
      vertex 4 2.3 11
      vertex 3.73406 2.32093 11
      vertex 3.49159 0.790013 13.5
    endloop
  endfacet
  facet normal 0.198563 0.82713 0.525765
    outer loop
      vertex 3.49159 0.790013 13.5
      vertex 3.73406 2.32093 11
      vertex 3.47467 2.3832 11
    endloop
  endfacet
  facet normal 0.82713 0.198563 0.525765
    outer loop
      vertex 2.3832 3.47467 11
      vertex 2.32093 3.73406 11
      vertex 0.790013 3.49159 13.5
    endloop
  endfacet
  facet normal -0.32552 0.785882 0.525763
    outer loop
      vertex 5.0043 0.909067 13.5
      vertex 5.47547 1.10423 13.5
      vertex 4.52533 2.3832 11
    endloop
  endfacet
  facet normal 0.552428 -0.646835 0.525764
    outer loop
      vertex 2.74099 5.55988 11.5
      vertex 2.0897 6.6293 13.5
      vertex 1.7019 6.2981 13.5
    endloop
  endfacet
  facet normal 0.552428 -0.646835 0.525764
    outer loop
      vertex 2.0897 6.6293 13.5
      vertex 2.74099 5.55988 11.5
      vertex 2.81855 5.62612 11.5
    endloop
  endfacet
  facet normal -0.0667399 0.848008 0.525765
    outer loop
      vertex 4.50841 0.790013 13.5
      vertex 4.26594 2.32093 11
      vertex 4 2.3 11
    endloop
  endfacet
  facet normal 0.0667401 0.848008 0.525765
    outer loop
      vertex 4 0.75 13.5
      vertex 4 2.3 11
      vertex 3.49159 0.790013 13.5
    endloop
  endfacet
  facet normal 0.646832 -0.552426 0.52577
    outer loop
      vertex 1.3707 5.9103 13.5
      vertex 2.5 5.17472 11.3378
      vertex 1.7019 6.2981 13.5
    endloop
  endfacet
  facet normal 0.646899 -0.552341 0.525777
    outer loop
      vertex 2.5 5.17472 11.3378
      vertex 1.3707 5.9103 13.5
      vertex 2.5 5.08981 11.2486
    endloop
  endfacet
  facet normal -0.552428 -0.646835 0.525764
    outer loop
      vertex 5.25901 5.55988 11.5
      vertex 5.9103 6.6293 13.5
      vertex 5.18145 5.62612 11.5
    endloop
  endfacet
  facet normal -0.552428 -0.646835 0.525764
    outer loop
      vertex 5.9103 6.6293 13.5
      vertex 5.25901 5.55988 11.5
      vertex 6.2981 6.2981 13.5
    endloop
  endfacet
  facet normal -0.0667401 0.848008 0.525765
    outer loop
      vertex 4.50841 0.790013 13.5
      vertex 4 2.3 11
      vertex 4 0.75 13.5
    endloop
  endfacet
  facet normal 0.848008 0.0667399 0.525765
    outer loop
      vertex 2.32093 3.73406 11
      vertex 2.3 4 11
      vertex 0.790013 3.49159 13.5
    endloop
  endfacet
  facet normal -0.848009 0.0667198 0.525766
    outer loop
      vertex 6.002 3.89832 11.5
      vertex 7.25 4 13.5
      vertex 6.01 4 11.5
    endloop
  endfacet
  facet normal -0.848008 0.0667351 0.525764
    outer loop
      vertex 7.25 4 13.5
      vertex 6.002 3.89832 11.5
      vertex 7.20999 3.49159 13.5
    endloop
  endfacet
  facet normal -0.325534 -0.785874 0.525766
    outer loop
      vertex 4.91252 5.79092 11.5
      vertex 5.47547 6.89577 13.5
      vertex 4.71536 5.87259 11.5
    endloop
  endfacet
  facet normal -0.325541 0.785871 0.525766
    outer loop
      vertex 5.47547 1.10423 13.5
      vertex 4.77178 2.48529 11
      vertex 4.52533 2.3832 11
    endloop
  endfacet
  facet normal -0.785874 0.325534 0.525766
    outer loop
      vertex 6.89577 2.52453 13.5
      vertex 5.87259 3.28464 11.5
      vertex 5.79092 3.08748 11.5
    endloop
  endfacet
  facet normal 0.848008 -0.0667399 0.525765
    outer loop
      vertex 2.3 4 11
      vertex 2.32093 4.26594 11
      vertex 0.790013 4.50841 13.5
    endloop
  endfacet
  facet normal -0.725273 0.444467 0.525765
    outer loop
      vertex 6.6293 2.0897 13.5
      vertex 5.73763 3.00051 11.5
      vertex 5.62612 2.81855 11.5
    endloop
  endfacet
  facet normal -0.552426 0.646832 0.52577
    outer loop
      vertex 5.17472 2.5 11.3378
      vertex 5.9103 1.3707 13.5
      vertex 6.2981 1.7019 13.5
    endloop
  endfacet
  facet normal -0.552341 0.646899 0.525777
    outer loop
      vertex 5.9103 1.3707 13.5
      vertex 5.17472 2.5 11.3378
      vertex 5.08981 2.5 11.2486
    endloop
  endfacet
  facet normal -0.785883 -0.325515 0.525764
    outer loop
      vertex 5.87259 4.71536 11.5
      vertex 7.09093 5.0043 13.5
      vertex 6.89577 5.47547 13.5
    endloop
  endfacet
  facet normal -0.785895 -0.325483 0.525766
    outer loop
      vertex 7.09093 5.0043 13.5
      vertex 5.87259 4.71536 11.5
      vertex 5.91162 4.62112 11.5
    endloop
  endfacet
  facet normal 0.82713 -0.198563 0.525765
    outer loop
      vertex 2.32093 4.26594 11
      vertex 2.3832 4.52533 11
      vertex 0.790013 4.50841 13.5
    endloop
  endfacet
  facet normal -0.725273 -0.444467 0.525765
    outer loop
      vertex 5.73763 4.99949 11.5
      vertex 6.6293 5.9103 13.5
      vertex 5.62612 5.18145 11.5
    endloop
  endfacet
  facet normal -0.7253 0.44442 0.525767
    outer loop
      vertex 5.73763 3.00051 11.5
      vertex 6.89577 2.52453 13.5
      vertex 5.79092 3.08748 11.5
    endloop
  endfacet
  facet normal -0.725278 0.44446 0.525764
    outer loop
      vertex 6.89577 2.52453 13.5
      vertex 5.73763 3.00051 11.5
      vertex 6.6293 2.0897 13.5
    endloop
  endfacet
  facet normal -0.44446 0.725277 0.525765
    outer loop
      vertex 5.47547 1.10423 13.5
      vertex 5.9103 1.3707 13.5
      vertex 4.77178 2.48529 11
    endloop
  endfacet
  facet normal -0.785895 0.325483 0.525766
    outer loop
      vertex 5.87259 3.28464 11.5
      vertex 7.09093 2.9957 13.5
      vertex 5.91162 3.37888 11.5
    endloop
  endfacet
  facet normal -0.785883 0.325515 0.525764
    outer loop
      vertex 7.09093 2.9957 13.5
      vertex 5.87259 3.28464 11.5
      vertex 6.89577 2.52453 13.5
    endloop
  endfacet
  facet normal 0.646894 0.552344 0.525779
    outer loop
      vertex 1.43414 2.1358 13.3735
      vertex 2.5 2.82528 11.3378
      vertex 2.5 2.91019 11.2486
    endloop
  endfacet
  facet normal 0.646825 0.552431 0.525773
    outer loop
      vertex 2.5 2.82528 11.3378
      vertex 1.43414 2.1358 13.3735
      vertex 1.74859 1.76762 13.3735
    endloop
  endfacet
  facet normal -0.848004 0.0667641 0.525768
    outer loop
      vertex 7.20999 3.49159 13.5
      vertex 6.002 3.89832 11.5
      vertex 5.98525 3.68557 11.5
    endloop
  endfacet
  facet normal 0.725222 -0.444536 0.525776
    outer loop
      vertex 2.48529 4.77178 11
      vertex 2.5 5.08981 11.2486
      vertex 1.3707 5.9103 13.5
    endloop
  endfacet
  facet normal 0.725401 -0.444425 0.525623
    outer loop
      vertex 2.5 5.08981 11.2486
      vertex 2.48529 4.77178 11
      vertex 2.5 4.79579 11
    endloop
  endfacet
  facet normal -0.646835 0.552428 0.525764
    outer loop
      vertex 5.55988 2.74099 11.5
      vertex 6.6293 2.0897 13.5
      vertex 5.62612 2.81855 11.5
    endloop
  endfacet
  facet normal -0.646835 0.552428 0.525764
    outer loop
      vertex 6.6293 2.0897 13.5
      vertex 5.55988 2.74099 11.5
      vertex 6.2981 1.7019 13.5
    endloop
  endfacet
  facet normal 0.55247 0.646794 0.525771
    outer loop
      vertex 2.57872 2.57872 11.5
      vertex 1.76762 1.74859 13.3735
      vertex 2.67088 2.5 11.5
    endloop
  endfacet
  facet normal 0.552314 0.64694 0.525754
    outer loop
      vertex 2.67088 2.5 11.5
      vertex 1.76762 1.74859 13.3735
      vertex 2.82528 2.5 11.3378
    endloop
  endfacet
  facet normal 0.552694 0.646595 0.52578
    outer loop
      vertex 1.76762 1.74859 13.3735
      vertex 2.57872 2.57872 11.5
      vertex 1.75736 1.75736 13.3735
    endloop
  endfacet
  facet normal 0.552431 0.646825 0.525773
    outer loop
      vertex 2.1358 1.43414 13.3735
      vertex 2.82528 2.5 11.3378
      vertex 1.76762 1.74859 13.3735
    endloop
  endfacet
  facet normal 0.552344 0.646894 0.525779
    outer loop
      vertex 2.82528 2.5 11.3378
      vertex 2.1358 1.43414 13.3735
      vertex 2.91019 2.5 11.2486
    endloop
  endfacet
  facet normal 0.198587 -0.827124 0.525765
    outer loop
      vertex 3.37888 5.91162 11.5
      vertex 3.49159 7.20999 13.5
      vertex 2.9957 7.09093 13.5
    endloop
  endfacet
  facet normal 0.198587 -0.827124 0.525765
    outer loop
      vertex 3.49159 7.20999 13.5
      vertex 3.37888 5.91162 11.5
      vertex 3.47805 5.93543 11.5
    endloop
  endfacet
  facet normal 0.325515 -0.785883 0.525764
    outer loop
      vertex 3.28464 5.87259 11.5
      vertex 2.9957 7.09093 13.5
      vertex 2.52453 6.89577 13.5
    endloop
  endfacet
  facet normal 0.325483 -0.785895 0.525766
    outer loop
      vertex 2.9957 7.09093 13.5
      vertex 3.28464 5.87259 11.5
      vertex 3.37888 5.91162 11.5
    endloop
  endfacet
  facet normal -0.827127 0.198571 0.525767
    outer loop
      vertex 7.20999 3.49159 13.5
      vertex 5.98525 3.68557 11.5
      vertex 5.93543 3.47805 11.5
    endloop
  endfacet
  facet normal -0.0667641 -0.848004 0.525768
    outer loop
      vertex 4.31443 5.98525 11.5
      vertex 4.50841 7.20999 13.5
      vertex 4.10168 6.002 11.5
    endloop
  endfacet
  facet normal 0.198571 -0.827127 0.525767
    outer loop
      vertex 3.68557 5.98525 11.5
      vertex 3.49159 7.20999 13.5
      vertex 3.47805 5.93543 11.5
    endloop
  endfacet
  facet normal -0.552457 -0.646806 0.525769
    outer loop
      vertex 5.42128 5.42128 11.5
      vertex 6.2981 6.2981 13.5
      vertex 5.25901 5.55988 11.5
    endloop
  endfacet
  facet normal -0.55247 0.646794 0.52577
    outer loop
      vertex 5.32912 2.5 11.5
      vertex 6.2981 1.7019 13.5
      vertex 5.42128 2.57872 11.5
    endloop
  endfacet
  facet normal -0.552313 0.646943 0.525752
    outer loop
      vertex 6.2981 1.7019 13.5
      vertex 5.32912 2.5 11.5
      vertex 5.17472 2.5 11.3378
    endloop
  endfacet
  facet normal -0.444467 -0.725273 0.525765
    outer loop
      vertex 5.18145 5.62612 11.5
      vertex 5.9103 6.6293 13.5
      vertex 4.99949 5.73763 11.5
    endloop
  endfacet
  facet normal -0.44442 -0.7253 0.525767
    outer loop
      vertex 4.99949 5.73763 11.5
      vertex 5.47547 6.89577 13.5
      vertex 4.91252 5.79092 11.5
    endloop
  endfacet
  facet normal -0.44446 -0.725278 0.525764
    outer loop
      vertex 5.47547 6.89577 13.5
      vertex 4.99949 5.73763 11.5
      vertex 5.9103 6.6293 13.5
    endloop
  endfacet
  facet normal 0 0 -1
    outer loop
      vertex 5.7 4 13.5
      vertex 7.25 4 13.5
      vertex 7.20999 3.49159 13.5
    endloop
  endfacet
  facet normal 0 0 -1
    outer loop
      vertex 5.67907 3.73406 13.5
      vertex 7.20999 3.49159 13.5
      vertex 7.09093 2.9957 13.5
    endloop
  endfacet
  facet normal 0 0 -1
    outer loop
      vertex 7.25 4 13.5
      vertex 5.7 4 13.5
      vertex 7.20999 4.50841 13.5
    endloop
  endfacet
  facet normal 0 0 -1
    outer loop
      vertex 5.6168 3.47467 13.5
      vertex 7.09093 2.9957 13.5
      vertex 6.89577 2.52453 13.5
    endloop
  endfacet
  facet normal 0 0 -1
    outer loop
      vertex 5.67907 4.26594 13.5
      vertex 7.20999 4.50841 13.5
      vertex 5.7 4 13.5
    endloop
  endfacet
  facet normal 0 0 -1
    outer loop
      vertex 5.51471 3.22822 13.5
      vertex 6.89577 2.52453 13.5
      vertex 6.6293 2.0897 13.5
    endloop
  endfacet
  facet normal -0 0 -1
    outer loop
      vertex 7.20999 4.50841 13.5
      vertex 5.67907 4.26594 13.5
      vertex 7.09093 5.0043 13.5
    endloop
  endfacet
  facet normal 0 0 -1
    outer loop
      vertex 5.37533 3.00077 13.5
      vertex 6.6293 2.0897 13.5
      vertex 6.2981 1.7019 13.5
    endloop
  endfacet
  facet normal 0 0 -1
    outer loop
      vertex 5.6168 4.52533 13.5
      vertex 7.09093 5.0043 13.5
      vertex 5.67907 4.26594 13.5
    endloop
  endfacet
  facet normal 0 0 -1
    outer loop
      vertex 5.20208 2.79792 13.5
      vertex 6.2981 1.7019 13.5
      vertex 5.9103 1.3707 13.5
    endloop
  endfacet
  facet normal -0 0 -1
    outer loop
      vertex 7.09093 5.0043 13.5
      vertex 5.6168 4.52533 13.5
      vertex 6.89577 5.47547 13.5
    endloop
  endfacet
  facet normal 0 0 -1
    outer loop
      vertex 5.51471 4.77178 13.5
      vertex 6.89577 5.47547 13.5
      vertex 5.6168 4.52533 13.5
    endloop
  endfacet
  facet normal 0 0 -1
    outer loop
      vertex 7.20999 3.49159 13.5
      vertex 5.67907 3.73406 13.5
      vertex 5.7 4 13.5
    endloop
  endfacet
  facet normal 0 0 -1
    outer loop
      vertex 7.09093 2.9957 13.5
      vertex 5.6168 3.47467 13.5
      vertex 5.67907 3.73406 13.5
    endloop
  endfacet
  facet normal 0 0 -1
    outer loop
      vertex 6.89577 2.52453 13.5
      vertex 5.51471 3.22822 13.5
      vertex 5.6168 3.47467 13.5
    endloop
  endfacet
  facet normal 0 0 -1
    outer loop
      vertex 4.99923 2.62467 13.5
      vertex 5.9103 1.3707 13.5
      vertex 5.47547 1.10423 13.5
    endloop
  endfacet
  facet normal 0 0 -1
    outer loop
      vertex 6.6293 2.0897 13.5
      vertex 5.37533 3.00077 13.5
      vertex 5.51471 3.22822 13.5
    endloop
  endfacet
  facet normal 0 0 -1
    outer loop
      vertex 6.2981 1.7019 13.5
      vertex 5.20208 2.79792 13.5
      vertex 5.37533 3.00077 13.5
    endloop
  endfacet
  facet normal 0 0 -1
    outer loop
      vertex 4.77178 2.48529 13.5
      vertex 5.47547 1.10423 13.5
      vertex 5.0043 0.909067 13.5
    endloop
  endfacet
  facet normal 0 0 -1
    outer loop
      vertex 5.9103 1.3707 13.5
      vertex 4.99923 2.62467 13.5
      vertex 5.20208 2.79792 13.5
    endloop
  endfacet
  facet normal 0 0 -1
    outer loop
      vertex 5.47547 1.10423 13.5
      vertex 4.77178 2.48529 13.5
      vertex 4.99923 2.62467 13.5
    endloop
  endfacet
  facet normal 0 0 -1
    outer loop
      vertex 5.0043 0.909067 13.5
      vertex 4.52533 2.3832 13.5
      vertex 4.77178 2.48529 13.5
    endloop
  endfacet
  facet normal 0 0 -1
    outer loop
      vertex 4.50841 0.790013 13.5
      vertex 4.52533 2.3832 13.5
      vertex 5.0043 0.909067 13.5
    endloop
  endfacet
  facet normal 0 0 -1
    outer loop
      vertex 4.50841 0.790013 13.5
      vertex 4.26594 2.32093 13.5
      vertex 4.52533 2.3832 13.5
    endloop
  endfacet
  facet normal 0 0 -1
    outer loop
      vertex 4 0.75 13.5
      vertex 4.26594 2.32093 13.5
      vertex 4.50841 0.790013 13.5
    endloop
  endfacet
  facet normal 0 0 -1
    outer loop
      vertex 4 0.75 13.5
      vertex 4 2.3 13.5
      vertex 4.26594 2.32093 13.5
    endloop
  endfacet
  facet normal 0 0 -1
    outer loop
      vertex 4 0.75 13.5
      vertex 3.73406 2.32093 13.5
      vertex 4 2.3 13.5
    endloop
  endfacet
  facet normal 0 0 -1
    outer loop
      vertex 3.49159 0.790013 13.5
      vertex 3.73406 2.32093 13.5
      vertex 4 0.75 13.5
    endloop
  endfacet
  facet normal 0 0 -1
    outer loop
      vertex 3.49159 0.790013 13.5
      vertex 3.47467 2.3832 13.5
      vertex 3.73406 2.32093 13.5
    endloop
  endfacet
  facet normal 0 0 -1
    outer loop
      vertex 2.9957 0.909067 13.5
      vertex 3.47467 2.3832 13.5
      vertex 3.49159 0.790013 13.5
    endloop
  endfacet
  facet normal 0 0 -1
    outer loop
      vertex 2.57623 1.08282 13.5
      vertex 3.47467 2.3832 13.5
      vertex 2.9957 0.909067 13.5
    endloop
  endfacet
  facet normal -0 0 -1
    outer loop
      vertex 3.47467 2.3832 13.5
      vertex 2.57623 1.08282 13.5
      vertex 3.22822 2.48529 13.5
    endloop
  endfacet
  facet normal 0 0 -1
    outer loop
      vertex 2.47329 1.1459 13.5
      vertex 3.22822 2.48529 13.5
      vertex 2.57623 1.08282 13.5
    endloop
  endfacet
  facet normal -0 0 -1
    outer loop
      vertex 3.22822 2.48529 13.5
      vertex 2.47329 1.1459 13.5
      vertex 3.00077 2.62467 13.5
    endloop
  endfacet
  facet normal 0 0 -1
    outer loop
      vertex 1.75736 1.75736 13.5
      vertex 3.00077 2.62467 13.5
      vertex 2.47329 1.1459 13.5
    endloop
  endfacet
  facet normal -0 0 -1
    outer loop
      vertex 3.00077 2.62467 13.5
      vertex 1.75736 1.75736 13.5
      vertex 2.79792 2.79792 13.5
    endloop
  endfacet
  facet normal -0 0 -1
    outer loop
      vertex 2.79792 2.79792 13.5
      vertex 1.75736 1.75736 13.5
      vertex 2.62467 3.00077 13.5
    endloop
  endfacet
  facet normal 0 0 -1
    outer loop
      vertex 1.1459 2.47329 13.5
      vertex 2.62467 3.00077 13.5
      vertex 1.75736 1.75736 13.5
    endloop
  endfacet
  facet normal -0 0 -1
    outer loop
      vertex 2.62467 3.00077 13.5
      vertex 1.1459 2.47329 13.5
      vertex 2.48529 3.22822 13.5
    endloop
  endfacet
  facet normal 0 0 -1
    outer loop
      vertex 1.08282 2.57623 13.5
      vertex 2.48529 3.22822 13.5
      vertex 1.1459 2.47329 13.5
    endloop
  endfacet
  facet normal -0 0 -1
    outer loop
      vertex 2.48529 3.22822 13.5
      vertex 1.08282 2.57623 13.5
      vertex 2.3832 3.47467 13.5
    endloop
  endfacet
  facet normal 0 0 -1
    outer loop
      vertex 0.909067 2.9957 13.5
      vertex 2.3832 3.47467 13.5
      vertex 1.08282 2.57623 13.5
    endloop
  endfacet
  facet normal 0 0 -1
    outer loop
      vertex 2.3 4 13.5
      vertex 1.7019 6.2981 13.5
      vertex 2.0897 6.6293 13.5
    endloop
  endfacet
  facet normal 0 0 -1
    outer loop
      vertex 2.3 4 13.5
      vertex 1.3707 5.9103 13.5
      vertex 1.7019 6.2981 13.5
    endloop
  endfacet
  facet normal -0 0 -1
    outer loop
      vertex 2.3832 3.47467 13.5
      vertex 0.909067 2.9957 13.5
      vertex 2.32093 3.73406 13.5
    endloop
  endfacet
  facet normal 0 0 -1
    outer loop
      vertex 2.3 4 13.5
      vertex 1.10423 5.47547 13.5
      vertex 1.3707 5.9103 13.5
    endloop
  endfacet
  facet normal 0 0 -1
    outer loop
      vertex 0.790013 3.49159 13.5
      vertex 2.32093 3.73406 13.5
      vertex 0.909067 2.9957 13.5
    endloop
  endfacet
  facet normal -0 0 -1
    outer loop
      vertex 2.32093 3.73406 13.5
      vertex 0.790013 3.49159 13.5
      vertex 2.3 4 13.5
    endloop
  endfacet
  facet normal 0 0 -1
    outer loop
      vertex 2.3 4 13.5
      vertex 0.909067 5.0043 13.5
      vertex 1.10423 5.47547 13.5
    endloop
  endfacet
  facet normal -0 0 -1
    outer loop
      vertex 2.3 4 13.5
      vertex 0.790013 3.49159 13.5
      vertex 0.75 4 13.5
    endloop
  endfacet
  facet normal 0 0 -1
    outer loop
      vertex 2.3 4 13.5
      vertex 0.790013 4.50841 13.5
      vertex 0.909067 5.0043 13.5
    endloop
  endfacet
  facet normal 0 0 -1
    outer loop
      vertex 2.3 4 13.5
      vertex 0.75 4 13.5
      vertex 0.790013 4.50841 13.5
    endloop
  endfacet
  facet normal -0 0 -1
    outer loop
      vertex 6.89577 5.47547 13.5
      vertex 5.51471 4.77178 13.5
      vertex 6.6293 5.9103 13.5
    endloop
  endfacet
  facet normal 0 0 -1
    outer loop
      vertex 5.37533 4.99923 13.5
      vertex 6.6293 5.9103 13.5
      vertex 5.51471 4.77178 13.5
    endloop
  endfacet
  facet normal -0 0 -1
    outer loop
      vertex 6.6293 5.9103 13.5
      vertex 5.37533 4.99923 13.5
      vertex 6.2981 6.2981 13.5
    endloop
  endfacet
  facet normal 0 0 -1
    outer loop
      vertex 5.20208 5.20208 13.5
      vertex 6.2981 6.2981 13.5
      vertex 5.37533 4.99923 13.5
    endloop
  endfacet
  facet normal -0 0 -1
    outer loop
      vertex 6.2981 6.2981 13.5
      vertex 5.20208 5.20208 13.5
      vertex 5.9103 6.6293 13.5
    endloop
  endfacet
  facet normal 0 0 -1
    outer loop
      vertex 4.99923 5.37533 13.5
      vertex 5.9103 6.6293 13.5
      vertex 5.20208 5.20208 13.5
    endloop
  endfacet
  facet normal -0 0 -1
    outer loop
      vertex 5.9103 6.6293 13.5
      vertex 4.99923 5.37533 13.5
      vertex 5.47547 6.89577 13.5
    endloop
  endfacet
  facet normal 0 0 -1
    outer loop
      vertex 4.77178 5.51471 13.5
      vertex 5.47547 6.89577 13.5
      vertex 4.99923 5.37533 13.5
    endloop
  endfacet
  facet normal -0 0 -1
    outer loop
      vertex 5.47547 6.89577 13.5
      vertex 4.77178 5.51471 13.5
      vertex 5.0043 7.09093 13.5
    endloop
  endfacet
  facet normal 0 0 -1
    outer loop
      vertex 4.52533 5.6168 13.5
      vertex 5.0043 7.09093 13.5
      vertex 4.77178 5.51471 13.5
    endloop
  endfacet
  facet normal 0 0 -1
    outer loop
      vertex 4.52533 5.6168 13.5
      vertex 4.50841 7.20999 13.5
      vertex 5.0043 7.09093 13.5
    endloop
  endfacet
  facet normal 0 0 -1
    outer loop
      vertex 4.26594 5.67907 13.5
      vertex 4.50841 7.20999 13.5
      vertex 4.52533 5.6168 13.5
    endloop
  endfacet
  facet normal 0 0 -1
    outer loop
      vertex 4 5.7 13.5
      vertex 4.50841 7.20999 13.5
      vertex 4.26594 5.67907 13.5
    endloop
  endfacet
  facet normal 0 0 -1
    outer loop
      vertex 4 5.7 13.5
      vertex 4 7.25 13.5
      vertex 4.50841 7.20999 13.5
    endloop
  endfacet
  facet normal 0 0 -1
    outer loop
      vertex 3.73406 5.67907 13.5
      vertex 4 7.25 13.5
      vertex 4 5.7 13.5
    endloop
  endfacet
  facet normal 0 0 -1
    outer loop
      vertex 3.73406 5.67907 13.5
      vertex 3.49159 7.20999 13.5
      vertex 4 7.25 13.5
    endloop
  endfacet
  facet normal 0 0 -1
    outer loop
      vertex 3.47467 5.6168 13.5
      vertex 3.49159 7.20999 13.5
      vertex 3.73406 5.67907 13.5
    endloop
  endfacet
  facet normal 0 0 -1
    outer loop
      vertex 2.9957 7.09093 13.5
      vertex 3.47467 5.6168 13.5
      vertex 3.22822 5.51471 13.5
    endloop
  endfacet
  facet normal 0 0 -1
    outer loop
      vertex 2.52453 6.89577 13.5
      vertex 3.22822 5.51471 13.5
      vertex 3.00077 5.37533 13.5
    endloop
  endfacet
  facet normal 0 0 -1
    outer loop
      vertex 3.47467 5.6168 13.5
      vertex 2.9957 7.09093 13.5
      vertex 3.49159 7.20999 13.5
    endloop
  endfacet
  facet normal 0 0 -1
    outer loop
      vertex 2.0897 6.6293 13.5
      vertex 3.00077 5.37533 13.5
      vertex 2.79792 5.20208 13.5
    endloop
  endfacet
  facet normal 0 0 -1
    outer loop
      vertex 2.0897 6.6293 13.5
      vertex 2.79792 5.20208 13.5
      vertex 2.62467 4.99923 13.5
    endloop
  endfacet
  facet normal 0 0 -1
    outer loop
      vertex 3.22822 5.51471 13.5
      vertex 2.52453 6.89577 13.5
      vertex 2.9957 7.09093 13.5
    endloop
  endfacet
  facet normal 0 0 -1
    outer loop
      vertex 2.0897 6.6293 13.5
      vertex 2.62467 4.99923 13.5
      vertex 2.48529 4.77178 13.5
    endloop
  endfacet
  facet normal 0 0 -1
    outer loop
      vertex 2.0897 6.6293 13.5
      vertex 2.48529 4.77178 13.5
      vertex 2.3832 4.52533 13.5
    endloop
  endfacet
  facet normal 0 0 -1
    outer loop
      vertex 2.0897 6.6293 13.5
      vertex 2.3832 4.52533 13.5
      vertex 2.32093 4.26594 13.5
    endloop
  endfacet
  facet normal 0 0 -1
    outer loop
      vertex 2.0897 6.6293 13.5
      vertex 2.32093 4.26594 13.5
      vertex 2.3 4 13.5
    endloop
  endfacet
  facet normal 0 0 -1
    outer loop
      vertex 3.00077 5.37533 13.5
      vertex 2.0897 6.6293 13.5
      vertex 2.52453 6.89577 13.5
    endloop
  endfacet
  facet normal -0.646806 0.552457 0.525769
    outer loop
      vertex 6.2981 1.7019 13.5
      vertex 5.55988 2.74099 11.5
      vertex 5.42128 2.57872 11.5
    endloop
  endfacet
  facet normal -0.198578 0.827127 0.525763
    outer loop
      vertex 5.0043 0.909067 13.5
      vertex 4.52533 2.3832 11
      vertex 4.50841 0.790013 13.5
    endloop
  endfacet
  facet normal -0.444425 0.725401 0.525623
    outer loop
      vertex 4.77178 2.48529 11
      vertex 5.08981 2.5 11.2486
      vertex 4.79579 2.5 11
    endloop
  endfacet
  facet normal -0.444536 0.725222 0.525776
    outer loop
      vertex 5.08981 2.5 11.2486
      vertex 4.77178 2.48529 11
      vertex 5.9103 1.3707 13.5
    endloop
  endfacet
  facet normal 0.78628 0.325693 0.52506
    outer loop
      vertex 1.11128 2.52977 13.4862
      vertex 0.909067 2.9957 13.5
      vertex 1.08282 2.57623 13.5
    endloop
  endfacet
  facet normal 0.785888 0.325502 0.525764
    outer loop
      vertex 0.909067 2.9957 13.5
      vertex 1.11128 2.52977 13.4862
      vertex 2.3832 3.47467 11
    endloop
  endfacet
  facet normal -0.827124 0.198587 0.525765
    outer loop
      vertex 5.91162 3.37888 11.5
      vertex 7.20999 3.49159 13.5
      vertex 5.93543 3.47805 11.5
    endloop
  endfacet
  facet normal -0.827124 0.198587 0.525765
    outer loop
      vertex 7.20999 3.49159 13.5
      vertex 5.91162 3.37888 11.5
      vertex 7.09093 2.9957 13.5
    endloop
  endfacet
  facet normal 0.646794 -0.55247 0.52577
    outer loop
      vertex 1.7019 6.2981 13.5
      vertex 2.5 5.32912 11.5
      vertex 2.57872 5.42128 11.5
    endloop
  endfacet
  facet normal 0.646943 -0.552313 0.525752
    outer loop
      vertex 2.5 5.32912 11.5
      vertex 1.7019 6.2981 13.5
      vertex 2.5 5.17472 11.3378
    endloop
  endfacet
  facet normal 0.444548 0.725329 0.525618
    outer loop
      vertex 2.52852 1.11205 13.4858
      vertex 2.14579 1.42561 13.3768
      vertex 2.47329 1.1459 13.4858
    endloop
  endfacet
  facet normal 0.444459 0.725273 0.525771
    outer loop
      vertex 2.14579 1.42561 13.3768
      vertex 2.52852 1.11205 13.4858
      vertex 3.22822 2.48529 11
    endloop
  endfacet
  facet normal 0.32554 0.785869 0.525769
    outer loop
      vertex 3.22822 2.48529 11
      vertex 2.52977 1.11128 13.4862
      vertex 3.47467 2.3832 11
    endloop
  endfacet
  facet normal 0.317976 0.789163 0.525464
    outer loop
      vertex 2.52977 1.11128 13.4862
      vertex 3.22822 2.48529 11
      vertex 2.52852 1.11205 13.4858
    endloop
  endfacet
  facet normal -0.198563 0.82713 0.525765
    outer loop
      vertex 4.50841 0.790013 13.5
      vertex 4.52533 2.3832 11
      vertex 4.26594 2.32093 11
    endloop
  endfacet
  facet normal 0.0667641 -0.848004 0.525768
    outer loop
      vertex 3.68557 5.98525 11.5
      vertex 3.89832 6.002 11.5
      vertex 3.49159 7.20999 13.5
    endloop
  endfacet
  facet normal 0.444467 -0.725273 0.525765
    outer loop
      vertex 2.81855 5.62612 11.5
      vertex 3.00051 5.73763 11.5
      vertex 2.0897 6.6293 13.5
    endloop
  endfacet
  facet normal 0.827127 -0.198578 0.525763
    outer loop
      vertex 2.3832 4.52533 11
      vertex 0.909067 5.0043 13.5
      vertex 0.790013 4.50841 13.5
    endloop
  endfacet
  facet normal -0.19858 -0.827125 0.525767
    outer loop
      vertex 4.52194 5.93543 11.5
      vertex 4.50841 7.20999 13.5
      vertex 4.31443 5.98525 11.5
    endloop
  endfacet
  facet normal 0.725277 -0.44446 0.525765
    outer loop
      vertex 2.48529 4.77178 11
      vertex 1.3707 5.9103 13.5
      vertex 1.10423 5.47547 13.5
    endloop
  endfacet
  facet normal 0.785871 -0.325541 0.525766
    outer loop
      vertex 2.3832 4.52533 11
      vertex 2.48529 4.77178 11
      vertex 1.10423 5.47547 13.5
    endloop
  endfacet
  facet normal 0.725329 0.444548 0.525618
    outer loop
      vertex 1.42561 2.14579 13.3768
      vertex 1.11205 2.52852 13.4858
      vertex 1.1459 2.47329 13.4858
    endloop
  endfacet
  facet normal 0.725273 0.444459 0.525771
    outer loop
      vertex 1.11205 2.52852 13.4858
      vertex 1.42561 2.14579 13.3768
      vertex 2.48529 3.22822 11
    endloop
  endfacet
  facet normal 0.785869 0.32554 0.525769
    outer loop
      vertex 1.11128 2.52977 13.4862
      vertex 2.48529 3.22822 11
      vertex 2.3832 3.47467 11
    endloop
  endfacet
  facet normal 0.789163 0.317976 0.525464
    outer loop
      vertex 2.48529 3.22822 11
      vertex 1.11128 2.52977 13.4862
      vertex 1.11205 2.52852 13.4858
    endloop
  endfacet
  facet normal 0.325534 -0.785874 0.525766
    outer loop
      vertex 3.08748 5.79092 11.5
      vertex 3.28464 5.87259 11.5
      vertex 2.52453 6.89577 13.5
    endloop
  endfacet
  facet normal 0.325693 0.78628 0.52506
    outer loop
      vertex 2.9957 0.909067 13.5
      vertex 2.52977 1.11128 13.4862
      vertex 2.57623 1.08282 13.5
    endloop
  endfacet
  facet normal 0.325502 0.785888 0.525764
    outer loop
      vertex 2.52977 1.11128 13.4862
      vertex 2.9957 0.909067 13.5
      vertex 3.47467 2.3832 11
    endloop
  endfacet
  facet normal 0.725401 0.444425 0.525623
    outer loop
      vertex 2.48529 3.22822 11
      vertex 2.5 2.91019 11.2486
      vertex 2.5 3.20421 11
    endloop
  endfacet
  facet normal 0.725214 0.444541 0.525783
    outer loop
      vertex 1.42561 2.14579 13.3768
      vertex 2.5 2.91019 11.2486
      vertex 2.48529 3.22822 11
    endloop
  endfacet
  facet normal 0.724802 0.445185 0.525806
    outer loop
      vertex 2.5 2.91019 11.2486
      vertex 1.42561 2.14579 13.3768
      vertex 1.43414 2.1358 13.3735
    endloop
  endfacet
  facet normal -0.646806 -0.552457 0.525769
    outer loop
      vertex 5.55988 5.25901 11.5
      vertex 6.2981 6.2981 13.5
      vertex 5.42128 5.42128 11.5
    endloop
  endfacet
  facet normal -0.646835 -0.552428 0.525764
    outer loop
      vertex 5.55988 5.25901 11.5
      vertex 6.6293 5.9103 13.5
      vertex 6.2981 6.2981 13.5
    endloop
  endfacet
  facet normal -0.646835 -0.552428 0.525764
    outer loop
      vertex 6.6293 5.9103 13.5
      vertex 5.55988 5.25901 11.5
      vertex 5.62612 5.18145 11.5
    endloop
  endfacet
  facet normal 0.198578 0.827127 0.525763
    outer loop
      vertex 3.49159 0.790013 13.5
      vertex 3.47467 2.3832 11
      vertex 2.9957 0.909067 13.5
    endloop
  endfacet
  facet normal -0.785874 -0.325534 0.525766
    outer loop
      vertex 5.87259 4.71536 11.5
      vertex 6.89577 5.47547 13.5
      vertex 5.79092 4.91252 11.5
    endloop
  endfacet
  facet normal -0.198567 -0.827127 0.525768
    outer loop
      vertex 4.62112 5.91162 11.5
      vertex 4.50841 7.20999 13.5
      vertex 4.52194 5.93543 11.5
    endloop
  endfacet
  facet normal -0.198587 -0.827124 0.525765
    outer loop
      vertex 4.50841 7.20999 13.5
      vertex 4.62112 5.91162 11.5
      vertex 5.0043 7.09093 13.5
    endloop
  endfacet
  facet normal 0.785882 -0.32552 0.525763
    outer loop
      vertex 2.3832 4.52533 11
      vertex 1.10423 5.47547 13.5
      vertex 0.909067 5.0043 13.5
    endloop
  endfacet
  facet normal -0.725278 -0.44446 0.525764
    outer loop
      vertex 5.73763 4.99949 11.5
      vertex 6.89577 5.47547 13.5
      vertex 6.6293 5.9103 13.5
    endloop
  endfacet
  facet normal -0.7253 -0.44442 0.525767
    outer loop
      vertex 6.89577 5.47547 13.5
      vertex 5.73763 4.99949 11.5
      vertex 5.79092 4.91252 11.5
    endloop
  endfacet
  facet normal -0.325483 -0.785895 0.525766
    outer loop
      vertex 4.71536 5.87259 11.5
      vertex 5.0043 7.09093 13.5
      vertex 4.62112 5.91162 11.5
    endloop
  endfacet
  facet normal -0.325515 -0.785883 0.525764
    outer loop
      vertex 5.0043 7.09093 13.5
      vertex 4.71536 5.87259 11.5
      vertex 5.47547 6.89577 13.5
    endloop
  endfacet
  facet normal 0.552457 -0.646806 0.525769
    outer loop
      vertex 2.57872 5.42128 11.5
      vertex 2.74099 5.55988 11.5
      vertex 1.7019 6.2981 13.5
    endloop
  endfacet
  facet normal -0.827127 -0.198567 0.525768
    outer loop
      vertex 7.20999 4.50841 13.5
      vertex 5.91162 4.62112 11.5
      vertex 5.93543 4.52194 11.5
    endloop
  endfacet
  facet normal -0.827124 -0.198587 0.525765
    outer loop
      vertex 5.91162 4.62112 11.5
      vertex 7.20999 4.50841 13.5
      vertex 7.09093 5.0043 13.5
    endloop
  endfacet
  facet normal -0.827125 -0.19858 0.525767
    outer loop
      vertex 5.98525 4.31443 11.5
      vertex 7.20999 4.50841 13.5
      vertex 5.93543 4.52194 11.5
    endloop
  endfacet
  facet normal -0.972603 -0.232474 0
    outer loop
      vertex 110.679 4.26594 0
      vertex 110.617 4.52533 11
      vertex 110.617 4.52533 0
    endloop
  endfacet
  facet normal -0.972603 -0.232474 0
    outer loop
      vertex 110.617 4.52533 11
      vertex 110.679 4.26594 0
      vertex 110.679 4.26594 11
    endloop
  endfacet
  facet normal -0.972603 -0.232474 0
    outer loop
      vertex 110.679 4.26594 13.5
      vertex 110.617 4.52533 14
      vertex 110.617 4.52533 13.5
    endloop
  endfacet
  facet normal -0.972603 -0.232474 0
    outer loop
      vertex 110.617 4.52533 14
      vertex 110.679 4.26594 13.5
      vertex 110.679 4.26594 14
    endloop
  endfacet
  facet normal -0.996897 -0.0787201 0
    outer loop
      vertex 110.7 4 0
      vertex 110.679 4.26594 11
      vertex 110.679 4.26594 0
    endloop
  endfacet
  facet normal -0.996897 -0.0787201 0
    outer loop
      vertex 110.679 4.26594 11
      vertex 110.7 4 0
      vertex 110.7 4 11
    endloop
  endfacet
  facet normal -0.996897 -0.0787201 0
    outer loop
      vertex 110.7 4 13.5
      vertex 110.679 4.26594 14
      vertex 110.679 4.26594 13.5
    endloop
  endfacet
  facet normal -0.996897 -0.0787201 0
    outer loop
      vertex 110.679 4.26594 14
      vertex 110.7 4 13.5
      vertex 110.7 4 14
    endloop
  endfacet
  facet normal -0.923989 -0.382418 0
    outer loop
      vertex 110.617 4.52533 0
      vertex 110.515 4.77178 11
      vertex 110.515 4.77178 0
    endloop
  endfacet
  facet normal -0.923989 -0.382418 0
    outer loop
      vertex 110.515 4.77178 11
      vertex 110.617 4.52533 0
      vertex 110.617 4.52533 11
    endloop
  endfacet
  facet normal -0.923989 -0.382418 0
    outer loop
      vertex 110.617 4.52533 13.5
      vertex 110.515 4.77178 14
      vertex 110.515 4.77178 13.5
    endloop
  endfacet
  facet normal -0.923989 -0.382418 0
    outer loop
      vertex 110.515 4.77178 14
      vertex 110.617 4.52533 13.5
      vertex 110.617 4.52533 14
    endloop
  endfacet
  facet normal -0.52257 0.852596 0
    outer loop
      vertex 109.796 2.5 0
      vertex 109.772 2.48529 11
      vertex 109.796 2.5 11
    endloop
  endfacet
  facet normal -0.52257 0.852596 0
    outer loop
      vertex 109.772 2.48529 11
      vertex 109.796 2.5 0
      vertex 109.772 2.48529 0
    endloop
  endfacet
  facet normal -0.523247 0.852181 0
    outer loop
      vertex 109.999 2.62467 13.5
      vertex 109.772 2.48529 14
      vertex 109.999 2.62467 14
    endloop
  endfacet
  facet normal -0.523247 0.852181 0
    outer loop
      vertex 109.772 2.48529 14
      vertex 109.999 2.62467 13.5
      vertex 109.772 2.48529 13.5
    endloop
  endfacet
  facet normal 0.923989 -0.382418 0
    outer loop
      vertex 107.383 4.52533 14
      vertex 107.485 4.77178 13.5
      vertex 107.485 4.77178 14
    endloop
  endfacet
  facet normal 0.923989 -0.382418 0
    outer loop
      vertex 107.485 4.77178 13.5
      vertex 107.383 4.52533 14
      vertex 107.383 4.52533 13.5
    endloop
  endfacet
  facet normal 0.52257 0.852596 -0
    outer loop
      vertex 108.228 2.48529 0
      vertex 108.204 2.5 11
      vertex 108.228 2.48529 11
    endloop
  endfacet
  facet normal 0.52257 0.852596 0
    outer loop
      vertex 108.204 2.5 11
      vertex 108.228 2.48529 0
      vertex 108.204 2.5 0
    endloop
  endfacet
  facet normal 0.523247 0.852181 -0
    outer loop
      vertex 108.228 2.48529 13.5
      vertex 108.001 2.62467 14
      vertex 108.228 2.48529 14
    endloop
  endfacet
  facet normal 0.523247 0.852181 0
    outer loop
      vertex 108.001 2.62467 14
      vertex 108.228 2.48529 13.5
      vertex 108.001 2.62467 13.5
    endloop
  endfacet
  facet normal -0.381978 0.924171 0
    outer loop
      vertex 109.772 2.48529 13.5
      vertex 109.525 2.3832 14
      vertex 109.772 2.48529 14
    endloop
  endfacet
  facet normal -0.381978 0.924171 0
    outer loop
      vertex 109.525 2.3832 14
      vertex 109.772 2.48529 13.5
      vertex 109.525 2.3832 13.5
    endloop
  endfacet
  facet normal -0.381978 0.924171 0
    outer loop
      vertex 109.772 2.48529 0
      vertex 109.525 2.3832 11
      vertex 109.772 2.48529 11
    endloop
  endfacet
  facet normal -0.381978 0.924171 0
    outer loop
      vertex 109.525 2.3832 11
      vertex 109.772 2.48529 0
      vertex 109.525 2.3832 0
    endloop
  endfacet
  facet normal 0.381978 -0.924171 0
    outer loop
      vertex 108.228 5.51471 13.5
      vertex 108.475 5.6168 14
      vertex 108.228 5.51471 14
    endloop
  endfacet
  facet normal 0.381978 -0.924171 0
    outer loop
      vertex 108.475 5.6168 14
      vertex 108.228 5.51471 13.5
      vertex 108.475 5.6168 13.5
    endloop
  endfacet
  facet normal 0.523247 -0.852181 0
    outer loop
      vertex 108.001 5.37533 13.5
      vertex 108.228 5.51471 14
      vertex 108.001 5.37533 14
    endloop
  endfacet
  facet normal 0.523247 -0.852181 0
    outer loop
      vertex 108.228 5.51471 14
      vertex 108.001 5.37533 13.5
      vertex 108.228 5.51471 13.5
    endloop
  endfacet
  facet normal 0.233763 -0.972294 0
    outer loop
      vertex 108.475 5.6168 13.5
      vertex 108.734 5.67907 14
      vertex 108.475 5.6168 14
    endloop
  endfacet
  facet normal 0.233763 -0.972294 0
    outer loop
      vertex 108.734 5.67907 14
      vertex 108.475 5.6168 13.5
      vertex 108.734 5.67907 13.5
    endloop
  endfacet
  facet normal -0.64917 0.760643 0
    outer loop
      vertex 110.202 2.79792 13.5
      vertex 109.999 2.62467 14
      vertex 110.202 2.79792 14
    endloop
  endfacet
  facet normal -0.64917 0.760643 0
    outer loop
      vertex 109.999 2.62467 14
      vertex 110.202 2.79792 13.5
      vertex 109.999 2.62467 13.5
    endloop
  endfacet
  facet normal 0.0784418 -0.996919 0
    outer loop
      vertex 108.734 5.67907 13.5
      vertex 109 5.7 14
      vertex 108.734 5.67907 14
    endloop
  endfacet
  facet normal 0.0784418 -0.996919 0
    outer loop
      vertex 109 5.7 14
      vertex 108.734 5.67907 13.5
      vertex 109 5.7 13.5
    endloop
  endfacet
  facet normal 0.923989 0.382418 0
    outer loop
      vertex 107.485 3.22822 14
      vertex 107.383 3.47467 13.5
      vertex 107.383 3.47467 14
    endloop
  endfacet
  facet normal 0.923989 0.382418 0
    outer loop
      vertex 107.383 3.47467 13.5
      vertex 107.485 3.22822 14
      vertex 107.485 3.22822 13.5
    endloop
  endfacet
  facet normal 0.760869 -0.648905 0
    outer loop
      vertex 107.625 4.99923 14
      vertex 107.798 5.20208 13.5
      vertex 107.798 5.20208 14
    endloop
  endfacet
  facet normal 0.760869 -0.648905 0
    outer loop
      vertex 107.798 5.20208 13.5
      vertex 107.625 4.99923 14
      vertex 107.625 4.99923 13.5
    endloop
  endfacet
  facet normal 0.233763 0.972294 -0
    outer loop
      vertex 108.734 2.32093 13.5
      vertex 108.475 2.3832 14
      vertex 108.734 2.32093 14
    endloop
  endfacet
  facet normal 0.233763 0.972294 0
    outer loop
      vertex 108.475 2.3832 14
      vertex 108.734 2.32093 13.5
      vertex 108.475 2.3832 13.5
    endloop
  endfacet
  facet normal 0.233763 0.972294 -0
    outer loop
      vertex 108.734 2.32093 0
      vertex 108.475 2.3832 11
      vertex 108.734 2.32093 11
    endloop
  endfacet
  facet normal 0.233763 0.972294 0
    outer loop
      vertex 108.475 2.3832 11
      vertex 108.734 2.32093 0
      vertex 108.475 2.3832 0
    endloop
  endfacet
  facet normal -0.923989 0.382418 0
    outer loop
      vertex 110.515 3.22822 13.5
      vertex 110.617 3.47467 14
      vertex 110.617 3.47467 13.5
    endloop
  endfacet
  facet normal -0.923989 0.382418 0
    outer loop
      vertex 110.617 3.47467 14
      vertex 110.515 3.22822 13.5
      vertex 110.515 3.22822 14
    endloop
  endfacet
  facet normal -0.923989 0.382418 0
    outer loop
      vertex 110.515 3.22822 0
      vertex 110.617 3.47467 11
      vertex 110.617 3.47467 0
    endloop
  endfacet
  facet normal -0.923989 0.382418 0
    outer loop
      vertex 110.617 3.47467 11
      vertex 110.515 3.22822 0
      vertex 110.515 3.22822 11
    endloop
  endfacet
  facet normal 0.760869 0.648905 0
    outer loop
      vertex 107.798 2.79792 14
      vertex 107.625 3.00077 13.5
      vertex 107.625 3.00077 14
    endloop
  endfacet
  facet normal 0.760869 0.648905 0
    outer loop
      vertex 107.625 3.00077 13.5
      vertex 107.798 2.79792 14
      vertex 107.798 2.79792 13.5
    endloop
  endfacet
  facet normal 0.64917 -0.760643 0
    outer loop
      vertex 107.798 5.20208 13.5
      vertex 108.001 5.37533 14
      vertex 107.798 5.20208 14
    endloop
  endfacet
  facet normal 0.64917 -0.760643 0
    outer loop
      vertex 108.001 5.37533 14
      vertex 107.798 5.20208 13.5
      vertex 108.001 5.37533 13.5
    endloop
  endfacet
  facet normal -0.0784418 0.996919 0
    outer loop
      vertex 109.266 2.32093 0
      vertex 109 2.3 11
      vertex 109.266 2.32093 11
    endloop
  endfacet
  facet normal -0.0784418 0.996919 0
    outer loop
      vertex 109 2.3 11
      vertex 109.266 2.32093 0
      vertex 109 2.3 0
    endloop
  endfacet
  facet normal -0.0784418 0.996919 0
    outer loop
      vertex 109.266 2.32093 13.5
      vertex 109 2.3 14
      vertex 109.266 2.32093 14
    endloop
  endfacet
  facet normal -0.0784418 0.996919 0
    outer loop
      vertex 109 2.3 14
      vertex 109.266 2.32093 13.5
      vertex 109 2.3 13.5
    endloop
  endfacet
  facet normal -0.851607 0.524181 0
    outer loop
      vertex 110.375 3.00077 13.5
      vertex 110.515 3.22822 14
      vertex 110.515 3.22822 13.5
    endloop
  endfacet
  facet normal -0.851607 0.524181 0
    outer loop
      vertex 110.515 3.22822 14
      vertex 110.375 3.00077 13.5
      vertex 110.375 3.00077 14
    endloop
  endfacet
  facet normal -0.848098 0.52984 0
    outer loop
      vertex 110.5 3.20421 0
      vertex 110.515 3.22822 11
      vertex 110.515 3.22822 0
    endloop
  endfacet
  facet normal -0.848098 0.52984 0
    outer loop
      vertex 110.515 3.22822 11
      vertex 110.5 3.20421 0
      vertex 110.5 3.20421 11
    endloop
  endfacet
  facet normal -0.848098 -0.52984 0
    outer loop
      vertex 110.515 4.77178 0
      vertex 110.5 4.79579 11
      vertex 110.5 4.79579 0
    endloop
  endfacet
  facet normal -0.848098 -0.52984 0
    outer loop
      vertex 110.5 4.79579 11
      vertex 110.515 4.77178 0
      vertex 110.515 4.77178 11
    endloop
  endfacet
  facet normal -0.851607 -0.524181 0
    outer loop
      vertex 110.515 4.77178 13.5
      vertex 110.375 4.99923 14
      vertex 110.375 4.99923 13.5
    endloop
  endfacet
  facet normal -0.851607 -0.524181 0
    outer loop
      vertex 110.375 4.99923 14
      vertex 110.515 4.77178 13.5
      vertex 110.515 4.77178 14
    endloop
  endfacet
  facet normal -0.996897 0.0787201 0
    outer loop
      vertex 110.679 3.73406 13.5
      vertex 110.7 4 14
      vertex 110.7 4 13.5
    endloop
  endfacet
  facet normal -0.996897 0.0787201 0
    outer loop
      vertex 110.7 4 14
      vertex 110.679 3.73406 13.5
      vertex 110.679 3.73406 14
    endloop
  endfacet
  facet normal -0.996897 0.0787201 0
    outer loop
      vertex 110.679 3.73406 0
      vertex 110.7 4 11
      vertex 110.7 4 0
    endloop
  endfacet
  facet normal -0.996897 0.0787201 0
    outer loop
      vertex 110.7 4 11
      vertex 110.679 3.73406 0
      vertex 110.679 3.73406 11
    endloop
  endfacet
  facet normal -0.972603 0.232474 0
    outer loop
      vertex 110.617 3.47467 13.5
      vertex 110.679 3.73406 14
      vertex 110.679 3.73406 13.5
    endloop
  endfacet
  facet normal -0.972603 0.232474 0
    outer loop
      vertex 110.679 3.73406 14
      vertex 110.617 3.47467 13.5
      vertex 110.617 3.47467 14
    endloop
  endfacet
  facet normal -0.972603 0.232474 0
    outer loop
      vertex 110.617 3.47467 0
      vertex 110.679 3.73406 11
      vertex 110.679 3.73406 0
    endloop
  endfacet
  facet normal -0.972603 0.232474 0
    outer loop
      vertex 110.679 3.73406 11
      vertex 110.617 3.47467 0
      vertex 110.617 3.47467 11
    endloop
  endfacet
  facet normal 0.972603 0.232474 0
    outer loop
      vertex 107.383 3.47467 14
      vertex 107.321 3.73406 13.5
      vertex 107.321 3.73406 14
    endloop
  endfacet
  facet normal 0.972603 0.232474 0
    outer loop
      vertex 107.321 3.73406 13.5
      vertex 107.383 3.47467 14
      vertex 107.383 3.47467 13.5
    endloop
  endfacet
  facet normal -0.523247 -0.852181 0
    outer loop
      vertex 109.772 5.51471 13.5
      vertex 109.999 5.37533 14
      vertex 109.772 5.51471 14
    endloop
  endfacet
  facet normal -0.523247 -0.852181 -0
    outer loop
      vertex 109.999 5.37533 14
      vertex 109.772 5.51471 13.5
      vertex 109.999 5.37533 13.5
    endloop
  endfacet
  facet normal -0.760869 -0.648905 0
    outer loop
      vertex 110.375 4.99923 13.5
      vertex 110.202 5.20208 14
      vertex 110.202 5.20208 13.5
    endloop
  endfacet
  facet normal -0.760869 -0.648905 0
    outer loop
      vertex 110.202 5.20208 14
      vertex 110.375 4.99923 13.5
      vertex 110.375 4.99923 14
    endloop
  endfacet
  facet normal 0.996897 -0.0787201 0
    outer loop
      vertex 107.3 4 14
      vertex 107.321 4.26594 13.5
      vertex 107.321 4.26594 14
    endloop
  endfacet
  facet normal 0.996897 -0.0787201 0
    outer loop
      vertex 107.321 4.26594 13.5
      vertex 107.3 4 14
      vertex 107.3 4 13.5
    endloop
  endfacet
  facet normal -0.64917 -0.760643 0
    outer loop
      vertex 109.999 5.37533 13.5
      vertex 110.202 5.20208 14
      vertex 109.999 5.37533 14
    endloop
  endfacet
  facet normal -0.64917 -0.760643 -0
    outer loop
      vertex 110.202 5.20208 14
      vertex 109.999 5.37533 13.5
      vertex 110.202 5.20208 13.5
    endloop
  endfacet
  facet normal -0.233763 0.972294 0
    outer loop
      vertex 109.525 2.3832 13.5
      vertex 109.266 2.32093 14
      vertex 109.525 2.3832 14
    endloop
  endfacet
  facet normal -0.233763 0.972294 0
    outer loop
      vertex 109.266 2.32093 14
      vertex 109.525 2.3832 13.5
      vertex 109.266 2.32093 13.5
    endloop
  endfacet
  facet normal -0.233763 0.972294 0
    outer loop
      vertex 109.525 2.3832 0
      vertex 109.266 2.32093 11
      vertex 109.525 2.3832 11
    endloop
  endfacet
  facet normal -0.233763 0.972294 0
    outer loop
      vertex 109.266 2.32093 11
      vertex 109.525 2.3832 0
      vertex 109.266 2.32093 0
    endloop
  endfacet
  facet normal 0.851607 0.524181 0
    outer loop
      vertex 107.625 3.00077 14
      vertex 107.485 3.22822 13.5
      vertex 107.485 3.22822 14
    endloop
  endfacet
  facet normal 0.851607 0.524181 0
    outer loop
      vertex 107.485 3.22822 13.5
      vertex 107.625 3.00077 14
      vertex 107.625 3.00077 13.5
    endloop
  endfacet
  facet normal 0.64917 0.760643 -0
    outer loop
      vertex 108.001 2.62467 13.5
      vertex 107.798 2.79792 14
      vertex 108.001 2.62467 14
    endloop
  endfacet
  facet normal 0.64917 0.760643 0
    outer loop
      vertex 107.798 2.79792 14
      vertex 108.001 2.62467 13.5
      vertex 107.798 2.79792 13.5
    endloop
  endfacet
  facet normal -0.760869 0.648905 0
    outer loop
      vertex 110.202 2.79792 13.5
      vertex 110.375 3.00077 14
      vertex 110.375 3.00077 13.5
    endloop
  endfacet
  facet normal -0.760869 0.648905 0
    outer loop
      vertex 110.375 3.00077 14
      vertex 110.202 2.79792 13.5
      vertex 110.202 2.79792 14
    endloop
  endfacet
  facet normal 0.851607 -0.524181 0
    outer loop
      vertex 107.485 4.77178 14
      vertex 107.625 4.99923 13.5
      vertex 107.625 4.99923 14
    endloop
  endfacet
  facet normal 0.851607 -0.524181 0
    outer loop
      vertex 107.625 4.99923 13.5
      vertex 107.485 4.77178 14
      vertex 107.485 4.77178 13.5
    endloop
  endfacet
  facet normal 0.996897 0.0787201 0
    outer loop
      vertex 107.321 3.73406 14
      vertex 107.3 4 13.5
      vertex 107.3 4 14
    endloop
  endfacet
  facet normal 0.996897 0.0787201 0
    outer loop
      vertex 107.3 4 13.5
      vertex 107.321 3.73406 14
      vertex 107.321 3.73406 13.5
    endloop
  endfacet
  facet normal 0.381978 0.924171 -0
    outer loop
      vertex 108.475 2.3832 13.5
      vertex 108.228 2.48529 14
      vertex 108.475 2.3832 14
    endloop
  endfacet
  facet normal 0.381978 0.924171 0
    outer loop
      vertex 108.228 2.48529 14
      vertex 108.475 2.3832 13.5
      vertex 108.228 2.48529 13.5
    endloop
  endfacet
  facet normal 0.381978 0.924171 -0
    outer loop
      vertex 108.475 2.3832 0
      vertex 108.228 2.48529 11
      vertex 108.475 2.3832 11
    endloop
  endfacet
  facet normal 0.381978 0.924171 0
    outer loop
      vertex 108.228 2.48529 11
      vertex 108.475 2.3832 0
      vertex 108.228 2.48529 0
    endloop
  endfacet
  facet normal -0.381978 -0.924171 0
    outer loop
      vertex 109.525 5.6168 13.5
      vertex 109.772 5.51471 14
      vertex 109.525 5.6168 14
    endloop
  endfacet
  facet normal -0.381978 -0.924171 -0
    outer loop
      vertex 109.772 5.51471 14
      vertex 109.525 5.6168 13.5
      vertex 109.772 5.51471 13.5
    endloop
  endfacet
  facet normal -0.233763 -0.972294 0
    outer loop
      vertex 109.266 5.67907 13.5
      vertex 109.525 5.6168 14
      vertex 109.266 5.67907 14
    endloop
  endfacet
  facet normal -0.233763 -0.972294 -0
    outer loop
      vertex 109.525 5.6168 14
      vertex 109.266 5.67907 13.5
      vertex 109.525 5.6168 13.5
    endloop
  endfacet
  facet normal -0.0784418 -0.996919 0
    outer loop
      vertex 109 5.7 13.5
      vertex 109.266 5.67907 14
      vertex 109 5.7 14
    endloop
  endfacet
  facet normal -0.0784418 -0.996919 -0
    outer loop
      vertex 109.266 5.67907 14
      vertex 109 5.7 13.5
      vertex 109.266 5.67907 13.5
    endloop
  endfacet
  facet normal 0.972603 -0.232474 0
    outer loop
      vertex 107.321 4.26594 14
      vertex 107.383 4.52533 13.5
      vertex 107.383 4.52533 14
    endloop
  endfacet
  facet normal 0.972603 -0.232474 0
    outer loop
      vertex 107.383 4.52533 13.5
      vertex 107.321 4.26594 14
      vertex 107.321 4.26594 13.5
    endloop
  endfacet
  facet normal 0.0784418 0.996919 -0
    outer loop
      vertex 109 2.3 0
      vertex 108.734 2.32093 11
      vertex 109 2.3 11
    endloop
  endfacet
  facet normal 0.0784418 0.996919 0
    outer loop
      vertex 108.734 2.32093 11
      vertex 109 2.3 0
      vertex 108.734 2.32093 0
    endloop
  endfacet
  facet normal 0.0784418 0.996919 -0
    outer loop
      vertex 109 2.3 13.5
      vertex 108.734 2.32093 14
      vertex 109 2.3 14
    endloop
  endfacet
  facet normal 0.0784418 0.996919 0
    outer loop
      vertex 108.734 2.32093 14
      vertex 109 2.3 13.5
      vertex 108.734 2.32093 13.5
    endloop
  endfacet
  facet normal 0.444525 0.725281 0.525704
    outer loop
      vertex 108.228 2.48529 11
      vertex 107.91 2.5 11.2486
      vertex 107.09 1.3707 13.5
    endloop
  endfacet
  facet normal 0.444531 0.725271 0.525712
    outer loop
      vertex 107.91 2.5 11.2486
      vertex 108.228 2.48529 11
      vertex 108.204 2.5 11
    endloop
  endfacet
  facet normal 0.848009 -0.0667185 0.525766
    outer loop
      vertex 105.75 4 13.5
      vertex 106.998 4.10168 11.5
      vertex 105.79 4.50841 13.5
    endloop
  endfacet
  facet normal 0.848009 -0.0667198 0.525766
    outer loop
      vertex 106.998 4.10168 11.5
      vertex 105.75 4 13.5
      vertex 106.99 4 11.5
    endloop
  endfacet
  facet normal 0.44433 -0.725348 0.525778
    outer loop
      vertex 108.001 5.73763 11.5
      vertex 107.525 6.89577 13.5
      vertex 107.09 6.6293 13.5
    endloop
  endfacet
  facet normal 0.448148 -0.723227 0.525458
    outer loop
      vertex 107.525 6.89577 13.5
      vertex 108.001 5.73763 11.5
      vertex 108.087 5.79092 11.5
    endloop
  endfacet
  facet normal -0.0665114 -0.848021 0.525773
    outer loop
      vertex 109.102 6.002 11.5
      vertex 109 7.25 13.5
      vertex 109 6.01 11.5
    endloop
  endfacet
  facet normal -0.0667892 -0.848011 0.525753
    outer loop
      vertex 109 7.25 13.5
      vertex 109.102 6.002 11.5
      vertex 109.508 7.20999 13.5
    endloop
  endfacet
  facet normal -0.848009 -0.0667185 0.525766
    outer loop
      vertex 112.25 4 13.5
      vertex 112.21 4.50841 13.5
      vertex 110.7 4 11
    endloop
  endfacet
  facet normal -0.847973 -0.0669603 0.525793
    outer loop
      vertex 110.7 4 11
      vertex 112.21 4.50841 13.5
      vertex 110.679 4.26594 11
    endloop
  endfacet
  facet normal 0.828118 0.192061 0.526625
    outer loop
      vertex 105.79 3.49159 13.5
      vertex 107.088 3.37888 11.5
      vertex 107.065 3.47805 11.5
    endloop
  endfacet
  facet normal 0.827205 0.198506 0.525669
    outer loop
      vertex 107.088 3.37888 11.5
      vertex 105.79 3.49159 13.5
      vertex 105.909 2.9957 13.5
    endloop
  endfacet
  facet normal 0.645979 0.553344 0.525853
    outer loop
      vertex 107.579 2.57872 11.5
      vertex 107.44 2.74099 11.5
      vertex 106.702 1.7019 13.5
    endloop
  endfacet
  facet normal 0.848009 0.0667198 0.525766
    outer loop
      vertex 105.75 4 13.5
      vertex 106.998 3.89832 11.5
      vertex 106.99 4 11.5
    endloop
  endfacet
  facet normal 0.848009 0.0667185 0.525766
    outer loop
      vertex 106.998 3.89832 11.5
      vertex 105.75 4 13.5
      vertex 105.79 3.49159 13.5
    endloop
  endfacet
  facet normal 0.0667892 -0.848011 0.525753
    outer loop
      vertex 108.898 6.002 11.5
      vertex 109 7.25 13.5
      vertex 108.492 7.20999 13.5
    endloop
  endfacet
  facet normal 0.0665114 -0.848021 0.525773
    outer loop
      vertex 109 7.25 13.5
      vertex 108.898 6.002 11.5
      vertex 109 6.01 11.5
    endloop
  endfacet
  facet normal 0.0667254 0.848015 0.525755
    outer loop
      vertex 109 2.3 11
      vertex 108.734 2.32093 11
      vertex 108.492 0.790013 13.5
    endloop
  endfacet
  facet normal 0.198851 0.827084 0.525728
    outer loop
      vertex 108.492 0.790013 13.5
      vertex 108.734 2.32093 11
      vertex 108.475 2.3832 11
    endloop
  endfacet
  facet normal 0.826932 0.199241 0.52582
    outer loop
      vertex 107.065 3.47805 11.5
      vertex 107.015 3.68557 11.5
      vertex 105.79 3.49159 13.5
    endloop
  endfacet
  facet normal -0.323108 0.781069 0.534353
    outer loop
      vertex 110.47 1.11128 13.4862
      vertex 110.004 0.909067 13.5
      vertex 110.424 1.08281 13.5
    endloop
  endfacet
  facet normal -0.32546 0.785903 0.525768
    outer loop
      vertex 110.004 0.909067 13.5
      vertex 110.47 1.11128 13.4862
      vertex 109.525 2.3832 11
    endloop
  endfacet
  facet normal 0.55228 -0.646995 0.525722
    outer loop
      vertex 107.741 5.55988 11.5
      vertex 107.09 6.6293 13.5
      vertex 106.702 6.2981 13.5
    endloop
  endfacet
  facet normal 0.550575 -0.648322 0.525876
    outer loop
      vertex 107.09 6.6293 13.5
      vertex 107.741 5.55988 11.5
      vertex 107.819 5.62612 11.5
    endloop
  endfacet
  facet normal -0.0667254 0.848015 0.525755
    outer loop
      vertex 109.508 0.790013 13.5
      vertex 109.266 2.32093 11
      vertex 109 2.3 11
    endloop
  endfacet
  facet normal 0.0667937 0.848005 0.525763
    outer loop
      vertex 109 0.75 13.5
      vertex 109 2.3 11
      vertex 108.492 0.790013 13.5
    endloop
  endfacet
  facet normal 0.647037 -0.552267 0.525684
    outer loop
      vertex 106.371 5.9103 13.5
      vertex 107.44 5.25901 11.5
      vertex 106.702 6.2981 13.5
    endloop
  endfacet
  facet normal 0.647818 -0.551264 0.525775
    outer loop
      vertex 107.44 5.25901 11.5
      vertex 106.371 5.9103 13.5
      vertex 107.374 5.18145 11.5
    endloop
  endfacet
  facet normal -0.550575 -0.648322 0.525876
    outer loop
      vertex 110.259 5.55988 11.5
      vertex 110.91 6.6293 13.5
      vertex 110.181 5.62612 11.5
    endloop
  endfacet
  facet normal -0.55228 -0.646995 0.525722
    outer loop
      vertex 110.91 6.6293 13.5
      vertex 110.259 5.55988 11.5
      vertex 111.298 6.2981 13.5
    endloop
  endfacet
  facet normal -0.0667937 0.848005 0.525763
    outer loop
      vertex 109.508 0.790013 13.5
      vertex 109 2.3 11
      vertex 109 0.75 13.5
    endloop
  endfacet
  facet normal 0.847855 0.0677487 0.525882
    outer loop
      vertex 107.015 3.68557 11.5
      vertex 106.998 3.89832 11.5
      vertex 105.79 3.49159 13.5
    endloop
  endfacet
  facet normal -0.848009 0.0667185 0.525766
    outer loop
      vertex 112.21 3.49159 13.5
      vertex 112.25 4 13.5
      vertex 110.7 4 11
    endloop
  endfacet
  facet normal -0.324391 -0.786451 0.525609
    outer loop
      vertex 109.913 5.79092 11.5
      vertex 110.475 6.89577 13.5
      vertex 109.715 5.87259 11.5
    endloop
  endfacet
  facet normal -0.376157 0.762199 0.526839
    outer loop
      vertex 109.772 2.48529 11
      vertex 110.47 1.11128 13.4862
      vertex 110.471 1.11205 13.4858
    endloop
  endfacet
  facet normal -0.324937 0.786163 0.525703
    outer loop
      vertex 110.47 1.11128 13.4862
      vertex 109.772 2.48529 11
      vertex 109.525 2.3832 11
    endloop
  endfacet
  facet normal -0.785977 0.325298 0.525757
    outer loop
      vertex 110.515 3.22822 11
      vertex 111.889 2.52977 13.4862
      vertex 110.617 3.47467 11
    endloop
  endfacet
  facet normal -0.738081 0.422 0.526453
    outer loop
      vertex 111.889 2.52977 13.4862
      vertex 110.515 3.22822 11
      vertex 111.888 2.52852 13.4858
    endloop
  endfacet
  facet normal 0.847855 -0.0677487 0.525882
    outer loop
      vertex 106.998 4.10168 11.5
      vertex 107.015 4.31443 11.5
      vertex 105.79 4.50841 13.5
    endloop
  endfacet
  facet normal -0.718654 0.448972 0.531
    outer loop
      vertex 110.5 2.91019 11.2486
      vertex 110.515 3.22822 11
      vertex 110.5 3.20421 11
    endloop
  endfacet
  facet normal -0.724909 0.445129 0.525707
    outer loop
      vertex 110.5 2.91019 11.2486
      vertex 111.574 2.14579 13.3768
      vertex 110.515 3.22822 11
    endloop
  endfacet
  facet normal -0.740653 0.419835 0.524567
    outer loop
      vertex 111.574 2.14579 13.3768
      vertex 110.5 2.91019 11.2486
      vertex 111.566 2.1358 13.3735
    endloop
  endfacet
  facet normal -0.55263 0.646742 0.525666
    outer loop
      vertex 110.175 2.5 11.3378
      vertex 110.864 1.43414 13.3735
      vertex 111.232 1.74859 13.3735
    endloop
  endfacet
  facet normal -0.551713 0.647468 0.525736
    outer loop
      vertex 110.864 1.43414 13.3735
      vertex 110.175 2.5 11.3378
      vertex 110.09 2.5 11.2486
    endloop
  endfacet
  facet normal -0.78599 -0.325292 0.525742
    outer loop
      vertex 112.091 5.0043 13.5
      vertex 111.896 5.47547 13.5
      vertex 110.617 4.52533 11
    endloop
  endfacet
  facet normal 0.82693 -0.199251 0.52582
    outer loop
      vertex 107.015 4.31443 11.5
      vertex 107.065 4.52194 11.5
      vertex 105.79 4.50841 13.5
    endloop
  endfacet
  facet normal -0.718654 -0.448972 0.531
    outer loop
      vertex 110.515 4.77178 11
      vertex 110.5 5.08981 11.2486
      vertex 110.5 4.79579 11
    endloop
  endfacet
  facet normal -0.724881 -0.445146 0.52573
    outer loop
      vertex 110.5 5.08981 11.2486
      vertex 110.515 4.77178 11
      vertex 111.629 5.9103 13.5
    endloop
  endfacet
  facet normal -0.72496 0.445057 0.525697
    outer loop
      vertex 111.574 2.14579 13.3768
      vertex 111.888 2.52852 13.4858
      vertex 110.515 3.22822 11
    endloop
  endfacet
  facet normal -0.726209 0.44706 0.522262
    outer loop
      vertex 111.888 2.52852 13.4858
      vertex 111.574 2.14579 13.3768
      vertex 111.854 2.47329 13.4858
    endloop
  endfacet
  facet normal -0.434876 0.71944 0.541561
    outer loop
      vertex 110.854 1.42561 13.3768
      vertex 110.471 1.11205 13.4858
      vertex 110.527 1.1459 13.4858
    endloop
  endfacet
  facet normal -0.444298 0.725431 0.525688
    outer loop
      vertex 110.471 1.11205 13.4858
      vertex 110.854 1.42561 13.3768
      vertex 109.772 2.48529 11
    endloop
  endfacet
  facet normal -0.786025 0.325203 0.525745
    outer loop
      vertex 111.889 2.52977 13.4862
      vertex 112.091 2.9957 13.5
      vertex 110.617 3.47467 11
    endloop
  endfacet
  facet normal -0.79756 0.330835 0.504426
    outer loop
      vertex 112.091 2.9957 13.5
      vertex 111.889 2.52977 13.4862
      vertex 111.917 2.57623 13.5
    endloop
  endfacet
  facet normal 0.647818 0.551264 0.525775
    outer loop
      vertex 106.371 2.0897 13.5
      vertex 107.44 2.74099 11.5
      vertex 107.374 2.81855 11.5
    endloop
  endfacet
  facet normal 0.647037 0.552267 0.525684
    outer loop
      vertex 107.44 2.74099 11.5
      vertex 106.371 2.0897 13.5
      vertex 106.702 1.7019 13.5
    endloop
  endfacet
  facet normal -0.847973 0.0669603 0.525793
    outer loop
      vertex 112.21 3.49159 13.5
      vertex 110.7 4 11
      vertex 110.679 3.73406 11
    endloop
  endfacet
  facet normal 0.724397 -0.445881 0.525775
    outer loop
      vertex 107.262 4.99949 11.5
      vertex 107.374 5.18145 11.5
      vertex 106.371 5.9103 13.5
    endloop
  endfacet
  facet normal -0.646845 0.552374 0.525808
    outer loop
      vertex 110.5 2.82528 11.3378
      vertex 111.566 2.1358 13.3735
      vertex 110.5 2.91019 11.2486
    endloop
  endfacet
  facet normal -0.646354 0.552994 0.525761
    outer loop
      vertex 111.566 2.1358 13.3735
      vertex 110.5 2.82528 11.3378
      vertex 111.251 1.76762 13.3735
    endloop
  endfacet
  facet normal 0.553936 0.645407 0.525932
    outer loop
      vertex 106.702 1.7019 13.5
      vertex 107.825 2.5 11.3378
      vertex 107.671 2.5 11.5
    endloop
  endfacet
  facet normal 0.553 0.646291 0.525831
    outer loop
      vertex 106.702 1.7019 13.5
      vertex 107.671 2.5 11.5
      vertex 107.579 2.57872 11.5
    endloop
  endfacet
  facet normal 0.552299 0.647017 0.525676
    outer loop
      vertex 107.09 1.3707 13.5
      vertex 107.825 2.5 11.3378
      vertex 106.702 1.7019 13.5
    endloop
  endfacet
  facet normal 0.551697 0.647494 0.52572
    outer loop
      vertex 107.825 2.5 11.3378
      vertex 107.09 1.3707 13.5
      vertex 107.91 2.5 11.2486
    endloop
  endfacet
  facet normal 0.198548 -0.827143 0.525751
    outer loop
      vertex 108.379 5.91162 11.5
      vertex 108.492 7.20999 13.5
      vertex 107.996 7.09093 13.5
    endloop
  endfacet
  facet normal 0.198919 -0.827089 0.525695
    outer loop
      vertex 108.492 7.20999 13.5
      vertex 108.379 5.91162 11.5
      vertex 108.478 5.93543 11.5
    endloop
  endfacet
  facet normal 0.325616 -0.785842 0.525763
    outer loop
      vertex 108.285 5.87259 11.5
      vertex 107.996 7.09093 13.5
      vertex 107.525 6.89577 13.5
    endloop
  endfacet
  facet normal 0.326203 -0.785629 0.525718
    outer loop
      vertex 107.996 7.09093 13.5
      vertex 108.285 5.87259 11.5
      vertex 108.379 5.91162 11.5
    endloop
  endfacet
  facet normal -0.827295 0.197742 0.525814
    outer loop
      vertex 112.21 3.49159 13.5
      vertex 110.679 3.73406 11
      vertex 110.617 3.47467 11
    endloop
  endfacet
  facet normal -0.0669984 -0.84798 0.525776
    outer loop
      vertex 109.314 5.98525 11.5
      vertex 109.508 7.20999 13.5
      vertex 109.102 6.002 11.5
    endloop
  endfacet
  facet normal 0.198135 -0.82722 0.525784
    outer loop
      vertex 108.686 5.98525 11.5
      vertex 108.492 7.20999 13.5
      vertex 108.478 5.93543 11.5
    endloop
  endfacet
  facet normal -0.552965 -0.646323 0.525829
    outer loop
      vertex 110.421 5.42128 11.5
      vertex 111.298 6.2981 13.5
      vertex 110.259 5.55988 11.5
    endloop
  endfacet
  facet normal -0.530699 0.665643 0.524669
    outer loop
      vertex 110.421 2.57872 11.5
      vertex 111.232 1.74859 13.3735
      vertex 111.243 1.75736 13.3735
    endloop
  endfacet
  facet normal -0.553025 0.646319 0.525771
    outer loop
      vertex 110.329 2.5 11.5
      vertex 111.232 1.74859 13.3735
      vertex 110.421 2.57872 11.5
    endloop
  endfacet
  facet normal -0.553858 0.645534 0.525858
    outer loop
      vertex 111.232 1.74859 13.3735
      vertex 110.329 2.5 11.5
      vertex 110.175 2.5 11.3378
    endloop
  endfacet
  facet normal -0.444389 -0.725305 0.525786
    outer loop
      vertex 110.181 5.62612 11.5
      vertex 110.91 6.6293 13.5
      vertex 109.999 5.73763 11.5
    endloop
  endfacet
  facet normal -0.448148 -0.723227 0.525458
    outer loop
      vertex 109.999 5.73763 11.5
      vertex 110.475 6.89577 13.5
      vertex 109.913 5.79092 11.5
    endloop
  endfacet
  facet normal -0.44433 -0.725348 0.525778
    outer loop
      vertex 110.475 6.89577 13.5
      vertex 109.999 5.73763 11.5
      vertex 110.91 6.6293 13.5
    endloop
  endfacet
  facet normal -0.647145 0.552188 0.525634
    outer loop
      vertex 110.5 2.67088 11.5
      vertex 111.251 1.76762 13.3735
      vertex 110.5 2.82528 11.3378
    endloop
  endfacet
  facet normal -0.645818 0.553599 0.525782
    outer loop
      vertex 110.421 2.57872 11.5
      vertex 111.251 1.76762 13.3735
      vertex 110.5 2.67088 11.5
    endloop
  endfacet
  facet normal -0.671565 0.523638 0.524217
    outer loop
      vertex 111.251 1.76762 13.3735
      vertex 110.421 2.57872 11.5
      vertex 111.243 1.75736 13.3735
    endloop
  endfacet
  facet normal -0.198536 0.827137 0.525764
    outer loop
      vertex 110.004 0.909067 13.5
      vertex 109.525 2.3832 11
      vertex 109.508 0.790013 13.5
    endloop
  endfacet
  facet normal -0.444937 0.725006 0.525736
    outer loop
      vertex 110.09 2.5 11.2486
      vertex 110.854 1.42561 13.3768
      vertex 110.864 1.43414 13.3735
    endloop
  endfacet
  facet normal -0.444531 0.725271 0.525712
    outer loop
      vertex 109.772 2.48529 11
      vertex 110.09 2.5 11.2486
      vertex 109.796 2.5 11
    endloop
  endfacet
  facet normal -0.444537 0.725261 0.525721
    outer loop
      vertex 110.09 2.5 11.2486
      vertex 109.772 2.48529 11
      vertex 110.854 1.42561 13.3768
    endloop
  endfacet
  facet normal 0.786029 0.325288 0.525686
    outer loop
      vertex 105.909 2.9957 13.5
      vertex 107.127 3.28464 11.5
      vertex 107.088 3.37888 11.5
    endloop
  endfacet
  facet normal 0.786023 0.325306 0.525685
    outer loop
      vertex 107.127 3.28464 11.5
      vertex 105.909 2.9957 13.5
      vertex 106.104 2.52453 13.5
    endloop
  endfacet
  facet normal -0.827169 0.198498 0.525729
    outer loop
      vertex 112.091 2.9957 13.5
      vertex 112.21 3.49159 13.5
      vertex 110.617 3.47467 11
    endloop
  endfacet
  facet normal 0.645979 -0.553344 0.525853
    outer loop
      vertex 107.44 5.25901 11.5
      vertex 107.579 5.42128 11.5
      vertex 106.702 6.2981 13.5
    endloop
  endfacet
  facet normal 0.444361 0.725398 0.525682
    outer loop
      vertex 107.525 1.10423 13.5
      vertex 108.228 2.48529 11
      vertex 107.09 1.3707 13.5
    endloop
  endfacet
  facet normal 0.324943 0.786178 0.525677
    outer loop
      vertex 108.475 2.3832 11
      vertex 108.228 2.48529 11
      vertex 107.525 1.10423 13.5
    endloop
  endfacet
  facet normal -0.198851 0.827084 0.525728
    outer loop
      vertex 109.508 0.790013 13.5
      vertex 109.525 2.3832 11
      vertex 109.266 2.32093 11
    endloop
  endfacet
  facet normal 0.0669984 -0.84798 0.525776
    outer loop
      vertex 108.686 5.98525 11.5
      vertex 108.898 6.002 11.5
      vertex 108.492 7.20999 13.5
    endloop
  endfacet
  facet normal 0.444389 -0.725305 0.525786
    outer loop
      vertex 107.819 5.62612 11.5
      vertex 108.001 5.73763 11.5
      vertex 107.09 6.6293 13.5
    endloop
  endfacet
  facet normal 0.827205 -0.198506 0.525669
    outer loop
      vertex 105.79 4.50841 13.5
      vertex 107.088 4.62112 11.5
      vertex 105.909 5.0043 13.5
    endloop
  endfacet
  facet normal 0.82812 -0.192042 0.526628
    outer loop
      vertex 107.088 4.62112 11.5
      vertex 105.79 4.50841 13.5
      vertex 107.065 4.52194 11.5
    endloop
  endfacet
  facet normal -0.198135 -0.82722 0.525784
    outer loop
      vertex 109.522 5.93543 11.5
      vertex 109.508 7.20999 13.5
      vertex 109.314 5.98525 11.5
    endloop
  endfacet
  facet normal 0.724932 -0.445132 0.525672
    outer loop
      vertex 106.104 5.47547 13.5
      vertex 107.262 4.99949 11.5
      vertex 106.371 5.9103 13.5
    endloop
  endfacet
  facet normal 0.726318 -0.442622 0.525878
    outer loop
      vertex 107.262 4.99949 11.5
      vertex 106.104 5.47547 13.5
      vertex 107.209 4.91252 11.5
    endloop
  endfacet
  facet normal 0 0 -1
    outer loop
      vertex 110.7 4 13.5
      vertex 112.25 4 13.5
      vertex 112.21 3.49159 13.5
    endloop
  endfacet
  facet normal 0 0 -1
    outer loop
      vertex 110.679 3.73406 13.5
      vertex 112.21 3.49159 13.5
      vertex 112.091 2.9957 13.5
    endloop
  endfacet
  facet normal 0 0 -1
    outer loop
      vertex 112.25 4 13.5
      vertex 110.7 4 13.5
      vertex 112.21 4.50841 13.5
    endloop
  endfacet
  facet normal 0 0 -1
    outer loop
      vertex 110.617 3.47467 13.5
      vertex 112.091 2.9957 13.5
      vertex 111.917 2.57623 13.5
    endloop
  endfacet
  facet normal 0 0 -1
    outer loop
      vertex 110.679 4.26594 13.5
      vertex 112.21 4.50841 13.5
      vertex 110.7 4 13.5
    endloop
  endfacet
  facet normal 0 0 -1
    outer loop
      vertex 110.515 3.22822 13.5
      vertex 111.917 2.57623 13.5
      vertex 111.854 2.47329 13.5
    endloop
  endfacet
  facet normal -0 0 -1
    outer loop
      vertex 112.21 4.50841 13.5
      vertex 110.679 4.26594 13.5
      vertex 112.091 5.0043 13.5
    endloop
  endfacet
  facet normal 0 0 -1
    outer loop
      vertex 110.617 4.52533 13.5
      vertex 112.091 5.0043 13.5
      vertex 110.679 4.26594 13.5
    endloop
  endfacet
  facet normal 0 0 -1
    outer loop
      vertex 110.375 3.00077 13.5
      vertex 111.854 2.47329 13.5
      vertex 111.243 1.75736 13.5
    endloop
  endfacet
  facet normal -0 0 -1
    outer loop
      vertex 112.091 5.0043 13.5
      vertex 110.617 4.52533 13.5
      vertex 111.896 5.47547 13.5
    endloop
  endfacet
  facet normal 0 0 -1
    outer loop
      vertex 110.515 4.77178 13.5
      vertex 111.896 5.47547 13.5
      vertex 110.617 4.52533 13.5
    endloop
  endfacet
  facet normal 0 0 -1
    outer loop
      vertex 112.21 3.49159 13.5
      vertex 110.679 3.73406 13.5
      vertex 110.7 4 13.5
    endloop
  endfacet
  facet normal 0 0 -1
    outer loop
      vertex 112.091 2.9957 13.5
      vertex 110.617 3.47467 13.5
      vertex 110.679 3.73406 13.5
    endloop
  endfacet
  facet normal 0 0 -1
    outer loop
      vertex 109.999 2.62467 13.5
      vertex 111.243 1.75736 13.5
      vertex 110.527 1.1459 13.5
    endloop
  endfacet
  facet normal 0 0 -1
    outer loop
      vertex 111.917 2.57623 13.5
      vertex 110.515 3.22822 13.5
      vertex 110.617 3.47467 13.5
    endloop
  endfacet
  facet normal 0 0 -1
    outer loop
      vertex 109.772 2.48529 13.5
      vertex 110.527 1.1459 13.5
      vertex 110.424 1.08281 13.5
    endloop
  endfacet
  facet normal 0 0 -1
    outer loop
      vertex 111.854 2.47329 13.5
      vertex 110.375 3.00077 13.5
      vertex 110.515 3.22822 13.5
    endloop
  endfacet
  facet normal 0 0 -1
    outer loop
      vertex 111.243 1.75736 13.5
      vertex 110.202 2.79792 13.5
      vertex 110.375 3.00077 13.5
    endloop
  endfacet
  facet normal 0 0 -1
    outer loop
      vertex 109.525 2.3832 13.5
      vertex 110.424 1.08281 13.5
      vertex 110.004 0.909067 13.5
    endloop
  endfacet
  facet normal 0 0 -1
    outer loop
      vertex 111.243 1.75736 13.5
      vertex 109.999 2.62467 13.5
      vertex 110.202 2.79792 13.5
    endloop
  endfacet
  facet normal 0 0 -1
    outer loop
      vertex 110.527 1.1459 13.5
      vertex 109.772 2.48529 13.5
      vertex 109.999 2.62467 13.5
    endloop
  endfacet
  facet normal 0 0 -1
    outer loop
      vertex 110.424 1.08281 13.5
      vertex 109.525 2.3832 13.5
      vertex 109.772 2.48529 13.5
    endloop
  endfacet
  facet normal 0 0 -1
    outer loop
      vertex 109.508 0.790013 13.5
      vertex 109.525 2.3832 13.5
      vertex 110.004 0.909067 13.5
    endloop
  endfacet
  facet normal 0 0 -1
    outer loop
      vertex 109.508 0.790013 13.5
      vertex 109.266 2.32093 13.5
      vertex 109.525 2.3832 13.5
    endloop
  endfacet
  facet normal 0 0 -1
    outer loop
      vertex 109 0.75 13.5
      vertex 109.266 2.32093 13.5
      vertex 109.508 0.790013 13.5
    endloop
  endfacet
  facet normal 0 0 -1
    outer loop
      vertex 109 0.75 13.5
      vertex 109 2.3 13.5
      vertex 109.266 2.32093 13.5
    endloop
  endfacet
  facet normal 0 0 -1
    outer loop
      vertex 109 0.75 13.5
      vertex 108.734 2.32093 13.5
      vertex 109 2.3 13.5
    endloop
  endfacet
  facet normal 0 0 -1
    outer loop
      vertex 108.492 0.790013 13.5
      vertex 108.734 2.32093 13.5
      vertex 109 0.75 13.5
    endloop
  endfacet
  facet normal 0 0 -1
    outer loop
      vertex 108.492 0.790013 13.5
      vertex 108.475 2.3832 13.5
      vertex 108.734 2.32093 13.5
    endloop
  endfacet
  facet normal 0 0 -1
    outer loop
      vertex 107.996 0.909067 13.5
      vertex 108.475 2.3832 13.5
      vertex 108.492 0.790013 13.5
    endloop
  endfacet
  facet normal -0 0 -1
    outer loop
      vertex 108.475 2.3832 13.5
      vertex 107.996 0.909067 13.5
      vertex 108.228 2.48529 13.5
    endloop
  endfacet
  facet normal 0 0 -1
    outer loop
      vertex 107.525 1.10423 13.5
      vertex 108.228 2.48529 13.5
      vertex 107.996 0.909067 13.5
    endloop
  endfacet
  facet normal -0 0 -1
    outer loop
      vertex 108.228 2.48529 13.5
      vertex 107.525 1.10423 13.5
      vertex 108.001 2.62467 13.5
    endloop
  endfacet
  facet normal 0 0 -1
    outer loop
      vertex 107.09 1.3707 13.5
      vertex 108.001 2.62467 13.5
      vertex 107.525 1.10423 13.5
    endloop
  endfacet
  facet normal -0 0 -1
    outer loop
      vertex 108.001 2.62467 13.5
      vertex 107.09 1.3707 13.5
      vertex 107.798 2.79792 13.5
    endloop
  endfacet
  facet normal 0 0 -1
    outer loop
      vertex 106.702 1.7019 13.5
      vertex 107.798 2.79792 13.5
      vertex 107.09 1.3707 13.5
    endloop
  endfacet
  facet normal -0 0 -1
    outer loop
      vertex 107.798 2.79792 13.5
      vertex 106.702 1.7019 13.5
      vertex 107.625 3.00077 13.5
    endloop
  endfacet
  facet normal 0 0 -1
    outer loop
      vertex 106.371 2.0897 13.5
      vertex 107.625 3.00077 13.5
      vertex 106.702 1.7019 13.5
    endloop
  endfacet
  facet normal -0 0 -1
    outer loop
      vertex 107.625 3.00077 13.5
      vertex 106.371 2.0897 13.5
      vertex 107.485 3.22822 13.5
    endloop
  endfacet
  facet normal 0 0 -1
    outer loop
      vertex 106.104 2.52453 13.5
      vertex 107.485 3.22822 13.5
      vertex 106.371 2.0897 13.5
    endloop
  endfacet
  facet normal -0 0 -1
    outer loop
      vertex 111.896 5.47547 13.5
      vertex 110.515 4.77178 13.5
      vertex 111.629 5.9103 13.5
    endloop
  endfacet
  facet normal 0 0 -1
    outer loop
      vertex 110.375 4.99923 13.5
      vertex 111.629 5.9103 13.5
      vertex 110.515 4.77178 13.5
    endloop
  endfacet
  facet normal -0 0 -1
    outer loop
      vertex 111.629 5.9103 13.5
      vertex 110.375 4.99923 13.5
      vertex 111.298 6.2981 13.5
    endloop
  endfacet
  facet normal 0 0 -1
    outer loop
      vertex 110.202 5.20208 13.5
      vertex 111.298 6.2981 13.5
      vertex 110.375 4.99923 13.5
    endloop
  endfacet
  facet normal -0 0 -1
    outer loop
      vertex 111.298 6.2981 13.5
      vertex 110.202 5.20208 13.5
      vertex 110.91 6.6293 13.5
    endloop
  endfacet
  facet normal 0 0 -1
    outer loop
      vertex 109.999 5.37533 13.5
      vertex 110.91 6.6293 13.5
      vertex 110.202 5.20208 13.5
    endloop
  endfacet
  facet normal -0 0 -1
    outer loop
      vertex 110.91 6.6293 13.5
      vertex 109.999 5.37533 13.5
      vertex 110.475 6.89577 13.5
    endloop
  endfacet
  facet normal 0 0 -1
    outer loop
      vertex 109.772 5.51471 13.5
      vertex 110.475 6.89577 13.5
      vertex 109.999 5.37533 13.5
    endloop
  endfacet
  facet normal -0 0 -1
    outer loop
      vertex 110.475 6.89577 13.5
      vertex 109.772 5.51471 13.5
      vertex 110.004 7.09093 13.5
    endloop
  endfacet
  facet normal 0 0 -1
    outer loop
      vertex 109.525 5.6168 13.5
      vertex 110.004 7.09093 13.5
      vertex 109.772 5.51471 13.5
    endloop
  endfacet
  facet normal 0 0 -1
    outer loop
      vertex 109.525 5.6168 13.5
      vertex 109.508 7.20999 13.5
      vertex 110.004 7.09093 13.5
    endloop
  endfacet
  facet normal 0 0 -1
    outer loop
      vertex 109.266 5.67907 13.5
      vertex 109.508 7.20999 13.5
      vertex 109.525 5.6168 13.5
    endloop
  endfacet
  facet normal 0 0 -1
    outer loop
      vertex 109 5.7 13.5
      vertex 109.508 7.20999 13.5
      vertex 109.266 5.67907 13.5
    endloop
  endfacet
  facet normal 0 0 -1
    outer loop
      vertex 109 5.7 13.5
      vertex 109 7.25 13.5
      vertex 109.508 7.20999 13.5
    endloop
  endfacet
  facet normal 0 0 -1
    outer loop
      vertex 108.734 5.67907 13.5
      vertex 109 7.25 13.5
      vertex 109 5.7 13.5
    endloop
  endfacet
  facet normal 0 0 -1
    outer loop
      vertex 108.734 5.67907 13.5
      vertex 108.492 7.20999 13.5
      vertex 109 7.25 13.5
    endloop
  endfacet
  facet normal 0 0 -1
    outer loop
      vertex 108.475 5.6168 13.5
      vertex 108.492 7.20999 13.5
      vertex 108.734 5.67907 13.5
    endloop
  endfacet
  facet normal 0 0 -1
    outer loop
      vertex 107.996 7.09093 13.5
      vertex 108.475 5.6168 13.5
      vertex 108.228 5.51471 13.5
    endloop
  endfacet
  facet normal 0 0 -1
    outer loop
      vertex 107.525 6.89577 13.5
      vertex 108.228 5.51471 13.5
      vertex 108.001 5.37533 13.5
    endloop
  endfacet
  facet normal 0 0 -1
    outer loop
      vertex 108.475 5.6168 13.5
      vertex 107.996 7.09093 13.5
      vertex 108.492 7.20999 13.5
    endloop
  endfacet
  facet normal 0 0 -1
    outer loop
      vertex 107.09 6.6293 13.5
      vertex 108.001 5.37533 13.5
      vertex 107.798 5.20208 13.5
    endloop
  endfacet
  facet normal 0 0 -1
    outer loop
      vertex 106.702 6.2981 13.5
      vertex 107.798 5.20208 13.5
      vertex 107.625 4.99923 13.5
    endloop
  endfacet
  facet normal 0 0 -1
    outer loop
      vertex 108.228 5.51471 13.5
      vertex 107.525 6.89577 13.5
      vertex 107.996 7.09093 13.5
    endloop
  endfacet
  facet normal 0 0 -1
    outer loop
      vertex 106.371 5.9103 13.5
      vertex 107.625 4.99923 13.5
      vertex 107.485 4.77178 13.5
    endloop
  endfacet
  facet normal 0 0 -1
    outer loop
      vertex 106.104 5.47547 13.5
      vertex 107.485 4.77178 13.5
      vertex 107.383 4.52533 13.5
    endloop
  endfacet
  facet normal 0 0 -1
    outer loop
      vertex 105.909 5.0043 13.5
      vertex 107.383 4.52533 13.5
      vertex 107.321 4.26594 13.5
    endloop
  endfacet
  facet normal 0 0 -1
    outer loop
      vertex 105.79 4.50841 13.5
      vertex 107.321 4.26594 13.5
      vertex 107.3 4 13.5
    endloop
  endfacet
  facet normal -0 0 -1
    outer loop
      vertex 107.485 3.22822 13.5
      vertex 106.104 2.52453 13.5
      vertex 107.383 3.47467 13.5
    endloop
  endfacet
  facet normal 0 0 -1
    outer loop
      vertex 108.001 5.37533 13.5
      vertex 107.09 6.6293 13.5
      vertex 107.525 6.89577 13.5
    endloop
  endfacet
  facet normal 0 0 -1
    outer loop
      vertex 105.909 2.9957 13.5
      vertex 107.383 3.47467 13.5
      vertex 106.104 2.52453 13.5
    endloop
  endfacet
  facet normal 0 0 -1
    outer loop
      vertex 107.798 5.20208 13.5
      vertex 106.702 6.2981 13.5
      vertex 107.09 6.6293 13.5
    endloop
  endfacet
  facet normal -0 0 -1
    outer loop
      vertex 107.383 3.47467 13.5
      vertex 105.909 2.9957 13.5
      vertex 107.321 3.73406 13.5
    endloop
  endfacet
  facet normal 0 0 -1
    outer loop
      vertex 107.625 4.99923 13.5
      vertex 106.371 5.9103 13.5
      vertex 106.702 6.2981 13.5
    endloop
  endfacet
  facet normal 0 0 -1
    outer loop
      vertex 105.79 3.49159 13.5
      vertex 107.321 3.73406 13.5
      vertex 105.909 2.9957 13.5
    endloop
  endfacet
  facet normal 0 0 -1
    outer loop
      vertex 107.485 4.77178 13.5
      vertex 106.104 5.47547 13.5
      vertex 106.371 5.9103 13.5
    endloop
  endfacet
  facet normal -0 0 -1
    outer loop
      vertex 107.321 3.73406 13.5
      vertex 105.79 3.49159 13.5
      vertex 107.3 4 13.5
    endloop
  endfacet
  facet normal 0 0 -1
    outer loop
      vertex 107.383 4.52533 13.5
      vertex 105.909 5.0043 13.5
      vertex 106.104 5.47547 13.5
    endloop
  endfacet
  facet normal 0 0 -1
    outer loop
      vertex 105.75 4 13.5
      vertex 107.3 4 13.5
      vertex 105.79 3.49159 13.5
    endloop
  endfacet
  facet normal 0 0 -1
    outer loop
      vertex 107.321 4.26594 13.5
      vertex 105.79 4.50841 13.5
      vertex 105.909 5.0043 13.5
    endloop
  endfacet
  facet normal 0 0 -1
    outer loop
      vertex 107.3 4 13.5
      vertex 105.75 4 13.5
      vertex 105.79 4.50841 13.5
    endloop
  endfacet
  facet normal 0.78536 -0.326636 0.525851
    outer loop
      vertex 107.127 4.71536 11.5
      vertex 107.209 4.91252 11.5
      vertex 106.104 5.47547 13.5
    endloop
  endfacet
  facet normal 0.726318 0.442622 0.525878
    outer loop
      vertex 106.104 2.52453 13.5
      vertex 107.262 3.00051 11.5
      vertex 107.209 3.08748 11.5
    endloop
  endfacet
  facet normal 0.724932 0.445132 0.525672
    outer loop
      vertex 107.262 3.00051 11.5
      vertex 106.104 2.52453 13.5
      vertex 106.371 2.0897 13.5
    endloop
  endfacet
  facet normal 0.78536 0.326636 0.525851
    outer loop
      vertex 107.209 3.08748 11.5
      vertex 107.127 3.28464 11.5
      vertex 106.104 2.52453 13.5
    endloop
  endfacet
  facet normal 0.324391 -0.786451 0.525609
    outer loop
      vertex 108.087 5.79092 11.5
      vertex 108.285 5.87259 11.5
      vertex 107.525 6.89577 13.5
    endloop
  endfacet
  facet normal 0.32562 0.785841 0.525762
    outer loop
      vertex 107.996 0.909067 13.5
      vertex 108.475 2.3832 11
      vertex 107.525 1.10423 13.5
    endloop
  endfacet
  facet normal 0.724397 0.445881 0.525775
    outer loop
      vertex 107.374 2.81855 11.5
      vertex 107.262 3.00051 11.5
      vertex 106.371 2.0897 13.5
    endloop
  endfacet
  facet normal -0.64578 -0.553566 0.525864
    outer loop
      vertex 110.5 5.32912 11.5
      vertex 111.298 6.2981 13.5
      vertex 110.421 5.42128 11.5
    endloop
  endfacet
  facet normal -0.64699 -0.552284 0.525725
    outer loop
      vertex 111.298 6.2981 13.5
      vertex 110.5 5.32912 11.5
      vertex 110.5 5.17472 11.3378
    endloop
  endfacet
  facet normal -0.64702 -0.552253 0.52572
    outer loop
      vertex 110.5 5.17472 11.3378
      vertex 111.629 5.9103 13.5
      vertex 111.298 6.2981 13.5
    endloop
  endfacet
  facet normal -0.646999 -0.55228 0.525718
    outer loop
      vertex 111.629 5.9103 13.5
      vertex 110.5 5.17472 11.3378
      vertex 110.5 5.08981 11.2486
    endloop
  endfacet
  facet normal 0.198536 0.827137 0.525764
    outer loop
      vertex 108.492 0.790013 13.5
      vertex 108.475 2.3832 11
      vertex 107.996 0.909067 13.5
    endloop
  endfacet
  facet normal -0.785986 -0.325301 0.525743
    outer loop
      vertex 110.617 4.52533 11
      vertex 111.896 5.47547 13.5
      vertex 110.515 4.77178 11
    endloop
  endfacet
  facet normal -0.198919 -0.827089 0.525695
    outer loop
      vertex 109.621 5.91162 11.5
      vertex 109.508 7.20999 13.5
      vertex 109.522 5.93543 11.5
    endloop
  endfacet
  facet normal -0.198548 -0.827143 0.525751
    outer loop
      vertex 109.508 7.20999 13.5
      vertex 109.621 5.91162 11.5
      vertex 110.004 7.09093 13.5
    endloop
  endfacet
  facet normal 0.786023 -0.325306 0.525685
    outer loop
      vertex 105.909 5.0043 13.5
      vertex 107.127 4.71536 11.5
      vertex 106.104 5.47547 13.5
    endloop
  endfacet
  facet normal 0.786029 -0.325288 0.525686
    outer loop
      vertex 107.127 4.71536 11.5
      vertex 105.909 5.0043 13.5
      vertex 107.088 4.62112 11.5
    endloop
  endfacet
  facet normal -0.724904 -0.445115 0.525726
    outer loop
      vertex 111.896 5.47547 13.5
      vertex 111.629 5.9103 13.5
      vertex 110.515 4.77178 11
    endloop
  endfacet
  facet normal -0.326203 -0.785629 0.525718
    outer loop
      vertex 109.715 5.87259 11.5
      vertex 110.004 7.09093 13.5
      vertex 109.621 5.91162 11.5
    endloop
  endfacet
  facet normal -0.325616 -0.785842 0.525763
    outer loop
      vertex 110.004 7.09093 13.5
      vertex 109.715 5.87259 11.5
      vertex 110.475 6.89577 13.5
    endloop
  endfacet
  facet normal 0.552965 -0.646323 0.525829
    outer loop
      vertex 107.579 5.42128 11.5
      vertex 107.741 5.55988 11.5
      vertex 106.702 6.2981 13.5
    endloop
  endfacet
  facet normal -0.827169 -0.198498 0.525729
    outer loop
      vertex 112.21 4.50841 13.5
      vertex 112.091 5.0043 13.5
      vertex 110.617 4.52533 11
    endloop
  endfacet
  facet normal -0.827295 -0.197742 0.525814
    outer loop
      vertex 110.679 4.26594 11
      vertex 112.21 4.50841 13.5
      vertex 110.617 4.52533 11
    endloop
  endfacet
  facet normal -0.972294 -0.233763 0
    outer loop
      vertex 5.67907 154.266 13.5
      vertex 5.6168 154.525 14
      vertex 5.6168 154.525 13.5
    endloop
  endfacet
  facet normal -0.972294 -0.233763 0
    outer loop
      vertex 5.6168 154.525 14
      vertex 5.67907 154.266 13.5
      vertex 5.67907 154.266 14
    endloop
  endfacet
  facet normal -0.996919 -0.0784418 0
    outer loop
      vertex 5.7 154 13.5
      vertex 5.67907 154.266 14
      vertex 5.67907 154.266 13.5
    endloop
  endfacet
  facet normal -0.996919 -0.0784418 0
    outer loop
      vertex 5.67907 154.266 14
      vertex 5.7 154 13.5
      vertex 5.7 154 14
    endloop
  endfacet
  facet normal -0.924171 -0.381978 0
    outer loop
      vertex 5.6168 154.525 13.5
      vertex 5.51471 154.772 14
      vertex 5.51471 154.772 13.5
    endloop
  endfacet
  facet normal -0.924171 -0.381978 0
    outer loop
      vertex 5.51471 154.772 14
      vertex 5.6168 154.525 13.5
      vertex 5.6168 154.525 14
    endloop
  endfacet
  facet normal -0.524181 0.851607 0
    outer loop
      vertex 4.99923 152.625 13.5
      vertex 4.77178 152.485 14
      vertex 4.99923 152.625 14
    endloop
  endfacet
  facet normal -0.524181 0.851607 0
    outer loop
      vertex 4.77178 152.485 14
      vertex 4.99923 152.625 13.5
      vertex 4.77178 152.485 13.5
    endloop
  endfacet
  facet normal 0.924171 -0.381978 0
    outer loop
      vertex 2.3832 154.525 11
      vertex 2.48529 154.772 0
      vertex 2.48529 154.772 11
    endloop
  endfacet
  facet normal 0.924171 -0.381978 0
    outer loop
      vertex 2.48529 154.772 0
      vertex 2.3832 154.525 11
      vertex 2.3832 154.525 0
    endloop
  endfacet
  facet normal 0.924171 -0.381978 0
    outer loop
      vertex 2.3832 154.525 14
      vertex 2.48529 154.772 13.5
      vertex 2.48529 154.772 14
    endloop
  endfacet
  facet normal 0.924171 -0.381978 0
    outer loop
      vertex 2.48529 154.772 13.5
      vertex 2.3832 154.525 14
      vertex 2.3832 154.525 13.5
    endloop
  endfacet
  facet normal 0.524181 0.851607 -0
    outer loop
      vertex 3.22822 152.485 13.5
      vertex 3.00077 152.625 14
      vertex 3.22822 152.485 14
    endloop
  endfacet
  facet normal 0.524181 0.851607 0
    outer loop
      vertex 3.00077 152.625 14
      vertex 3.22822 152.485 13.5
      vertex 3.00077 152.625 13.5
    endloop
  endfacet
  facet normal -0.972294 0.233763 0
    outer loop
      vertex 5.6168 153.475 13.5
      vertex 5.67907 153.734 14
      vertex 5.67907 153.734 13.5
    endloop
  endfacet
  facet normal -0.972294 0.233763 0
    outer loop
      vertex 5.67907 153.734 14
      vertex 5.6168 153.475 13.5
      vertex 5.6168 153.475 14
    endloop
  endfacet
  facet normal -0.382418 0.923989 0
    outer loop
      vertex 4.77178 152.485 13.5
      vertex 4.52533 152.383 14
      vertex 4.77178 152.485 14
    endloop
  endfacet
  facet normal -0.382418 0.923989 0
    outer loop
      vertex 4.52533 152.383 14
      vertex 4.77178 152.485 13.5
      vertex 4.52533 152.383 13.5
    endloop
  endfacet
  facet normal 0.382418 -0.923989 0
    outer loop
      vertex 3.22822 155.515 13.5
      vertex 3.47467 155.617 14
      vertex 3.22822 155.515 14
    endloop
  endfacet
  facet normal 0.382418 -0.923989 0
    outer loop
      vertex 3.47467 155.617 14
      vertex 3.22822 155.515 13.5
      vertex 3.47467 155.617 13.5
    endloop
  endfacet
  facet normal 0.382418 -0.923989 0
    outer loop
      vertex 3.22822 155.515 0
      vertex 3.47467 155.617 11
      vertex 3.22822 155.515 11
    endloop
  endfacet
  facet normal 0.382418 -0.923989 0
    outer loop
      vertex 3.47467 155.617 11
      vertex 3.22822 155.515 0
      vertex 3.47467 155.617 0
    endloop
  endfacet
  facet normal 0.524181 -0.851607 0
    outer loop
      vertex 3.00077 155.375 13.5
      vertex 3.22822 155.515 14
      vertex 3.00077 155.375 14
    endloop
  endfacet
  facet normal 0.524181 -0.851607 0
    outer loop
      vertex 3.22822 155.515 14
      vertex 3.00077 155.375 13.5
      vertex 3.22822 155.515 13.5
    endloop
  endfacet
  facet normal 0.52984 -0.848098 0
    outer loop
      vertex 3.20421 155.5 0
      vertex 3.22822 155.515 11
      vertex 3.20421 155.5 11
    endloop
  endfacet
  facet normal 0.52984 -0.848098 0
    outer loop
      vertex 3.22822 155.515 11
      vertex 3.20421 155.5 0
      vertex 3.22822 155.515 0
    endloop
  endfacet
  facet normal 0.232474 -0.972603 0
    outer loop
      vertex 3.47467 155.617 13.5
      vertex 3.73406 155.679 14
      vertex 3.47467 155.617 14
    endloop
  endfacet
  facet normal 0.232474 -0.972603 0
    outer loop
      vertex 3.73406 155.679 14
      vertex 3.47467 155.617 13.5
      vertex 3.73406 155.679 13.5
    endloop
  endfacet
  facet normal 0.232474 -0.972603 0
    outer loop
      vertex 3.47467 155.617 0
      vertex 3.73406 155.679 11
      vertex 3.47467 155.617 11
    endloop
  endfacet
  facet normal 0.232474 -0.972603 0
    outer loop
      vertex 3.73406 155.679 11
      vertex 3.47467 155.617 0
      vertex 3.73406 155.679 0
    endloop
  endfacet
  facet normal -0.648905 0.760869 0
    outer loop
      vertex 5.20208 152.798 13.5
      vertex 4.99923 152.625 14
      vertex 5.20208 152.798 14
    endloop
  endfacet
  facet normal -0.648905 0.760869 0
    outer loop
      vertex 4.99923 152.625 14
      vertex 5.20208 152.798 13.5
      vertex 4.99923 152.625 13.5
    endloop
  endfacet
  facet normal 0.0787201 -0.996897 0
    outer loop
      vertex 3.73406 155.679 0
      vertex 4 155.7 11
      vertex 3.73406 155.679 11
    endloop
  endfacet
  facet normal 0.0787201 -0.996897 0
    outer loop
      vertex 4 155.7 11
      vertex 3.73406 155.679 0
      vertex 4 155.7 0
    endloop
  endfacet
  facet normal 0.0787201 -0.996897 0
    outer loop
      vertex 3.73406 155.679 13.5
      vertex 4 155.7 14
      vertex 3.73406 155.679 14
    endloop
  endfacet
  facet normal 0.0787201 -0.996897 0
    outer loop
      vertex 4 155.7 14
      vertex 3.73406 155.679 13.5
      vertex 4 155.7 13.5
    endloop
  endfacet
  facet normal 0.924171 0.381978 0
    outer loop
      vertex 2.48529 153.228 14
      vertex 2.3832 153.475 13.5
      vertex 2.3832 153.475 14
    endloop
  endfacet
  facet normal 0.924171 0.381978 0
    outer loop
      vertex 2.3832 153.475 13.5
      vertex 2.48529 153.228 14
      vertex 2.48529 153.228 13.5
    endloop
  endfacet
  facet normal 0.924171 0.381978 0
    outer loop
      vertex 2.48529 153.228 11
      vertex 2.3832 153.475 0
      vertex 2.3832 153.475 11
    endloop
  endfacet
  facet normal 0.924171 0.381978 0
    outer loop
      vertex 2.3832 153.475 0
      vertex 2.48529 153.228 11
      vertex 2.48529 153.228 0
    endloop
  endfacet
  facet normal 0.760643 -0.64917 0
    outer loop
      vertex 2.62467 154.999 14
      vertex 2.79792 155.202 13.5
      vertex 2.79792 155.202 14
    endloop
  endfacet
  facet normal 0.760643 -0.64917 0
    outer loop
      vertex 2.79792 155.202 13.5
      vertex 2.62467 154.999 14
      vertex 2.62467 154.999 13.5
    endloop
  endfacet
  facet normal 0.232474 0.972603 -0
    outer loop
      vertex 3.73406 152.321 13.5
      vertex 3.47467 152.383 14
      vertex 3.73406 152.321 14
    endloop
  endfacet
  facet normal 0.232474 0.972603 0
    outer loop
      vertex 3.47467 152.383 14
      vertex 3.73406 152.321 13.5
      vertex 3.47467 152.383 13.5
    endloop
  endfacet
  facet normal -0.924171 0.381978 0
    outer loop
      vertex 5.51471 153.228 13.5
      vertex 5.6168 153.475 14
      vertex 5.6168 153.475 13.5
    endloop
  endfacet
  facet normal -0.924171 0.381978 0
    outer loop
      vertex 5.6168 153.475 14
      vertex 5.51471 153.228 13.5
      vertex 5.51471 153.228 14
    endloop
  endfacet
  facet normal 0.760643 0.64917 0
    outer loop
      vertex 2.79792 152.798 14
      vertex 2.62467 153.001 13.5
      vertex 2.62467 153.001 14
    endloop
  endfacet
  facet normal 0.760643 0.64917 0
    outer loop
      vertex 2.62467 153.001 13.5
      vertex 2.79792 152.798 14
      vertex 2.79792 152.798 13.5
    endloop
  endfacet
  facet normal 0.648905 -0.760869 0
    outer loop
      vertex 2.79792 155.202 13.5
      vertex 3.00077 155.375 14
      vertex 2.79792 155.202 14
    endloop
  endfacet
  facet normal 0.648905 -0.760869 0
    outer loop
      vertex 3.00077 155.375 14
      vertex 2.79792 155.202 13.5
      vertex 3.00077 155.375 13.5
    endloop
  endfacet
  facet normal -0.0787201 0.996897 0
    outer loop
      vertex 4.26594 152.321 13.5
      vertex 4 152.3 14
      vertex 4.26594 152.321 14
    endloop
  endfacet
  facet normal -0.0787201 0.996897 0
    outer loop
      vertex 4 152.3 14
      vertex 4.26594 152.321 13.5
      vertex 4 152.3 13.5
    endloop
  endfacet
  facet normal -0.852181 0.523247 0
    outer loop
      vertex 5.37533 153.001 13.5
      vertex 5.51471 153.228 14
      vertex 5.51471 153.228 13.5
    endloop
  endfacet
  facet normal -0.852181 0.523247 0
    outer loop
      vertex 5.51471 153.228 14
      vertex 5.37533 153.001 13.5
      vertex 5.37533 153.001 14
    endloop
  endfacet
  facet normal -0.852181 -0.523247 0
    outer loop
      vertex 5.51471 154.772 13.5
      vertex 5.37533 154.999 14
      vertex 5.37533 154.999 13.5
    endloop
  endfacet
  facet normal -0.852181 -0.523247 0
    outer loop
      vertex 5.37533 154.999 14
      vertex 5.51471 154.772 13.5
      vertex 5.51471 154.772 14
    endloop
  endfacet
  facet normal -0.996919 0.0784418 0
    outer loop
      vertex 5.67907 153.734 13.5
      vertex 5.7 154 14
      vertex 5.7 154 13.5
    endloop
  endfacet
  facet normal -0.996919 0.0784418 0
    outer loop
      vertex 5.7 154 14
      vertex 5.67907 153.734 13.5
      vertex 5.67907 153.734 14
    endloop
  endfacet
  facet normal 0.972294 0.233763 0
    outer loop
      vertex 2.3832 153.475 11
      vertex 2.32093 153.734 0
      vertex 2.32093 153.734 11
    endloop
  endfacet
  facet normal 0.972294 0.233763 0
    outer loop
      vertex 2.32093 153.734 0
      vertex 2.3832 153.475 11
      vertex 2.3832 153.475 0
    endloop
  endfacet
  facet normal 0.972294 0.233763 0
    outer loop
      vertex 2.3832 153.475 14
      vertex 2.32093 153.734 13.5
      vertex 2.32093 153.734 14
    endloop
  endfacet
  facet normal 0.972294 0.233763 0
    outer loop
      vertex 2.32093 153.734 13.5
      vertex 2.3832 153.475 14
      vertex 2.3832 153.475 13.5
    endloop
  endfacet
  facet normal -0.524181 -0.851607 0
    outer loop
      vertex 4.77178 155.515 13.5
      vertex 4.99923 155.375 14
      vertex 4.77178 155.515 14
    endloop
  endfacet
  facet normal -0.524181 -0.851607 -0
    outer loop
      vertex 4.99923 155.375 14
      vertex 4.77178 155.515 13.5
      vertex 4.99923 155.375 13.5
    endloop
  endfacet
  facet normal -0.52984 -0.848098 0
    outer loop
      vertex 4.77178 155.515 0
      vertex 4.79579 155.5 11
      vertex 4.77178 155.515 11
    endloop
  endfacet
  facet normal -0.52984 -0.848098 -0
    outer loop
      vertex 4.79579 155.5 11
      vertex 4.77178 155.515 0
      vertex 4.79579 155.5 0
    endloop
  endfacet
  facet normal -0.760643 -0.64917 0
    outer loop
      vertex 5.37533 154.999 13.5
      vertex 5.20208 155.202 14
      vertex 5.20208 155.202 13.5
    endloop
  endfacet
  facet normal -0.760643 -0.64917 0
    outer loop
      vertex 5.20208 155.202 14
      vertex 5.37533 154.999 13.5
      vertex 5.37533 154.999 14
    endloop
  endfacet
  facet normal 0.996919 -0.0784418 0
    outer loop
      vertex 2.3 154 11
      vertex 2.32093 154.266 0
      vertex 2.32093 154.266 11
    endloop
  endfacet
  facet normal 0.996919 -0.0784418 0
    outer loop
      vertex 2.32093 154.266 0
      vertex 2.3 154 11
      vertex 2.3 154 0
    endloop
  endfacet
  facet normal 0.996919 -0.0784418 0
    outer loop
      vertex 2.3 154 14
      vertex 2.32093 154.266 13.5
      vertex 2.32093 154.266 14
    endloop
  endfacet
  facet normal 0.996919 -0.0784418 0
    outer loop
      vertex 2.32093 154.266 13.5
      vertex 2.3 154 14
      vertex 2.3 154 13.5
    endloop
  endfacet
  facet normal -0.648905 -0.760869 0
    outer loop
      vertex 4.99923 155.375 13.5
      vertex 5.20208 155.202 14
      vertex 4.99923 155.375 14
    endloop
  endfacet
  facet normal -0.648905 -0.760869 -0
    outer loop
      vertex 5.20208 155.202 14
      vertex 4.99923 155.375 13.5
      vertex 5.20208 155.202 13.5
    endloop
  endfacet
  facet normal -0.232474 0.972603 0
    outer loop
      vertex 4.52533 152.383 13.5
      vertex 4.26594 152.321 14
      vertex 4.52533 152.383 14
    endloop
  endfacet
  facet normal -0.232474 0.972603 0
    outer loop
      vertex 4.26594 152.321 14
      vertex 4.52533 152.383 13.5
      vertex 4.26594 152.321 13.5
    endloop
  endfacet
  facet normal 0.852181 0.523247 0
    outer loop
      vertex 2.62467 153.001 14
      vertex 2.48529 153.228 13.5
      vertex 2.48529 153.228 14
    endloop
  endfacet
  facet normal 0.852181 0.523247 0
    outer loop
      vertex 2.48529 153.228 13.5
      vertex 2.62467 153.001 14
      vertex 2.62467 153.001 13.5
    endloop
  endfacet
  facet normal 0.852596 0.52257 0
    outer loop
      vertex 2.5 153.204 11
      vertex 2.48529 153.228 0
      vertex 2.48529 153.228 11
    endloop
  endfacet
  facet normal 0.852596 0.52257 0
    outer loop
      vertex 2.48529 153.228 0
      vertex 2.5 153.204 11
      vertex 2.5 153.204 0
    endloop
  endfacet
  facet normal -0.0787201 -0.996897 0
    outer loop
      vertex 4 155.7 0
      vertex 4.26594 155.679 11
      vertex 4 155.7 11
    endloop
  endfacet
  facet normal -0.0787201 -0.996897 -0
    outer loop
      vertex 4.26594 155.679 11
      vertex 4 155.7 0
      vertex 4.26594 155.679 0
    endloop
  endfacet
  facet normal -0.0787201 -0.996897 0
    outer loop
      vertex 4 155.7 13.5
      vertex 4.26594 155.679 14
      vertex 4 155.7 14
    endloop
  endfacet
  facet normal -0.0787201 -0.996897 -0
    outer loop
      vertex 4.26594 155.679 14
      vertex 4 155.7 13.5
      vertex 4.26594 155.679 13.5
    endloop
  endfacet
  facet normal 0.648905 0.760869 -0
    outer loop
      vertex 3.00077 152.625 13.5
      vertex 2.79792 152.798 14
      vertex 3.00077 152.625 14
    endloop
  endfacet
  facet normal 0.648905 0.760869 0
    outer loop
      vertex 2.79792 152.798 14
      vertex 3.00077 152.625 13.5
      vertex 2.79792 152.798 13.5
    endloop
  endfacet
  facet normal -0.760643 0.64917 0
    outer loop
      vertex 5.20208 152.798 13.5
      vertex 5.37533 153.001 14
      vertex 5.37533 153.001 13.5
    endloop
  endfacet
  facet normal -0.760643 0.64917 0
    outer loop
      vertex 5.37533 153.001 14
      vertex 5.20208 152.798 13.5
      vertex 5.20208 152.798 14
    endloop
  endfacet
  facet normal 0.852596 -0.52257 0
    outer loop
      vertex 2.48529 154.772 11
      vertex 2.5 154.796 0
      vertex 2.5 154.796 11
    endloop
  endfacet
  facet normal 0.852596 -0.52257 0
    outer loop
      vertex 2.5 154.796 0
      vertex 2.48529 154.772 11
      vertex 2.48529 154.772 0
    endloop
  endfacet
  facet normal 0.852181 -0.523247 0
    outer loop
      vertex 2.48529 154.772 14
      vertex 2.62467 154.999 13.5
      vertex 2.62467 154.999 14
    endloop
  endfacet
  facet normal 0.852181 -0.523247 0
    outer loop
      vertex 2.62467 154.999 13.5
      vertex 2.48529 154.772 14
      vertex 2.48529 154.772 13.5
    endloop
  endfacet
  facet normal 0.996919 0.0784418 0
    outer loop
      vertex 2.32093 153.734 11
      vertex 2.3 154 0
      vertex 2.3 154 11
    endloop
  endfacet
  facet normal 0.996919 0.0784418 0
    outer loop
      vertex 2.3 154 0
      vertex 2.32093 153.734 11
      vertex 2.32093 153.734 0
    endloop
  endfacet
  facet normal 0.996919 0.0784418 0
    outer loop
      vertex 2.32093 153.734 14
      vertex 2.3 154 13.5
      vertex 2.3 154 14
    endloop
  endfacet
  facet normal 0.996919 0.0784418 0
    outer loop
      vertex 2.3 154 13.5
      vertex 2.32093 153.734 14
      vertex 2.32093 153.734 13.5
    endloop
  endfacet
  facet normal 0.382418 0.923989 -0
    outer loop
      vertex 3.47467 152.383 13.5
      vertex 3.22822 152.485 14
      vertex 3.47467 152.383 14
    endloop
  endfacet
  facet normal 0.382418 0.923989 0
    outer loop
      vertex 3.22822 152.485 14
      vertex 3.47467 152.383 13.5
      vertex 3.22822 152.485 13.5
    endloop
  endfacet
  facet normal -0.382418 -0.923989 0
    outer loop
      vertex 4.52533 155.617 13.5
      vertex 4.77178 155.515 14
      vertex 4.52533 155.617 14
    endloop
  endfacet
  facet normal -0.382418 -0.923989 -0
    outer loop
      vertex 4.77178 155.515 14
      vertex 4.52533 155.617 13.5
      vertex 4.77178 155.515 13.5
    endloop
  endfacet
  facet normal -0.382418 -0.923989 0
    outer loop
      vertex 4.52533 155.617 0
      vertex 4.77178 155.515 11
      vertex 4.52533 155.617 11
    endloop
  endfacet
  facet normal -0.382418 -0.923989 -0
    outer loop
      vertex 4.77178 155.515 11
      vertex 4.52533 155.617 0
      vertex 4.77178 155.515 0
    endloop
  endfacet
  facet normal -0.232474 -0.972603 0
    outer loop
      vertex 4.26594 155.679 0
      vertex 4.52533 155.617 11
      vertex 4.26594 155.679 11
    endloop
  endfacet
  facet normal -0.232474 -0.972603 -0
    outer loop
      vertex 4.52533 155.617 11
      vertex 4.26594 155.679 0
      vertex 4.52533 155.617 0
    endloop
  endfacet
  facet normal -0.232474 -0.972603 0
    outer loop
      vertex 4.26594 155.679 13.5
      vertex 4.52533 155.617 14
      vertex 4.26594 155.679 14
    endloop
  endfacet
  facet normal -0.232474 -0.972603 -0
    outer loop
      vertex 4.52533 155.617 14
      vertex 4.26594 155.679 13.5
      vertex 4.52533 155.617 13.5
    endloop
  endfacet
  facet normal 0.972294 -0.233763 0
    outer loop
      vertex 2.32093 154.266 11
      vertex 2.3832 154.525 0
      vertex 2.3832 154.525 11
    endloop
  endfacet
  facet normal 0.972294 -0.233763 0
    outer loop
      vertex 2.3832 154.525 0
      vertex 2.32093 154.266 11
      vertex 2.32093 154.266 0
    endloop
  endfacet
  facet normal 0.972294 -0.233763 0
    outer loop
      vertex 2.32093 154.266 14
      vertex 2.3832 154.525 13.5
      vertex 2.3832 154.525 14
    endloop
  endfacet
  facet normal 0.972294 -0.233763 0
    outer loop
      vertex 2.3832 154.525 13.5
      vertex 2.32093 154.266 14
      vertex 2.32093 154.266 13.5
    endloop
  endfacet
  facet normal 0.0787201 0.996897 -0
    outer loop
      vertex 4 152.3 13.5
      vertex 3.73406 152.321 14
      vertex 4 152.3 14
    endloop
  endfacet
  facet normal 0.0787201 0.996897 0
    outer loop
      vertex 3.73406 152.321 14
      vertex 4 152.3 13.5
      vertex 3.73406 152.321 13.5
    endloop
  endfacet
  facet normal 0.445881 0.724397 0.525775
    outer loop
      vertex 3.00051 152.262 11.5
      vertex 2.81855 152.374 11.5
      vertex 2.0897 151.371 13.5
    endloop
  endfacet
  facet normal 0.848005 -0.0667937 0.525763
    outer loop
      vertex 2.3 154 11
      vertex 0.790013 154.508 13.5
      vertex 0.75 154 13.5
    endloop
  endfacet
  facet normal 0.44706 -0.726209 0.522262
    outer loop
      vertex 2.14579 156.574 13.3768
      vertex 2.52852 156.888 13.4858
      vertex 2.47329 156.854 13.4858
    endloop
  endfacet
  facet normal 0.445057 -0.72496 0.525697
    outer loop
      vertex 2.52852 156.888 13.4858
      vertex 2.14579 156.574 13.3768
      vertex 3.22822 155.515 11
    endloop
  endfacet
  facet normal -0.0667185 -0.848009 0.525766
    outer loop
      vertex 4.50841 157.21 13.5
      vertex 4 157.25 13.5
      vertex 4 155.7 11
    endloop
  endfacet
  facet normal -0.848021 -0.0665114 0.525773
    outer loop
      vertex 7.25 154 13.5
      vertex 6.002 154.102 11.5
      vertex 6.01 154 11.5
    endloop
  endfacet
  facet normal -0.848011 -0.0667892 0.525753
    outer loop
      vertex 6.002 154.102 11.5
      vertex 7.25 154 13.5
      vertex 7.20999 154.508 13.5
    endloop
  endfacet
  facet normal -0.84798 -0.0669984 0.525776
    outer loop
      vertex 6.002 154.102 11.5
      vertex 7.20999 154.508 13.5
      vertex 5.98525 154.314 11.5
    endloop
  endfacet
  facet normal 0.827137 0.198536 0.525764
    outer loop
      vertex 0.909067 152.996 13.5
      vertex 2.3832 153.475 11
      vertex 0.790013 153.492 13.5
    endloop
  endfacet
  facet normal 0.646291 0.553 0.525831
    outer loop
      vertex 2.5 152.671 11.5
      vertex 1.7019 151.702 13.5
      vertex 2.57872 152.579 11.5
    endloop
  endfacet
  facet normal 0.645407 0.553936 0.525932
    outer loop
      vertex 1.7019 151.702 13.5
      vertex 2.5 152.671 11.5
      vertex 2.5 152.825 11.3378
    endloop
  endfacet
  facet normal 0.848005 0.0667937 0.525763
    outer loop
      vertex 0.790013 153.492 13.5
      vertex 2.3 154 11
      vertex 0.75 154 13.5
    endloop
  endfacet
  facet normal 0.0667185 -0.848009 0.525766
    outer loop
      vertex 4 155.7 11
      vertex 4 157.25 13.5
      vertex 3.49159 157.21 13.5
    endloop
  endfacet
  facet normal 0.0677487 0.847855 0.525882
    outer loop
      vertex 3.89832 151.998 11.5
      vertex 3.68557 152.015 11.5
      vertex 3.49159 150.79 13.5
    endloop
  endfacet
  facet normal 0.199241 0.826932 0.52582
    outer loop
      vertex 3.49159 150.79 13.5
      vertex 3.68557 152.015 11.5
      vertex 3.47805 152.065 11.5
    endloop
  endfacet
  facet normal 0.827084 0.198851 0.525728
    outer loop
      vertex 2.3832 153.475 11
      vertex 2.32093 153.734 11
      vertex 0.790013 153.492 13.5
    endloop
  endfacet
  facet normal -0.325306 0.786023 0.525685
    outer loop
      vertex 4.71536 152.127 11.5
      vertex 5.0043 150.909 13.5
      vertex 5.47547 151.104 13.5
    endloop
  endfacet
  facet normal -0.325288 0.786029 0.525686
    outer loop
      vertex 5.0043 150.909 13.5
      vertex 4.71536 152.127 11.5
      vertex 4.62112 152.088 11.5
    endloop
  endfacet
  facet normal 0.552994 -0.646354 0.525761
    outer loop
      vertex 2.82528 155.5 11.3378
      vertex 2.1358 156.566 13.3735
      vertex 1.76762 156.251 13.3735
    endloop
  endfacet
  facet normal 0.552374 -0.646845 0.525808
    outer loop
      vertex 2.1358 156.566 13.3735
      vertex 2.82528 155.5 11.3378
      vertex 2.91019 155.5 11.2486
    endloop
  endfacet
  facet normal -0.0677487 0.847855 0.525882
    outer loop
      vertex 4.50841 150.79 13.5
      vertex 4.31443 152.015 11.5
      vertex 4.10168 151.998 11.5
    endloop
  endfacet
  facet normal 0.0667198 0.848009 0.525766
    outer loop
      vertex 3.89832 151.998 11.5
      vertex 4 150.75 13.5
      vertex 4 151.99 11.5
    endloop
  endfacet
  facet normal 0.0667185 0.848009 0.525766
    outer loop
      vertex 4 150.75 13.5
      vertex 3.89832 151.998 11.5
      vertex 3.49159 150.79 13.5
    endloop
  endfacet
  facet normal 0.646742 -0.55263 0.525666
    outer loop
      vertex 1.43414 155.864 13.3735
      vertex 2.5 155.175 11.3378
      vertex 1.74859 156.232 13.3735
    endloop
  endfacet
  facet normal 0.647468 -0.551713 0.525736
    outer loop
      vertex 2.5 155.175 11.3378
      vertex 1.43414 155.864 13.3735
      vertex 2.5 155.09 11.2486
    endloop
  endfacet
  facet normal -0.552253 -0.64702 0.52572
    outer loop
      vertex 5.9103 156.629 13.5
      vertex 5.17472 155.5 11.3378
      vertex 6.2981 156.298 13.5
    endloop
  endfacet
  facet normal -0.55228 -0.646999 0.525718
    outer loop
      vertex 5.17472 155.5 11.3378
      vertex 5.9103 156.629 13.5
      vertex 5.08981 155.5 11.2486
    endloop
  endfacet
  facet normal -0.0667185 0.848009 0.525766
    outer loop
      vertex 4.10168 151.998 11.5
      vertex 4 150.75 13.5
      vertex 4.50841 150.79 13.5
    endloop
  endfacet
  facet normal -0.0667198 0.848009 0.525766
    outer loop
      vertex 4 150.75 13.5
      vertex 4.10168 151.998 11.5
      vertex 4 151.99 11.5
    endloop
  endfacet
  facet normal 0.848015 0.0667254 0.525755
    outer loop
      vertex 2.32093 153.734 11
      vertex 2.3 154 11
      vertex 0.790013 153.492 13.5
    endloop
  endfacet
  facet normal -0.848021 0.0665114 0.525773
    outer loop
      vertex 6.002 153.898 11.5
      vertex 7.25 154 13.5
      vertex 6.01 154 11.5
    endloop
  endfacet
  facet normal -0.848011 0.0667892 0.525753
    outer loop
      vertex 7.25 154 13.5
      vertex 6.002 153.898 11.5
      vertex 7.20999 153.492 13.5
    endloop
  endfacet
  facet normal -0.325301 -0.785986 0.525743
    outer loop
      vertex 4.77178 155.515 11
      vertex 5.47547 156.896 13.5
      vertex 4.52533 155.617 11
    endloop
  endfacet
  facet normal -0.326636 0.78536 0.525851
    outer loop
      vertex 5.47547 151.104 13.5
      vertex 4.91252 152.209 11.5
      vertex 4.71536 152.127 11.5
    endloop
  endfacet
  facet normal -0.786451 0.324391 0.525609
    outer loop
      vertex 6.89577 152.525 13.5
      vertex 5.87259 153.285 11.5
      vertex 5.79092 153.087 11.5
    endloop
  endfacet
  facet normal 0.848015 -0.0667254 0.525755
    outer loop
      vertex 2.3 154 11
      vertex 2.32093 154.266 11
      vertex 0.790013 154.508 13.5
    endloop
  endfacet
  facet normal -0.725305 0.444389 0.525786
    outer loop
      vertex 6.6293 152.09 13.5
      vertex 5.73763 153.001 11.5
      vertex 5.62612 152.819 11.5
    endloop
  endfacet
  facet normal -0.552267 0.647037 0.525684
    outer loop
      vertex 5.25901 152.44 11.5
      vertex 5.9103 151.371 13.5
      vertex 6.2981 151.702 13.5
    endloop
  endfacet
  facet normal -0.551264 0.647818 0.525775
    outer loop
      vertex 5.9103 151.371 13.5
      vertex 5.25901 152.44 11.5
      vertex 5.18145 152.374 11.5
    endloop
  endfacet
  facet normal -0.785842 -0.325616 0.525763
    outer loop
      vertex 5.87259 154.715 11.5
      vertex 7.09093 155.004 13.5
      vertex 6.89577 155.475 13.5
    endloop
  endfacet
  facet normal -0.785629 -0.326203 0.525718
    outer loop
      vertex 7.09093 155.004 13.5
      vertex 5.87259 154.715 11.5
      vertex 5.91162 154.621 11.5
    endloop
  endfacet
  facet normal 0.827084 -0.198851 0.525728
    outer loop
      vertex 2.32093 154.266 11
      vertex 2.3832 154.525 11
      vertex 0.790013 154.508 13.5
    endloop
  endfacet
  facet normal -0.725305 -0.444389 0.525786
    outer loop
      vertex 5.73763 154.999 11.5
      vertex 6.6293 155.91 13.5
      vertex 5.62612 155.181 11.5
    endloop
  endfacet
  facet normal -0.723227 0.448148 0.525458
    outer loop
      vertex 5.73763 153.001 11.5
      vertex 6.89577 152.525 13.5
      vertex 5.79092 153.087 11.5
    endloop
  endfacet
  facet normal -0.725348 0.44433 0.525778
    outer loop
      vertex 6.89577 152.525 13.5
      vertex 5.73763 153.001 11.5
      vertex 6.6293 152.09 13.5
    endloop
  endfacet
  facet normal -0.445132 0.724932 0.525672
    outer loop
      vertex 4.99949 152.262 11.5
      vertex 5.47547 151.104 13.5
      vertex 5.9103 151.371 13.5
    endloop
  endfacet
  facet normal -0.442622 0.726318 0.525878
    outer loop
      vertex 5.47547 151.104 13.5
      vertex 4.99949 152.262 11.5
      vertex 4.91252 152.209 11.5
    endloop
  endfacet
  facet normal -0.785629 0.326203 0.525718
    outer loop
      vertex 5.87259 153.285 11.5
      vertex 7.09093 152.996 13.5
      vertex 5.91162 153.379 11.5
    endloop
  endfacet
  facet normal -0.785842 0.325616 0.525763
    outer loop
      vertex 7.09093 152.996 13.5
      vertex 5.87259 153.285 11.5
      vertex 6.89577 152.525 13.5
    endloop
  endfacet
  facet normal 0.647494 0.551697 0.52572
    outer loop
      vertex 1.3707 152.09 13.5
      vertex 2.5 152.825 11.3378
      vertex 2.5 152.91 11.2486
    endloop
  endfacet
  facet normal 0.647017 0.552299 0.525676
    outer loop
      vertex 2.5 152.825 11.3378
      vertex 1.3707 152.09 13.5
      vertex 1.7019 151.702 13.5
    endloop
  endfacet
  facet normal -0.84798 0.0669984 0.525776
    outer loop
      vertex 7.20999 153.492 13.5
      vertex 6.002 153.898 11.5
      vertex 5.98525 153.686 11.5
    endloop
  endfacet
  facet normal 0.725006 -0.444937 0.525736
    outer loop
      vertex 1.42561 155.854 13.3768
      vertex 2.5 155.09 11.2486
      vertex 1.43414 155.864 13.3735
    endloop
  endfacet
  facet normal 0.725261 -0.444537 0.525721
    outer loop
      vertex 2.48529 154.772 11
      vertex 2.5 155.09 11.2486
      vertex 1.42561 155.854 13.3768
    endloop
  endfacet
  facet normal 0.725271 -0.444531 0.525712
    outer loop
      vertex 2.5 155.09 11.2486
      vertex 2.48529 154.772 11
      vertex 2.5 154.796 11
    endloop
  endfacet
  facet normal -0.648322 0.550575 0.525876
    outer loop
      vertex 5.55988 152.741 11.5
      vertex 6.6293 152.09 13.5
      vertex 5.62612 152.819 11.5
    endloop
  endfacet
  facet normal -0.646995 0.55228 0.525722
    outer loop
      vertex 6.6293 152.09 13.5
      vertex 5.55988 152.741 11.5
      vertex 6.2981 151.702 13.5
    endloop
  endfacet
  facet normal 0.553344 0.645979 0.525853
    outer loop
      vertex 2.74099 152.44 11.5
      vertex 2.57872 152.579 11.5
      vertex 1.7019 151.702 13.5
    endloop
  endfacet
  facet normal 0.551264 0.647818 0.525775
    outer loop
      vertex 2.74099 152.44 11.5
      vertex 2.0897 151.371 13.5
      vertex 2.81855 152.374 11.5
    endloop
  endfacet
  facet normal 0.552267 0.647037 0.525684
    outer loop
      vertex 2.0897 151.371 13.5
      vertex 2.74099 152.44 11.5
      vertex 1.7019 151.702 13.5
    endloop
  endfacet
  facet normal 0.198498 -0.827169 0.525729
    outer loop
      vertex 3.47467 155.617 11
      vertex 3.49159 157.21 13.5
      vertex 2.9957 157.091 13.5
    endloop
  endfacet
  facet normal 0.330835 -0.79756 0.504426
    outer loop
      vertex 2.52977 156.889 13.4862
      vertex 2.9957 157.091 13.5
      vertex 2.57623 156.917 13.5
    endloop
  endfacet
  facet normal 0.325203 -0.786025 0.525745
    outer loop
      vertex 2.9957 157.091 13.5
      vertex 2.52977 156.889 13.4862
      vertex 3.47467 155.617 11
    endloop
  endfacet
  facet normal -0.82722 0.198135 0.525784
    outer loop
      vertex 7.20999 153.492 13.5
      vertex 5.98525 153.686 11.5
      vertex 5.93543 153.478 11.5
    endloop
  endfacet
  facet normal -0.0669603 -0.847973 0.525793
    outer loop
      vertex 4.26594 155.679 11
      vertex 4.50841 157.21 13.5
      vertex 4 155.7 11
    endloop
  endfacet
  facet normal 0.197742 -0.827295 0.525814
    outer loop
      vertex 3.73406 155.679 11
      vertex 3.49159 157.21 13.5
      vertex 3.47467 155.617 11
    endloop
  endfacet
  facet normal -0.552284 -0.64699 0.525725
    outer loop
      vertex 6.2981 156.298 13.5
      vertex 5.17472 155.5 11.3378
      vertex 5.32912 155.5 11.5
    endloop
  endfacet
  facet normal -0.553566 -0.64578 0.525864
    outer loop
      vertex 6.2981 156.298 13.5
      vertex 5.32912 155.5 11.5
      vertex 5.42128 155.421 11.5
    endloop
  endfacet
  facet normal -0.553344 0.645979 0.525853
    outer loop
      vertex 6.2981 151.702 13.5
      vertex 5.42128 152.579 11.5
      vertex 5.25901 152.44 11.5
    endloop
  endfacet
  facet normal -0.445146 -0.724881 0.52573
    outer loop
      vertex 4.77178 155.515 11
      vertex 5.08981 155.5 11.2486
      vertex 5.9103 156.629 13.5
    endloop
  endfacet
  facet normal -0.448972 -0.718654 0.531
    outer loop
      vertex 5.08981 155.5 11.2486
      vertex 4.77178 155.515 11
      vertex 4.79579 155.5 11
    endloop
  endfacet
  facet normal -0.445115 -0.724904 0.525726
    outer loop
      vertex 5.9103 156.629 13.5
      vertex 5.47547 156.896 13.5
      vertex 4.77178 155.515 11
    endloop
  endfacet
  facet normal -0.646323 0.552965 0.525829
    outer loop
      vertex 6.2981 151.702 13.5
      vertex 5.55988 152.741 11.5
      vertex 5.42128 152.579 11.5
    endloop
  endfacet
  facet normal -0.198506 0.827205 0.525669
    outer loop
      vertex 4.62112 152.088 11.5
      vertex 4.50841 150.79 13.5
      vertex 5.0043 150.909 13.5
    endloop
  endfacet
  facet normal -0.192042 0.82812 0.526628
    outer loop
      vertex 4.50841 150.79 13.5
      vertex 4.62112 152.088 11.5
      vertex 4.52194 152.065 11.5
    endloop
  endfacet
  facet normal -0.445881 0.724397 0.525775
    outer loop
      vertex 5.9103 151.371 13.5
      vertex 5.18145 152.374 11.5
      vertex 4.99949 152.262 11.5
    endloop
  endfacet
  facet normal 0.785841 0.32562 0.525762
    outer loop
      vertex 1.10423 152.525 13.5
      vertex 2.3832 153.475 11
      vertex 0.909067 152.996 13.5
    endloop
  endfacet
  facet normal -0.827089 0.198919 0.525695
    outer loop
      vertex 5.91162 153.379 11.5
      vertex 7.20999 153.492 13.5
      vertex 5.93543 153.478 11.5
    endloop
  endfacet
  facet normal -0.827143 0.198548 0.525751
    outer loop
      vertex 7.20999 153.492 13.5
      vertex 5.91162 153.379 11.5
      vertex 7.09093 152.996 13.5
    endloop
  endfacet
  facet normal 0.665643 -0.530699 0.524669
    outer loop
      vertex 1.74859 156.232 13.3735
      vertex 2.57872 155.421 11.5
      vertex 1.75736 156.243 13.3735
    endloop
  endfacet
  facet normal 0.646319 -0.553025 0.525771
    outer loop
      vertex 1.74859 156.232 13.3735
      vertex 2.5 155.329 11.5
      vertex 2.57872 155.421 11.5
    endloop
  endfacet
  facet normal 0.645534 -0.553858 0.525858
    outer loop
      vertex 2.5 155.329 11.5
      vertex 1.74859 156.232 13.3735
      vertex 2.5 155.175 11.3378
    endloop
  endfacet
  facet normal 0.442622 0.726318 0.525878
    outer loop
      vertex 3.00051 152.262 11.5
      vertex 2.52453 151.104 13.5
      vertex 3.08748 152.209 11.5
    endloop
  endfacet
  facet normal 0.445132 0.724932 0.525672
    outer loop
      vertex 2.52453 151.104 13.5
      vertex 3.00051 152.262 11.5
      vertex 2.0897 151.371 13.5
    endloop
  endfacet
  facet normal 0.326636 0.78536 0.525851
    outer loop
      vertex 3.28464 152.127 11.5
      vertex 3.08748 152.209 11.5
      vertex 2.52453 151.104 13.5
    endloop
  endfacet
  facet normal -0.199251 0.82693 0.52582
    outer loop
      vertex 4.50841 150.79 13.5
      vertex 4.52194 152.065 11.5
      vertex 4.31443 152.015 11.5
    endloop
  endfacet
  facet normal 0.0669603 -0.847973 0.525793
    outer loop
      vertex 3.73406 155.679 11
      vertex 4 155.7 11
      vertex 3.49159 157.21 13.5
    endloop
  endfacet
  facet normal 0.419835 -0.740653 0.524567
    outer loop
      vertex 2.91019 155.5 11.2486
      vertex 2.14579 156.574 13.3768
      vertex 2.1358 156.566 13.3735
    endloop
  endfacet
  facet normal 0.448972 -0.718654 0.531
    outer loop
      vertex 3.22822 155.515 11
      vertex 2.91019 155.5 11.2486
      vertex 3.20421 155.5 11
    endloop
  endfacet
  facet normal 0.445129 -0.724909 0.525707
    outer loop
      vertex 2.91019 155.5 11.2486
      vertex 3.22822 155.515 11
      vertex 2.14579 156.574 13.3768
    endloop
  endfacet
  facet normal 0.827137 -0.198536 0.525764
    outer loop
      vertex 2.3832 154.525 11
      vertex 0.909067 155.004 13.5
      vertex 0.790013 154.508 13.5
    endloop
  endfacet
  facet normal -0.197742 -0.827295 0.525814
    outer loop
      vertex 4.52533 155.617 11
      vertex 4.50841 157.21 13.5
      vertex 4.26594 155.679 11
    endloop
  endfacet
  facet normal 0.71944 -0.434876 0.541561
    outer loop
      vertex 1.11205 155.471 13.4858
      vertex 1.42561 155.854 13.3768
      vertex 1.1459 155.527 13.4858
    endloop
  endfacet
  facet normal 0.725431 -0.444298 0.525688
    outer loop
      vertex 1.42561 155.854 13.3768
      vertex 1.11205 155.471 13.4858
      vertex 2.48529 154.772 11
    endloop
  endfacet
  facet normal 0 0 -1
    outer loop
      vertex 5.7 154 13.5
      vertex 7.25 154 13.5
      vertex 7.20999 153.492 13.5
    endloop
  endfacet
  facet normal 0 0 -1
    outer loop
      vertex 5.67907 153.734 13.5
      vertex 7.20999 153.492 13.5
      vertex 7.09093 152.996 13.5
    endloop
  endfacet
  facet normal 0 0 -1
    outer loop
      vertex 7.25 154 13.5
      vertex 5.7 154 13.5
      vertex 7.20999 154.508 13.5
    endloop
  endfacet
  facet normal 0 0 -1
    outer loop
      vertex 5.6168 153.475 13.5
      vertex 7.09093 152.996 13.5
      vertex 6.89577 152.525 13.5
    endloop
  endfacet
  facet normal 0 0 -1
    outer loop
      vertex 5.67907 154.266 13.5
      vertex 7.20999 154.508 13.5
      vertex 5.7 154 13.5
    endloop
  endfacet
  facet normal 0 0 -1
    outer loop
      vertex 5.51471 153.228 13.5
      vertex 6.89577 152.525 13.5
      vertex 6.6293 152.09 13.5
    endloop
  endfacet
  facet normal -0 0 -1
    outer loop
      vertex 7.20999 154.508 13.5
      vertex 5.67907 154.266 13.5
      vertex 7.09093 155.004 13.5
    endloop
  endfacet
  facet normal 0 0 -1
    outer loop
      vertex 5.37533 153.001 13.5
      vertex 6.6293 152.09 13.5
      vertex 6.2981 151.702 13.5
    endloop
  endfacet
  facet normal 0 0 -1
    outer loop
      vertex 5.6168 154.525 13.5
      vertex 7.09093 155.004 13.5
      vertex 5.67907 154.266 13.5
    endloop
  endfacet
  facet normal 0 0 -1
    outer loop
      vertex 5.20208 152.798 13.5
      vertex 6.2981 151.702 13.5
      vertex 5.9103 151.371 13.5
    endloop
  endfacet
  facet normal -0 0 -1
    outer loop
      vertex 7.09093 155.004 13.5
      vertex 5.6168 154.525 13.5
      vertex 6.89577 155.475 13.5
    endloop
  endfacet
  facet normal 0 0 -1
    outer loop
      vertex 5.51471 154.772 13.5
      vertex 6.89577 155.475 13.5
      vertex 5.6168 154.525 13.5
    endloop
  endfacet
  facet normal 0 0 -1
    outer loop
      vertex 7.20999 153.492 13.5
      vertex 5.67907 153.734 13.5
      vertex 5.7 154 13.5
    endloop
  endfacet
  facet normal 0 0 -1
    outer loop
      vertex 7.09093 152.996 13.5
      vertex 5.6168 153.475 13.5
      vertex 5.67907 153.734 13.5
    endloop
  endfacet
  facet normal 0 0 -1
    outer loop
      vertex 6.89577 152.525 13.5
      vertex 5.51471 153.228 13.5
      vertex 5.6168 153.475 13.5
    endloop
  endfacet
  facet normal 0 0 -1
    outer loop
      vertex 4.99923 152.625 13.5
      vertex 5.9103 151.371 13.5
      vertex 5.47547 151.104 13.5
    endloop
  endfacet
  facet normal 0 0 -1
    outer loop
      vertex 6.6293 152.09 13.5
      vertex 5.37533 153.001 13.5
      vertex 5.51471 153.228 13.5
    endloop
  endfacet
  facet normal 0 0 -1
    outer loop
      vertex 6.2981 151.702 13.5
      vertex 5.20208 152.798 13.5
      vertex 5.37533 153.001 13.5
    endloop
  endfacet
  facet normal 0 0 -1
    outer loop
      vertex 4.77178 152.485 13.5
      vertex 5.47547 151.104 13.5
      vertex 5.0043 150.909 13.5
    endloop
  endfacet
  facet normal 0 0 -1
    outer loop
      vertex 5.9103 151.371 13.5
      vertex 4.99923 152.625 13.5
      vertex 5.20208 152.798 13.5
    endloop
  endfacet
  facet normal 0 0 -1
    outer loop
      vertex 5.47547 151.104 13.5
      vertex 4.77178 152.485 13.5
      vertex 4.99923 152.625 13.5
    endloop
  endfacet
  facet normal 0 0 -1
    outer loop
      vertex 5.0043 150.909 13.5
      vertex 4.52533 152.383 13.5
      vertex 4.77178 152.485 13.5
    endloop
  endfacet
  facet normal 0 0 -1
    outer loop
      vertex 4.50841 150.79 13.5
      vertex 4.52533 152.383 13.5
      vertex 5.0043 150.909 13.5
    endloop
  endfacet
  facet normal 0 0 -1
    outer loop
      vertex 4.50841 150.79 13.5
      vertex 4.26594 152.321 13.5
      vertex 4.52533 152.383 13.5
    endloop
  endfacet
  facet normal 0 0 -1
    outer loop
      vertex 4 150.75 13.5
      vertex 4.26594 152.321 13.5
      vertex 4.50841 150.79 13.5
    endloop
  endfacet
  facet normal 0 0 -1
    outer loop
      vertex 4 150.75 13.5
      vertex 4 152.3 13.5
      vertex 4.26594 152.321 13.5
    endloop
  endfacet
  facet normal 0 0 -1
    outer loop
      vertex 4 150.75 13.5
      vertex 3.73406 152.321 13.5
      vertex 4 152.3 13.5
    endloop
  endfacet
  facet normal 0 0 -1
    outer loop
      vertex 3.49159 150.79 13.5
      vertex 3.73406 152.321 13.5
      vertex 4 150.75 13.5
    endloop
  endfacet
  facet normal 0 0 -1
    outer loop
      vertex 3.49159 150.79 13.5
      vertex 3.47467 152.383 13.5
      vertex 3.73406 152.321 13.5
    endloop
  endfacet
  facet normal 0 0 -1
    outer loop
      vertex 2.9957 150.909 13.5
      vertex 3.47467 152.383 13.5
      vertex 3.49159 150.79 13.5
    endloop
  endfacet
  facet normal -0 0 -1
    outer loop
      vertex 3.47467 152.383 13.5
      vertex 2.9957 150.909 13.5
      vertex 3.22822 152.485 13.5
    endloop
  endfacet
  facet normal 0 0 -1
    outer loop
      vertex 2.52453 151.104 13.5
      vertex 3.22822 152.485 13.5
      vertex 2.9957 150.909 13.5
    endloop
  endfacet
  facet normal -0 0 -1
    outer loop
      vertex 3.22822 152.485 13.5
      vertex 2.52453 151.104 13.5
      vertex 3.00077 152.625 13.5
    endloop
  endfacet
  facet normal 0 0 -1
    outer loop
      vertex 2.0897 151.371 13.5
      vertex 3.00077 152.625 13.5
      vertex 2.52453 151.104 13.5
    endloop
  endfacet
  facet normal -0 0 -1
    outer loop
      vertex 3.00077 152.625 13.5
      vertex 2.0897 151.371 13.5
      vertex 2.79792 152.798 13.5
    endloop
  endfacet
  facet normal 0 0 -1
    outer loop
      vertex 1.7019 151.702 13.5
      vertex 2.79792 152.798 13.5
      vertex 2.0897 151.371 13.5
    endloop
  endfacet
  facet normal -0 0 -1
    outer loop
      vertex 2.79792 152.798 13.5
      vertex 1.7019 151.702 13.5
      vertex 2.62467 153.001 13.5
    endloop
  endfacet
  facet normal 0 0 -1
    outer loop
      vertex 1.3707 152.09 13.5
      vertex 2.62467 153.001 13.5
      vertex 1.7019 151.702 13.5
    endloop
  endfacet
  facet normal -0 0 -1
    outer loop
      vertex 2.62467 153.001 13.5
      vertex 1.3707 152.09 13.5
      vertex 2.48529 153.228 13.5
    endloop
  endfacet
  facet normal 0 0 -1
    outer loop
      vertex 1.10423 152.525 13.5
      vertex 2.48529 153.228 13.5
      vertex 1.3707 152.09 13.5
    endloop
  endfacet
  facet normal -0 0 -1
    outer loop
      vertex 6.89577 155.475 13.5
      vertex 5.51471 154.772 13.5
      vertex 6.6293 155.91 13.5
    endloop
  endfacet
  facet normal 0 0 -1
    outer loop
      vertex 5.37533 154.999 13.5
      vertex 6.6293 155.91 13.5
      vertex 5.51471 154.772 13.5
    endloop
  endfacet
  facet normal -0 0 -1
    outer loop
      vertex 6.6293 155.91 13.5
      vertex 5.37533 154.999 13.5
      vertex 6.2981 156.298 13.5
    endloop
  endfacet
  facet normal 0 0 -1
    outer loop
      vertex 5.20208 155.202 13.5
      vertex 6.2981 156.298 13.5
      vertex 5.37533 154.999 13.5
    endloop
  endfacet
  facet normal -0 0 -1
    outer loop
      vertex 6.2981 156.298 13.5
      vertex 5.20208 155.202 13.5
      vertex 5.9103 156.629 13.5
    endloop
  endfacet
  facet normal 0 0 -1
    outer loop
      vertex 4.99923 155.375 13.5
      vertex 5.9103 156.629 13.5
      vertex 5.20208 155.202 13.5
    endloop
  endfacet
  facet normal -0 0 -1
    outer loop
      vertex 5.9103 156.629 13.5
      vertex 4.99923 155.375 13.5
      vertex 5.47547 156.896 13.5
    endloop
  endfacet
  facet normal 0 0 -1
    outer loop
      vertex 4.77178 155.515 13.5
      vertex 5.47547 156.896 13.5
      vertex 4.99923 155.375 13.5
    endloop
  endfacet
  facet normal -0 0 -1
    outer loop
      vertex 5.47547 156.896 13.5
      vertex 4.77178 155.515 13.5
      vertex 5.0043 157.091 13.5
    endloop
  endfacet
  facet normal 0 0 -1
    outer loop
      vertex 4.52533 155.617 13.5
      vertex 5.0043 157.091 13.5
      vertex 4.77178 155.515 13.5
    endloop
  endfacet
  facet normal 0 0 -1
    outer loop
      vertex 4.52533 155.617 13.5
      vertex 4.50841 157.21 13.5
      vertex 5.0043 157.091 13.5
    endloop
  endfacet
  facet normal 0 0 -1
    outer loop
      vertex 4.26594 155.679 13.5
      vertex 4.50841 157.21 13.5
      vertex 4.52533 155.617 13.5
    endloop
  endfacet
  facet normal 0 0 -1
    outer loop
      vertex 4 155.7 13.5
      vertex 4.50841 157.21 13.5
      vertex 4.26594 155.679 13.5
    endloop
  endfacet
  facet normal 0 0 -1
    outer loop
      vertex 4 155.7 13.5
      vertex 4 157.25 13.5
      vertex 4.50841 157.21 13.5
    endloop
  endfacet
  facet normal 0 0 -1
    outer loop
      vertex 3.73406 155.679 13.5
      vertex 4 157.25 13.5
      vertex 4 155.7 13.5
    endloop
  endfacet
  facet normal 0 0 -1
    outer loop
      vertex 3.73406 155.679 13.5
      vertex 3.49159 157.21 13.5
      vertex 4 157.25 13.5
    endloop
  endfacet
  facet normal 0 0 -1
    outer loop
      vertex 3.47467 155.617 13.5
      vertex 3.49159 157.21 13.5
      vertex 3.73406 155.679 13.5
    endloop
  endfacet
  facet normal 0 0 -1
    outer loop
      vertex 2.57623 156.917 13.5
      vertex 3.47467 155.617 13.5
      vertex 3.22822 155.515 13.5
    endloop
  endfacet
  facet normal 0 0 -1
    outer loop
      vertex 2.47329 156.854 13.5
      vertex 3.22822 155.515 13.5
      vertex 3.00077 155.375 13.5
    endloop
  endfacet
  facet normal 0 0 -1
    outer loop
      vertex 3.47467 155.617 13.5
      vertex 2.9957 157.091 13.5
      vertex 3.49159 157.21 13.5
    endloop
  endfacet
  facet normal 0 0 -1
    outer loop
      vertex 1.75736 156.243 13.5
      vertex 3.00077 155.375 13.5
      vertex 2.79792 155.202 13.5
    endloop
  endfacet
  facet normal 0 0 -1
    outer loop
      vertex 1.75736 156.243 13.5
      vertex 2.79792 155.202 13.5
      vertex 2.62467 154.999 13.5
    endloop
  endfacet
  facet normal 0 0 -1
    outer loop
      vertex 3.47467 155.617 13.5
      vertex 2.57623 156.917 13.5
      vertex 2.9957 157.091 13.5
    endloop
  endfacet
  facet normal 0 0 -1
    outer loop
      vertex 1.1459 155.527 13.5
      vertex 2.62467 154.999 13.5
      vertex 2.48529 154.772 13.5
    endloop
  endfacet
  facet normal 0 0 -1
    outer loop
      vertex 3.22822 155.515 13.5
      vertex 2.47329 156.854 13.5
      vertex 2.57623 156.917 13.5
    endloop
  endfacet
  facet normal 0 0 -1
    outer loop
      vertex 1.08281 155.424 13.5
      vertex 2.48529 154.772 13.5
      vertex 2.3832 154.525 13.5
    endloop
  endfacet
  facet normal 0 0 -1
    outer loop
      vertex 0.909067 155.004 13.5
      vertex 2.3832 154.525 13.5
      vertex 2.32093 154.266 13.5
    endloop
  endfacet
  facet normal 0 0 -1
    outer loop
      vertex 0.790013 154.508 13.5
      vertex 2.32093 154.266 13.5
      vertex 2.3 154 13.5
    endloop
  endfacet
  facet normal -0 0 -1
    outer loop
      vertex 2.48529 153.228 13.5
      vertex 1.10423 152.525 13.5
      vertex 2.3832 153.475 13.5
    endloop
  endfacet
  facet normal 0 0 -1
    outer loop
      vertex 3.00077 155.375 13.5
      vertex 1.75736 156.243 13.5
      vertex 2.47329 156.854 13.5
    endloop
  endfacet
  facet normal 0 0 -1
    outer loop
      vertex 0.909067 152.996 13.5
      vertex 2.3832 153.475 13.5
      vertex 1.10423 152.525 13.5
    endloop
  endfacet
  facet normal -0 0 -1
    outer loop
      vertex 2.3832 153.475 13.5
      vertex 0.909067 152.996 13.5
      vertex 2.32093 153.734 13.5
    endloop
  endfacet
  facet normal 0 0 -1
    outer loop
      vertex 0.790013 153.492 13.5
      vertex 2.32093 153.734 13.5
      vertex 0.909067 152.996 13.5
    endloop
  endfacet
  facet normal -0 0 -1
    outer loop
      vertex 2.32093 153.734 13.5
      vertex 0.790013 153.492 13.5
      vertex 2.3 154 13.5
    endloop
  endfacet
  facet normal 0 0 -1
    outer loop
      vertex 0.75 154 13.5
      vertex 2.3 154 13.5
      vertex 0.790013 153.492 13.5
    endloop
  endfacet
  facet normal 0 -0 -1
    outer loop
      vertex 0.790013 154.508 13.5
      vertex 2.3 154 13.5
      vertex 0.75 154 13.5
    endloop
  endfacet
  facet normal 0 0 -1
    outer loop
      vertex 2.48529 154.772 13.5
      vertex 1.08281 155.424 13.5
      vertex 1.1459 155.527 13.5
    endloop
  endfacet
  facet normal 0 0 -1
    outer loop
      vertex 2.62467 154.999 13.5
      vertex 1.1459 155.527 13.5
      vertex 1.75736 156.243 13.5
    endloop
  endfacet
  facet normal 0 0 -1
    outer loop
      vertex 2.3832 154.525 13.5
      vertex 0.909067 155.004 13.5
      vertex 1.08281 155.424 13.5
    endloop
  endfacet
  facet normal 0 0 -1
    outer loop
      vertex 2.32093 154.266 13.5
      vertex 0.790013 154.508 13.5
      vertex 0.909067 155.004 13.5
    endloop
  endfacet
  facet normal 0.762199 -0.376157 0.526839
    outer loop
      vertex 1.11128 155.47 13.4862
      vertex 2.48529 154.772 11
      vertex 1.11205 155.471 13.4858
    endloop
  endfacet
  facet normal 0.786163 -0.324937 0.525703
    outer loop
      vertex 2.48529 154.772 11
      vertex 1.11128 155.47 13.4862
      vertex 2.3832 154.525 11
    endloop
  endfacet
  facet normal 0.725398 0.444361 0.525682
    outer loop
      vertex 1.3707 152.09 13.5
      vertex 2.48529 153.228 11
      vertex 1.10423 152.525 13.5
    endloop
  endfacet
  facet normal 0.786178 0.324943 0.525677
    outer loop
      vertex 2.48529 153.228 11
      vertex 2.3832 153.475 11
      vertex 1.10423 152.525 13.5
    endloop
  endfacet
  facet normal 0.422 -0.738081 0.526453
    outer loop
      vertex 3.22822 155.515 11
      vertex 2.52977 156.889 13.4862
      vertex 2.52852 156.888 13.4858
    endloop
  endfacet
  facet normal 0.325298 -0.785977 0.525757
    outer loop
      vertex 2.52977 156.889 13.4862
      vertex 3.22822 155.515 11
      vertex 3.47467 155.617 11
    endloop
  endfacet
  facet normal 0.325288 0.786029 0.525686
    outer loop
      vertex 3.28464 152.127 11.5
      vertex 2.9957 150.909 13.5
      vertex 3.37888 152.088 11.5
    endloop
  endfacet
  facet normal 0.325306 0.786023 0.525685
    outer loop
      vertex 2.9957 150.909 13.5
      vertex 3.28464 152.127 11.5
      vertex 2.52453 151.104 13.5
    endloop
  endfacet
  facet normal 0.725271 0.444531 0.525712
    outer loop
      vertex 2.48529 153.228 11
      vertex 2.5 152.91 11.2486
      vertex 2.5 153.204 11
    endloop
  endfacet
  facet normal 0.725281 0.444525 0.525704
    outer loop
      vertex 2.5 152.91 11.2486
      vertex 2.48529 153.228 11
      vertex 1.3707 152.09 13.5
    endloop
  endfacet
  facet normal -0.646323 -0.552965 0.525829
    outer loop
      vertex 5.55988 155.259 11.5
      vertex 6.2981 156.298 13.5
      vertex 5.42128 155.421 11.5
    endloop
  endfacet
  facet normal -0.646995 -0.55228 0.525722
    outer loop
      vertex 5.55988 155.259 11.5
      vertex 6.6293 155.91 13.5
      vertex 6.2981 156.298 13.5
    endloop
  endfacet
  facet normal -0.648322 -0.550575 0.525876
    outer loop
      vertex 6.6293 155.91 13.5
      vertex 5.55988 155.259 11.5
      vertex 5.62612 155.181 11.5
    endloop
  endfacet
  facet normal 0.192061 0.828118 0.526625
    outer loop
      vertex 3.37888 152.088 11.5
      vertex 3.49159 150.79 13.5
      vertex 3.47805 152.065 11.5
    endloop
  endfacet
  facet normal 0.198506 0.827205 0.525669
    outer loop
      vertex 3.49159 150.79 13.5
      vertex 3.37888 152.088 11.5
      vertex 2.9957 150.909 13.5
    endloop
  endfacet
  facet normal -0.786451 -0.324391 0.525609
    outer loop
      vertex 5.87259 154.715 11.5
      vertex 6.89577 155.475 13.5
      vertex 5.79092 154.913 11.5
    endloop
  endfacet
  facet normal -0.198498 -0.827169 0.525729
    outer loop
      vertex 4.52533 155.617 11
      vertex 5.0043 157.091 13.5
      vertex 4.50841 157.21 13.5
    endloop
  endfacet
  facet normal 0.781069 -0.323108 0.534353
    outer loop
      vertex 0.909067 155.004 13.5
      vertex 1.11128 155.47 13.4862
      vertex 1.08281 155.424 13.5
    endloop
  endfacet
  facet normal 0.785903 -0.32546 0.525768
    outer loop
      vertex 1.11128 155.47 13.4862
      vertex 0.909067 155.004 13.5
      vertex 2.3832 154.525 11
    endloop
  endfacet
  facet normal -0.725348 -0.44433 0.525778
    outer loop
      vertex 5.73763 154.999 11.5
      vertex 6.89577 155.475 13.5
      vertex 6.6293 155.91 13.5
    endloop
  endfacet
  facet normal -0.723227 -0.448148 0.525458
    outer loop
      vertex 6.89577 155.475 13.5
      vertex 5.73763 154.999 11.5
      vertex 5.79092 154.913 11.5
    endloop
  endfacet
  facet normal -0.325292 -0.78599 0.525742
    outer loop
      vertex 5.47547 156.896 13.5
      vertex 5.0043 157.091 13.5
      vertex 4.52533 155.617 11
    endloop
  endfacet
  facet normal 0.523638 -0.671565 0.524217
    outer loop
      vertex 2.57872 155.421 11.5
      vertex 1.76762 156.251 13.3735
      vertex 1.75736 156.243 13.3735
    endloop
  endfacet
  facet normal 0.553599 -0.645818 0.525782
    outer loop
      vertex 2.67088 155.5 11.5
      vertex 1.76762 156.251 13.3735
      vertex 2.57872 155.421 11.5
    endloop
  endfacet
  facet normal 0.552188 -0.647145 0.525634
    outer loop
      vertex 1.76762 156.251 13.3735
      vertex 2.67088 155.5 11.5
      vertex 2.82528 155.5 11.3378
    endloop
  endfacet
  facet normal -0.827089 -0.198919 0.525695
    outer loop
      vertex 7.20999 154.508 13.5
      vertex 5.91162 154.621 11.5
      vertex 5.93543 154.522 11.5
    endloop
  endfacet
  facet normal -0.827143 -0.198548 0.525751
    outer loop
      vertex 5.91162 154.621 11.5
      vertex 7.20999 154.508 13.5
      vertex 7.09093 155.004 13.5
    endloop
  endfacet
  facet normal -0.82722 -0.198135 0.525784
    outer loop
      vertex 5.98525 154.314 11.5
      vertex 7.20999 154.508 13.5
      vertex 5.93543 154.522 11.5
    endloop
  endfacet
  facet normal -0.972523 -0.232805 0
    outer loop
      vertex 110.679 154.266 0
      vertex 110.617 154.525 11
      vertex 110.617 154.525 0
    endloop
  endfacet
  facet normal -0.972523 -0.232805 0
    outer loop
      vertex 110.617 154.525 11
      vertex 110.679 154.266 0
      vertex 110.679 154.266 11
    endloop
  endfacet
  facet normal -0.972523 -0.232805 0
    outer loop
      vertex 110.679 154.266 13.5
      vertex 110.617 154.525 14
      vertex 110.617 154.525 13.5
    endloop
  endfacet
  facet normal -0.972523 -0.232805 0
    outer loop
      vertex 110.617 154.525 14
      vertex 110.679 154.266 13.5
      vertex 110.679 154.266 14
    endloop
  endfacet
  facet normal -0.996898 -0.0787025 0
    outer loop
      vertex 110.7 154 0
      vertex 110.679 154.266 11
      vertex 110.679 154.266 0
    endloop
  endfacet
  facet normal -0.996898 -0.0787025 0
    outer loop
      vertex 110.679 154.266 11
      vertex 110.7 154 0
      vertex 110.7 154 11
    endloop
  endfacet
  facet normal -0.996898 -0.0787025 0
    outer loop
      vertex 110.7 154 13.5
      vertex 110.679 154.266 14
      vertex 110.679 154.266 13.5
    endloop
  endfacet
  facet normal -0.996898 -0.0787025 0
    outer loop
      vertex 110.679 154.266 14
      vertex 110.7 154 13.5
      vertex 110.7 154 14
    endloop
  endfacet
  facet normal -0.92429 -0.381691 0
    outer loop
      vertex 110.617 154.525 13.5
      vertex 110.515 154.772 14
      vertex 110.515 154.772 13.5
    endloop
  endfacet
  facet normal -0.92429 -0.381691 0
    outer loop
      vertex 110.515 154.772 14
      vertex 110.617 154.525 13.5
      vertex 110.617 154.525 14
    endloop
  endfacet
  facet normal -0.92429 -0.381691 0
    outer loop
      vertex 110.617 154.525 0
      vertex 110.515 154.772 11
      vertex 110.515 154.772 0
    endloop
  endfacet
  facet normal -0.92429 -0.381691 0
    outer loop
      vertex 110.515 154.772 11
      vertex 110.617 154.525 0
      vertex 110.617 154.525 11
    endloop
  endfacet
  facet normal -0.524934 0.851143 0
    outer loop
      vertex 109.999 152.625 13.5
      vertex 109.772 152.485 14
      vertex 109.999 152.625 14
    endloop
  endfacet
  facet normal -0.524934 0.851143 0
    outer loop
      vertex 109.772 152.485 14
      vertex 109.999 152.625 13.5
      vertex 109.772 152.485 13.5
    endloop
  endfacet
  facet normal 0.92429 -0.381691 0
    outer loop
      vertex 107.383 154.525 14
      vertex 107.485 154.772 13.5
      vertex 107.485 154.772 14
    endloop
  endfacet
  facet normal 0.92429 -0.381691 0
    outer loop
      vertex 107.485 154.772 13.5
      vertex 107.383 154.525 14
      vertex 107.383 154.525 13.5
    endloop
  endfacet
  facet normal 0.524934 0.851143 -0
    outer loop
      vertex 108.228 152.485 13.5
      vertex 108.001 152.625 14
      vertex 108.228 152.485 14
    endloop
  endfacet
  facet normal 0.524934 0.851143 0
    outer loop
      vertex 108.001 152.625 14
      vertex 108.228 152.485 13.5
      vertex 108.001 152.625 13.5
    endloop
  endfacet
  facet normal -0.381691 0.92429 0
    outer loop
      vertex 109.772 152.485 13.5
      vertex 109.525 152.383 14
      vertex 109.772 152.485 14
    endloop
  endfacet
  facet normal -0.381691 0.92429 0
    outer loop
      vertex 109.525 152.383 14
      vertex 109.772 152.485 13.5
      vertex 109.525 152.383 13.5
    endloop
  endfacet
  facet normal 0.381691 -0.92429 0
    outer loop
      vertex 108.228 155.515 0
      vertex 108.475 155.617 11
      vertex 108.228 155.515 11
    endloop
  endfacet
  facet normal 0.381691 -0.92429 0
    outer loop
      vertex 108.475 155.617 11
      vertex 108.228 155.515 0
      vertex 108.475 155.617 0
    endloop
  endfacet
  facet normal 0.381691 -0.92429 0
    outer loop
      vertex 108.228 155.515 13.5
      vertex 108.475 155.617 14
      vertex 108.228 155.515 14
    endloop
  endfacet
  facet normal 0.381691 -0.92429 0
    outer loop
      vertex 108.475 155.617 14
      vertex 108.228 155.515 13.5
      vertex 108.475 155.617 13.5
    endloop
  endfacet
  facet normal 0.524934 -0.851143 0
    outer loop
      vertex 108.001 155.375 13.5
      vertex 108.228 155.515 14
      vertex 108.001 155.375 14
    endloop
  endfacet
  facet normal 0.524934 -0.851143 0
    outer loop
      vertex 108.228 155.515 14
      vertex 108.001 155.375 13.5
      vertex 108.228 155.515 13.5
    endloop
  endfacet
  facet normal 0.529999 -0.847998 0
    outer loop
      vertex 108.204 155.5 0
      vertex 108.228 155.515 11
      vertex 108.204 155.5 11
    endloop
  endfacet
  facet normal 0.529999 -0.847998 0
    outer loop
      vertex 108.228 155.515 11
      vertex 108.204 155.5 0
      vertex 108.228 155.515 0
    endloop
  endfacet
  facet normal 0.232805 -0.972523 0
    outer loop
      vertex 108.475 155.617 0
      vertex 108.734 155.679 11
      vertex 108.475 155.617 11
    endloop
  endfacet
  facet normal 0.232805 -0.972523 0
    outer loop
      vertex 108.734 155.679 11
      vertex 108.475 155.617 0
      vertex 108.734 155.679 0
    endloop
  endfacet
  facet normal 0.232805 -0.972523 0
    outer loop
      vertex 108.475 155.617 13.5
      vertex 108.734 155.679 14
      vertex 108.475 155.617 14
    endloop
  endfacet
  facet normal 0.232805 -0.972523 0
    outer loop
      vertex 108.734 155.679 14
      vertex 108.475 155.617 13.5
      vertex 108.734 155.679 13.5
    endloop
  endfacet
  facet normal -0.648627 0.761106 0
    outer loop
      vertex 110.202 152.798 13.5
      vertex 109.999 152.625 14
      vertex 110.202 152.798 14
    endloop
  endfacet
  facet normal -0.648627 0.761106 0
    outer loop
      vertex 109.999 152.625 14
      vertex 110.202 152.798 13.5
      vertex 109.999 152.625 13.5
    endloop
  endfacet
  facet normal 0.0787025 -0.996898 0
    outer loop
      vertex 108.734 155.679 0
      vertex 109 155.7 11
      vertex 108.734 155.679 11
    endloop
  endfacet
  facet normal 0.0787025 -0.996898 0
    outer loop
      vertex 109 155.7 11
      vertex 108.734 155.679 0
      vertex 109 155.7 0
    endloop
  endfacet
  facet normal 0.0787025 -0.996898 0
    outer loop
      vertex 108.734 155.679 13.5
      vertex 109 155.7 14
      vertex 108.734 155.679 14
    endloop
  endfacet
  facet normal 0.0787025 -0.996898 0
    outer loop
      vertex 109 155.7 14
      vertex 108.734 155.679 13.5
      vertex 109 155.7 13.5
    endloop
  endfacet
  facet normal 0.92429 0.381691 0
    outer loop
      vertex 107.485 153.228 14
      vertex 107.383 153.475 13.5
      vertex 107.383 153.475 14
    endloop
  endfacet
  facet normal 0.92429 0.381691 0
    outer loop
      vertex 107.383 153.475 13.5
      vertex 107.485 153.228 14
      vertex 107.485 153.228 13.5
    endloop
  endfacet
  facet normal 0.761106 -0.648627 0
    outer loop
      vertex 107.625 154.999 14
      vertex 107.798 155.202 13.5
      vertex 107.798 155.202 14
    endloop
  endfacet
  facet normal 0.761106 -0.648627 0
    outer loop
      vertex 107.798 155.202 13.5
      vertex 107.625 154.999 14
      vertex 107.625 154.999 13.5
    endloop
  endfacet
  facet normal 0.232805 0.972523 -0
    outer loop
      vertex 108.734 152.321 13.5
      vertex 108.475 152.383 14
      vertex 108.734 152.321 14
    endloop
  endfacet
  facet normal 0.232805 0.972523 0
    outer loop
      vertex 108.475 152.383 14
      vertex 108.734 152.321 13.5
      vertex 108.475 152.383 13.5
    endloop
  endfacet
  facet normal -0.92429 0.381691 0
    outer loop
      vertex 110.515 153.228 13.5
      vertex 110.617 153.475 14
      vertex 110.617 153.475 13.5
    endloop
  endfacet
  facet normal -0.92429 0.381691 0
    outer loop
      vertex 110.617 153.475 14
      vertex 110.515 153.228 13.5
      vertex 110.515 153.228 14
    endloop
  endfacet
  facet normal -0.92429 0.381691 0
    outer loop
      vertex 110.515 153.228 0
      vertex 110.617 153.475 11
      vertex 110.617 153.475 0
    endloop
  endfacet
  facet normal -0.92429 0.381691 0
    outer loop
      vertex 110.617 153.475 11
      vertex 110.515 153.228 0
      vertex 110.515 153.228 11
    endloop
  endfacet
  facet normal 0.761106 0.648627 0
    outer loop
      vertex 107.798 152.798 14
      vertex 107.625 153.001 13.5
      vertex 107.625 153.001 14
    endloop
  endfacet
  facet normal 0.761106 0.648627 0
    outer loop
      vertex 107.625 153.001 13.5
      vertex 107.798 152.798 14
      vertex 107.798 152.798 13.5
    endloop
  endfacet
  facet normal 0.648627 -0.761106 0
    outer loop
      vertex 107.798 155.202 13.5
      vertex 108.001 155.375 14
      vertex 107.798 155.202 14
    endloop
  endfacet
  facet normal 0.648627 -0.761106 0
    outer loop
      vertex 108.001 155.375 14
      vertex 107.798 155.202 13.5
      vertex 108.001 155.375 13.5
    endloop
  endfacet
  facet normal -0.0787025 0.996898 0
    outer loop
      vertex 109.266 152.321 13.5
      vertex 109 152.3 14
      vertex 109.266 152.321 14
    endloop
  endfacet
  facet normal -0.0787025 0.996898 0
    outer loop
      vertex 109 152.3 14
      vertex 109.266 152.321 13.5
      vertex 109 152.3 13.5
    endloop
  endfacet
  facet normal -0.851143 0.524934 0
    outer loop
      vertex 110.375 153.001 13.5
      vertex 110.515 153.228 14
      vertex 110.515 153.228 13.5
    endloop
  endfacet
  facet normal -0.851143 0.524934 0
    outer loop
      vertex 110.515 153.228 14
      vertex 110.375 153.001 13.5
      vertex 110.375 153.001 14
    endloop
  endfacet
  facet normal -0.847998 0.529999 0
    outer loop
      vertex 110.5 153.204 0
      vertex 110.515 153.228 11
      vertex 110.515 153.228 0
    endloop
  endfacet
  facet normal -0.847998 0.529999 0
    outer loop
      vertex 110.515 153.228 11
      vertex 110.5 153.204 0
      vertex 110.5 153.204 11
    endloop
  endfacet
  facet normal -0.851143 -0.524934 0
    outer loop
      vertex 110.515 154.772 13.5
      vertex 110.375 154.999 14
      vertex 110.375 154.999 13.5
    endloop
  endfacet
  facet normal -0.851143 -0.524934 0
    outer loop
      vertex 110.375 154.999 14
      vertex 110.515 154.772 13.5
      vertex 110.515 154.772 14
    endloop
  endfacet
  facet normal -0.847998 -0.529999 0
    outer loop
      vertex 110.515 154.772 0
      vertex 110.5 154.796 11
      vertex 110.5 154.796 0
    endloop
  endfacet
  facet normal -0.847998 -0.529999 0
    outer loop
      vertex 110.5 154.796 11
      vertex 110.515 154.772 0
      vertex 110.515 154.772 11
    endloop
  endfacet
  facet normal -0.996898 0.0787025 0
    outer loop
      vertex 110.679 153.734 0
      vertex 110.7 154 11
      vertex 110.7 154 0
    endloop
  endfacet
  facet normal -0.996898 0.0787025 0
    outer loop
      vertex 110.7 154 11
      vertex 110.679 153.734 0
      vertex 110.679 153.734 11
    endloop
  endfacet
  facet normal -0.996898 0.0787025 0
    outer loop
      vertex 110.679 153.734 13.5
      vertex 110.7 154 14
      vertex 110.7 154 13.5
    endloop
  endfacet
  facet normal -0.996898 0.0787025 0
    outer loop
      vertex 110.7 154 14
      vertex 110.679 153.734 13.5
      vertex 110.679 153.734 14
    endloop
  endfacet
  facet normal -0.972523 0.232805 0
    outer loop
      vertex 110.617 153.475 0
      vertex 110.679 153.734 11
      vertex 110.679 153.734 0
    endloop
  endfacet
  facet normal -0.972523 0.232805 0
    outer loop
      vertex 110.679 153.734 11
      vertex 110.617 153.475 0
      vertex 110.617 153.475 11
    endloop
  endfacet
  facet normal -0.972523 0.232805 0
    outer loop
      vertex 110.617 153.475 13.5
      vertex 110.679 153.734 14
      vertex 110.679 153.734 13.5
    endloop
  endfacet
  facet normal -0.972523 0.232805 0
    outer loop
      vertex 110.679 153.734 14
      vertex 110.617 153.475 13.5
      vertex 110.617 153.475 14
    endloop
  endfacet
  facet normal 0.972523 0.232805 0
    outer loop
      vertex 107.383 153.475 14
      vertex 107.321 153.734 13.5
      vertex 107.321 153.734 14
    endloop
  endfacet
  facet normal 0.972523 0.232805 0
    outer loop
      vertex 107.321 153.734 13.5
      vertex 107.383 153.475 14
      vertex 107.383 153.475 13.5
    endloop
  endfacet
  facet normal -0.524934 -0.851143 0
    outer loop
      vertex 109.772 155.515 13.5
      vertex 109.999 155.375 14
      vertex 109.772 155.515 14
    endloop
  endfacet
  facet normal -0.524934 -0.851143 -0
    outer loop
      vertex 109.999 155.375 14
      vertex 109.772 155.515 13.5
      vertex 109.999 155.375 13.5
    endloop
  endfacet
  facet normal -0.529999 -0.847998 0
    outer loop
      vertex 109.772 155.515 0
      vertex 109.796 155.5 11
      vertex 109.772 155.515 11
    endloop
  endfacet
  facet normal -0.529999 -0.847998 -0
    outer loop
      vertex 109.796 155.5 11
      vertex 109.772 155.515 0
      vertex 109.796 155.5 0
    endloop
  endfacet
  facet normal -0.761106 -0.648627 0
    outer loop
      vertex 110.375 154.999 13.5
      vertex 110.202 155.202 14
      vertex 110.202 155.202 13.5
    endloop
  endfacet
  facet normal -0.761106 -0.648627 0
    outer loop
      vertex 110.202 155.202 14
      vertex 110.375 154.999 13.5
      vertex 110.375 154.999 14
    endloop
  endfacet
  facet normal 0.996898 -0.0787025 0
    outer loop
      vertex 107.3 154 14
      vertex 107.321 154.266 13.5
      vertex 107.321 154.266 14
    endloop
  endfacet
  facet normal 0.996898 -0.0787025 0
    outer loop
      vertex 107.321 154.266 13.5
      vertex 107.3 154 14
      vertex 107.3 154 13.5
    endloop
  endfacet
  facet normal -0.648627 -0.761106 0
    outer loop
      vertex 109.999 155.375 13.5
      vertex 110.202 155.202 14
      vertex 109.999 155.375 14
    endloop
  endfacet
  facet normal -0.648627 -0.761106 -0
    outer loop
      vertex 110.202 155.202 14
      vertex 109.999 155.375 13.5
      vertex 110.202 155.202 13.5
    endloop
  endfacet
  facet normal -0.232805 0.972523 0
    outer loop
      vertex 109.525 152.383 13.5
      vertex 109.266 152.321 14
      vertex 109.525 152.383 14
    endloop
  endfacet
  facet normal -0.232805 0.972523 0
    outer loop
      vertex 109.266 152.321 14
      vertex 109.525 152.383 13.5
      vertex 109.266 152.321 13.5
    endloop
  endfacet
  facet normal 0.851143 0.524934 0
    outer loop
      vertex 107.625 153.001 14
      vertex 107.485 153.228 13.5
      vertex 107.485 153.228 14
    endloop
  endfacet
  facet normal 0.851143 0.524934 0
    outer loop
      vertex 107.485 153.228 13.5
      vertex 107.625 153.001 14
      vertex 107.625 153.001 13.5
    endloop
  endfacet
  facet normal -0.0787025 -0.996898 0
    outer loop
      vertex 109 155.7 0
      vertex 109.266 155.679 11
      vertex 109 155.7 11
    endloop
  endfacet
  facet normal -0.0787025 -0.996898 -0
    outer loop
      vertex 109.266 155.679 11
      vertex 109 155.7 0
      vertex 109.266 155.679 0
    endloop
  endfacet
  facet normal -0.0787025 -0.996898 0
    outer loop
      vertex 109 155.7 13.5
      vertex 109.266 155.679 14
      vertex 109 155.7 14
    endloop
  endfacet
  facet normal -0.0787025 -0.996898 -0
    outer loop
      vertex 109.266 155.679 14
      vertex 109 155.7 13.5
      vertex 109.266 155.679 13.5
    endloop
  endfacet
  facet normal 0.648627 0.761106 -0
    outer loop
      vertex 108.001 152.625 13.5
      vertex 107.798 152.798 14
      vertex 108.001 152.625 14
    endloop
  endfacet
  facet normal 0.648627 0.761106 0
    outer loop
      vertex 107.798 152.798 14
      vertex 108.001 152.625 13.5
      vertex 107.798 152.798 13.5
    endloop
  endfacet
  facet normal -0.761106 0.648627 0
    outer loop
      vertex 110.202 152.798 13.5
      vertex 110.375 153.001 14
      vertex 110.375 153.001 13.5
    endloop
  endfacet
  facet normal -0.761106 0.648627 0
    outer loop
      vertex 110.375 153.001 14
      vertex 110.202 152.798 13.5
      vertex 110.202 152.798 14
    endloop
  endfacet
  facet normal 0.851143 -0.524934 0
    outer loop
      vertex 107.485 154.772 14
      vertex 107.625 154.999 13.5
      vertex 107.625 154.999 14
    endloop
  endfacet
  facet normal 0.851143 -0.524934 0
    outer loop
      vertex 107.625 154.999 13.5
      vertex 107.485 154.772 14
      vertex 107.485 154.772 13.5
    endloop
  endfacet
  facet normal 0.996898 0.0787025 0
    outer loop
      vertex 107.321 153.734 14
      vertex 107.3 154 13.5
      vertex 107.3 154 14
    endloop
  endfacet
  facet normal 0.996898 0.0787025 0
    outer loop
      vertex 107.3 154 13.5
      vertex 107.321 153.734 14
      vertex 107.321 153.734 13.5
    endloop
  endfacet
  facet normal 0.381691 0.92429 -0
    outer loop
      vertex 108.475 152.383 13.5
      vertex 108.228 152.485 14
      vertex 108.475 152.383 14
    endloop
  endfacet
  facet normal 0.381691 0.92429 0
    outer loop
      vertex 108.228 152.485 14
      vertex 108.475 152.383 13.5
      vertex 108.228 152.485 13.5
    endloop
  endfacet
  facet normal -0.381691 -0.92429 0
    outer loop
      vertex 109.525 155.617 13.5
      vertex 109.772 155.515 14
      vertex 109.525 155.617 14
    endloop
  endfacet
  facet normal -0.381691 -0.92429 -0
    outer loop
      vertex 109.772 155.515 14
      vertex 109.525 155.617 13.5
      vertex 109.772 155.515 13.5
    endloop
  endfacet
  facet normal -0.381691 -0.92429 0
    outer loop
      vertex 109.525 155.617 0
      vertex 109.772 155.515 11
      vertex 109.525 155.617 11
    endloop
  endfacet
  facet normal -0.381691 -0.92429 -0
    outer loop
      vertex 109.772 155.515 11
      vertex 109.525 155.617 0
      vertex 109.772 155.515 0
    endloop
  endfacet
  facet normal -0.232805 -0.972523 0
    outer loop
      vertex 109.266 155.679 0
      vertex 109.525 155.617 11
      vertex 109.266 155.679 11
    endloop
  endfacet
  facet normal -0.232805 -0.972523 -0
    outer loop
      vertex 109.525 155.617 11
      vertex 109.266 155.679 0
      vertex 109.525 155.617 0
    endloop
  endfacet
  facet normal -0.232805 -0.972523 0
    outer loop
      vertex 109.266 155.679 13.5
      vertex 109.525 155.617 14
      vertex 109.266 155.679 14
    endloop
  endfacet
  facet normal -0.232805 -0.972523 -0
    outer loop
      vertex 109.525 155.617 14
      vertex 109.266 155.679 13.5
      vertex 109.525 155.617 13.5
    endloop
  endfacet
  facet normal 0.972523 -0.232805 0
    outer loop
      vertex 107.321 154.266 14
      vertex 107.383 154.525 13.5
      vertex 107.383 154.525 14
    endloop
  endfacet
  facet normal 0.972523 -0.232805 0
    outer loop
      vertex 107.383 154.525 13.5
      vertex 107.321 154.266 14
      vertex 107.321 154.266 13.5
    endloop
  endfacet
  facet normal 0.0787025 0.996898 -0
    outer loop
      vertex 109 152.3 13.5
      vertex 108.734 152.321 14
      vertex 109 152.3 14
    endloop
  endfacet
  facet normal 0.0787025 0.996898 0
    outer loop
      vertex 108.734 152.321 14
      vertex 109 152.3 13.5
      vertex 108.734 152.321 13.5
    endloop
  endfacet
  facet normal 0.445803 0.724429 0.525796
    outer loop
      vertex 108.001 152.262 11.5
      vertex 107.819 152.374 11.5
      vertex 107.09 151.371 13.5
    endloop
  endfacet
  facet normal 0.848012 -0.0667726 0.525754
    outer loop
      vertex 105.75 154 13.5
      vertex 106.998 154.102 11.5
      vertex 105.79 154.508 13.5
    endloop
  endfacet
  facet normal 0.848021 -0.0665114 0.525773
    outer loop
      vertex 106.998 154.102 11.5
      vertex 105.75 154 13.5
      vertex 106.99 154 11.5
    endloop
  endfacet
  facet normal 0.445015 -0.725025 0.525642
    outer loop
      vertex 108.228 155.515 11
      vertex 107.525 156.896 13.5
      vertex 107.09 156.629 13.5
    endloop
  endfacet
  facet normal -0.0667721 -0.848006 0.525764
    outer loop
      vertex 109.508 157.21 13.5
      vertex 109 157.25 13.5
      vertex 109 155.7 11
    endloop
  endfacet
  facet normal -0.848006 -0.0667721 0.525764
    outer loop
      vertex 112.25 154 13.5
      vertex 112.21 154.508 13.5
      vertex 110.7 154 11
    endloop
  endfacet
  facet normal -0.84798 -0.0669458 0.525783
    outer loop
      vertex 110.7 154 11
      vertex 112.21 154.508 13.5
      vertex 110.679 154.266 11
    endloop
  endfacet
  facet normal 0.828085 0.192383 0.526558
    outer loop
      vertex 105.79 153.492 13.5
      vertex 107.088 153.379 11.5
      vertex 107.065 153.478 11.5
    endloop
  endfacet
  facet normal 0.827223 0.198467 0.525654
    outer loop
      vertex 107.088 153.379 11.5
      vertex 105.79 153.492 13.5
      vertex 105.909 152.996 13.5
    endloop
  endfacet
  facet normal 0.645495 0.553851 0.525913
    outer loop
      vertex 107.579 152.579 11.5
      vertex 107.44 152.741 11.5
      vertex 106.702 151.702 13.5
    endloop
  endfacet
  facet normal 0.848021 0.0665114 0.525773
    outer loop
      vertex 105.75 154 13.5
      vertex 106.998 153.898 11.5
      vertex 106.99 154 11.5
    endloop
  endfacet
  facet normal 0.848012 0.0667726 0.525754
    outer loop
      vertex 106.998 153.898 11.5
      vertex 105.75 154 13.5
      vertex 105.79 153.492 13.5
    endloop
  endfacet
  facet normal 0.0667721 -0.848006 0.525764
    outer loop
      vertex 109 155.7 11
      vertex 109 157.25 13.5
      vertex 108.492 157.21 13.5
    endloop
  endfacet
  facet normal 0.0679864 0.847831 0.525891
    outer loop
      vertex 108.898 151.998 11.5
      vertex 108.686 152.015 11.5
      vertex 108.492 150.79 13.5
    endloop
  endfacet
  facet normal 0.198804 0.827026 0.525837
    outer loop
      vertex 108.492 150.79 13.5
      vertex 108.686 152.015 11.5
      vertex 108.478 152.065 11.5
    endloop
  endfacet
  facet normal 0.827026 0.198804 0.525837
    outer loop
      vertex 107.065 153.478 11.5
      vertex 107.015 153.686 11.5
      vertex 105.79 153.492 13.5
    endloop
  endfacet
  facet normal -0.325406 0.785982 0.525684
    outer loop
      vertex 109.715 152.127 11.5
      vertex 110.004 150.909 13.5
      vertex 110.475 151.104 13.5
    endloop
  endfacet
  facet normal -0.326008 0.785763 0.525638
    outer loop
      vertex 110.004 150.909 13.5
      vertex 109.715 152.127 11.5
      vertex 109.621 152.088 11.5
    endloop
  endfacet
  facet normal 0.552126 -0.647205 0.525625
    outer loop
      vertex 107.825 155.5 11.3378
      vertex 107.09 156.629 13.5
      vertex 106.702 156.298 13.5
    endloop
  endfacet
  facet normal 0.551636 -0.647594 0.525662
    outer loop
      vertex 107.09 156.629 13.5
      vertex 107.825 155.5 11.3378
      vertex 107.91 155.5 11.2486
    endloop
  endfacet
  facet normal -0.0679864 0.847831 0.525891
    outer loop
      vertex 109.508 150.79 13.5
      vertex 109.314 152.015 11.5
      vertex 109.102 151.998 11.5
    endloop
  endfacet
  facet normal 0.0665114 0.848021 0.525773
    outer loop
      vertex 108.898 151.998 11.5
      vertex 109 150.75 13.5
      vertex 109 151.99 11.5
    endloop
  endfacet
  facet normal 0.0667726 0.848012 0.525754
    outer loop
      vertex 109 150.75 13.5
      vertex 108.898 151.998 11.5
      vertex 108.492 150.79 13.5
    endloop
  endfacet
  facet normal 0.647197 -0.55212 0.525642
    outer loop
      vertex 106.371 155.91 13.5
      vertex 107.44 155.259 11.5
      vertex 106.702 156.298 13.5
    endloop
  endfacet
  facet normal 0.649303 -0.54941 0.525885
    outer loop
      vertex 107.44 155.259 11.5
      vertex 106.371 155.91 13.5
      vertex 107.374 155.181 11.5
    endloop
  endfacet
  facet normal -0.553193 -0.64627 0.525654
    outer loop
      vertex 110.864 156.566 13.3735
      vertex 110.175 155.5 11.3378
      vertex 111.232 156.251 13.3735
    endloop
  endfacet
  facet normal -0.551744 -0.647418 0.525765
    outer loop
      vertex 110.175 155.5 11.3378
      vertex 110.864 156.566 13.3735
      vertex 110.09 155.5 11.2486
    endloop
  endfacet
  facet normal -0.0667726 0.848012 0.525754
    outer loop
      vertex 109.102 151.998 11.5
      vertex 109 150.75 13.5
      vertex 109.508 150.79 13.5
    endloop
  endfacet
  facet normal -0.0665114 0.848021 0.525773
    outer loop
      vertex 109 150.75 13.5
      vertex 109.102 151.998 11.5
      vertex 109 151.99 11.5
    endloop
  endfacet
  facet normal 0.847831 0.0679864 0.525891
    outer loop
      vertex 107.015 153.686 11.5
      vertex 106.998 153.898 11.5
      vertex 105.79 153.492 13.5
    endloop
  endfacet
  facet normal -0.848006 0.0667721 0.525764
    outer loop
      vertex 112.21 153.492 13.5
      vertex 112.25 154 13.5
      vertex 110.7 154 11
    endloop
  endfacet
  facet normal -0.324695 -0.786271 0.525691
    outer loop
      vertex 109.772 155.515 11
      vertex 110.47 156.889 13.4862
      vertex 109.525 155.617 11
    endloop
  endfacet
  facet normal -0.488893 -0.698123 0.523075
    outer loop
      vertex 110.47 156.889 13.4862
      vertex 109.772 155.515 11
      vertex 110.471 156.888 13.4858
    endloop
  endfacet
  facet normal -0.32549 0.78594 0.525695
    outer loop
      vertex 110.475 151.104 13.5
      vertex 109.913 152.209 11.5
      vertex 109.715 152.127 11.5
    endloop
  endfacet
  facet normal -0.786292 0.324704 0.525654
    outer loop
      vertex 111.896 152.525 13.5
      vertex 110.617 153.475 11
      vertex 110.515 153.228 11
    endloop
  endfacet
  facet normal 0.847831 -0.0679864 0.525891
    outer loop
      vertex 106.998 154.102 11.5
      vertex 107.015 154.314 11.5
      vertex 105.79 154.508 13.5
    endloop
  endfacet
  facet normal -0.718523 0.449077 0.531088
    outer loop
      vertex 110.5 152.91 11.2486
      vertex 110.515 153.228 11
      vertex 110.5 153.204 11
    endloop
  endfacet
  facet normal -0.72494 0.445135 0.525659
    outer loop
      vertex 110.515 153.228 11
      vertex 110.5 152.91 11.2486
      vertex 111.629 152.09 13.5
    endloop
  endfacet
  facet normal -0.55212 0.647197 0.525642
    outer loop
      vertex 110.259 152.44 11.5
      vertex 110.91 151.371 13.5
      vertex 111.298 151.702 13.5
    endloop
  endfacet
  facet normal -0.54941 0.649303 0.525885
    outer loop
      vertex 110.91 151.371 13.5
      vertex 110.259 152.44 11.5
      vertex 110.181 152.374 11.5
    endloop
  endfacet
  facet normal -0.792658 -0.328387 0.513669
    outer loop
      vertex 111.889 155.47 13.4862
      vertex 112.091 155.004 13.5
      vertex 111.917 155.424 13.5
    endloop
  endfacet
  facet normal -0.78604 -0.32516 0.52575
    outer loop
      vertex 112.091 155.004 13.5
      vertex 111.889 155.47 13.4862
      vertex 110.617 154.525 11
    endloop
  endfacet
  facet normal 0.827026 -0.198804 0.525837
    outer loop
      vertex 107.015 154.314 11.5
      vertex 107.065 154.522 11.5
      vertex 105.79 154.508 13.5
    endloop
  endfacet
  facet normal -0.740843 -0.41959 0.524496
    outer loop
      vertex 110.5 155.09 11.2486
      vertex 111.574 155.854 13.3768
      vertex 111.566 155.864 13.3735
    endloop
  endfacet
  facet normal -0.718523 -0.449077 0.531088
    outer loop
      vertex 110.515 154.772 11
      vertex 110.5 155.09 11.2486
      vertex 110.5 154.796 11
    endloop
  endfacet
  facet normal -0.724956 -0.445125 0.525645
    outer loop
      vertex 110.5 155.09 11.2486
      vertex 110.515 154.772 11
      vertex 111.574 155.854 13.3768
    endloop
  endfacet
  facet normal -0.725025 0.445015 0.525642
    outer loop
      vertex 111.629 152.09 13.5
      vertex 111.896 152.525 13.5
      vertex 110.515 153.228 11
    endloop
  endfacet
  facet normal -0.445001 0.725002 0.525686
    outer loop
      vertex 109.999 152.262 11.5
      vertex 110.475 151.104 13.5
      vertex 110.91 151.371 13.5
    endloop
  endfacet
  facet normal -0.446344 0.724257 0.525575
    outer loop
      vertex 110.475 151.104 13.5
      vertex 109.999 152.262 11.5
      vertex 109.913 152.209 11.5
    endloop
  endfacet
  facet normal -0.785949 0.325393 0.525741
    outer loop
      vertex 111.896 152.525 13.5
      vertex 112.091 152.996 13.5
      vertex 110.617 153.475 11
    endloop
  endfacet
  facet normal 0.649303 0.54941 0.525885
    outer loop
      vertex 106.371 152.09 13.5
      vertex 107.44 152.741 11.5
      vertex 107.374 152.819 11.5
    endloop
  endfacet
  facet normal 0.647197 0.55212 0.525642
    outer loop
      vertex 107.44 152.741 11.5
      vertex 106.371 152.09 13.5
      vertex 106.702 151.702 13.5
    endloop
  endfacet
  facet normal -0.84798 0.0669458 0.525783
    outer loop
      vertex 112.21 153.492 13.5
      vertex 110.7 154 11
      vertex 110.679 153.734 11
    endloop
  endfacet
  facet normal 0.724429 -0.445803 0.525796
    outer loop
      vertex 107.262 154.999 11.5
      vertex 107.374 155.181 11.5
      vertex 106.371 155.91 13.5
    endloop
  endfacet
  facet normal -0.647594 0.551636 0.525662
    outer loop
      vertex 110.5 152.825 11.3378
      vertex 111.629 152.09 13.5
      vertex 110.5 152.91 11.2486
    endloop
  endfacet
  facet normal -0.647205 0.552126 0.525625
    outer loop
      vertex 111.629 152.09 13.5
      vertex 110.5 152.825 11.3378
      vertex 111.298 151.702 13.5
    endloop
  endfacet
  facet normal 0.553851 0.645495 0.525913
    outer loop
      vertex 107.741 152.44 11.5
      vertex 107.579 152.579 11.5
      vertex 106.702 151.702 13.5
    endloop
  endfacet
  facet normal 0.54941 0.649303 0.525885
    outer loop
      vertex 107.741 152.44 11.5
      vertex 107.09 151.371 13.5
      vertex 107.819 152.374 11.5
    endloop
  endfacet
  facet normal 0.55212 0.647197 0.525642
    outer loop
      vertex 107.09 151.371 13.5
      vertex 107.741 152.44 11.5
      vertex 106.702 151.702 13.5
    endloop
  endfacet
  facet normal 0.198456 -0.827179 0.525729
    outer loop
      vertex 108.475 155.617 11
      vertex 108.492 157.21 13.5
      vertex 107.996 157.091 13.5
    endloop
  endfacet
  facet normal 0.325393 -0.785949 0.525741
    outer loop
      vertex 108.475 155.617 11
      vertex 107.996 157.091 13.5
      vertex 107.525 156.896 13.5
    endloop
  endfacet
  facet normal -0.82725 0.198029 0.525777
    outer loop
      vertex 112.21 153.492 13.5
      vertex 110.679 153.734 11
      vertex 110.617 153.475 11
    endloop
  endfacet
  facet normal -0.0669458 -0.84798 0.525783
    outer loop
      vertex 109.266 155.679 11
      vertex 109.508 157.21 13.5
      vertex 109 155.7 11
    endloop
  endfacet
  facet normal 0.198029 -0.82725 0.525777
    outer loop
      vertex 108.734 155.679 11
      vertex 108.492 157.21 13.5
      vertex 108.475 155.617 11
    endloop
  endfacet
  facet normal -0.553732 -0.64574 0.525738
    outer loop
      vertex 111.232 156.251 13.3735
      vertex 110.175 155.5 11.3378
      vertex 110.329 155.5 11.5
    endloop
  endfacet
  facet normal -0.554153 -0.645343 0.525782
    outer loop
      vertex 110.421 155.421 11.5
      vertex 111.232 156.251 13.3735
      vertex 110.329 155.5 11.5
    endloop
  endfacet
  facet normal -0.501478 -0.689532 0.522557
    outer loop
      vertex 111.232 156.251 13.3735
      vertex 110.421 155.421 11.5
      vertex 111.243 156.243 13.3735
    endloop
  endfacet
  facet normal -0.553851 0.645495 0.525913
    outer loop
      vertex 111.298 151.702 13.5
      vertex 110.421 152.579 11.5
      vertex 110.259 152.44 11.5
    endloop
  endfacet
  facet normal -0.41959 -0.740843 0.524496
    outer loop
      vertex 110.854 156.574 13.3768
      vertex 110.09 155.5 11.2486
      vertex 110.864 156.566 13.3735
    endloop
  endfacet
  facet normal -0.445125 -0.724956 0.525645
    outer loop
      vertex 109.772 155.515 11
      vertex 110.09 155.5 11.2486
      vertex 110.854 156.574 13.3768
    endloop
  endfacet
  facet normal -0.449077 -0.718523 0.531088
    outer loop
      vertex 110.09 155.5 11.2486
      vertex 109.772 155.515 11
      vertex 109.796 155.5 11
    endloop
  endfacet
  facet normal -0.437349 -0.720339 0.538366
    outer loop
      vertex 110.471 156.888 13.4858
      vertex 110.854 156.574 13.3768
      vertex 110.527 156.854 13.4858
    endloop
  endfacet
  facet normal -0.444897 -0.725119 0.525614
    outer loop
      vertex 110.854 156.574 13.3768
      vertex 110.471 156.888 13.4858
      vertex 109.772 155.515 11
    endloop
  endfacet
  facet normal -0.645455 0.553907 0.525904
    outer loop
      vertex 110.5 152.671 11.5
      vertex 111.298 151.702 13.5
      vertex 110.5 152.825 11.3378
    endloop
  endfacet
  facet normal -0.645276 0.554096 0.525925
    outer loop
      vertex 111.298 151.702 13.5
      vertex 110.5 152.671 11.5
      vertex 110.421 152.579 11.5
    endloop
  endfacet
  facet normal -0.198467 0.827223 0.525654
    outer loop
      vertex 109.621 152.088 11.5
      vertex 109.508 150.79 13.5
      vertex 110.004 150.909 13.5
    endloop
  endfacet
  facet normal -0.192383 0.828085 0.526558
    outer loop
      vertex 109.508 150.79 13.5
      vertex 109.621 152.088 11.5
      vertex 109.522 152.065 11.5
    endloop
  endfacet
  facet normal -0.445803 0.724429 0.525796
    outer loop
      vertex 110.91 151.371 13.5
      vertex 110.181 152.374 11.5
      vertex 109.999 152.262 11.5
    endloop
  endfacet
  facet normal 0.785763 0.326008 0.525638
    outer loop
      vertex 105.909 152.996 13.5
      vertex 107.127 153.285 11.5
      vertex 107.088 153.379 11.5
    endloop
  endfacet
  facet normal 0.785982 0.325406 0.525684
    outer loop
      vertex 107.127 153.285 11.5
      vertex 105.909 152.996 13.5
      vertex 106.104 152.525 13.5
    endloop
  endfacet
  facet normal -0.827179 0.198456 0.525729
    outer loop
      vertex 112.091 152.996 13.5
      vertex 112.21 153.492 13.5
      vertex 110.617 153.475 11
    endloop
  endfacet
  facet normal 0.645495 -0.553851 0.525913
    outer loop
      vertex 107.44 155.259 11.5
      vertex 107.579 155.421 11.5
      vertex 106.702 156.298 13.5
    endloop
  endfacet
  facet normal 0.446344 0.724257 0.525575
    outer loop
      vertex 108.001 152.262 11.5
      vertex 107.525 151.104 13.5
      vertex 108.087 152.209 11.5
    endloop
  endfacet
  facet normal 0.445001 0.725002 0.525686
    outer loop
      vertex 107.525 151.104 13.5
      vertex 108.001 152.262 11.5
      vertex 107.09 151.371 13.5
    endloop
  endfacet
  facet normal 0.32549 0.78594 0.525695
    outer loop
      vertex 108.285 152.127 11.5
      vertex 108.087 152.209 11.5
      vertex 107.525 151.104 13.5
    endloop
  endfacet
  facet normal -0.198804 0.827026 0.525837
    outer loop
      vertex 109.508 150.79 13.5
      vertex 109.522 152.065 11.5
      vertex 109.314 152.015 11.5
    endloop
  endfacet
  facet normal 0.0669458 -0.84798 0.525783
    outer loop
      vertex 108.734 155.679 11
      vertex 109 155.7 11
      vertex 108.492 157.21 13.5
    endloop
  endfacet
  facet normal 0.449077 -0.718523 0.531088
    outer loop
      vertex 108.228 155.515 11
      vertex 107.91 155.5 11.2486
      vertex 108.204 155.5 11
    endloop
  endfacet
  facet normal 0.445135 -0.72494 0.525659
    outer loop
      vertex 107.91 155.5 11.2486
      vertex 108.228 155.515 11
      vertex 107.09 156.629 13.5
    endloop
  endfacet
  facet normal 0.827223 -0.198467 0.525654
    outer loop
      vertex 105.79 154.508 13.5
      vertex 107.088 154.621 11.5
      vertex 105.909 155.004 13.5
    endloop
  endfacet
  facet normal 0.828085 -0.192383 0.526558
    outer loop
      vertex 107.088 154.621 11.5
      vertex 105.79 154.508 13.5
      vertex 107.065 154.522 11.5
    endloop
  endfacet
  facet normal -0.198029 -0.82725 0.525777
    outer loop
      vertex 109.525 155.617 11
      vertex 109.508 157.21 13.5
      vertex 109.266 155.679 11
    endloop
  endfacet
  facet normal 0.725002 -0.445001 0.525686
    outer loop
      vertex 106.104 155.475 13.5
      vertex 107.262 154.999 11.5
      vertex 106.371 155.91 13.5
    endloop
  endfacet
  facet normal 0.724257 -0.446344 0.525575
    outer loop
      vertex 107.262 154.999 11.5
      vertex 106.104 155.475 13.5
      vertex 107.209 154.913 11.5
    endloop
  endfacet
  facet normal 0 0 -1
    outer loop
      vertex 112.21 153.492 13.5
      vertex 110.679 153.734 13.5
      vertex 110.7 154 13.5
    endloop
  endfacet
  facet normal 0 0 -1
    outer loop
      vertex 111.298 151.702 13.5
      vertex 110.617 153.475 13.5
      vertex 110.679 153.734 13.5
    endloop
  endfacet
  facet normal 0 0 -1
    outer loop
      vertex 111.298 151.702 13.5
      vertex 110.515 153.228 13.5
      vertex 110.617 153.475 13.5
    endloop
  endfacet
  facet normal 0 0 -1
    outer loop
      vertex 109.999 152.625 13.5
      vertex 110.91 151.371 13.5
      vertex 110.475 151.104 13.5
    endloop
  endfacet
  facet normal 0 0 -1
    outer loop
      vertex 111.298 151.702 13.5
      vertex 110.375 153.001 13.5
      vertex 110.515 153.228 13.5
    endloop
  endfacet
  facet normal 0 0 -1
    outer loop
      vertex 111.298 151.702 13.5
      vertex 110.202 152.798 13.5
      vertex 110.375 153.001 13.5
    endloop
  endfacet
  facet normal 0 0 -1
    outer loop
      vertex 109.772 152.485 13.5
      vertex 110.475 151.104 13.5
      vertex 110.004 150.909 13.5
    endloop
  endfacet
  facet normal 0 0 -1
    outer loop
      vertex 110.91 151.371 13.5
      vertex 109.999 152.625 13.5
      vertex 110.202 152.798 13.5
    endloop
  endfacet
  facet normal 0 0 -1
    outer loop
      vertex 110.475 151.104 13.5
      vertex 109.772 152.485 13.5
      vertex 109.999 152.625 13.5
    endloop
  endfacet
  facet normal 0 0 -1
    outer loop
      vertex 110.004 150.909 13.5
      vertex 109.525 152.383 13.5
      vertex 109.772 152.485 13.5
    endloop
  endfacet
  facet normal 0 0 -1
    outer loop
      vertex 109.508 150.79 13.5
      vertex 109.525 152.383 13.5
      vertex 110.004 150.909 13.5
    endloop
  endfacet
  facet normal 0 0 -1
    outer loop
      vertex 109.508 150.79 13.5
      vertex 109.266 152.321 13.5
      vertex 109.525 152.383 13.5
    endloop
  endfacet
  facet normal 0 0 -1
    outer loop
      vertex 109 150.75 13.5
      vertex 109.266 152.321 13.5
      vertex 109.508 150.79 13.5
    endloop
  endfacet
  facet normal 0 0 -1
    outer loop
      vertex 109 150.75 13.5
      vertex 109 152.3 13.5
      vertex 109.266 152.321 13.5
    endloop
  endfacet
  facet normal 0 0 -1
    outer loop
      vertex 109 150.75 13.5
      vertex 108.734 152.321 13.5
      vertex 109 152.3 13.5
    endloop
  endfacet
  facet normal 0 0 -1
    outer loop
      vertex 108.492 150.79 13.5
      vertex 108.734 152.321 13.5
      vertex 109 150.75 13.5
    endloop
  endfacet
  facet normal 0 0 -1
    outer loop
      vertex 108.492 150.79 13.5
      vertex 108.475 152.383 13.5
      vertex 108.734 152.321 13.5
    endloop
  endfacet
  facet normal 0 0 -1
    outer loop
      vertex 107.996 150.909 13.5
      vertex 108.475 152.383 13.5
      vertex 108.492 150.79 13.5
    endloop
  endfacet
  facet normal -0 0 -1
    outer loop
      vertex 108.475 152.383 13.5
      vertex 107.996 150.909 13.5
      vertex 108.228 152.485 13.5
    endloop
  endfacet
  facet normal 0 0 -1
    outer loop
      vertex 107.525 151.104 13.5
      vertex 108.228 152.485 13.5
      vertex 107.996 150.909 13.5
    endloop
  endfacet
  facet normal -0 0 -1
    outer loop
      vertex 108.228 152.485 13.5
      vertex 107.525 151.104 13.5
      vertex 108.001 152.625 13.5
    endloop
  endfacet
  facet normal 0 0 -1
    outer loop
      vertex 107.09 151.371 13.5
      vertex 108.001 152.625 13.5
      vertex 107.525 151.104 13.5
    endloop
  endfacet
  facet normal -0 0 -1
    outer loop
      vertex 108.001 152.625 13.5
      vertex 107.09 151.371 13.5
      vertex 107.798 152.798 13.5
    endloop
  endfacet
  facet normal 0 0 -1
    outer loop
      vertex 106.702 151.702 13.5
      vertex 107.798 152.798 13.5
      vertex 107.09 151.371 13.5
    endloop
  endfacet
  facet normal -0 0 -1
    outer loop
      vertex 107.798 152.798 13.5
      vertex 106.702 151.702 13.5
      vertex 107.625 153.001 13.5
    endloop
  endfacet
  facet normal 0 0 -1
    outer loop
      vertex 106.371 152.09 13.5
      vertex 107.625 153.001 13.5
      vertex 106.702 151.702 13.5
    endloop
  endfacet
  facet normal -0 0 -1
    outer loop
      vertex 107.625 153.001 13.5
      vertex 106.371 152.09 13.5
      vertex 107.485 153.228 13.5
    endloop
  endfacet
  facet normal 0 0 -1
    outer loop
      vertex 106.104 152.525 13.5
      vertex 107.485 153.228 13.5
      vertex 106.371 152.09 13.5
    endloop
  endfacet
  facet normal 0 0 -1
    outer loop
      vertex 110.7 154 13.5
      vertex 112.25 154 13.5
      vertex 112.21 153.492 13.5
    endloop
  endfacet
  facet normal 0 0 -1
    outer loop
      vertex 110.679 153.734 13.5
      vertex 112.21 153.492 13.5
      vertex 112.091 152.996 13.5
    endloop
  endfacet
  facet normal 0 0 -1
    outer loop
      vertex 112.25 154 13.5
      vertex 110.7 154 13.5
      vertex 112.21 154.508 13.5
    endloop
  endfacet
  facet normal 0 0 -1
    outer loop
      vertex 110.679 154.266 13.5
      vertex 112.21 154.508 13.5
      vertex 110.7 154 13.5
    endloop
  endfacet
  facet normal 0 0 -1
    outer loop
      vertex 110.679 153.734 13.5
      vertex 112.091 152.996 13.5
      vertex 111.896 152.525 13.5
    endloop
  endfacet
  facet normal -0 0 -1
    outer loop
      vertex 112.21 154.508 13.5
      vertex 110.679 154.266 13.5
      vertex 112.091 155.004 13.5
    endloop
  endfacet
  facet normal 0 0 -1
    outer loop
      vertex 110.679 153.734 13.5
      vertex 111.896 152.525 13.5
      vertex 111.629 152.09 13.5
    endloop
  endfacet
  facet normal 0 0 -1
    outer loop
      vertex 110.679 153.734 13.5
      vertex 111.629 152.09 13.5
      vertex 111.298 151.702 13.5
    endloop
  endfacet
  facet normal 0 0 -1
    outer loop
      vertex 110.617 154.525 13.5
      vertex 112.091 155.004 13.5
      vertex 110.679 154.266 13.5
    endloop
  endfacet
  facet normal 0 0 -1
    outer loop
      vertex 110.202 152.798 13.5
      vertex 111.298 151.702 13.5
      vertex 110.91 151.371 13.5
    endloop
  endfacet
  facet normal -0 0 -1
    outer loop
      vertex 112.091 155.004 13.5
      vertex 110.617 154.525 13.5
      vertex 111.917 155.424 13.5
    endloop
  endfacet
  facet normal 0 0 -1
    outer loop
      vertex 110.515 154.772 13.5
      vertex 111.917 155.424 13.5
      vertex 110.617 154.525 13.5
    endloop
  endfacet
  facet normal -0 0 -1
    outer loop
      vertex 111.917 155.424 13.5
      vertex 110.515 154.772 13.5
      vertex 111.854 155.527 13.5
    endloop
  endfacet
  facet normal 0 0 -1
    outer loop
      vertex 110.375 154.999 13.5
      vertex 111.854 155.527 13.5
      vertex 110.515 154.772 13.5
    endloop
  endfacet
  facet normal -0 0 -1
    outer loop
      vertex 111.854 155.527 13.5
      vertex 110.375 154.999 13.5
      vertex 111.243 156.243 13.5
    endloop
  endfacet
  facet normal 0 0 -1
    outer loop
      vertex 110.202 155.202 13.5
      vertex 111.243 156.243 13.5
      vertex 110.375 154.999 13.5
    endloop
  endfacet
  facet normal 0 0 -1
    outer loop
      vertex 109.999 155.375 13.5
      vertex 111.243 156.243 13.5
      vertex 110.202 155.202 13.5
    endloop
  endfacet
  facet normal -0 0 -1
    outer loop
      vertex 111.243 156.243 13.5
      vertex 109.999 155.375 13.5
      vertex 110.527 156.854 13.5
    endloop
  endfacet
  facet normal 0 0 -1
    outer loop
      vertex 109.772 155.515 13.5
      vertex 110.527 156.854 13.5
      vertex 109.999 155.375 13.5
    endloop
  endfacet
  facet normal -0 0 -1
    outer loop
      vertex 110.527 156.854 13.5
      vertex 109.772 155.515 13.5
      vertex 110.424 156.917 13.5
    endloop
  endfacet
  facet normal 0 0 -1
    outer loop
      vertex 109.525 155.617 13.5
      vertex 110.424 156.917 13.5
      vertex 109.772 155.515 13.5
    endloop
  endfacet
  facet normal -0 0 -1
    outer loop
      vertex 110.424 156.917 13.5
      vertex 109.525 155.617 13.5
      vertex 110.004 157.091 13.5
    endloop
  endfacet
  facet normal 0 0 -1
    outer loop
      vertex 109.525 155.617 13.5
      vertex 109.508 157.21 13.5
      vertex 110.004 157.091 13.5
    endloop
  endfacet
  facet normal 0 0 -1
    outer loop
      vertex 109.266 155.679 13.5
      vertex 109.508 157.21 13.5
      vertex 109.525 155.617 13.5
    endloop
  endfacet
  facet normal 0 0 -1
    outer loop
      vertex 109 155.7 13.5
      vertex 109.508 157.21 13.5
      vertex 109.266 155.679 13.5
    endloop
  endfacet
  facet normal 0 0 -1
    outer loop
      vertex 109 155.7 13.5
      vertex 109 157.25 13.5
      vertex 109.508 157.21 13.5
    endloop
  endfacet
  facet normal 0 0 -1
    outer loop
      vertex 108.734 155.679 13.5
      vertex 109 157.25 13.5
      vertex 109 155.7 13.5
    endloop
  endfacet
  facet normal 0 0 -1
    outer loop
      vertex 108.734 155.679 13.5
      vertex 108.492 157.21 13.5
      vertex 109 157.25 13.5
    endloop
  endfacet
  facet normal 0 0 -1
    outer loop
      vertex 108.475 155.617 13.5
      vertex 108.492 157.21 13.5
      vertex 108.734 155.679 13.5
    endloop
  endfacet
  facet normal 0 0 -1
    outer loop
      vertex 107.996 157.091 13.5
      vertex 108.475 155.617 13.5
      vertex 108.228 155.515 13.5
    endloop
  endfacet
  facet normal 0 0 -1
    outer loop
      vertex 107.525 156.896 13.5
      vertex 108.228 155.515 13.5
      vertex 108.001 155.375 13.5
    endloop
  endfacet
  facet normal 0 0 -1
    outer loop
      vertex 108.475 155.617 13.5
      vertex 107.996 157.091 13.5
      vertex 108.492 157.21 13.5
    endloop
  endfacet
  facet normal 0 0 -1
    outer loop
      vertex 107.09 156.629 13.5
      vertex 108.001 155.375 13.5
      vertex 107.798 155.202 13.5
    endloop
  endfacet
  facet normal 0 0 -1
    outer loop
      vertex 106.702 156.298 13.5
      vertex 107.798 155.202 13.5
      vertex 107.625 154.999 13.5
    endloop
  endfacet
  facet normal 0 0 -1
    outer loop
      vertex 108.228 155.515 13.5
      vertex 107.525 156.896 13.5
      vertex 107.996 157.091 13.5
    endloop
  endfacet
  facet normal 0 0 -1
    outer loop
      vertex 106.371 155.91 13.5
      vertex 107.625 154.999 13.5
      vertex 107.485 154.772 13.5
    endloop
  endfacet
  facet normal 0 0 -1
    outer loop
      vertex 106.104 155.475 13.5
      vertex 107.485 154.772 13.5
      vertex 107.383 154.525 13.5
    endloop
  endfacet
  facet normal 0 0 -1
    outer loop
      vertex 105.909 155.004 13.5
      vertex 107.383 154.525 13.5
      vertex 107.321 154.266 13.5
    endloop
  endfacet
  facet normal 0 0 -1
    outer loop
      vertex 105.79 154.508 13.5
      vertex 107.321 154.266 13.5
      vertex 107.3 154 13.5
    endloop
  endfacet
  facet normal -0 0 -1
    outer loop
      vertex 107.485 153.228 13.5
      vertex 106.104 152.525 13.5
      vertex 107.383 153.475 13.5
    endloop
  endfacet
  facet normal 0 0 -1
    outer loop
      vertex 108.001 155.375 13.5
      vertex 107.09 156.629 13.5
      vertex 107.525 156.896 13.5
    endloop
  endfacet
  facet normal 0 0 -1
    outer loop
      vertex 105.909 152.996 13.5
      vertex 107.383 153.475 13.5
      vertex 106.104 152.525 13.5
    endloop
  endfacet
  facet normal 0 0 -1
    outer loop
      vertex 107.798 155.202 13.5
      vertex 106.702 156.298 13.5
      vertex 107.09 156.629 13.5
    endloop
  endfacet
  facet normal -0 0 -1
    outer loop
      vertex 107.383 153.475 13.5
      vertex 105.909 152.996 13.5
      vertex 107.321 153.734 13.5
    endloop
  endfacet
  facet normal 0 0 -1
    outer loop
      vertex 107.625 154.999 13.5
      vertex 106.371 155.91 13.5
      vertex 106.702 156.298 13.5
    endloop
  endfacet
  facet normal 0 0 -1
    outer loop
      vertex 105.79 153.492 13.5
      vertex 107.321 153.734 13.5
      vertex 105.909 152.996 13.5
    endloop
  endfacet
  facet normal 0 0 -1
    outer loop
      vertex 107.485 154.772 13.5
      vertex 106.104 155.475 13.5
      vertex 106.371 155.91 13.5
    endloop
  endfacet
  facet normal -0 0 -1
    outer loop
      vertex 107.321 153.734 13.5
      vertex 105.79 153.492 13.5
      vertex 107.3 154 13.5
    endloop
  endfacet
  facet normal 0 0 -1
    outer loop
      vertex 107.383 154.525 13.5
      vertex 105.909 155.004 13.5
      vertex 106.104 155.475 13.5
    endloop
  endfacet
  facet normal 0 0 -1
    outer loop
      vertex 105.75 154 13.5
      vertex 107.3 154 13.5
      vertex 105.79 153.492 13.5
    endloop
  endfacet
  facet normal 0 0 -1
    outer loop
      vertex 107.321 154.266 13.5
      vertex 105.79 154.508 13.5
      vertex 105.909 155.004 13.5
    endloop
  endfacet
  facet normal 0 0 -1
    outer loop
      vertex 107.3 154 13.5
      vertex 105.75 154 13.5
      vertex 105.79 154.508 13.5
    endloop
  endfacet
  facet normal 0.78594 -0.32549 0.525695
    outer loop
      vertex 107.127 154.715 11.5
      vertex 107.209 154.913 11.5
      vertex 106.104 155.475 13.5
    endloop
  endfacet
  facet normal 0.724257 0.446344 0.525575
    outer loop
      vertex 106.104 152.525 13.5
      vertex 107.262 153.001 11.5
      vertex 107.209 153.087 11.5
    endloop
  endfacet
  facet normal 0.725002 0.445001 0.525686
    outer loop
      vertex 107.262 153.001 11.5
      vertex 106.104 152.525 13.5
      vertex 106.371 152.09 13.5
    endloop
  endfacet
  facet normal 0.78594 0.32549 0.525695
    outer loop
      vertex 107.209 153.087 11.5
      vertex 107.127 153.285 11.5
      vertex 106.104 152.525 13.5
    endloop
  endfacet
  facet normal 0.324704 -0.786292 0.525654
    outer loop
      vertex 108.228 155.515 11
      vertex 108.475 155.617 11
      vertex 107.525 156.896 13.5
    endloop
  endfacet
  facet normal 0.326008 0.785763 0.525638
    outer loop
      vertex 108.285 152.127 11.5
      vertex 107.996 150.909 13.5
      vertex 108.379 152.088 11.5
    endloop
  endfacet
  facet normal 0.325406 0.785982 0.525684
    outer loop
      vertex 107.996 150.909 13.5
      vertex 108.285 152.127 11.5
      vertex 107.525 151.104 13.5
    endloop
  endfacet
  facet normal 0.724429 0.445803 0.525796
    outer loop
      vertex 107.374 152.819 11.5
      vertex 107.262 153.001 11.5
      vertex 106.371 152.09 13.5
    endloop
  endfacet
  facet normal -0.689532 -0.501478 0.522557
    outer loop
      vertex 110.421 155.421 11.5
      vertex 111.251 156.232 13.3735
      vertex 111.243 156.243 13.3735
    endloop
  endfacet
  facet normal -0.645343 -0.554153 0.525782
    outer loop
      vertex 110.5 155.329 11.5
      vertex 111.251 156.232 13.3735
      vertex 110.421 155.421 11.5
    endloop
  endfacet
  facet normal -0.64574 -0.553732 0.525738
    outer loop
      vertex 111.251 156.232 13.3735
      vertex 110.5 155.329 11.5
      vertex 110.5 155.175 11.3378
    endloop
  endfacet
  facet normal -0.64627 -0.553193 0.525654
    outer loop
      vertex 110.5 155.175 11.3378
      vertex 111.566 155.864 13.3735
      vertex 111.251 156.232 13.3735
    endloop
  endfacet
  facet normal -0.647418 -0.551744 0.525765
    outer loop
      vertex 111.566 155.864 13.3735
      vertex 110.5 155.175 11.3378
      vertex 110.5 155.09 11.2486
    endloop
  endfacet
  facet normal 0.192383 0.828085 0.526558
    outer loop
      vertex 108.379 152.088 11.5
      vertex 108.492 150.79 13.5
      vertex 108.478 152.065 11.5
    endloop
  endfacet
  facet normal 0.198467 0.827223 0.525654
    outer loop
      vertex 108.492 150.79 13.5
      vertex 108.379 152.088 11.5
      vertex 107.996 150.909 13.5
    endloop
  endfacet
  facet normal -0.698123 -0.488893 0.523075
    outer loop
      vertex 110.515 154.772 11
      vertex 111.889 155.47 13.4862
      vertex 111.888 155.471 13.4858
    endloop
  endfacet
  facet normal -0.786271 -0.324695 0.525691
    outer loop
      vertex 111.889 155.47 13.4862
      vertex 110.515 154.772 11
      vertex 110.617 154.525 11
    endloop
  endfacet
  facet normal -0.198456 -0.827179 0.525729
    outer loop
      vertex 109.525 155.617 11
      vertex 110.004 157.091 13.5
      vertex 109.508 157.21 13.5
    endloop
  endfacet
  facet normal 0.785982 -0.325406 0.525684
    outer loop
      vertex 105.909 155.004 13.5
      vertex 107.127 154.715 11.5
      vertex 106.104 155.475 13.5
    endloop
  endfacet
  facet normal 0.785763 -0.326008 0.525638
    outer loop
      vertex 107.127 154.715 11.5
      vertex 105.909 155.004 13.5
      vertex 107.088 154.621 11.5
    endloop
  endfacet
  facet normal -0.720339 -0.437349 0.538366
    outer loop
      vertex 111.574 155.854 13.3768
      vertex 111.888 155.471 13.4858
      vertex 111.854 155.527 13.4858
    endloop
  endfacet
  facet normal -0.725119 -0.444897 0.525614
    outer loop
      vertex 111.888 155.471 13.4858
      vertex 111.574 155.854 13.3768
      vertex 110.515 154.772 11
    endloop
  endfacet
  facet normal -0.328387 -0.792658 0.513669
    outer loop
      vertex 110.004 157.091 13.5
      vertex 110.47 156.889 13.4862
      vertex 110.424 156.917 13.5
    endloop
  endfacet
  facet normal -0.32516 -0.78604 0.52575
    outer loop
      vertex 110.47 156.889 13.4862
      vertex 110.004 157.091 13.5
      vertex 109.525 155.617 11
    endloop
  endfacet
  facet normal 0.554096 -0.645276 0.525925
    outer loop
      vertex 107.671 155.5 11.5
      vertex 106.702 156.298 13.5
      vertex 107.579 155.421 11.5
    endloop
  endfacet
  facet normal 0.553907 -0.645455 0.525904
    outer loop
      vertex 106.702 156.298 13.5
      vertex 107.671 155.5 11.5
      vertex 107.825 155.5 11.3378
    endloop
  endfacet
  facet normal -0.827179 -0.198456 0.525729
    outer loop
      vertex 112.21 154.508 13.5
      vertex 112.091 155.004 13.5
      vertex 110.617 154.525 11
    endloop
  endfacet
  facet normal -0.82725 -0.198029 0.525777
    outer loop
      vertex 110.679 154.266 11
      vertex 112.21 154.508 13.5
      vertex 110.617 154.525 11
    endloop
  endfacet
  facet normal 0 1 -0
    outer loop
      vertex 107 158 0
      vertex 6 158 14
      vertex 107 158 14
    endloop
  endfacet
  facet normal 0 1 0
    outer loop
      vertex 6 158 14
      vertex 107 158 0
      vertex 6 158 0
    endloop
  endfacet
  facet normal -0.972341 0.233564 0
    outer loop
      vertex 0.0738697 152.939 0
      vertex 0.29366 153.854 14
      vertex 0.29366 153.854 0
    endloop
  endfacet
  facet normal -0.972341 0.233564 0
    outer loop
      vertex 0.29366 153.854 14
      vertex 0.0738697 152.939 0
      vertex 0.0738697 152.939 14
    endloop
  endfacet
  facet normal 0.0785637 0.996909 -0
    outer loop
      vertex 107.939 157.926 0
      vertex 107 158 14
      vertex 107.939 157.926 14
    endloop
  endfacet
  facet normal 0.0785637 0.996909 0
    outer loop
      vertex 107 158 14
      vertex 107.939 157.926 0
      vertex 107 158 0
    endloop
  endfacet
  facet normal -1 0 0
    outer loop
      vertex 0 6 0
      vertex 0 152 14
      vertex 0 152 0
    endloop
  endfacet
  facet normal -1 -0 0
    outer loop
      vertex 0 152 14
      vertex 0 6 0
      vertex 0 6 14
    endloop
  endfacet
  facet normal -0.0785961 0.996907 0
    outer loop
      vertex 6 158 0
      vertex 5.06139 157.926 14
      vertex 6 158 14
    endloop
  endfacet
  facet normal -0.0785961 0.996907 0
    outer loop
      vertex 5.06139 157.926 14
      vertex 6 158 0
      vertex 5.06139 157.926 0
    endloop
  endfacet
  facet normal 0.522391 -0.852706 -1.81585e-05
    outer loop
      vertex 109.724 0.65396 14
      vertex 110.424 1.08281 13.5
      vertex 110.527 1.1459 14
    endloop
  endfacet
  facet normal 0.0910484 -0.549636 -0.830428
    outer loop
      vertex 110.424 1.08281 13.5
      vertex 110.471 1.11205 13.4858
      vertex 110.47 1.11128 13.4862
    endloop
  endfacet
  facet normal 0.522401 -0.8527 0
    outer loop
      vertex 109.724 0.65396 0
      vertex 110.424 1.08281 13.5
      vertex 109.724 0.65396 14
    endloop
  endfacet
  facet normal 0.528154 -0.849148 -0.000411174
    outer loop
      vertex 109.724 0.65396 0
      vertex 110.471 1.11205 13.4858
      vertex 110.424 1.08281 13.5
    endloop
  endfacet
  facet normal 0.522391 -0.852706 2.89054e-05
    outer loop
      vertex 110.527 1.1459 0
      vertex 110.471 1.11205 13.4858
      vertex 109.724 0.65396 0
    endloop
  endfacet
  facet normal 0.517302 -0.855803 0
    outer loop
      vertex 110.471 1.11205 13.4858
      vertex 110.527 1.1459 0
      vertex 110.527 1.1459 13.4858
    endloop
  endfacet
  facet normal 0.522327 -0.852745 0
    outer loop
      vertex 110.527 1.1459 14
      vertex 110.424 1.08281 13.5
      vertex 110.527 1.1459 13.5
    endloop
  endfacet
  facet normal 1 -0 0
    outer loop
      vertex 113 6 14
      vertex 113 152 0
      vertex 113 152 14
    endloop
  endfacet
  facet normal 1 0 0
    outer loop
      vertex 113 152 0
      vertex 113 6 14
      vertex 113 6 0
    endloop
  endfacet
  facet normal -0.923904 0.382624 0
    outer loop
      vertex 0.29366 153.854 0
      vertex 0.65396 154.724 14
      vertex 0.65396 154.724 0
    endloop
  endfacet
  facet normal -0.923904 0.382624 0
    outer loop
      vertex 0.65396 154.724 14
      vertex 0.29366 153.854 0
      vertex 0.29366 153.854 14
    endloop
  endfacet
  facet normal 0.923992 -0.382412 0
    outer loop
      vertex 112.346 3.27606 14
      vertex 112.706 4.1459 0
      vertex 112.706 4.1459 14
    endloop
  endfacet
  facet normal 0.923992 -0.382412 0
    outer loop
      vertex 112.706 4.1459 0
      vertex 112.346 3.27606 14
      vertex 112.346 3.27606 0
    endloop
  endfacet
  facet normal 0.760648 -0.649164 0
    outer loop
      vertex 111.243 1.75736 14
      vertex 111.854 2.47329 13.5
      vertex 111.854 2.47329 14
    endloop
  endfacet
  facet normal 0.760648 -0.649164 0
    outer loop
      vertex 111.854 2.47329 13.5
      vertex 111.243 1.75736 14
      vertex 111.243 1.75736 13.5
    endloop
  endfacet
  facet normal 0.760075 -0.649835 0
    outer loop
      vertex 111.574 2.14579 13.3768
      vertex 111.854 2.47329 0
      vertex 111.854 2.47329 13.4858
    endloop
  endfacet
  facet normal 0.780398 -0.625282 0.00102651
    outer loop
      vertex 111.566 2.1358 13.3735
      vertex 111.854 2.47329 0
      vertex 111.574 2.14579 13.3768
    endloop
  endfacet
  facet normal 0.759851 -0.650098 4.42066e-05
    outer loop
      vertex 111.243 1.75736 0
      vertex 111.566 2.1358 13.3735
      vertex 111.251 1.76762 13.3735
    endloop
  endfacet
  facet normal 0.788607 -0.614898 0
    outer loop
      vertex 111.243 1.75736 0
      vertex 111.251 1.76762 13.3735
      vertex 111.243 1.75736 13.3735
    endloop
  endfacet
  facet normal 0.760648 -0.649164 -1.47371e-06
    outer loop
      vertex 111.566 2.1358 13.3735
      vertex 111.243 1.75736 0
      vertex 111.854 2.47329 0
    endloop
  endfacet
  facet normal 0 -1 0
    outer loop
      vertex 6 0 0
      vertex 107 0 14
      vertex 6 0 14
    endloop
  endfacet
  facet normal 0 -1 -0
    outer loop
      vertex 107 0 14
      vertex 6 0 0
      vertex 107 0 0
    endloop
  endfacet
  facet normal -0.97237 -0.233446 0
    outer loop
      vertex 0.29366 4.1459 0
      vertex 0.0738697 5.06139 14
      vertex 0.0738697 5.06139 0
    endloop
  endfacet
  facet normal -0.97237 -0.233446 0
    outer loop
      vertex 0.0738697 5.06139 14
      vertex 0.29366 4.1459 0
      vertex 0.29366 4.1459 14
    endloop
  endfacet
  facet normal 0.808736 0.588172 0
    outer loop
      vertex 111.251 156.232 13.3735
      vertex 111.243 156.243 0
      vertex 111.243 156.243 13.3735
    endloop
  endfacet
  facet normal 0.759694 0.650281 8.04236e-05
    outer loop
      vertex 111.566 155.864 13.3735
      vertex 111.243 156.243 0
      vertex 111.251 156.232 13.3735
    endloop
  endfacet
  facet normal 0.780697 0.624909 0.00106527
    outer loop
      vertex 111.854 155.527 0
      vertex 111.566 155.864 13.3735
      vertex 111.574 155.854 13.3768
    endloop
  endfacet
  facet normal 0.759584 0.650409 -0
    outer loop
      vertex 111.854 155.527 0
      vertex 111.574 155.854 13.3768
      vertex 111.854 155.527 13.4858
    endloop
  endfacet
  facet normal 0.76068 0.649127 2.39117e-05
    outer loop
      vertex 111.566 155.864 13.3735
      vertex 111.854 155.527 0
      vertex 111.243 156.243 0
    endloop
  endfacet
  facet normal 0.76068 0.649127 0
    outer loop
      vertex 111.854 155.527 14
      vertex 111.243 156.243 13.5
      vertex 111.243 156.243 14
    endloop
  endfacet
  facet normal 0.76068 0.649127 0
    outer loop
      vertex 111.243 156.243 13.5
      vertex 111.854 155.527 14
      vertex 111.854 155.527 13.5
    endloop
  endfacet
  facet normal 0.0784262 -0.99692 0
    outer loop
      vertex 107 0 0
      vertex 107.939 0.0738697 14
      vertex 107 0 14
    endloop
  endfacet
  facet normal 0.0784262 -0.99692 0
    outer loop
      vertex 107.939 0.0738697 14
      vertex 107 0 0
      vertex 107.939 0.0738697 0
    endloop
  endfacet
  facet normal 0.972319 -0.233657 0
    outer loop
      vertex 112.706 4.1459 14
      vertex 112.926 5.06139 0
      vertex 112.926 5.06139 14
    endloop
  endfacet
  facet normal 0.972319 -0.233657 0
    outer loop
      vertex 112.926 5.06139 0
      vertex 112.706 4.1459 14
      vertex 112.706 4.1459 0
    endloop
  endfacet
  facet normal 0.996907 -0.0785961 0
    outer loop
      vertex 112.926 5.06139 14
      vertex 113 6 0
      vertex 113 6 14
    endloop
  endfacet
  facet normal 0.996907 -0.0785961 0
    outer loop
      vertex 113 6 0
      vertex 112.926 5.06139 14
      vertex 112.926 5.06139 0
    endloop
  endfacet
  facet normal -0.382412 0.923992 0
    outer loop
      vertex 4.1459 157.706 0
      vertex 3.27606 157.346 14
      vertex 4.1459 157.706 14
    endloop
  endfacet
  facet normal -0.382412 0.923992 0
    outer loop
      vertex 3.27606 157.346 14
      vertex 4.1459 157.706 0
      vertex 3.27606 157.346 0
    endloop
  endfacet
  facet normal -0 0 1
    outer loop
      vertex 5.51471 153.228 14
      vertex 18.5 127 14
      vertex 5.6168 153.475 14
    endloop
  endfacet
  facet normal 0 0 1
    outer loop
      vertex 18.5 101 14
      vertex 5.67907 4.26594 14
      vertex 5.7 4 14
    endloop
  endfacet
  facet normal -0 0 1
    outer loop
      vertex 5.37533 153.001 14
      vertex 18.5 127 14
      vertex 5.51471 153.228 14
    endloop
  endfacet
  facet normal 0 0 1
    outer loop
      vertex 18.5 101 14
      vertex 5.6168 4.52533 14
      vertex 5.67907 4.26594 14
    endloop
  endfacet
  facet normal -0 0 1
    outer loop
      vertex 5.20208 152.798 14
      vertex 18.5 127 14
      vertex 5.37533 153.001 14
    endloop
  endfacet
  facet normal 0 0 1
    outer loop
      vertex 18.5 101 14
      vertex 5.51471 4.77178 14
      vertex 5.6168 4.52533 14
    endloop
  endfacet
  facet normal -0 0 1
    outer loop
      vertex 4.99923 152.625 14
      vertex 18.5 127 14
      vertex 5.20208 152.798 14
    endloop
  endfacet
  facet normal 0 0 1
    outer loop
      vertex 18.5 101 14
      vertex 5.37533 4.99923 14
      vertex 5.51471 4.77178 14
    endloop
  endfacet
  facet normal -0 0 1
    outer loop
      vertex 4.77178 152.485 14
      vertex 18.5 127 14
      vertex 4.99923 152.625 14
    endloop
  endfacet
  facet normal 0 0 1
    outer loop
      vertex 18.5 101 14
      vertex 5.20208 5.20208 14
      vertex 5.37533 4.99923 14
    endloop
  endfacet
  facet normal -0 0 1
    outer loop
      vertex 4.52533 152.383 14
      vertex 18.5 127 14
      vertex 4.77178 152.485 14
    endloop
  endfacet
  facet normal 0 0 1
    outer loop
      vertex 18.5 101 14
      vertex 4.99923 5.37533 14
      vertex 5.20208 5.20208 14
    endloop
  endfacet
  facet normal -0 0 1
    outer loop
      vertex 4.26594 152.321 14
      vertex 18.5 127 14
      vertex 4.52533 152.383 14
    endloop
  endfacet
  facet normal 0 0 1
    outer loop
      vertex 18.5 101 14
      vertex 4.77178 5.51471 14
      vertex 4.99923 5.37533 14
    endloop
  endfacet
  facet normal -0 0 1
    outer loop
      vertex 4 152.3 14
      vertex 18.5 127 14
      vertex 4.26594 152.321 14
    endloop
  endfacet
  facet normal 0 0 1
    outer loop
      vertex 18.5 101 14
      vertex 4.52533 5.6168 14
      vertex 4.77178 5.51471 14
    endloop
  endfacet
  facet normal -0 0 1
    outer loop
      vertex 0 152 14
      vertex 18.5 127 14
      vertex 4 152.3 14
    endloop
  endfacet
  facet normal 0 0 1
    outer loop
      vertex 18.5 101 14
      vertex 4.26594 5.67907 14
      vertex 4.52533 5.6168 14
    endloop
  endfacet
  facet normal 0 0 1
    outer loop
      vertex 18.5 127 14
      vertex 0 152 14
      vertex 18.5 101 14
    endloop
  endfacet
  facet normal 0 0 1
    outer loop
      vertex 18.5 101 14
      vertex 4 5.7 14
      vertex 4.26594 5.67907 14
    endloop
  endfacet
  facet normal 0 0 1
    outer loop
      vertex 0 152 14
      vertex 4 152.3 14
      vertex 3.73406 152.321 14
    endloop
  endfacet
  facet normal 0 0 1
    outer loop
      vertex 0 6 14
      vertex 18.5 101 14
      vertex 0 152 14
    endloop
  endfacet
  facet normal 0 0 1
    outer loop
      vertex 0 152 14
      vertex 3.73406 152.321 14
      vertex 3.47467 152.383 14
    endloop
  endfacet
  facet normal 0 0 1
    outer loop
      vertex 18.5 101 14
      vertex 0 6 14
      vertex 4 5.7 14
    endloop
  endfacet
  facet normal 0 0 1
    outer loop
      vertex 0 152 14
      vertex 3.47467 152.383 14
      vertex 3.22822 152.485 14
    endloop
  endfacet
  facet normal 0 0 1
    outer loop
      vertex 4 5.7 14
      vertex 0 6 14
      vertex 3.73406 5.67907 14
    endloop
  endfacet
  facet normal 0 0 1
    outer loop
      vertex 0 152 14
      vertex 3.22822 152.485 14
      vertex 3.00077 152.625 14
    endloop
  endfacet
  facet normal 0 0 1
    outer loop
      vertex 3.73406 5.67907 14
      vertex 0 6 14
      vertex 3.47467 5.6168 14
    endloop
  endfacet
  facet normal 0 0 1
    outer loop
      vertex 0 152 14
      vertex 3.00077 152.625 14
      vertex 2.79792 152.798 14
    endloop
  endfacet
  facet normal 0 0 1
    outer loop
      vertex 3.47467 5.6168 14
      vertex 0 6 14
      vertex 3.22822 5.51471 14
    endloop
  endfacet
  facet normal 0 0 1
    outer loop
      vertex 0 152 14
      vertex 2.79792 152.798 14
      vertex 2.62467 153.001 14
    endloop
  endfacet
  facet normal 0 0 1
    outer loop
      vertex 3.22822 5.51471 14
      vertex 0 6 14
      vertex 3.00077 5.37533 14
    endloop
  endfacet
  facet normal 0 0 1
    outer loop
      vertex 0 152 14
      vertex 2.62467 153.001 14
      vertex 2.48529 153.228 14
    endloop
  endfacet
  facet normal 0 0 1
    outer loop
      vertex 3.00077 5.37533 14
      vertex 0 6 14
      vertex 2.79792 5.20208 14
    endloop
  endfacet
  facet normal 0 0 1
    outer loop
      vertex 0 152 14
      vertex 2.48529 153.228 14
      vertex 2.3832 153.475 14
    endloop
  endfacet
  facet normal 0 0 1
    outer loop
      vertex 2.79792 5.20208 14
      vertex 0 6 14
      vertex 2.62467 4.99923 14
    endloop
  endfacet
  facet normal 0 0 1
    outer loop
      vertex 0 152 14
      vertex 2.3832 153.475 14
      vertex 2.32093 153.734 14
    endloop
  endfacet
  facet normal -0 -0 1
    outer loop
      vertex 0.0738697 5.06139 14
      vertex 2.62467 4.99923 14
      vertex 0 6 14
    endloop
  endfacet
  facet normal 0 0 1
    outer loop
      vertex 0 152 14
      vertex 2.32093 153.734 14
      vertex 2.3 154 14
    endloop
  endfacet
  facet normal 0 0 1
    outer loop
      vertex 2.62467 4.99923 14
      vertex 0.0738697 5.06139 14
      vertex 2.48529 4.77178 14
    endloop
  endfacet
  facet normal 0 0 1
    outer loop
      vertex 52.045 16.73 14
      vertex 5.7 4 14
      vertex 6 0 14
    endloop
  endfacet
  facet normal -0 0 1
    outer loop
      vertex 5.67907 3.73406 14
      vertex 6 0 14
      vertex 5.7 4 14
    endloop
  endfacet
  facet normal -0 0 1
    outer loop
      vertex 5.6168 3.47467 14
      vertex 6 0 14
      vertex 5.67907 3.73406 14
    endloop
  endfacet
  facet normal -0 0 1
    outer loop
      vertex 5.51471 3.22822 14
      vertex 6 0 14
      vertex 5.6168 3.47467 14
    endloop
  endfacet
  facet normal -0 0 1
    outer loop
      vertex 5.37533 3.00077 14
      vertex 6 0 14
      vertex 5.51471 3.22822 14
    endloop
  endfacet
  facet normal -0 0 1
    outer loop
      vertex 5.20208 2.79792 14
      vertex 6 0 14
      vertex 5.37533 3.00077 14
    endloop
  endfacet
  facet normal -0 0 1
    outer loop
      vertex 4.99923 2.62467 14
      vertex 6 0 14
      vertex 5.20208 2.79792 14
    endloop
  endfacet
  facet normal 0 0 1
    outer loop
      vertex 6 0 14
      vertex 4.99923 2.62467 14
      vertex 5.06139 0.0738697 14
    endloop
  endfacet
  facet normal -0 0 1
    outer loop
      vertex 4.77178 2.48529 14
      vertex 5.06139 0.0738697 14
      vertex 4.99923 2.62467 14
    endloop
  endfacet
  facet normal -0 0 1
    outer loop
      vertex 4.52533 2.3832 14
      vertex 5.06139 0.0738697 14
      vertex 4.77178 2.48529 14
    endloop
  endfacet
  facet normal 0 0 1
    outer loop
      vertex 4.1459 0.29366 14
      vertex 4.52533 2.3832 14
      vertex 4.26594 2.32093 14
    endloop
  endfacet
  facet normal 0 0 1
    outer loop
      vertex 4.52533 2.3832 14
      vertex 4.1459 0.29366 14
      vertex 5.06139 0.0738697 14
    endloop
  endfacet
  facet normal -0 0 1
    outer loop
      vertex 4 2.3 14
      vertex 4.1459 0.29366 14
      vertex 4.26594 2.32093 14
    endloop
  endfacet
  facet normal 0 0 1
    outer loop
      vertex 3.27606 0.65396 14
      vertex 4 2.3 14
      vertex 3.73406 2.32093 14
    endloop
  endfacet
  facet normal 0 0 1
    outer loop
      vertex 3.27606 0.65396 14
      vertex 3.73406 2.32093 14
      vertex 3.47467 2.3832 14
    endloop
  endfacet
  facet normal 0 0 1
    outer loop
      vertex 4 2.3 14
      vertex 3.27606 0.65396 14
      vertex 4.1459 0.29366 14
    endloop
  endfacet
  facet normal 0 0 1
    outer loop
      vertex 2.47329 1.1459 14
      vertex 3.47467 2.3832 14
      vertex 3.22822 2.48529 14
    endloop
  endfacet
  facet normal 0 0 1
    outer loop
      vertex 2.47329 1.1459 14
      vertex 3.22822 2.48529 14
      vertex 3.00077 2.62467 14
    endloop
  endfacet
  facet normal 0 0 1
    outer loop
      vertex 1.75736 1.75736 14
      vertex 3.00077 2.62467 14
      vertex 2.79792 2.79792 14
    endloop
  endfacet
  facet normal 0 0 1
    outer loop
      vertex 1.75736 1.75736 14
      vertex 2.79792 2.79792 14
      vertex 2.62467 3.00077 14
    endloop
  endfacet
  facet normal 0 0 1
    outer loop
      vertex 1.1459 2.47329 14
      vertex 2.62467 3.00077 14
      vertex 2.48529 3.22822 14
    endloop
  endfacet
  facet normal 0 0 1
    outer loop
      vertex 3.47467 2.3832 14
      vertex 2.47329 1.1459 14
      vertex 3.27606 0.65396 14
    endloop
  endfacet
  facet normal 0 0 1
    outer loop
      vertex 1.1459 2.47329 14
      vertex 2.48529 3.22822 14
      vertex 2.3832 3.47467 14
    endloop
  endfacet
  facet normal 0 0 1
    outer loop
      vertex 0.65396 3.27606 14
      vertex 2.3832 3.47467 14
      vertex 2.32093 3.73406 14
    endloop
  endfacet
  facet normal 0 0 1
    outer loop
      vertex 0.65396 3.27606 14
      vertex 2.32093 3.73406 14
      vertex 2.3 4 14
    endloop
  endfacet
  facet normal 0 0 1
    outer loop
      vertex 3.00077 2.62467 14
      vertex 1.75736 1.75736 14
      vertex 2.47329 1.1459 14
    endloop
  endfacet
  facet normal 0 0 1
    outer loop
      vertex 2.48529 4.77178 14
      vertex 0.0738697 5.06139 14
      vertex 2.3832 4.52533 14
    endloop
  endfacet
  facet normal 0 0 1
    outer loop
      vertex 0 152 14
      vertex 1.75736 156.243 14
      vertex 1.1459 155.527 14
    endloop
  endfacet
  facet normal 0 -0 1
    outer loop
      vertex 0.29366 4.1459 14
      vertex 2.3832 4.52533 14
      vertex 0.0738697 5.06139 14
    endloop
  endfacet
  facet normal 0 0 1
    outer loop
      vertex 0 152 14
      vertex 1.1459 155.527 14
      vertex 0.65396 154.724 14
    endloop
  endfacet
  facet normal 0 0 1
    outer loop
      vertex 2.3832 4.52533 14
      vertex 0.29366 4.1459 14
      vertex 2.32093 4.26594 14
    endloop
  endfacet
  facet normal 0 0 1
    outer loop
      vertex 0 152 14
      vertex 0.65396 154.724 14
      vertex 0.29366 153.854 14
    endloop
  endfacet
  facet normal 0 0 1
    outer loop
      vertex 2.62467 3.00077 14
      vertex 1.1459 2.47329 14
      vertex 1.75736 1.75736 14
    endloop
  endfacet
  facet normal 0 0 1
    outer loop
      vertex 0 152 14
      vertex 0.29366 153.854 14
      vertex 0.0738697 152.939 14
    endloop
  endfacet
  facet normal 0 0 1
    outer loop
      vertex 2.3832 3.47467 14
      vertex 0.65396 3.27606 14
      vertex 1.1459 2.47329 14
    endloop
  endfacet
  facet normal 0 0 1
    outer loop
      vertex 2.3 4 14
      vertex 0.29366 4.1459 14
      vertex 0.65396 3.27606 14
    endloop
  endfacet
  facet normal 0 0 1
    outer loop
      vertex 2.32093 4.26594 14
      vertex 0.29366 4.1459 14
      vertex 2.3 4 14
    endloop
  endfacet
  facet normal 0 0 1
    outer loop
      vertex 60.955 31.73 14
      vertex 67.045 31.73 14
      vertex 61.2553 32.4549 14
    endloop
  endfacet
  facet normal 0 0 1
    outer loop
      vertex 67.4549 31.0611 14
      vertex 61.4384 19.7822 14
      vertex 61.5 19 14
    endloop
  endfacet
  facet normal 0 0 1
    outer loop
      vertex 67.045 31.73 14
      vertex 60.955 31.73 14
      vertex 67.4549 31.0611 14
    endloop
  endfacet
  facet normal 0 0 1
    outer loop
      vertex 67.4549 31.0611 14
      vertex 61.2553 20.5451 14
      vertex 61.4384 19.7822 14
    endloop
  endfacet
  facet normal 0 0 1
    outer loop
      vertex 60.5451 31.0611 14
      vertex 67.4549 31.0611 14
      vertex 60.955 31.73 14
    endloop
  endfacet
  facet normal 0 0 1
    outer loop
      vertex 67.4549 31.0611 14
      vertex 60.955 21.27 14
      vertex 61.2553 20.5451 14
    endloop
  endfacet
  facet normal 0 0 1
    outer loop
      vertex 60.0355 30.4645 14
      vertex 67.4549 31.0611 14
      vertex 60.5451 31.0611 14
    endloop
  endfacet
  facet normal 0 0 1
    outer loop
      vertex 67.4549 31.0611 14
      vertex 60.5451 21.9389 14
      vertex 60.955 21.27 14
    endloop
  endfacet
  facet normal 0 0 1
    outer loop
      vertex 60.0355 22.5355 14
      vertex 67.4549 31.0611 14
      vertex 60.0355 30.4645 14
    endloop
  endfacet
  facet normal 0 0 1
    outer loop
      vertex 67.4549 31.0611 14
      vertex 60.0355 22.5355 14
      vertex 60.5451 21.9389 14
    endloop
  endfacet
  facet normal -0 0 1
    outer loop
      vertex 59.4389 29.9549 14
      vertex 60.0355 22.5355 14
      vertex 60.0355 30.4645 14
    endloop
  endfacet
  facet normal 0 0 1
    outer loop
      vertex 59.4389 29.9549 14
      vertex 59.4389 23.0451 14
      vertex 60.0355 22.5355 14
    endloop
  endfacet
  facet normal -0 0 1
    outer loop
      vertex 58.77 29.545 14
      vertex 59.4389 23.0451 14
      vertex 59.4389 29.9549 14
    endloop
  endfacet
  facet normal 0 0 1
    outer loop
      vertex 58.77 29.545 14
      vertex 58.77 23.455 14
      vertex 59.4389 23.0451 14
    endloop
  endfacet
  facet normal -0 0 1
    outer loop
      vertex 58.0451 29.2447 14
      vertex 58.77 23.455 14
      vertex 58.77 29.545 14
    endloop
  endfacet
  facet normal 0 0 1
    outer loop
      vertex 58.0451 29.2447 14
      vertex 58.0451 23.7553 14
      vertex 58.77 23.455 14
    endloop
  endfacet
  facet normal -0 0 1
    outer loop
      vertex 57.2822 29.0616 14
      vertex 58.0451 23.7553 14
      vertex 58.0451 29.2447 14
    endloop
  endfacet
  facet normal 0 0 1
    outer loop
      vertex 57.2822 29.0616 14
      vertex 57.2822 23.9384 14
      vertex 58.0451 23.7553 14
    endloop
  endfacet
  facet normal -0 0 1
    outer loop
      vertex 56.5 29 14
      vertex 57.2822 23.9384 14
      vertex 57.2822 29.0616 14
    endloop
  endfacet
  facet normal 0 0 1
    outer loop
      vertex 56.5 29 14
      vertex 56.5 24 14
      vertex 57.2822 23.9384 14
    endloop
  endfacet
  facet normal 0 0 1
    outer loop
      vertex 55.7178 29.0616 14
      vertex 56.5 24 14
      vertex 56.5 29 14
    endloop
  endfacet
  facet normal 0 0 1
    outer loop
      vertex 55.7178 29.0616 14
      vertex 55.7178 23.9384 14
      vertex 56.5 24 14
    endloop
  endfacet
  facet normal 0 0 1
    outer loop
      vertex 54.9549 29.2447 14
      vertex 55.7178 23.9384 14
      vertex 55.7178 29.0616 14
    endloop
  endfacet
  facet normal 0 0 1
    outer loop
      vertex 54.9549 29.2447 14
      vertex 54.9549 23.7553 14
      vertex 55.7178 23.9384 14
    endloop
  endfacet
  facet normal 0 0 1
    outer loop
      vertex 54.23 29.545 14
      vertex 54.9549 23.7553 14
      vertex 54.9549 29.2447 14
    endloop
  endfacet
  facet normal 0 0 1
    outer loop
      vertex 54.23 29.545 14
      vertex 54.23 23.455 14
      vertex 54.9549 23.7553 14
    endloop
  endfacet
  facet normal 0 0 1
    outer loop
      vertex 53.5611 29.9549 14
      vertex 54.23 23.455 14
      vertex 54.23 29.545 14
    endloop
  endfacet
  facet normal 0 0 1
    outer loop
      vertex 53.5611 29.9549 14
      vertex 53.5611 23.0451 14
      vertex 54.23 23.455 14
    endloop
  endfacet
  facet normal 0 0 1
    outer loop
      vertex 52.9645 30.4645 14
      vertex 53.5611 23.0451 14
      vertex 53.5611 29.9549 14
    endloop
  endfacet
  facet normal 0 0 1
    outer loop
      vertex 52.9645 30.4645 14
      vertex 52.9645 22.5355 14
      vertex 53.5611 23.0451 14
    endloop
  endfacet
  facet normal 0 0 1
    outer loop
      vertex 45.0355 30.4645 14
      vertex 52.9645 30.4645 14
      vertex 52.4549 31.0611 14
    endloop
  endfacet
  facet normal 0 0 1
    outer loop
      vertex 52.9645 30.4645 14
      vertex 45.0355 30.4645 14
      vertex 52.9645 22.5355 14
    endloop
  endfacet
  facet normal 0 0 1
    outer loop
      vertex 45.5451 31.0611 14
      vertex 52.4549 31.0611 14
      vertex 52.045 31.73 14
    endloop
  endfacet
  facet normal 0 0 1
    outer loop
      vertex 52.9645 22.5355 14
      vertex 45.0355 30.4645 14
      vertex 52.4549 21.9389 14
    endloop
  endfacet
  facet normal 0 0 1
    outer loop
      vertex 45.955 31.73 14
      vertex 52.045 31.73 14
      vertex 51.7447 32.4549 14
    endloop
  endfacet
  facet normal -0 0 1
    outer loop
      vertex 44.4389 29.9549 14
      vertex 52.4549 21.9389 14
      vertex 45.0355 30.4645 14
    endloop
  endfacet
  facet normal 0 0 1
    outer loop
      vertex 46.2553 32.4549 14
      vertex 51.7447 32.4549 14
      vertex 51.5616 33.2178 14
    endloop
  endfacet
  facet normal 0 0 1
    outer loop
      vertex 52.4549 31.0611 14
      vertex 45.5451 31.0611 14
      vertex 45.0355 30.4645 14
    endloop
  endfacet
  facet normal 0 0 1
    outer loop
      vertex 46.4384 33.2178 14
      vertex 51.5616 33.2178 14
      vertex 51.5 34 14
    endloop
  endfacet
  facet normal 0 0 1
    outer loop
      vertex 52.4549 21.9389 14
      vertex 44.4389 29.9549 14
      vertex 52.045 21.27 14
    endloop
  endfacet
  facet normal -0 0 1
    outer loop
      vertex 60.5451 46.0611 14
      vertex 68.5611 38.0451 14
      vertex 60.955 46.73 14
    endloop
  endfacet
  facet normal 0 0 1
    outer loop
      vertex 67.4549 36.9389 14
      vertex 61.4384 34.7822 14
      vertex 61.5 34 14
    endloop
  endfacet
  facet normal 0 0 1
    outer loop
      vertex 68.5611 38.0451 14
      vertex 60.5451 46.0611 14
      vertex 67.9645 37.5355 14
    endloop
  endfacet
  facet normal 0 0 1
    outer loop
      vertex 67.4549 36.9389 14
      vertex 61.2553 35.5451 14
      vertex 61.4384 34.7822 14
    endloop
  endfacet
  facet normal -0 0 1
    outer loop
      vertex 60.0355 45.4645 14
      vertex 67.9645 37.5355 14
      vertex 60.5451 46.0611 14
    endloop
  endfacet
  facet normal 0 0 1
    outer loop
      vertex 67.4549 36.9389 14
      vertex 60.955 36.27 14
      vertex 61.2553 35.5451 14
    endloop
  endfacet
  facet normal 0 0 1
    outer loop
      vertex 60.0355 37.5355 14
      vertex 67.9645 37.5355 14
      vertex 60.0355 45.4645 14
    endloop
  endfacet
  facet normal 0 0 1
    outer loop
      vertex 67.4549 36.9389 14
      vertex 60.5451 36.9389 14
      vertex 60.955 36.27 14
    endloop
  endfacet
  facet normal 0 0 1
    outer loop
      vertex 67.9645 37.5355 14
      vertex 60.0355 37.5355 14
      vertex 67.4549 36.9389 14
    endloop
  endfacet
  facet normal 0 0 1
    outer loop
      vertex 67.4549 36.9389 14
      vertex 60.0355 37.5355 14
      vertex 60.5451 36.9389 14
    endloop
  endfacet
  facet normal -0 0 1
    outer loop
      vertex 59.4389 44.9549 14
      vertex 60.0355 37.5355 14
      vertex 60.0355 45.4645 14
    endloop
  endfacet
  facet normal 0 0 1
    outer loop
      vertex 59.4389 44.9549 14
      vertex 59.4389 38.0451 14
      vertex 60.0355 37.5355 14
    endloop
  endfacet
  facet normal -0 0 1
    outer loop
      vertex 58.77 44.545 14
      vertex 59.4389 38.0451 14
      vertex 59.4389 44.9549 14
    endloop
  endfacet
  facet normal 0 0 1
    outer loop
      vertex 58.77 44.545 14
      vertex 58.77 38.455 14
      vertex 59.4389 38.0451 14
    endloop
  endfacet
  facet normal -0 0 1
    outer loop
      vertex 58.0451 44.2447 14
      vertex 58.77 38.455 14
      vertex 58.77 44.545 14
    endloop
  endfacet
  facet normal 0 0 1
    outer loop
      vertex 58.0451 44.2447 14
      vertex 58.0451 38.7553 14
      vertex 58.77 38.455 14
    endloop
  endfacet
  facet normal -0 0 1
    outer loop
      vertex 57.2822 44.0616 14
      vertex 58.0451 38.7553 14
      vertex 58.0451 44.2447 14
    endloop
  endfacet
  facet normal 0 0 1
    outer loop
      vertex 57.2822 44.0616 14
      vertex 57.2822 38.9384 14
      vertex 58.0451 38.7553 14
    endloop
  endfacet
  facet normal -0 0 1
    outer loop
      vertex 56.5 44 14
      vertex 57.2822 38.9384 14
      vertex 57.2822 44.0616 14
    endloop
  endfacet
  facet normal 0 0 1
    outer loop
      vertex 56.5 44 14
      vertex 56.5 39 14
      vertex 57.2822 38.9384 14
    endloop
  endfacet
  facet normal 0 0 1
    outer loop
      vertex 55.7178 44.0616 14
      vertex 56.5 39 14
      vertex 56.5 44 14
    endloop
  endfacet
  facet normal 0 0 1
    outer loop
      vertex 55.7178 44.0616 14
      vertex 55.7178 38.9384 14
      vertex 56.5 39 14
    endloop
  endfacet
  facet normal 0 0 1
    outer loop
      vertex 54.9549 44.2447 14
      vertex 55.7178 38.9384 14
      vertex 55.7178 44.0616 14
    endloop
  endfacet
  facet normal 0 0 1
    outer loop
      vertex 54.9549 44.2447 14
      vertex 54.9549 38.7553 14
      vertex 55.7178 38.9384 14
    endloop
  endfacet
  facet normal 0 0 1
    outer loop
      vertex 54.23 44.545 14
      vertex 54.9549 38.7553 14
      vertex 54.9549 44.2447 14
    endloop
  endfacet
  facet normal 0 0 1
    outer loop
      vertex 54.23 44.545 14
      vertex 54.23 38.455 14
      vertex 54.9549 38.7553 14
    endloop
  endfacet
  facet normal 0 0 1
    outer loop
      vertex 53.5611 44.9549 14
      vertex 54.23 38.455 14
      vertex 54.23 44.545 14
    endloop
  endfacet
  facet normal 0 0 1
    outer loop
      vertex 53.5611 44.9549 14
      vertex 53.5611 38.0451 14
      vertex 54.23 38.455 14
    endloop
  endfacet
  facet normal 0 0 1
    outer loop
      vertex 52.9645 45.4645 14
      vertex 53.5611 38.0451 14
      vertex 53.5611 44.9549 14
    endloop
  endfacet
  facet normal 0 0 1
    outer loop
      vertex 52.9645 45.4645 14
      vertex 52.9645 37.5355 14
      vertex 53.5611 38.0451 14
    endloop
  endfacet
  facet normal 0 0 1
    outer loop
      vertex 45.0355 37.5355 14
      vertex 52.9645 45.4645 14
      vertex 52.4549 46.0611 14
    endloop
  endfacet
  facet normal 0 0 1
    outer loop
      vertex 52.9645 45.4645 14
      vertex 45.0355 37.5355 14
      vertex 52.9645 37.5355 14
    endloop
  endfacet
  facet normal 0 0 1
    outer loop
      vertex 44.4389 38.0451 14
      vertex 52.4549 46.0611 14
      vertex 52.045 46.73 14
    endloop
  endfacet
  facet normal 0 0 1
    outer loop
      vertex 52.9645 37.5355 14
      vertex 45.0355 37.5355 14
      vertex 52.4549 36.9389 14
    endloop
  endfacet
  facet normal 0 0 1
    outer loop
      vertex 43.77 38.455 14
      vertex 52.045 46.73 14
      vertex 51.7447 47.4549 14
    endloop
  endfacet
  facet normal 0 -0 1
    outer loop
      vertex 45.5451 36.9389 14
      vertex 52.4549 36.9389 14
      vertex 45.0355 37.5355 14
    endloop
  endfacet
  facet normal 0 0 1
    outer loop
      vertex 43.0451 38.7553 14
      vertex 51.7447 47.4549 14
      vertex 51.5616 48.2178 14
    endloop
  endfacet
  facet normal 0 0 1
    outer loop
      vertex 52.4549 36.9389 14
      vertex 45.5451 36.9389 14
      vertex 52.045 36.27 14
    endloop
  endfacet
  facet normal 0 0 1
    outer loop
      vertex 42.2822 38.9384 14
      vertex 51.5616 48.2178 14
      vertex 51.5 49 14
    endloop
  endfacet
  facet normal 0 0 1
    outer loop
      vertex 52.045 36.27 14
      vertex 45.955 36.27 14
      vertex 51.7447 35.5451 14
    endloop
  endfacet
  facet normal 0 0 1
    outer loop
      vertex 109 5.7 14
      vertex 76.4384 34.7822 14
      vertex 76.5 34 14
    endloop
  endfacet
  facet normal 0 0 1
    outer loop
      vertex 113 6 14
      vertex 76.2553 35.5451 14
      vertex 76.4384 34.7822 14
    endloop
  endfacet
  facet normal 0 0 1
    outer loop
      vertex 113 6 14
      vertex 75.955 36.27 14
      vertex 76.2553 35.5451 14
    endloop
  endfacet
  facet normal 0 0 1
    outer loop
      vertex 94.5 101 14
      vertex 75.5451 36.9389 14
      vertex 75.955 36.27 14
    endloop
  endfacet
  facet normal 0 0 1
    outer loop
      vertex 94.5 101 14
      vertex 75.0355 37.5355 14
      vertex 75.5451 36.9389 14
    endloop
  endfacet
  facet normal 0 0 1
    outer loop
      vertex 94.5 101 14
      vertex 74.4389 38.0451 14
      vertex 75.0355 37.5355 14
    endloop
  endfacet
  facet normal 0 0 1
    outer loop
      vertex 94.5 101 14
      vertex 73.77 38.455 14
      vertex 74.4389 38.0451 14
    endloop
  endfacet
  facet normal -0 0 1
    outer loop
      vertex 60.955 51.27 14
      vertex 73.77 38.455 14
      vertex 94.5 101 14
    endloop
  endfacet
  facet normal 0 0 1
    outer loop
      vertex 73.77 38.455 14
      vertex 60.955 51.27 14
      vertex 73.0451 38.7553 14
    endloop
  endfacet
  facet normal -0 -0 1
    outer loop
      vertex 61.2553 50.5451 14
      vertex 73.0451 38.7553 14
      vertex 60.955 51.27 14
    endloop
  endfacet
  facet normal 0 0 1
    outer loop
      vertex 73.0451 38.7553 14
      vertex 61.2553 50.5451 14
      vertex 72.2822 38.9384 14
    endloop
  endfacet
  facet normal -0 -0 1
    outer loop
      vertex 61.4384 49.7822 14
      vertex 72.2822 38.9384 14
      vertex 61.2553 50.5451 14
    endloop
  endfacet
  facet normal 0 0 1
    outer loop
      vertex 72.2822 38.9384 14
      vertex 61.4384 49.7822 14
      vertex 71.5 39 14
    endloop
  endfacet
  facet normal 0 0 1
    outer loop
      vertex 71.5 39 14
      vertex 61.5 49 14
      vertex 70.7178 38.9384 14
    endloop
  endfacet
  facet normal -0 0 1
    outer loop
      vertex 61.4384 48.2178 14
      vertex 70.7178 38.9384 14
      vertex 61.5 49 14
    endloop
  endfacet
  facet normal 0 0 1
    outer loop
      vertex 70.7178 38.9384 14
      vertex 61.4384 48.2178 14
      vertex 69.9549 38.7553 14
    endloop
  endfacet
  facet normal -0 0 1
    outer loop
      vertex 61.2553 47.4549 14
      vertex 69.9549 38.7553 14
      vertex 61.4384 48.2178 14
    endloop
  endfacet
  facet normal 0 0 1
    outer loop
      vertex 66.7447 35.5451 14
      vertex 61.5 34 14
      vertex 66.5616 34.7822 14
    endloop
  endfacet
  facet normal 0 0 1
    outer loop
      vertex 67.045 36.27 14
      vertex 61.5 34 14
      vertex 66.7447 35.5451 14
    endloop
  endfacet
  facet normal 0 0 1
    outer loop
      vertex 67.4549 36.9389 14
      vertex 61.5 34 14
      vertex 67.045 36.27 14
    endloop
  endfacet
  facet normal -0 0 1
    outer loop
      vertex 60.955 46.73 14
      vertex 69.23 38.455 14
      vertex 61.2553 47.4549 14
    endloop
  endfacet
  facet normal 0 0 1
    outer loop
      vertex 69.23 38.455 14
      vertex 60.955 46.73 14
      vertex 68.5611 38.0451 14
    endloop
  endfacet
  facet normal 0 0 1
    outer loop
      vertex 69.9549 38.7553 14
      vertex 61.2553 47.4549 14
      vertex 69.23 38.455 14
    endloop
  endfacet
  facet normal -0 -0 1
    outer loop
      vertex 61.5 49 14
      vertex 71.5 39 14
      vertex 61.4384 49.7822 14
    endloop
  endfacet
  facet normal 0 0 1
    outer loop
      vertex 94.5 101 14
      vertex 60.5451 51.9389 14
      vertex 60.955 51.27 14
    endloop
  endfacet
  facet normal 0 0 1
    outer loop
      vertex 94.5 101 14
      vertex 60.0355 52.5355 14
      vertex 60.5451 51.9389 14
    endloop
  endfacet
  facet normal 0 0 1
    outer loop
      vertex 94.5 101 14
      vertex 59.4389 53.0451 14
      vertex 60.0355 52.5355 14
    endloop
  endfacet
  facet normal 0 0 1
    outer loop
      vertex 94.5 101 14
      vertex 58.77 53.455 14
      vertex 59.4389 53.0451 14
    endloop
  endfacet
  facet normal 0 0 1
    outer loop
      vertex 94.5 101 14
      vertex 58.0451 53.7553 14
      vertex 58.77 53.455 14
    endloop
  endfacet
  facet normal 0 0 1
    outer loop
      vertex 94.5 101 14
      vertex 57.2822 53.9384 14
      vertex 58.0451 53.7553 14
    endloop
  endfacet
  facet normal 0 0 1
    outer loop
      vertex 94.5 101 14
      vertex 56.5 54 14
      vertex 57.2822 53.9384 14
    endloop
  endfacet
  facet normal -0 0 1
    outer loop
      vertex 18.5 101 14
      vertex 56.5 54 14
      vertex 94.5 101 14
    endloop
  endfacet
  facet normal 0 0 1
    outer loop
      vertex 56.5 54 14
      vertex 18.5 101 14
      vertex 55.7178 53.9384 14
    endloop
  endfacet
  facet normal 0 0 1
    outer loop
      vertex 55.7178 53.9384 14
      vertex 18.5 101 14
      vertex 54.9549 53.7553 14
    endloop
  endfacet
  facet normal 0 0 1
    outer loop
      vertex 54.9549 53.7553 14
      vertex 18.5 101 14
      vertex 54.23 53.455 14
    endloop
  endfacet
  facet normal 0 0 1
    outer loop
      vertex 54.23 53.455 14
      vertex 18.5 101 14
      vertex 53.5611 53.0451 14
    endloop
  endfacet
  facet normal 0 -0 1
    outer loop
      vertex 46.2553 35.5451 14
      vertex 51.7447 35.5451 14
      vertex 45.955 36.27 14
    endloop
  endfacet
  facet normal 0 0 1
    outer loop
      vertex 46.4384 33.2178 14
      vertex 51.5 34 14
      vertex 46.5 34 14
    endloop
  endfacet
  facet normal 0 0 1
    outer loop
      vertex 41.5 39 14
      vertex 51.5 49 14
      vertex 51.5616 49.7822 14
    endloop
  endfacet
  facet normal 0 0 1
    outer loop
      vertex 40.7178 38.9384 14
      vertex 51.5616 49.7822 14
      vertex 51.7447 50.5451 14
    endloop
  endfacet
  facet normal 0 0 1
    outer loop
      vertex 51.5 34 14
      vertex 46.4384 34.7822 14
      vertex 46.5 34 14
    endloop
  endfacet
  facet normal 0 0 1
    outer loop
      vertex 51.5616 34.7822 14
      vertex 46.4384 34.7822 14
      vertex 51.5 34 14
    endloop
  endfacet
  facet normal 0 -0 1
    outer loop
      vertex 46.4384 34.7822 14
      vertex 51.5616 34.7822 14
      vertex 46.2553 35.5451 14
    endloop
  endfacet
  facet normal 0 0 1
    outer loop
      vertex 51.7447 35.5451 14
      vertex 46.2553 35.5451 14
      vertex 51.5616 34.7822 14
    endloop
  endfacet
  facet normal 0 0 1
    outer loop
      vertex 39.9549 38.7553 14
      vertex 51.7447 50.5451 14
      vertex 52.045 51.27 14
    endloop
  endfacet
  facet normal 0 -0 1
    outer loop
      vertex 45.955 36.27 14
      vertex 52.045 36.27 14
      vertex 45.5451 36.9389 14
    endloop
  endfacet
  facet normal 0 0 1
    outer loop
      vertex 52.4549 46.0611 14
      vertex 44.4389 38.0451 14
      vertex 45.0355 37.5355 14
    endloop
  endfacet
  facet normal 0 0 1
    outer loop
      vertex 52.045 46.73 14
      vertex 43.77 38.455 14
      vertex 44.4389 38.0451 14
    endloop
  endfacet
  facet normal 0 0 1
    outer loop
      vertex 18.5 101 14
      vertex 52.045 51.27 14
      vertex 52.4549 51.9389 14
    endloop
  endfacet
  facet normal 0 0 1
    outer loop
      vertex 51.7447 47.4549 14
      vertex 43.0451 38.7553 14
      vertex 43.77 38.455 14
    endloop
  endfacet
  facet normal 0 0 1
    outer loop
      vertex 51.5616 48.2178 14
      vertex 42.2822 38.9384 14
      vertex 43.0451 38.7553 14
    endloop
  endfacet
  facet normal 0 0 1
    outer loop
      vertex 51.5 49 14
      vertex 41.5 39 14
      vertex 42.2822 38.9384 14
    endloop
  endfacet
  facet normal 0 0 1
    outer loop
      vertex 51.5616 49.7822 14
      vertex 40.7178 38.9384 14
      vertex 41.5 39 14
    endloop
  endfacet
  facet normal 0 0 1
    outer loop
      vertex 18.5 101 14
      vertex 52.4549 51.9389 14
      vertex 52.9645 52.5355 14
    endloop
  endfacet
  facet normal 0 0 1
    outer loop
      vertex 53.5611 53.0451 14
      vertex 18.5 101 14
      vertex 52.9645 52.5355 14
    endloop
  endfacet
  facet normal 0 0 1
    outer loop
      vertex 52.045 51.27 14
      vertex 18.5 101 14
      vertex 39.23 38.455 14
    endloop
  endfacet
  facet normal 0 0 1
    outer loop
      vertex 51.7447 50.5451 14
      vertex 39.9549 38.7553 14
      vertex 40.7178 38.9384 14
    endloop
  endfacet
  facet normal 0 0 1
    outer loop
      vertex 52.045 51.27 14
      vertex 39.23 38.455 14
      vertex 39.9549 38.7553 14
    endloop
  endfacet
  facet normal 0 0 1
    outer loop
      vertex 39.23 38.455 14
      vertex 18.5 101 14
      vertex 38.5611 38.0451 14
    endloop
  endfacet
  facet normal 0 0 1
    outer loop
      vertex 5.7 4 14
      vertex 36.5616 34.7822 14
      vertex 36.7447 35.5451 14
    endloop
  endfacet
  facet normal 0 0 1
    outer loop
      vertex 5.7 4 14
      vertex 36.7447 35.5451 14
      vertex 18.5 101 14
    endloop
  endfacet
  facet normal 0 0 1
    outer loop
      vertex 37.045 36.27 14
      vertex 18.5 101 14
      vertex 36.7447 35.5451 14
    endloop
  endfacet
  facet normal 0 0 1
    outer loop
      vertex 37.4549 36.9389 14
      vertex 18.5 101 14
      vertex 37.045 36.27 14
    endloop
  endfacet
  facet normal 0 0 1
    outer loop
      vertex 37.9645 37.5355 14
      vertex 18.5 101 14
      vertex 37.4549 36.9389 14
    endloop
  endfacet
  facet normal 0 0 1
    outer loop
      vertex 38.5611 38.0451 14
      vertex 18.5 101 14
      vertex 37.9645 37.5355 14
    endloop
  endfacet
  facet normal 0 0 1
    outer loop
      vertex 107.798 5.20208 14
      vertex 75.5451 31.0611 14
      vertex 107.625 4.99923 14
    endloop
  endfacet
  facet normal -0 0 1
    outer loop
      vertex 75.0355 30.4645 14
      vertex 107.625 4.99923 14
      vertex 75.5451 31.0611 14
    endloop
  endfacet
  facet normal 0 0 1
    outer loop
      vertex 107.625 4.99923 14
      vertex 75.0355 30.4645 14
      vertex 107.485 4.77178 14
    endloop
  endfacet
  facet normal -0 0 1
    outer loop
      vertex 74.4389 29.9549 14
      vertex 107.485 4.77178 14
      vertex 75.0355 30.4645 14
    endloop
  endfacet
  facet normal 0 0 1
    outer loop
      vertex 107.485 4.77178 14
      vertex 74.4389 29.9549 14
      vertex 107.383 4.52533 14
    endloop
  endfacet
  facet normal -0 0 1
    outer loop
      vertex 73.77 29.545 14
      vertex 107.383 4.52533 14
      vertex 74.4389 29.9549 14
    endloop
  endfacet
  facet normal 0 0 1
    outer loop
      vertex 107.383 4.52533 14
      vertex 73.77 29.545 14
      vertex 107.321 4.26594 14
    endloop
  endfacet
  facet normal -0 0 1
    outer loop
      vertex 60.955 16.73 14
      vertex 107.321 4.26594 14
      vertex 73.77 29.545 14
    endloop
  endfacet
  facet normal 0 0 1
    outer loop
      vertex 107.321 4.26594 14
      vertex 60.955 16.73 14
      vertex 107.3 4 14
    endloop
  endfacet
  facet normal 0 0 1
    outer loop
      vertex 60.955 16.73 14
      vertex 73.77 29.545 14
      vertex 73.0451 29.2447 14
    endloop
  endfacet
  facet normal 0 0 1
    outer loop
      vertex 61.2553 17.4549 14
      vertex 73.0451 29.2447 14
      vertex 72.2822 29.0616 14
    endloop
  endfacet
  facet normal 0 0 1
    outer loop
      vertex 61.4384 18.2178 14
      vertex 72.2822 29.0616 14
      vertex 71.5 29 14
    endloop
  endfacet
  facet normal 0 0 1
    outer loop
      vertex 61.5 19 14
      vertex 71.5 29 14
      vertex 70.7178 29.0616 14
    endloop
  endfacet
  facet normal 0 0 1
    outer loop
      vertex 61.5 19 14
      vertex 70.7178 29.0616 14
      vertex 69.9549 29.2447 14
    endloop
  endfacet
  facet normal 0 0 1
    outer loop
      vertex 61.5 19 14
      vertex 69.9549 29.2447 14
      vertex 69.23 29.545 14
    endloop
  endfacet
  facet normal 0 0 1
    outer loop
      vertex 61.5 19 14
      vertex 69.23 29.545 14
      vertex 68.5611 29.9549 14
    endloop
  endfacet
  facet normal 0 0 1
    outer loop
      vertex 66.5616 34.7822 14
      vertex 61.5 34 14
      vertex 66.5 34 14
    endloop
  endfacet
  facet normal 0 0 1
    outer loop
      vertex 66.5 34 14
      vertex 61.5 34 14
      vertex 66.5616 33.2178 14
    endloop
  endfacet
  facet normal 0 0 1
    outer loop
      vertex 61.4384 33.2178 14
      vertex 66.5616 33.2178 14
      vertex 61.5 34 14
    endloop
  endfacet
  facet normal 0 0 1
    outer loop
      vertex 66.5616 33.2178 14
      vertex 61.4384 33.2178 14
      vertex 66.7447 32.4549 14
    endloop
  endfacet
  facet normal 0 0 1
    outer loop
      vertex 61.2553 32.4549 14
      vertex 66.7447 32.4549 14
      vertex 61.4384 33.2178 14
    endloop
  endfacet
  facet normal 0 0 1
    outer loop
      vertex 66.7447 32.4549 14
      vertex 61.2553 32.4549 14
      vertex 67.045 31.73 14
    endloop
  endfacet
  facet normal 0 0 1
    outer loop
      vertex 67.4549 31.0611 14
      vertex 61.5 19 14
      vertex 67.9645 30.4645 14
    endloop
  endfacet
  facet normal 0 0 1
    outer loop
      vertex 67.9645 30.4645 14
      vertex 61.5 19 14
      vertex 68.5611 29.9549 14
    endloop
  endfacet
  facet normal 0 0 1
    outer loop
      vertex 71.5 29 14
      vertex 61.5 19 14
      vertex 61.4384 18.2178 14
    endloop
  endfacet
  facet normal 0 0 1
    outer loop
      vertex 72.2822 29.0616 14
      vertex 61.4384 18.2178 14
      vertex 61.2553 17.4549 14
    endloop
  endfacet
  facet normal 0 0 1
    outer loop
      vertex 73.0451 29.2447 14
      vertex 61.2553 17.4549 14
      vertex 60.955 16.73 14
    endloop
  endfacet
  facet normal 0 0 1
    outer loop
      vertex 107.3 4 14
      vertex 60.955 16.73 14
      vertex 107 0 14
    endloop
  endfacet
  facet normal -0 0 1
    outer loop
      vertex 60.5451 16.0611 14
      vertex 107 0 14
      vertex 60.955 16.73 14
    endloop
  endfacet
  facet normal -0 0 1
    outer loop
      vertex 60.0355 15.4645 14
      vertex 107 0 14
      vertex 60.5451 16.0611 14
    endloop
  endfacet
  facet normal -0 0 1
    outer loop
      vertex 59.4389 14.9549 14
      vertex 107 0 14
      vertex 60.0355 15.4645 14
    endloop
  endfacet
  facet normal -0 0 1
    outer loop
      vertex 58.77 14.545 14
      vertex 107 0 14
      vertex 59.4389 14.9549 14
    endloop
  endfacet
  facet normal -0 0 1
    outer loop
      vertex 58.0451 14.2447 14
      vertex 107 0 14
      vertex 58.77 14.545 14
    endloop
  endfacet
  facet normal -0 0 1
    outer loop
      vertex 57.2822 14.0616 14
      vertex 107 0 14
      vertex 58.0451 14.2447 14
    endloop
  endfacet
  facet normal -0 0 1
    outer loop
      vertex 56.5 14 14
      vertex 107 0 14
      vertex 57.2822 14.0616 14
    endloop
  endfacet
  facet normal 0 0 1
    outer loop
      vertex 6 0 14
      vertex 56.5 14 14
      vertex 55.7178 14.0616 14
    endloop
  endfacet
  facet normal 0 0 1
    outer loop
      vertex 6 0 14
      vertex 55.7178 14.0616 14
      vertex 54.9549 14.2447 14
    endloop
  endfacet
  facet normal 0 0 1
    outer loop
      vertex 51.5616 33.2178 14
      vertex 46.4384 33.2178 14
      vertex 46.2553 32.4549 14
    endloop
  endfacet
  facet normal 0 0 1
    outer loop
      vertex 51.7447 32.4549 14
      vertex 46.2553 32.4549 14
      vertex 45.955 31.73 14
    endloop
  endfacet
  facet normal 0 0 1
    outer loop
      vertex 52.045 31.73 14
      vertex 45.955 31.73 14
      vertex 45.5451 31.0611 14
    endloop
  endfacet
  facet normal -0 0 1
    outer loop
      vertex 43.77 29.545 14
      vertex 52.045 21.27 14
      vertex 44.4389 29.9549 14
    endloop
  endfacet
  facet normal 0 0 1
    outer loop
      vertex 52.045 21.27 14
      vertex 43.77 29.545 14
      vertex 51.7447 20.5451 14
    endloop
  endfacet
  facet normal -0 0 1
    outer loop
      vertex 43.0451 29.2447 14
      vertex 51.7447 20.5451 14
      vertex 43.77 29.545 14
    endloop
  endfacet
  facet normal 0 0 1
    outer loop
      vertex 51.7447 20.5451 14
      vertex 43.0451 29.2447 14
      vertex 51.5616 19.7822 14
    endloop
  endfacet
  facet normal -0 0 1
    outer loop
      vertex 42.2822 29.0616 14
      vertex 51.5616 19.7822 14
      vertex 43.0451 29.2447 14
    endloop
  endfacet
  facet normal 0 0 1
    outer loop
      vertex 51.5616 19.7822 14
      vertex 42.2822 29.0616 14
      vertex 51.5 19 14
    endloop
  endfacet
  facet normal -0 0 1
    outer loop
      vertex 41.5 29 14
      vertex 51.5 19 14
      vertex 42.2822 29.0616 14
    endloop
  endfacet
  facet normal 0 0 1
    outer loop
      vertex 51.5 19 14
      vertex 41.5 29 14
      vertex 51.5616 18.2178 14
    endloop
  endfacet
  facet normal 0 0 1
    outer loop
      vertex 40.7178 29.0616 14
      vertex 51.5616 18.2178 14
      vertex 41.5 29 14
    endloop
  endfacet
  facet normal 0 0 1
    outer loop
      vertex 51.5616 18.2178 14
      vertex 40.7178 29.0616 14
      vertex 51.7447 17.4549 14
    endloop
  endfacet
  facet normal 0 0 1
    outer loop
      vertex 39.9549 29.2447 14
      vertex 51.7447 17.4549 14
      vertex 40.7178 29.0616 14
    endloop
  endfacet
  facet normal 0 0 1
    outer loop
      vertex 51.7447 17.4549 14
      vertex 39.9549 29.2447 14
      vertex 52.045 16.73 14
    endloop
  endfacet
  facet normal 0 0 1
    outer loop
      vertex 39.23 29.545 14
      vertex 52.045 16.73 14
      vertex 39.9549 29.2447 14
    endloop
  endfacet
  facet normal 0 0 1
    outer loop
      vertex 5.7 4 14
      vertex 52.045 16.73 14
      vertex 39.23 29.545 14
    endloop
  endfacet
  facet normal 0 0 1
    outer loop
      vertex 52.045 16.73 14
      vertex 6 0 14
      vertex 52.4549 16.0611 14
    endloop
  endfacet
  facet normal 0 0 1
    outer loop
      vertex 5.7 4 14
      vertex 39.23 29.545 14
      vertex 38.5611 29.9549 14
    endloop
  endfacet
  facet normal 0 0 1
    outer loop
      vertex 5.7 4 14
      vertex 38.5611 29.9549 14
      vertex 37.9645 30.4645 14
    endloop
  endfacet
  facet normal 0 0 1
    outer loop
      vertex 5.7 4 14
      vertex 36.5 34 14
      vertex 36.5616 34.7822 14
    endloop
  endfacet
  facet normal 0 0 1
    outer loop
      vertex 5.7 4 14
      vertex 36.5616 33.2178 14
      vertex 36.5 34 14
    endloop
  endfacet
  facet normal 0 0 1
    outer loop
      vertex 56.5 14 14
      vertex 6 0 14
      vertex 107 0 14
    endloop
  endfacet
  facet normal 0 0 1
    outer loop
      vertex 54.23 14.545 14
      vertex 6 0 14
      vertex 54.9549 14.2447 14
    endloop
  endfacet
  facet normal 0 0 1
    outer loop
      vertex 53.5611 14.9549 14
      vertex 6 0 14
      vertex 54.23 14.545 14
    endloop
  endfacet
  facet normal 0 0 1
    outer loop
      vertex 52.9645 15.4645 14
      vertex 6 0 14
      vertex 53.5611 14.9549 14
    endloop
  endfacet
  facet normal 0 0 1
    outer loop
      vertex 52.4549 16.0611 14
      vertex 6 0 14
      vertex 52.9645 15.4645 14
    endloop
  endfacet
  facet normal 0 0 1
    outer loop
      vertex 5.7 4 14
      vertex 37.9645 30.4645 14
      vertex 37.4549 31.0611 14
    endloop
  endfacet
  facet normal 0 0 1
    outer loop
      vertex 5.7 4 14
      vertex 37.4549 31.0611 14
      vertex 37.045 31.73 14
    endloop
  endfacet
  facet normal 0 0 1
    outer loop
      vertex 5.7 4 14
      vertex 37.045 31.73 14
      vertex 36.7447 32.4549 14
    endloop
  endfacet
  facet normal 0 0 1
    outer loop
      vertex 5.7 4 14
      vertex 36.7447 32.4549 14
      vertex 36.5616 33.2178 14
    endloop
  endfacet
  facet normal -0 0 1
    outer loop
      vertex 5.67907 153.734 14
      vertex 18.5 127 14
      vertex 5.7 154 14
    endloop
  endfacet
  facet normal -0 0 1
    outer loop
      vertex 5.6168 153.475 14
      vertex 18.5 127 14
      vertex 5.67907 153.734 14
    endloop
  endfacet
  facet normal 0 0 1
    outer loop
      vertex 6 158 14
      vertex 5.67907 154.266 14
      vertex 5.7 154 14
    endloop
  endfacet
  facet normal 0 0 1
    outer loop
      vertex 6 158 14
      vertex 5.6168 154.525 14
      vertex 5.67907 154.266 14
    endloop
  endfacet
  facet normal 0 0 1
    outer loop
      vertex 6 158 14
      vertex 5.51471 154.772 14
      vertex 5.6168 154.525 14
    endloop
  endfacet
  facet normal 0 0 1
    outer loop
      vertex 6 158 14
      vertex 5.37533 154.999 14
      vertex 5.51471 154.772 14
    endloop
  endfacet
  facet normal 0 0 1
    outer loop
      vertex 6 158 14
      vertex 5.20208 155.202 14
      vertex 5.37533 154.999 14
    endloop
  endfacet
  facet normal 0 0 1
    outer loop
      vertex 4.99923 155.375 14
      vertex 6 158 14
      vertex 5.06139 157.926 14
    endloop
  endfacet
  facet normal 0 0 1
    outer loop
      vertex 6 158 14
      vertex 4.99923 155.375 14
      vertex 5.20208 155.202 14
    endloop
  endfacet
  facet normal 0 0 1
    outer loop
      vertex 5.06139 157.926 14
      vertex 4.77178 155.515 14
      vertex 4.99923 155.375 14
    endloop
  endfacet
  facet normal 0 0 1
    outer loop
      vertex 5.06139 157.926 14
      vertex 4.52533 155.617 14
      vertex 4.77178 155.515 14
    endloop
  endfacet
  facet normal -0 0 1
    outer loop
      vertex 4.1459 157.706 14
      vertex 4.52533 155.617 14
      vertex 5.06139 157.926 14
    endloop
  endfacet
  facet normal 0 0 1
    outer loop
      vertex 4.52533 155.617 14
      vertex 4.1459 157.706 14
      vertex 4.26594 155.679 14
    endloop
  endfacet
  facet normal 0 0 1
    outer loop
      vertex 4.1459 157.706 14
      vertex 4 155.7 14
      vertex 4.26594 155.679 14
    endloop
  endfacet
  facet normal -0 0 1
    outer loop
      vertex 3.27606 157.346 14
      vertex 4 155.7 14
      vertex 4.1459 157.706 14
    endloop
  endfacet
  facet normal 0 0 1
    outer loop
      vertex 4 155.7 14
      vertex 3.27606 157.346 14
      vertex 3.73406 155.679 14
    endloop
  endfacet
  facet normal 0 0 1
    outer loop
      vertex 3.73406 155.679 14
      vertex 3.27606 157.346 14
      vertex 3.47467 155.617 14
    endloop
  endfacet
  facet normal -0 0 1
    outer loop
      vertex 2.47329 156.854 14
      vertex 3.47467 155.617 14
      vertex 3.27606 157.346 14
    endloop
  endfacet
  facet normal 0 0 1
    outer loop
      vertex 3.47467 155.617 14
      vertex 2.47329 156.854 14
      vertex 3.22822 155.515 14
    endloop
  endfacet
  facet normal 0 0 1
    outer loop
      vertex 3.22822 155.515 14
      vertex 2.47329 156.854 14
      vertex 3.00077 155.375 14
    endloop
  endfacet
  facet normal -0 0 1
    outer loop
      vertex 1.75736 156.243 14
      vertex 3.00077 155.375 14
      vertex 2.47329 156.854 14
    endloop
  endfacet
  facet normal 0 0 1
    outer loop
      vertex 3.00077 155.375 14
      vertex 1.75736 156.243 14
      vertex 2.79792 155.202 14
    endloop
  endfacet
  facet normal 0 0 1
    outer loop
      vertex 2.79792 155.202 14
      vertex 1.75736 156.243 14
      vertex 2.62467 154.999 14
    endloop
  endfacet
  facet normal 0 0 1
    outer loop
      vertex 2.62467 154.999 14
      vertex 1.75736 156.243 14
      vertex 2.48529 154.772 14
    endloop
  endfacet
  facet normal 0 0 1
    outer loop
      vertex 2.48529 154.772 14
      vertex 1.75736 156.243 14
      vertex 2.3832 154.525 14
    endloop
  endfacet
  facet normal 0 0 1
    outer loop
      vertex 2.3832 154.525 14
      vertex 1.75736 156.243 14
      vertex 2.32093 154.266 14
    endloop
  endfacet
  facet normal 0 0 1
    outer loop
      vertex 2.32093 154.266 14
      vertex 0 152 14
      vertex 2.3 154 14
    endloop
  endfacet
  facet normal 0 0 1
    outer loop
      vertex 0 152 14
      vertex 2.32093 154.266 14
      vertex 1.75736 156.243 14
    endloop
  endfacet
  facet normal -0 0 1
    outer loop
      vertex 110.375 153.001 14
      vertex 112.926 152.939 14
      vertex 110.515 153.228 14
    endloop
  endfacet
  facet normal 0 0 1
    outer loop
      vertex 113 6 14
      vertex 110.679 4.26594 14
      vertex 110.7 4 14
    endloop
  endfacet
  facet normal 0 0 1
    outer loop
      vertex 112.926 152.939 14
      vertex 110.375 153.001 14
      vertex 113 152 14
    endloop
  endfacet
  facet normal 0 0 1
    outer loop
      vertex 113 6 14
      vertex 110.617 4.52533 14
      vertex 110.679 4.26594 14
    endloop
  endfacet
  facet normal -0 0 1
    outer loop
      vertex 110.202 152.798 14
      vertex 113 152 14
      vertex 110.375 153.001 14
    endloop
  endfacet
  facet normal 0 0 1
    outer loop
      vertex 113 6 14
      vertex 110.515 4.77178 14
      vertex 110.617 4.52533 14
    endloop
  endfacet
  facet normal 0 0 1
    outer loop
      vertex 94.5 101 14
      vertex 113 152 14
      vertex 94.5 127 14
    endloop
  endfacet
  facet normal 0 0 1
    outer loop
      vertex 113 6 14
      vertex 110.375 4.99923 14
      vertex 110.515 4.77178 14
    endloop
  endfacet
  facet normal -0 0 1
    outer loop
      vertex 109.999 152.625 14
      vertex 113 152 14
      vertex 110.202 152.798 14
    endloop
  endfacet
  facet normal 0 0 1
    outer loop
      vertex 113 152 14
      vertex 94.5 101 14
      vertex 113 6 14
    endloop
  endfacet
  facet normal -0 0 1
    outer loop
      vertex 109.772 152.485 14
      vertex 113 152 14
      vertex 109.999 152.625 14
    endloop
  endfacet
  facet normal 0 0 1
    outer loop
      vertex 113 6 14
      vertex 110.202 5.20208 14
      vertex 110.375 4.99923 14
    endloop
  endfacet
  facet normal -0 0 1
    outer loop
      vertex 109.525 152.383 14
      vertex 113 152 14
      vertex 109.772 152.485 14
    endloop
  endfacet
  facet normal 0 0 1
    outer loop
      vertex 113 6 14
      vertex 109.999 5.37533 14
      vertex 110.202 5.20208 14
    endloop
  endfacet
  facet normal -0 0 1
    outer loop
      vertex 109.266 152.321 14
      vertex 113 152 14
      vertex 109.525 152.383 14
    endloop
  endfacet
  facet normal 0 0 1
    outer loop
      vertex 113 6 14
      vertex 109.772 5.51471 14
      vertex 109.999 5.37533 14
    endloop
  endfacet
  facet normal -0 0 1
    outer loop
      vertex 109 152.3 14
      vertex 113 152 14
      vertex 109.266 152.321 14
    endloop
  endfacet
  facet normal 0 0 1
    outer loop
      vertex 113 6 14
      vertex 109.525 5.6168 14
      vertex 109.772 5.51471 14
    endloop
  endfacet
  facet normal 0 0 1
    outer loop
      vertex 113 152 14
      vertex 109 152.3 14
      vertex 94.5 127 14
    endloop
  endfacet
  facet normal 0 0 1
    outer loop
      vertex 113 6 14
      vertex 109.266 5.67907 14
      vertex 109.525 5.6168 14
    endloop
  endfacet
  facet normal 0 0 1
    outer loop
      vertex 94.5 127 14
      vertex 109 152.3 14
      vertex 108.734 152.321 14
    endloop
  endfacet
  facet normal 0 0 1
    outer loop
      vertex 113 6 14
      vertex 109 5.7 14
      vertex 109.266 5.67907 14
    endloop
  endfacet
  facet normal 0 0 1
    outer loop
      vertex 94.5 127 14
      vertex 108.734 152.321 14
      vertex 108.475 152.383 14
    endloop
  endfacet
  facet normal -0 0 1
    outer loop
      vertex 75.955 36.27 14
      vertex 113 6 14
      vertex 94.5 101 14
    endloop
  endfacet
  facet normal 0 0 1
    outer loop
      vertex 94.5 127 14
      vertex 108.475 152.383 14
      vertex 108.228 152.485 14
    endloop
  endfacet
  facet normal 0 0 1
    outer loop
      vertex 76.4384 34.7822 14
      vertex 109 5.7 14
      vertex 113 6 14
    endloop
  endfacet
  facet normal 0 0 1
    outer loop
      vertex 94.5 127 14
      vertex 108.228 152.485 14
      vertex 108.001 152.625 14
    endloop
  endfacet
  facet normal 0 0 1
    outer loop
      vertex 109 5.7 14
      vertex 76.5 34 14
      vertex 108.734 5.67907 14
    endloop
  endfacet
  facet normal 0 0 1
    outer loop
      vertex 94.5 127 14
      vertex 108.001 152.625 14
      vertex 107.798 152.798 14
    endloop
  endfacet
  facet normal -0 0 1
    outer loop
      vertex 76.4384 33.2178 14
      vertex 108.734 5.67907 14
      vertex 76.5 34 14
    endloop
  endfacet
  facet normal 0 0 1
    outer loop
      vertex 94.5 127 14
      vertex 107.798 152.798 14
      vertex 107.625 153.001 14
    endloop
  endfacet
  facet normal 0 0 1
    outer loop
      vertex 108.734 5.67907 14
      vertex 76.4384 33.2178 14
      vertex 108.475 5.6168 14
    endloop
  endfacet
  facet normal 0 0 1
    outer loop
      vertex 94.5 127 14
      vertex 107.625 153.001 14
      vertex 107.485 153.228 14
    endloop
  endfacet
  facet normal 0 0 1
    outer loop
      vertex 108.475 5.6168 14
      vertex 76.4384 33.2178 14
      vertex 108.228 5.51471 14
    endloop
  endfacet
  facet normal 0 0 1
    outer loop
      vertex 94.5 127 14
      vertex 107.485 153.228 14
      vertex 107.383 153.475 14
    endloop
  endfacet
  facet normal -0 0 1
    outer loop
      vertex 76.2553 32.4549 14
      vertex 108.228 5.51471 14
      vertex 76.4384 33.2178 14
    endloop
  endfacet
  facet normal 0 0 1
    outer loop
      vertex 94.5 127 14
      vertex 107.383 153.475 14
      vertex 107.321 153.734 14
    endloop
  endfacet
  facet normal 0 0 1
    outer loop
      vertex 108.228 5.51471 14
      vertex 76.2553 32.4549 14
      vertex 108.001 5.37533 14
    endloop
  endfacet
  facet normal 0 0 1
    outer loop
      vertex 94.5 127 14
      vertex 107.321 153.734 14
      vertex 107.3 154 14
    endloop
  endfacet
  facet normal -0 0 1
    outer loop
      vertex 75.955 31.73 14
      vertex 108.001 5.37533 14
      vertex 76.2553 32.4549 14
    endloop
  endfacet
  facet normal 0 0 1
    outer loop
      vertex 110.617 153.475 14
      vertex 112.706 153.854 14
      vertex 110.679 153.734 14
    endloop
  endfacet
  facet normal 0 0 1
    outer loop
      vertex 112.706 153.854 14
      vertex 110.617 153.475 14
      vertex 112.926 152.939 14
    endloop
  endfacet
  facet normal 0 0 1
    outer loop
      vertex 110.679 153.734 14
      vertex 112.706 153.854 14
      vertex 110.7 154 14
    endloop
  endfacet
  facet normal -0 0 1
    outer loop
      vertex 110.515 153.228 14
      vertex 112.926 152.939 14
      vertex 110.617 153.475 14
    endloop
  endfacet
  facet normal -0 0 1
    outer loop
      vertex 110.7 154 14
      vertex 112.706 153.854 14
      vertex 112.346 154.724 14
    endloop
  endfacet
  facet normal 0 0 1
    outer loop
      vertex 113 6 14
      vertex 110.7 4 14
      vertex 112.926 5.06139 14
    endloop
  endfacet
  facet normal 0 0 1
    outer loop
      vertex 110.617 154.525 14
      vertex 112.346 154.724 14
      vertex 111.854 155.527 14
    endloop
  endfacet
  facet normal 0 0 1
    outer loop
      vertex 112.926 5.06139 14
      vertex 110.7 4 14
      vertex 112.706 4.1459 14
    endloop
  endfacet
  facet normal 0 0 1
    outer loop
      vertex 110.375 154.999 14
      vertex 111.854 155.527 14
      vertex 111.243 156.243 14
    endloop
  endfacet
  facet normal 0 0 1
    outer loop
      vertex 112.706 4.1459 14
      vertex 110.7 4 14
      vertex 112.346 3.27606 14
    endloop
  endfacet
  facet normal -0 0 1
    outer loop
      vertex 110.679 3.73406 14
      vertex 112.346 3.27606 14
      vertex 110.7 4 14
    endloop
  endfacet
  facet normal 0 0 1
    outer loop
      vertex 112.346 154.724 14
      vertex 110.679 154.266 14
      vertex 110.7 154 14
    endloop
  endfacet
  facet normal 0 0 1
    outer loop
      vertex 112.346 154.724 14
      vertex 110.617 154.525 14
      vertex 110.679 154.266 14
    endloop
  endfacet
  facet normal 0 0 1
    outer loop
      vertex 109.999 155.375 14
      vertex 111.243 156.243 14
      vertex 110.527 156.854 14
    endloop
  endfacet
  facet normal 0 0 1
    outer loop
      vertex 111.854 155.527 14
      vertex 110.515 154.772 14
      vertex 110.617 154.525 14
    endloop
  endfacet
  facet normal 0 0 1
    outer loop
      vertex 111.854 155.527 14
      vertex 110.375 154.999 14
      vertex 110.515 154.772 14
    endloop
  endfacet
  facet normal 0 0 1
    outer loop
      vertex 111.243 156.243 14
      vertex 110.202 155.202 14
      vertex 110.375 154.999 14
    endloop
  endfacet
  facet normal 0 0 1
    outer loop
      vertex 111.243 156.243 14
      vertex 109.999 155.375 14
      vertex 110.202 155.202 14
    endloop
  endfacet
  facet normal 0 0 1
    outer loop
      vertex 110.527 156.854 14
      vertex 109.772 155.515 14
      vertex 109.999 155.375 14
    endloop
  endfacet
  facet normal 0 0 1
    outer loop
      vertex 109.525 155.617 14
      vertex 110.527 156.854 14
      vertex 109.724 157.346 14
    endloop
  endfacet
  facet normal 0 0 1
    outer loop
      vertex 110.527 156.854 14
      vertex 109.525 155.617 14
      vertex 109.772 155.515 14
    endloop
  endfacet
  facet normal 0 0 1
    outer loop
      vertex 109.724 157.346 14
      vertex 109.266 155.679 14
      vertex 109.525 155.617 14
    endloop
  endfacet
  facet normal 0 0 1
    outer loop
      vertex 109.724 157.346 14
      vertex 109 155.7 14
      vertex 109.266 155.679 14
    endloop
  endfacet
  facet normal 0 0 1
    outer loop
      vertex 108.854 157.706 14
      vertex 109 155.7 14
      vertex 109.724 157.346 14
    endloop
  endfacet
  facet normal 0 0 1
    outer loop
      vertex 108.854 157.706 14
      vertex 108.734 155.679 14
      vertex 109 155.7 14
    endloop
  endfacet
  facet normal 0 0 1
    outer loop
      vertex 108.854 157.706 14
      vertex 108.475 155.617 14
      vertex 108.734 155.679 14
    endloop
  endfacet
  facet normal 0 0 1
    outer loop
      vertex 107.939 157.926 14
      vertex 108.475 155.617 14
      vertex 108.854 157.706 14
    endloop
  endfacet
  facet normal 0 0 1
    outer loop
      vertex 108.475 155.617 14
      vertex 107.939 157.926 14
      vertex 108.228 155.515 14
    endloop
  endfacet
  facet normal 0 0 1
    outer loop
      vertex 108.228 155.515 14
      vertex 107.939 157.926 14
      vertex 108.001 155.375 14
    endloop
  endfacet
  facet normal 0 0 1
    outer loop
      vertex 107 158 14
      vertex 108.001 155.375 14
      vertex 107.939 157.926 14
    endloop
  endfacet
  facet normal 0 0 1
    outer loop
      vertex 108.001 155.375 14
      vertex 107 158 14
      vertex 107.798 155.202 14
    endloop
  endfacet
  facet normal 0 0 1
    outer loop
      vertex 107.798 155.202 14
      vertex 107 158 14
      vertex 107.625 154.999 14
    endloop
  endfacet
  facet normal 0 0 1
    outer loop
      vertex 107.625 154.999 14
      vertex 107 158 14
      vertex 107.485 154.772 14
    endloop
  endfacet
  facet normal 0 0 1
    outer loop
      vertex 107.485 154.772 14
      vertex 107 158 14
      vertex 107.383 154.525 14
    endloop
  endfacet
  facet normal 0 0 1
    outer loop
      vertex 94.5 127 14
      vertex 107.3 154 14
      vertex 107 158 14
    endloop
  endfacet
  facet normal 0 0 1
    outer loop
      vertex 107.321 154.266 14
      vertex 107 158 14
      vertex 107.3 154 14
    endloop
  endfacet
  facet normal 0 0 1
    outer loop
      vertex 107.383 154.525 14
      vertex 107 158 14
      vertex 107.321 154.266 14
    endloop
  endfacet
  facet normal -0 0 1
    outer loop
      vertex 110.617 3.47467 14
      vertex 112.346 3.27606 14
      vertex 110.679 3.73406 14
    endloop
  endfacet
  facet normal 0 0 1
    outer loop
      vertex 112.346 3.27606 14
      vertex 110.617 3.47467 14
      vertex 111.854 2.47329 14
    endloop
  endfacet
  facet normal -0 0 1
    outer loop
      vertex 110.515 3.22822 14
      vertex 111.854 2.47329 14
      vertex 110.617 3.47467 14
    endloop
  endfacet
  facet normal -0 0 1
    outer loop
      vertex 110.375 3.00077 14
      vertex 111.854 2.47329 14
      vertex 110.515 3.22822 14
    endloop
  endfacet
  facet normal 0 0 1
    outer loop
      vertex 111.854 2.47329 14
      vertex 110.375 3.00077 14
      vertex 111.243 1.75736 14
    endloop
  endfacet
  facet normal -0 0 1
    outer loop
      vertex 110.202 2.79792 14
      vertex 111.243 1.75736 14
      vertex 110.375 3.00077 14
    endloop
  endfacet
  facet normal -0 0 1
    outer loop
      vertex 109.999 2.62467 14
      vertex 111.243 1.75736 14
      vertex 110.202 2.79792 14
    endloop
  endfacet
  facet normal 0 0 1
    outer loop
      vertex 111.243 1.75736 14
      vertex 109.999 2.62467 14
      vertex 110.527 1.1459 14
    endloop
  endfacet
  facet normal -0 0 1
    outer loop
      vertex 109.772 2.48529 14
      vertex 110.527 1.1459 14
      vertex 109.999 2.62467 14
    endloop
  endfacet
  facet normal -0 0 1
    outer loop
      vertex 109.525 2.3832 14
      vertex 110.527 1.1459 14
      vertex 109.772 2.48529 14
    endloop
  endfacet
  facet normal 0 0 1
    outer loop
      vertex 110.527 1.1459 14
      vertex 109.525 2.3832 14
      vertex 109.724 0.65396 14
    endloop
  endfacet
  facet normal -0 0 1
    outer loop
      vertex 109.266 2.32093 14
      vertex 109.724 0.65396 14
      vertex 109.525 2.3832 14
    endloop
  endfacet
  facet normal -0 0 1
    outer loop
      vertex 109 2.3 14
      vertex 109.724 0.65396 14
      vertex 109.266 2.32093 14
    endloop
  endfacet
  facet normal 0 0 1
    outer loop
      vertex 109 2.3 14
      vertex 108.854 0.29366 14
      vertex 109.724 0.65396 14
    endloop
  endfacet
  facet normal 0 0 1
    outer loop
      vertex 108.734 2.32093 14
      vertex 108.854 0.29366 14
      vertex 109 2.3 14
    endloop
  endfacet
  facet normal 0 0 1
    outer loop
      vertex 108.475 2.3832 14
      vertex 108.854 0.29366 14
      vertex 108.734 2.32093 14
    endloop
  endfacet
  facet normal 0 0 1
    outer loop
      vertex 107.939 0.0738697 14
      vertex 108.475 2.3832 14
      vertex 108.228 2.48529 14
    endloop
  endfacet
  facet normal 0 0 1
    outer loop
      vertex 107.939 0.0738697 14
      vertex 108.228 2.48529 14
      vertex 108.001 2.62467 14
    endloop
  endfacet
  facet normal 0 0 1
    outer loop
      vertex 108.475 2.3832 14
      vertex 107.939 0.0738697 14
      vertex 108.854 0.29366 14
    endloop
  endfacet
  facet normal 0 0 1
    outer loop
      vertex 107 0 14
      vertex 108.001 2.62467 14
      vertex 107.798 2.79792 14
    endloop
  endfacet
  facet normal 0 0 1
    outer loop
      vertex 107 0 14
      vertex 107.798 2.79792 14
      vertex 107.625 3.00077 14
    endloop
  endfacet
  facet normal 0 0 1
    outer loop
      vertex 107 0 14
      vertex 107.625 3.00077 14
      vertex 107.485 3.22822 14
    endloop
  endfacet
  facet normal 0 0 1
    outer loop
      vertex 107 0 14
      vertex 107.485 3.22822 14
      vertex 107.383 3.47467 14
    endloop
  endfacet
  facet normal 0 0 1
    outer loop
      vertex 107 0 14
      vertex 107.383 3.47467 14
      vertex 107.321 3.73406 14
    endloop
  endfacet
  facet normal 0 0 1
    outer loop
      vertex 108.001 2.62467 14
      vertex 107 0 14
      vertex 107.939 0.0738697 14
    endloop
  endfacet
  facet normal 0 0 1
    outer loop
      vertex 107.3 4 14
      vertex 107 0 14
      vertex 107.321 3.73406 14
    endloop
  endfacet
  facet normal 0 0 1
    outer loop
      vertex 108.001 5.37533 14
      vertex 75.955 31.73 14
      vertex 107.798 5.20208 14
    endloop
  endfacet
  facet normal -0 0 1
    outer loop
      vertex 75.5451 31.0611 14
      vertex 107.798 5.20208 14
      vertex 75.955 31.73 14
    endloop
  endfacet
  facet normal 0 0 1
    outer loop
      vertex 107 158 14
      vertex 18.5 127 14
      vertex 94.5 127 14
    endloop
  endfacet
  facet normal -0 0 1
    outer loop
      vertex 5.7 154 14
      vertex 18.5 127 14
      vertex 6 158 14
    endloop
  endfacet
  facet normal -0 0 1
    outer loop
      vertex 6 158 14
      vertex 18.5 127 14
      vertex 107 158 14
    endloop
  endfacet
  facet normal 0.996909 0.0785637 0
    outer loop
      vertex 113 152 14
      vertex 112.926 152.939 0
      vertex 112.926 152.939 14
    endloop
  endfacet
  facet normal 0.996909 0.0785637 0
    outer loop
      vertex 112.926 152.939 0
      vertex 113 152 14
      vertex 113 152 0
    endloop
  endfacet
  facet normal 0.382352 0.924017 -0
    outer loop
      vertex 109.724 157.346 0
      vertex 108.854 157.706 14
      vertex 109.724 157.346 14
    endloop
  endfacet
  facet normal 0.382352 0.924017 0
    outer loop
      vertex 108.854 157.706 14
      vertex 109.724 157.346 0
      vertex 108.854 157.706 0
    endloop
  endfacet
  facet normal 0.924017 0.382352 0
    outer loop
      vertex 112.706 153.854 14
      vertex 112.346 154.724 0
      vertex 112.346 154.724 14
    endloop
  endfacet
  facet normal 0.924017 0.382352 0
    outer loop
      vertex 112.346 154.724 0
      vertex 112.706 153.854 14
      vertex 112.706 153.854 0
    endloop
  endfacet
  facet normal -0.923879 -0.382684 0
    outer loop
      vertex 0.65396 3.27606 0
      vertex 0.29366 4.1459 14
      vertex 0.29366 4.1459 0
    endloop
  endfacet
  facet normal -0.923879 -0.382684 0
    outer loop
      vertex 0.29366 4.1459 14
      vertex 0.65396 3.27606 0
      vertex 0.65396 3.27606 14
    endloop
  endfacet
  facet normal -0.852638 -0.522502 0
    outer loop
      vertex 0.65396 3.27606 0
      vertex 1.08282 2.57623 13.5
      vertex 0.65396 3.27606 14
    endloop
  endfacet
  facet normal -0.852726 -0.522358 1.02747e-05
    outer loop
      vertex 0.65396 3.27606 0
      vertex 1.11128 2.52977 13.4862
      vertex 1.08282 2.57623 13.5
    endloop
  endfacet
  facet normal -0.851446 -0.524443 -0.000148554
    outer loop
      vertex 0.65396 3.27606 0
      vertex 1.11205 2.52852 13.4858
      vertex 1.11128 2.52977 13.4862
    endloop
  endfacet
  facet normal -0.852639 -0.5225 -3.08599e-07
    outer loop
      vertex 1.1459 2.47329 0
      vertex 1.11205 2.52852 13.4858
      vertex 0.65396 3.27606 0
    endloop
  endfacet
  facet normal -0.852606 -0.522555 0
    outer loop
      vertex 1.11205 2.52852 13.4858
      vertex 1.1459 2.47329 0
      vertex 1.1459 2.47329 13.4858
    endloop
  endfacet
  facet normal -0.852646 -0.522488 -0
    outer loop
      vertex 1.1459 2.47329 14
      vertex 1.08282 2.57623 13.5
      vertex 1.1459 2.47329 13.5
    endloop
  endfacet
  facet normal -0.852639 -0.5225 -3.33931e-06
    outer loop
      vertex 1.08282 2.57623 13.5
      vertex 1.1459 2.47329 14
      vertex 0.65396 3.27606 14
    endloop
  endfacet
  facet normal 0.649625 -0.760255 3.57755e-05
    outer loop
      vertex 111.243 1.75736 0
      vertex 111.232 1.74859 13.3735
      vertex 110.864 1.43414 13.3735
    endloop
  endfacet
  facet normal 0.65002 -0.759917 0
    outer loop
      vertex 110.527 1.1459 0
      vertex 110.854 1.42561 13.3768
      vertex 110.527 1.1459 13.4858
    endloop
  endfacet
  facet normal 0.648981 -0.760805 4.3951e-05
    outer loop
      vertex 110.527 1.1459 0
      vertex 110.864 1.43414 13.3735
      vertex 110.854 1.42561 13.3768
    endloop
  endfacet
  facet normal 0.64941 -0.760438 2.52399e-05
    outer loop
      vertex 111.243 1.75736 0
      vertex 110.864 1.43414 13.3735
      vertex 110.527 1.1459 0
    endloop
  endfacet
  facet normal 0.623394 -0.781908 0
    outer loop
      vertex 111.232 1.74859 13.3735
      vertex 111.243 1.75736 0
      vertex 111.243 1.75736 13.3735
    endloop
  endfacet
  facet normal 0.64941 -0.760438 0
    outer loop
      vertex 110.527 1.1459 13.5
      vertex 111.243 1.75736 14
      vertex 110.527 1.1459 14
    endloop
  endfacet
  facet normal 0.64941 -0.760438 0
    outer loop
      vertex 111.243 1.75736 14
      vertex 110.527 1.1459 13.5
      vertex 111.243 1.75736 13.5
    endloop
  endfacet
  facet normal 0.852562 -0.522626 0
    outer loop
      vertex 112.346 3.27606 14
      vertex 111.917 2.57623 13.5
      vertex 112.346 3.27606 0
    endloop
  endfacet
  facet normal 0.852611 -0.522546 -0.000152877
    outer loop
      vertex 111.854 2.47329 14
      vertex 111.917 2.57623 13.5
      vertex 112.346 3.27606 14
    endloop
  endfacet
  facet normal 0.852942 -0.522006 0
    outer loop
      vertex 111.917 2.57623 13.5
      vertex 111.854 2.47329 14
      vertex 111.854 2.47329 13.5
    endloop
  endfacet
  facet normal 0.856423 -0.516274 0.000451968
    outer loop
      vertex 111.889 2.52977 13.4862
      vertex 112.346 3.27606 0
      vertex 111.917 2.57623 13.5
    endloop
  endfacet
  facet normal 0.782088 -0.623117 -0.0079794
    outer loop
      vertex 111.888 2.52852 13.4858
      vertex 112.346 3.27606 0
      vertex 111.889 2.52977 13.4862
    endloop
  endfacet
  facet normal 0.851574 -0.524235 0
    outer loop
      vertex 111.854 2.47329 0
      vertex 111.888 2.52852 13.4858
      vertex 111.854 2.47329 13.4858
    endloop
  endfacet
  facet normal 0.852611 -0.522546 -9.53104e-06
    outer loop
      vertex 111.888 2.52852 13.4858
      vertex 111.854 2.47329 0
      vertex 112.346 3.27606 0
    endloop
  endfacet
  facet normal -0.996917 -0.0784586 0
    outer loop
      vertex 0.0738697 5.06139 0
      vertex 0 6 14
      vertex 0 6 0
    endloop
  endfacet
  facet normal -0.996917 -0.0784586 0
    outer loop
      vertex 0 6 14
      vertex 0.0738697 5.06139 0
      vertex 0.0738697 5.06139 14
    endloop
  endfacet
  facet normal 0.382624 -0.923904 0
    outer loop
      vertex 108.854 0.29366 0
      vertex 109.724 0.65396 14
      vertex 108.854 0.29366 14
    endloop
  endfacet
  facet normal 0.382624 -0.923904 0
    outer loop
      vertex 109.724 0.65396 14
      vertex 108.854 0.29366 0
      vertex 109.724 0.65396 0
    endloop
  endfacet
  facet normal 0.853077 0.521785 0
    outer loop
      vertex 111.854 155.527 14
      vertex 111.917 155.424 13.5
      vertex 111.854 155.527 13.5
    endloop
  endfacet
  facet normal 0.852678 0.522438 -0.000184764
    outer loop
      vertex 111.917 155.424 13.5
      vertex 111.854 155.527 14
      vertex 112.346 154.724 14
    endloop
  endfacet
  facet normal 0.854788 0.518978 0
    outer loop
      vertex 111.888 155.471 13.4858
      vertex 111.854 155.527 0
      vertex 111.854 155.527 13.4858
    endloop
  endfacet
  facet normal 0.709999 0.704045 -0.0148854
    outer loop
      vertex 112.346 154.724 0
      vertex 111.888 155.471 13.4858
      vertex 111.889 155.47 13.4862
    endloop
  endfacet
  facet normal 0.854174 0.519987 0.000181491
    outer loop
      vertex 112.346 154.724 0
      vertex 111.889 155.47 13.4862
      vertex 111.917 155.424 13.5
    endloop
  endfacet
  facet normal 0.852619 0.522533 -0
    outer loop
      vertex 112.346 154.724 0
      vertex 111.917 155.424 13.5
      vertex 112.346 154.724 14
    endloop
  endfacet
  facet normal 0.852678 0.522438 1.96849e-05
    outer loop
      vertex 111.888 155.471 13.4858
      vertex 112.346 154.724 0
      vertex 111.854 155.527 0
    endloop
  endfacet
  facet normal 0.518978 0.854788 0
    outer loop
      vertex 110.527 156.854 13.4858
      vertex 110.527 156.854 0
      vertex 110.471 156.888 13.4858
    endloop
  endfacet
  facet normal 0.521785 0.853077 0
    outer loop
      vertex 110.424 156.917 13.5
      vertex 110.527 156.854 14
      vertex 110.527 156.854 13.5
    endloop
  endfacet
  facet normal 0.522438 0.852678 -0.000184764
    outer loop
      vertex 110.527 156.854 14
      vertex 110.424 156.917 13.5
      vertex 109.724 157.346 14
    endloop
  endfacet
  facet normal -0.138596 0.245209 -0.959512
    outer loop
      vertex 110.471 156.888 13.4858
      vertex 110.424 156.917 13.5
      vertex 110.47 156.889 13.4862
    endloop
  endfacet
  facet normal 0.522438 0.852678 1.96849e-05
    outer loop
      vertex 109.724 157.346 0
      vertex 110.471 156.888 13.4858
      vertex 110.527 156.854 0
    endloop
  endfacet
  facet normal 0.525068 0.85106 -0.000180925
    outer loop
      vertex 110.471 156.888 13.4858
      vertex 109.724 157.346 0
      vertex 110.424 156.917 13.5
    endloop
  endfacet
  facet normal 0.522533 0.852619 0
    outer loop
      vertex 110.424 156.917 13.5
      vertex 109.724 157.346 0
      vertex 109.724 157.346 14
    endloop
  endfacet
  facet normal -0 0 -1
    outer loop
      vertex 2.5 154.796 0
      vertex 2.48529 154.772 0
      vertex 2.5 155.5 0
    endloop
  endfacet
  facet normal 0 0 -1
    outer loop
      vertex 110.5 4.79579 0
      vertex 112.926 5.06139 0
      vertex 110.515 4.77178 0
    endloop
  endfacet
  facet normal 0 0 -1
    outer loop
      vertex 113 152 0
      vertex 110.679 153.734 0
      vertex 110.7 154 0
    endloop
  endfacet
  facet normal -0 0 -1
    outer loop
      vertex 112.926 5.06139 0
      vertex 110.5 4.79579 0
      vertex 113 6 0
    endloop
  endfacet
  facet normal 0 0 -1
    outer loop
      vertex 113 152 0
      vertex 110.617 153.475 0
      vertex 110.679 153.734 0
    endloop
  endfacet
  facet normal -0 0 -1
    outer loop
      vertex 113 6 0
      vertex 110.5 4.79579 0
      vertex 113 152 0
    endloop
  endfacet
  facet normal 0 0 -1
    outer loop
      vertex 113 152 0
      vertex 110.515 153.228 0
      vertex 110.617 153.475 0
    endloop
  endfacet
  facet normal 0 0 -1
    outer loop
      vertex 110.5 153.204 0
      vertex 113 152 0
      vertex 110.5 4.79579 0
    endloop
  endfacet
  facet normal 0 0 -1
    outer loop
      vertex 113 152 0
      vertex 110.5 153.204 0
      vertex 110.515 153.228 0
    endloop
  endfacet
  facet normal 0 0 -1
    outer loop
      vertex 110.617 4.52533 0
      vertex 112.706 4.1459 0
      vertex 110.679 4.26594 0
    endloop
  endfacet
  facet normal 0 0 -1
    outer loop
      vertex 112.706 4.1459 0
      vertex 110.617 4.52533 0
      vertex 112.926 5.06139 0
    endloop
  endfacet
  facet normal 0 0 -1
    outer loop
      vertex 110.679 4.26594 0
      vertex 112.706 4.1459 0
      vertex 110.7 4 0
    endloop
  endfacet
  facet normal 0 0 -1
    outer loop
      vertex 110.515 4.77178 0
      vertex 112.926 5.06139 0
      vertex 110.617 4.52533 0
    endloop
  endfacet
  facet normal 0 0 -1
    outer loop
      vertex 110.7 4 0
      vertex 112.706 4.1459 0
      vertex 112.346 3.27606 0
    endloop
  endfacet
  facet normal 0 0 -1
    outer loop
      vertex 113 152 0
      vertex 110.7 154 0
      vertex 112.926 152.939 0
    endloop
  endfacet
  facet normal 0 0 -1
    outer loop
      vertex 110.617 3.47467 0
      vertex 112.346 3.27606 0
      vertex 111.854 2.47329 0
    endloop
  endfacet
  facet normal 0 0 -1
    outer loop
      vertex 112.926 152.939 0
      vertex 110.7 154 0
      vertex 112.706 153.854 0
    endloop
  endfacet
  facet normal 0 0 -1
    outer loop
      vertex 110.5 2.5 0
      vertex 111.854 2.47329 0
      vertex 111.243 1.75736 0
    endloop
  endfacet
  facet normal 0 0 -1
    outer loop
      vertex 112.706 153.854 0
      vertex 110.7 154 0
      vertex 112.346 154.724 0
    endloop
  endfacet
  facet normal 0 0 -1
    outer loop
      vertex 110.679 154.266 0
      vertex 112.346 154.724 0
      vertex 110.7 154 0
    endloop
  endfacet
  facet normal 0 0 -1
    outer loop
      vertex 112.346 3.27606 0
      vertex 110.679 3.73406 0
      vertex 110.7 4 0
    endloop
  endfacet
  facet normal 0 0 -1
    outer loop
      vertex 112.346 3.27606 0
      vertex 110.617 3.47467 0
      vertex 110.679 3.73406 0
    endloop
  endfacet
  facet normal 0 0 -1
    outer loop
      vertex 110.5 2.5 0
      vertex 111.243 1.75736 0
      vertex 110.527 1.1459 0
    endloop
  endfacet
  facet normal 0 0 -1
    outer loop
      vertex 111.854 2.47329 0
      vertex 110.5 2.5 0
      vertex 110.515 3.22822 0
    endloop
  endfacet
  facet normal 0 0 -1
    outer loop
      vertex 111.854 2.47329 0
      vertex 110.515 3.22822 0
      vertex 110.617 3.47467 0
    endloop
  endfacet
  facet normal 0 0 -1
    outer loop
      vertex 109.772 2.48529 0
      vertex 110.5 2.5 0
      vertex 110.527 1.1459 0
    endloop
  endfacet
  facet normal -0 0 -1
    outer loop
      vertex 110.5 2.5 0
      vertex 109.772 2.48529 0
      vertex 109.796 2.5 0
    endloop
  endfacet
  facet normal 0 0 -1
    outer loop
      vertex 109.525 2.3832 0
      vertex 110.527 1.1459 0
      vertex 109.724 0.65396 0
    endloop
  endfacet
  facet normal 0 0 -1
    outer loop
      vertex 110.527 1.1459 0
      vertex 109.525 2.3832 0
      vertex 109.772 2.48529 0
    endloop
  endfacet
  facet normal 0 0 -1
    outer loop
      vertex 109.724 0.65396 0
      vertex 109.266 2.32093 0
      vertex 109.525 2.3832 0
    endloop
  endfacet
  facet normal 0 0 -1
    outer loop
      vertex 109.724 0.65396 0
      vertex 109 2.3 0
      vertex 109.266 2.32093 0
    endloop
  endfacet
  facet normal 0 0 -1
    outer loop
      vertex 108.854 0.29366 0
      vertex 109 2.3 0
      vertex 109.724 0.65396 0
    endloop
  endfacet
  facet normal 0 0 -1
    outer loop
      vertex 108.854 0.29366 0
      vertex 108.734 2.32093 0
      vertex 109 2.3 0
    endloop
  endfacet
  facet normal 0 0 -1
    outer loop
      vertex 108.854 0.29366 0
      vertex 108.475 2.3832 0
      vertex 108.734 2.32093 0
    endloop
  endfacet
  facet normal 0 0 -1
    outer loop
      vertex 107.939 0.0738697 0
      vertex 108.475 2.3832 0
      vertex 108.854 0.29366 0
    endloop
  endfacet
  facet normal -0 0 -1
    outer loop
      vertex 108.475 2.3832 0
      vertex 107.939 0.0738697 0
      vertex 108.228 2.48529 0
    endloop
  endfacet
  facet normal -0 0 -1
    outer loop
      vertex 108.228 2.48529 0
      vertex 107.939 0.0738697 0
      vertex 108.204 2.5 0
    endloop
  endfacet
  facet normal 0 0 -1
    outer loop
      vertex 107 0 0
      vertex 108.204 2.5 0
      vertex 107.939 0.0738697 0
    endloop
  endfacet
  facet normal 0 0 -1
    outer loop
      vertex 6 0 0
      vertex 108.204 2.5 0
      vertex 107 0 0
    endloop
  endfacet
  facet normal 0 0 -1
    outer loop
      vertex 4.79579 2.5 0
      vertex 6 0 0
      vertex 5.06139 0.0738697 0
    endloop
  endfacet
  facet normal 0 0 -1
    outer loop
      vertex 6 0 0
      vertex 4.79579 2.5 0
      vertex 108.204 2.5 0
    endloop
  endfacet
  facet normal 0 0 -1
    outer loop
      vertex 5.06139 0.0738697 0
      vertex 4.77178 2.48529 0
      vertex 4.79579 2.5 0
    endloop
  endfacet
  facet normal 0 0 -1
    outer loop
      vertex 5.06139 0.0738697 0
      vertex 4.52533 2.3832 0
      vertex 4.77178 2.48529 0
    endloop
  endfacet
  facet normal 0 0 -1
    outer loop
      vertex 4.1459 0.29366 0
      vertex 4.52533 2.3832 0
      vertex 5.06139 0.0738697 0
    endloop
  endfacet
  facet normal 0 0 -1
    outer loop
      vertex 4.52533 2.3832 0
      vertex 4.1459 0.29366 0
      vertex 4.26594 2.32093 0
    endloop
  endfacet
  facet normal 0 0 -1
    outer loop
      vertex 4.1459 0.29366 0
      vertex 4 2.3 0
      vertex 4.26594 2.32093 0
    endloop
  endfacet
  facet normal 0 0 -1
    outer loop
      vertex 3.27606 0.65396 0
      vertex 4 2.3 0
      vertex 4.1459 0.29366 0
    endloop
  endfacet
  facet normal -0 0 -1
    outer loop
      vertex 4 2.3 0
      vertex 3.27606 0.65396 0
      vertex 3.73406 2.32093 0
    endloop
  endfacet
  facet normal -0 0 -1
    outer loop
      vertex 3.73406 2.32093 0
      vertex 3.27606 0.65396 0
      vertex 3.47467 2.3832 0
    endloop
  endfacet
  facet normal 0 0 -1
    outer loop
      vertex 2.47329 1.1459 0
      vertex 3.47467 2.3832 0
      vertex 3.27606 0.65396 0
    endloop
  endfacet
  facet normal -0 0 -1
    outer loop
      vertex 3.47467 2.3832 0
      vertex 2.47329 1.1459 0
      vertex 3.22822 2.48529 0
    endloop
  endfacet
  facet normal 0 -0 -1
    outer loop
      vertex 2.5 2.5 0
      vertex 3.22822 2.48529 0
      vertex 2.47329 1.1459 0
    endloop
  endfacet
  facet normal 0 0 -1
    outer loop
      vertex 2.5 2.5 0
      vertex 2.48529 3.22822 0
      vertex 2.5 3.20421 0
    endloop
  endfacet
  facet normal 0 0 -1
    outer loop
      vertex 3.22822 2.48529 0
      vertex 2.5 2.5 0
      vertex 3.20421 2.5 0
    endloop
  endfacet
  facet normal 0 0 -1
    outer loop
      vertex 1.75736 1.75736 0
      vertex 2.5 2.5 0
      vertex 2.47329 1.1459 0
    endloop
  endfacet
  facet normal 0 0 -1
    outer loop
      vertex 1.1459 2.47329 0
      vertex 2.5 2.5 0
      vertex 1.75736 1.75736 0
    endloop
  endfacet
  facet normal -0 0 -1
    outer loop
      vertex 2.5 2.5 0
      vertex 1.1459 2.47329 0
      vertex 2.48529 3.22822 0
    endloop
  endfacet
  facet normal -0 0 -1
    outer loop
      vertex 2.48529 3.22822 0
      vertex 1.1459 2.47329 0
      vertex 2.3832 3.47467 0
    endloop
  endfacet
  facet normal -0 0 -1
    outer loop
      vertex 2.5 153.204 0
      vertex 0.0738697 152.939 0
      vertex 2.48529 153.228 0
    endloop
  endfacet
  facet normal 0 0 -1
    outer loop
      vertex 0.65396 3.27606 0
      vertex 2.3832 3.47467 0
      vertex 1.1459 2.47329 0
    endloop
  endfacet
  facet normal 0 0 -1
    outer loop
      vertex 110.617 154.525 0
      vertex 112.346 154.724 0
      vertex 110.679 154.266 0
    endloop
  endfacet
  facet normal -0 0 -1
    outer loop
      vertex 112.346 154.724 0
      vertex 110.617 154.525 0
      vertex 111.854 155.527 0
    endloop
  endfacet
  facet normal 0 0 -1
    outer loop
      vertex 110.515 154.772 0
      vertex 111.854 155.527 0
      vertex 110.617 154.525 0
    endloop
  endfacet
  facet normal 0 0 -1
    outer loop
      vertex 110.5 155.5 0
      vertex 111.854 155.527 0
      vertex 110.515 154.772 0
    endloop
  endfacet
  facet normal -0 0 -1
    outer loop
      vertex 111.854 155.527 0
      vertex 110.5 155.5 0
      vertex 111.243 156.243 0
    endloop
  endfacet
  facet normal 0 0 -1
    outer loop
      vertex 110.5 155.5 0
      vertex 110.515 154.772 0
      vertex 110.5 154.796 0
    endloop
  endfacet
  facet normal -0 0 -1
    outer loop
      vertex 111.243 156.243 0
      vertex 110.5 155.5 0
      vertex 110.527 156.854 0
    endloop
  endfacet
  facet normal 0 0 -1
    outer loop
      vertex 109.772 155.515 0
      vertex 110.5 155.5 0
      vertex 109.796 155.5 0
    endloop
  endfacet
  facet normal 0 0 -1
    outer loop
      vertex 110.5 155.5 0
      vertex 109.772 155.515 0
      vertex 110.527 156.854 0
    endloop
  endfacet
  facet normal 0 0 -1
    outer loop
      vertex 109.525 155.617 0
      vertex 110.527 156.854 0
      vertex 109.772 155.515 0
    endloop
  endfacet
  facet normal -0 0 -1
    outer loop
      vertex 110.527 156.854 0
      vertex 109.525 155.617 0
      vertex 109.724 157.346 0
    endloop
  endfacet
  facet normal 0 0 -1
    outer loop
      vertex 109.266 155.679 0
      vertex 109.724 157.346 0
      vertex 109.525 155.617 0
    endloop
  endfacet
  facet normal 0 0 -1
    outer loop
      vertex 109 155.7 0
      vertex 109.724 157.346 0
      vertex 109.266 155.679 0
    endloop
  endfacet
  facet normal 0 0 -1
    outer loop
      vertex 109 155.7 0
      vertex 108.854 157.706 0
      vertex 109.724 157.346 0
    endloop
  endfacet
  facet normal 0 0 -1
    outer loop
      vertex 108.734 155.679 0
      vertex 108.854 157.706 0
      vertex 109 155.7 0
    endloop
  endfacet
  facet normal 0 0 -1
    outer loop
      vertex 108.475 155.617 0
      vertex 108.854 157.706 0
      vertex 108.734 155.679 0
    endloop
  endfacet
  facet normal 0 0 -1
    outer loop
      vertex 107.939 157.926 0
      vertex 108.475 155.617 0
      vertex 108.228 155.515 0
    endloop
  endfacet
  facet normal 0 0 -1
    outer loop
      vertex 107.939 157.926 0
      vertex 108.228 155.515 0
      vertex 108.204 155.5 0
    endloop
  endfacet
  facet normal 0 0 -1
    outer loop
      vertex 108.475 155.617 0
      vertex 107.939 157.926 0
      vertex 108.854 157.706 0
    endloop
  endfacet
  facet normal 0 0 -1
    outer loop
      vertex 108.204 155.5 0
      vertex 107 158 0
      vertex 107.939 157.926 0
    endloop
  endfacet
  facet normal 0 0 -1
    outer loop
      vertex 108.204 155.5 0
      vertex 6 158 0
      vertex 107 158 0
    endloop
  endfacet
  facet normal 0 0 -1
    outer loop
      vertex 4.79579 155.5 0
      vertex 6 158 0
      vertex 108.204 155.5 0
    endloop
  endfacet
  facet normal 0 0 -1
    outer loop
      vertex 6 158 0
      vertex 4.79579 155.5 0
      vertex 5.06139 157.926 0
    endloop
  endfacet
  facet normal 0 0 -1
    outer loop
      vertex 4.77178 155.515 0
      vertex 5.06139 157.926 0
      vertex 4.79579 155.5 0
    endloop
  endfacet
  facet normal 0 0 -1
    outer loop
      vertex 4.52533 155.617 0
      vertex 5.06139 157.926 0
      vertex 4.77178 155.515 0
    endloop
  endfacet
  facet normal 0 0 -1
    outer loop
      vertex 4.1459 157.706 0
      vertex 4.52533 155.617 0
      vertex 4.26594 155.679 0
    endloop
  endfacet
  facet normal 0 0 -1
    outer loop
      vertex 4.52533 155.617 0
      vertex 4.1459 157.706 0
      vertex 5.06139 157.926 0
    endloop
  endfacet
  facet normal 0 0 -1
    outer loop
      vertex 4 155.7 0
      vertex 4.1459 157.706 0
      vertex 4.26594 155.679 0
    endloop
  endfacet
  facet normal 0 0 -1
    outer loop
      vertex 3.27606 157.346 0
      vertex 4 155.7 0
      vertex 3.73406 155.679 0
    endloop
  endfacet
  facet normal 0 0 -1
    outer loop
      vertex 3.27606 157.346 0
      vertex 3.73406 155.679 0
      vertex 3.47467 155.617 0
    endloop
  endfacet
  facet normal 0 0 -1
    outer loop
      vertex 4 155.7 0
      vertex 3.27606 157.346 0
      vertex 4.1459 157.706 0
    endloop
  endfacet
  facet normal 0 0 -1
    outer loop
      vertex 2.47329 156.854 0
      vertex 3.47467 155.617 0
      vertex 3.22822 155.515 0
    endloop
  endfacet
  facet normal 0 0 -1
    outer loop
      vertex 2.5 155.5 0
      vertex 3.22822 155.515 0
      vertex 3.20421 155.5 0
    endloop
  endfacet
  facet normal -0 0 -1
    outer loop
      vertex 3.22822 155.515 0
      vertex 2.5 155.5 0
      vertex 2.47329 156.854 0
    endloop
  endfacet
  facet normal 0 0 -1
    outer loop
      vertex 3.47467 155.617 0
      vertex 2.47329 156.854 0
      vertex 3.27606 157.346 0
    endloop
  endfacet
  facet normal 0 0 -1
    outer loop
      vertex 1.1459 155.527 0
      vertex 2.5 155.5 0
      vertex 2.48529 154.772 0
    endloop
  endfacet
  facet normal 0 0 -1
    outer loop
      vertex 1.1459 155.527 0
      vertex 2.48529 154.772 0
      vertex 2.3832 154.525 0
    endloop
  endfacet
  facet normal 0 0 -1
    outer loop
      vertex 0.65396 154.724 0
      vertex 2.3832 154.525 0
      vertex 2.32093 154.266 0
    endloop
  endfacet
  facet normal 0 0 -1
    outer loop
      vertex 0.65396 154.724 0
      vertex 2.32093 154.266 0
      vertex 2.3 154 0
    endloop
  endfacet
  facet normal 0 0 -1
    outer loop
      vertex 2.5 155.5 0
      vertex 1.75736 156.243 0
      vertex 2.47329 156.854 0
    endloop
  endfacet
  facet normal -0 0 -1
    outer loop
      vertex 2.48529 153.228 0
      vertex 0.0738697 152.939 0
      vertex 2.3832 153.475 0
    endloop
  endfacet
  facet normal -0 0 -1
    outer loop
      vertex 2.3832 3.47467 0
      vertex 0.65396 3.27606 0
      vertex 2.32093 3.73406 0
    endloop
  endfacet
  facet normal 0 -0 -1
    outer loop
      vertex 0.29366 153.854 0
      vertex 2.3832 153.475 0
      vertex 0.0738697 152.939 0
    endloop
  endfacet
  facet normal 0 0 -1
    outer loop
      vertex 0.29366 4.1459 0
      vertex 2.32093 3.73406 0
      vertex 0.65396 3.27606 0
    endloop
  endfacet
  facet normal 0 0 -1
    outer loop
      vertex 2.3832 153.475 0
      vertex 0.29366 153.854 0
      vertex 2.32093 153.734 0
    endloop
  endfacet
  facet normal 0 0 -1
    outer loop
      vertex 0.0738697 5.06139 0
      vertex 2.32093 3.73406 0
      vertex 0.29366 4.1459 0
    endloop
  endfacet
  facet normal 0 0 -1
    outer loop
      vertex 2.5 155.5 0
      vertex 1.1459 155.527 0
      vertex 1.75736 156.243 0
    endloop
  endfacet
  facet normal 0 0 -1
    outer loop
      vertex 2.32093 3.73406 0
      vertex 0.0738697 5.06139 0
      vertex 0 6 0
    endloop
  endfacet
  facet normal 0 0 -1
    outer loop
      vertex 2.3832 154.525 0
      vertex 0.65396 154.724 0
      vertex 1.1459 155.527 0
    endloop
  endfacet
  facet normal -0 0 -1
    outer loop
      vertex 2.3 154 0
      vertex 0.29366 153.854 0
      vertex 0.65396 154.724 0
    endloop
  endfacet
  facet normal 0 0 -1
    outer loop
      vertex 2.32093 153.734 0
      vertex 0.29366 153.854 0
      vertex 2.3 154 0
    endloop
  endfacet
  facet normal 0 0 -1
    outer loop
      vertex 110.515 3.22822 0
      vertex 110.5 2.5 0
      vertex 110.5 3.20421 0
    endloop
  endfacet
  facet normal 0 0 -1
    outer loop
      vertex 0 6 0
      vertex 2.5 4.79579 0
      vertex 2.48529 4.77178 0
    endloop
  endfacet
  facet normal 0 0 -1
    outer loop
      vertex 2.5 4.79579 0
      vertex 0 6 0
      vertex 2.5 153.204 0
    endloop
  endfacet
  facet normal 0 0 -1
    outer loop
      vertex 0 6 0
      vertex 2.48529 4.77178 0
      vertex 2.3832 4.52533 0
    endloop
  endfacet
  facet normal 0 0 -1
    outer loop
      vertex 0 152 0
      vertex 2.5 153.204 0
      vertex 0 6 0
    endloop
  endfacet
  facet normal 0 0 -1
    outer loop
      vertex 0 6 0
      vertex 2.3832 4.52533 0
      vertex 2.32093 4.26594 0
    endloop
  endfacet
  facet normal 0 -0 -1
    outer loop
      vertex 0.0738697 152.939 0
      vertex 2.5 153.204 0
      vertex 0 152 0
    endloop
  endfacet
  facet normal 0 0 -1
    outer loop
      vertex 2.32093 3.73406 0
      vertex 0 6 0
      vertex 2.3 4 0
    endloop
  endfacet
  facet normal 0 0 -1
    outer loop
      vertex 2.3 4 0
      vertex 0 6 0
      vertex 2.32093 4.26594 0
    endloop
  endfacet
  facet normal 0.233775 0.972291 -0
    outer loop
      vertex 108.854 157.706 0
      vertex 107.939 157.926 14
      vertex 108.854 157.706 14
    endloop
  endfacet
  facet normal 0.233775 0.972291 0
    outer loop
      vertex 107.939 157.926 14
      vertex 108.854 157.706 0
      vertex 107.939 157.926 0
    endloop
  endfacet
  facet normal 0.649127 0.76068 -0
    outer loop
      vertex 111.243 156.243 13.5
      vertex 110.527 156.854 14
      vertex 111.243 156.243 14
    endloop
  endfacet
  facet normal 0.649127 0.76068 0
    outer loop
      vertex 110.527 156.854 14
      vertex 111.243 156.243 13.5
      vertex 110.527 156.854 13.5
    endloop
  endfacet
  facet normal 0.588172 0.808736 0
    outer loop
      vertex 111.243 156.243 13.3735
      vertex 111.243 156.243 0
      vertex 111.232 156.251 13.3735
    endloop
  endfacet
  facet normal 0.650281 0.759694 8.04236e-05
    outer loop
      vertex 111.243 156.243 0
      vertex 110.864 156.566 13.3735
      vertex 111.232 156.251 13.3735
    endloop
  endfacet
  facet normal 0.649127 0.76068 2.39117e-05
    outer loop
      vertex 110.527 156.854 0
      vertex 110.864 156.566 13.3735
      vertex 111.243 156.243 0
    endloop
  endfacet
  facet normal 0.624909 0.780697 0.00106527
    outer loop
      vertex 110.864 156.566 13.3735
      vertex 110.527 156.854 0
      vertex 110.854 156.574 13.3768
    endloop
  endfacet
  facet normal 0.650409 0.759584 0
    outer loop
      vertex 110.854 156.574 13.3768
      vertex 110.527 156.854 0
      vertex 110.527 156.854 13.4858
    endloop
  endfacet
  facet normal -0.781908 0.623394 0
    outer loop
      vertex 1.75736 156.243 0
      vertex 1.74859 156.232 13.3735
      vertex 1.75736 156.243 13.3735
    endloop
  endfacet
  facet normal -0.760255 0.649625 3.57755e-05
    outer loop
      vertex 1.75736 156.243 0
      vertex 1.43414 155.864 13.3735
      vertex 1.74859 156.232 13.3735
    endloop
  endfacet
  facet normal -0.760438 0.64941 2.52399e-05
    outer loop
      vertex 1.1459 155.527 0
      vertex 1.43414 155.864 13.3735
      vertex 1.75736 156.243 0
    endloop
  endfacet
  facet normal -0.760805 0.648981 4.3951e-05
    outer loop
      vertex 1.43414 155.864 13.3735
      vertex 1.1459 155.527 0
      vertex 1.42561 155.854 13.3768
    endloop
  endfacet
  facet normal -0.759917 0.65002 0
    outer loop
      vertex 1.42561 155.854 13.3768
      vertex 1.1459 155.527 0
      vertex 1.1459 155.527 13.4858
    endloop
  endfacet
  facet normal -0.760438 0.64941 0
    outer loop
      vertex 1.1459 155.527 13.5
      vertex 1.75736 156.243 14
      vertex 1.75736 156.243 13.5
    endloop
  endfacet
  facet normal -0.760438 0.64941 0
    outer loop
      vertex 1.75736 156.243 14
      vertex 1.1459 155.527 13.5
      vertex 1.1459 155.527 14
    endloop
  endfacet
  facet normal -0.233657 0.972319 0
    outer loop
      vertex 5.06139 157.926 0
      vertex 4.1459 157.706 14
      vertex 5.06139 157.926 14
    endloop
  endfacet
  facet normal -0.233657 0.972319 0
    outer loop
      vertex 4.1459 157.706 14
      vertex 5.06139 157.926 0
      vertex 4.1459 157.706 0
    endloop
  endfacet
  facet normal 0.233564 -0.972341 0
    outer loop
      vertex 107.939 0.0738697 0
      vertex 108.854 0.29366 14
      vertex 107.939 0.0738697 14
    endloop
  endfacet
  facet normal 0.233564 -0.972341 0
    outer loop
      vertex 108.854 0.29366 14
      vertex 107.939 0.0738697 0
      vertex 108.854 0.29366 0
    endloop
  endfacet
  facet normal -0.855803 0.517302 0
    outer loop
      vertex 1.1459 155.527 0
      vertex 1.11205 155.471 13.4858
      vertex 1.1459 155.527 13.4858
    endloop
  endfacet
  facet normal -0.852706 0.522391 2.89054e-05
    outer loop
      vertex 0.65396 154.724 0
      vertex 1.11205 155.471 13.4858
      vertex 1.1459 155.527 0
    endloop
  endfacet
  facet normal -0.793613 0.608385 -0.00674173
    outer loop
      vertex 1.11205 155.471 13.4858
      vertex 0.65396 154.724 0
      vertex 1.11128 155.47 13.4862
    endloop
  endfacet
  facet normal -0.850353 0.526213 -0.000272233
    outer loop
      vertex 1.11128 155.47 13.4862
      vertex 0.65396 154.724 0
      vertex 1.08281 155.424 13.5
    endloop
  endfacet
  facet normal -0.852745 0.522327 0
    outer loop
      vertex 1.08281 155.424 13.5
      vertex 1.1459 155.527 14
      vertex 1.1459 155.527 13.5
    endloop
  endfacet
  facet normal -0.852706 0.522391 -1.81585e-05
    outer loop
      vertex 1.08281 155.424 13.5
      vertex 0.65396 154.724 14
      vertex 1.1459 155.527 14
    endloop
  endfacet
  facet normal -0.8527 0.522401 0
    outer loop
      vertex 0.65396 154.724 14
      vertex 1.08281 155.424 13.5
      vertex 0.65396 154.724 0
    endloop
  endfacet
  facet normal -0.382684 -0.923879 0
    outer loop
      vertex 3.27606 0.65396 0
      vertex 4.1459 0.29366 14
      vertex 3.27606 0.65396 14
    endloop
  endfacet
  facet normal -0.382684 -0.923879 -0
    outer loop
      vertex 4.1459 0.29366 14
      vertex 3.27606 0.65396 0
      vertex 4.1459 0.29366 0
    endloop
  endfacet
  facet normal -0.522546 0.852611 -0.000152877
    outer loop
      vertex 3.27606 157.346 14
      vertex 2.57623 156.917 13.5
      vertex 2.47329 156.854 14
    endloop
  endfacet
  facet normal 0.219841 0.112795 -0.968993
    outer loop
      vertex 2.57623 156.917 13.5
      vertex 2.52852 156.888 13.4858
      vertex 2.52977 156.889 13.4862
    endloop
  endfacet
  facet normal -0.522626 0.852562 0
    outer loop
      vertex 3.27606 157.346 0
      vertex 2.57623 156.917 13.5
      vertex 3.27606 157.346 14
    endloop
  endfacet
  facet normal -0.519462 0.854494 0.000225401
    outer loop
      vertex 3.27606 157.346 0
      vertex 2.52852 156.888 13.4858
      vertex 2.57623 156.917 13.5
    endloop
  endfacet
  facet normal -0.522546 0.852611 -9.53104e-06
    outer loop
      vertex 2.47329 156.854 0
      vertex 2.52852 156.888 13.4858
      vertex 3.27606 157.346 0
    endloop
  endfacet
  facet normal -0.524235 0.851574 0
    outer loop
      vertex 2.52852 156.888 13.4858
      vertex 2.47329 156.854 0
      vertex 2.47329 156.854 13.4858
    endloop
  endfacet
  facet normal -0.522006 0.852942 0
    outer loop
      vertex 2.47329 156.854 14
      vertex 2.57623 156.917 13.5
      vertex 2.47329 156.854 13.5
    endloop
  endfacet
  facet normal -0.649164 0.760648 0
    outer loop
      vertex 2.47329 156.854 13.5
      vertex 1.75736 156.243 14
      vertex 2.47329 156.854 14
    endloop
  endfacet
  facet normal -0.649164 0.760648 0
    outer loop
      vertex 1.75736 156.243 14
      vertex 2.47329 156.854 13.5
      vertex 1.75736 156.243 13.5
    endloop
  endfacet
  facet normal -0.650098 0.759851 4.42066e-05
    outer loop
      vertex 1.75736 156.243 0
      vertex 1.76762 156.251 13.3735
      vertex 2.1358 156.566 13.3735
    endloop
  endfacet
  facet normal -0.614898 0.788607 0
    outer loop
      vertex 1.76762 156.251 13.3735
      vertex 1.75736 156.243 0
      vertex 1.75736 156.243 13.3735
    endloop
  endfacet
  facet normal -0.649835 0.760075 0
    outer loop
      vertex 2.47329 156.854 0
      vertex 2.14579 156.574 13.3768
      vertex 2.47329 156.854 13.4858
    endloop
  endfacet
  facet normal -0.625282 0.780398 0.00102651
    outer loop
      vertex 2.47329 156.854 0
      vertex 2.1358 156.566 13.3735
      vertex 2.14579 156.574 13.3768
    endloop
  endfacet
  facet normal -0.649164 0.760648 -1.47371e-06
    outer loop
      vertex 1.75736 156.243 0
      vertex 2.1358 156.566 13.3735
      vertex 2.47329 156.854 0
    endloop
  endfacet
  facet normal -0.99692 0.0784262 0
    outer loop
      vertex 0 152 0
      vertex 0.0738697 152.939 14
      vertex 0.0738697 152.939 0
    endloop
  endfacet
  facet normal -0.99692 0.0784262 0
    outer loop
      vertex 0.0738697 152.939 14
      vertex 0 152 0
      vertex 0 152 14
    endloop
  endfacet
  facet normal 0.972291 0.233775 0
    outer loop
      vertex 112.926 152.939 14
      vertex 112.706 153.854 0
      vertex 112.706 153.854 14
    endloop
  endfacet
  facet normal 0.972291 0.233775 0
    outer loop
      vertex 112.706 153.854 0
      vertex 112.926 152.939 14
      vertex 112.926 152.939 0
    endloop
  endfacet
  facet normal -0.760408 -0.649446 0
    outer loop
      vertex 1.1459 2.47329 0
      vertex 1.42561 2.14579 13.3768
      vertex 1.1459 2.47329 13.4858
    endloop
  endfacet
  facet normal -0.76049 -0.649349 4.10913e-06
    outer loop
      vertex 1.1459 2.47329 0
      vertex 1.43414 2.1358 13.3735
      vertex 1.42561 2.14579 13.3768
    endloop
  endfacet
  facet normal -0.760407 -0.649447 -1.56632e-07
    outer loop
      vertex 1.75736 1.75736 0
      vertex 1.43414 2.1358 13.3735
      vertex 1.1459 2.47329 0
    endloop
  endfacet
  facet normal -0.760412 -0.649442 -4.14131e-07
    outer loop
      vertex 1.43414 2.1358 13.3735
      vertex 1.75736 1.75736 0
      vertex 1.74859 1.76762 13.3735
    endloop
  endfacet
  facet normal -0.760145 -0.649754 0
    outer loop
      vertex 1.74859 1.76762 13.3735
      vertex 1.75736 1.75736 0
      vertex 1.75736 1.75736 13.3735
    endloop
  endfacet
  facet normal -0.760407 -0.649447 0
    outer loop
      vertex 1.75736 1.75736 13.5
      vertex 1.1459 2.47329 14
      vertex 1.1459 2.47329 13.5
    endloop
  endfacet
  facet normal -0.760407 -0.649447 0
    outer loop
      vertex 1.1459 2.47329 14
      vertex 1.75736 1.75736 13.5
      vertex 1.75736 1.75736 14
    endloop
  endfacet
  facet normal -0.233446 -0.97237 0
    outer loop
      vertex 4.1459 0.29366 0
      vertex 5.06139 0.0738697 14
      vertex 4.1459 0.29366 14
    endloop
  endfacet
  facet normal -0.233446 -0.97237 -0
    outer loop
      vertex 5.06139 0.0738697 14
      vertex 4.1459 0.29366 0
      vertex 5.06139 0.0738697 0
    endloop
  endfacet
  facet normal -0.0784586 -0.996917 0
    outer loop
      vertex 5.06139 0.0738697 0
      vertex 6 0 14
      vertex 5.06139 0.0738697 14
    endloop
  endfacet
  facet normal -0.0784586 -0.996917 -0
    outer loop
      vertex 6 0 14
      vertex 5.06139 0.0738697 0
      vertex 6 0 0
    endloop
  endfacet
  facet normal -0.649754 -0.760145 0
    outer loop
      vertex 1.75736 1.75736 0
      vertex 1.76762 1.74859 13.3735
      vertex 1.75736 1.75736 13.3735
    endloop
  endfacet
  facet normal -0.649442 -0.760412 -4.14131e-07
    outer loop
      vertex 1.76762 1.74859 13.3735
      vertex 1.75736 1.75736 0
      vertex 2.1358 1.43414 13.3735
    endloop
  endfacet
  facet normal -0.649349 -0.76049 4.10913e-06
    outer loop
      vertex 2.47329 1.1459 0
      vertex 2.14579 1.42561 13.3768
      vertex 2.1358 1.43414 13.3735
    endloop
  endfacet
  facet normal -0.649447 -0.760407 -1.56632e-07
    outer loop
      vertex 2.47329 1.1459 0
      vertex 2.1358 1.43414 13.3735
      vertex 1.75736 1.75736 0
    endloop
  endfacet
  facet normal -0.649446 -0.760408 0
    outer loop
      vertex 2.14579 1.42561 13.3768
      vertex 2.47329 1.1459 0
      vertex 2.47329 1.1459 13.4858
    endloop
  endfacet
  facet normal -0.649447 -0.760407 0
    outer loop
      vertex 1.75736 1.75736 13.5
      vertex 2.47329 1.1459 14
      vertex 1.75736 1.75736 14
    endloop
  endfacet
  facet normal -0.649447 -0.760407 -0
    outer loop
      vertex 2.47329 1.1459 14
      vertex 1.75736 1.75736 13.5
      vertex 2.47329 1.1459 13.5
    endloop
  endfacet
  facet normal -0.522555 -0.852606 -0
    outer loop
      vertex 2.47329 1.1459 13.4858
      vertex 2.47329 1.1459 0
      vertex 2.52852 1.11205 13.4858
    endloop
  endfacet
  facet normal -0.522488 -0.852646 0
    outer loop
      vertex 2.57623 1.08282 13.5
      vertex 2.47329 1.1459 14
      vertex 2.47329 1.1459 13.5
    endloop
  endfacet
  facet normal -0.5225 -0.852639 -3.33931e-06
    outer loop
      vertex 2.47329 1.1459 14
      vertex 2.57623 1.08282 13.5
      vertex 3.27606 0.65396 14
    endloop
  endfacet
  facet normal -0.48992 -0.862208 -0.128749
    outer loop
      vertex 2.52852 1.11205 13.4858
      vertex 2.57623 1.08282 13.5
      vertex 2.52977 1.11128 13.4862
    endloop
  endfacet
  facet normal -0.5225 -0.852639 -3.08599e-07
    outer loop
      vertex 3.27606 0.65396 0
      vertex 2.52852 1.11205 13.4858
      vertex 2.47329 1.1459 0
    endloop
  endfacet
  facet normal -0.522413 -0.852693 6.36199e-06
    outer loop
      vertex 2.52852 1.11205 13.4858
      vertex 3.27606 0.65396 0
      vertex 2.57623 1.08282 13.5
    endloop
  endfacet
  facet normal -0.522502 -0.852638 0
    outer loop
      vertex 2.57623 1.08282 13.5
      vertex 3.27606 0.65396 0
      vertex 3.27606 0.65396 14
    endloop
  endfacet
  facet normal -1 0 0
    outer loop
      vertex 110.5 154.796 11
      vertex 110.5 155.5 11.5
      vertex 110.5 155.5 0
    endloop
  endfacet
  facet normal -1 -0 0
    outer loop
      vertex 110.5 155.5 11.5
      vertex 110.5 155.175 11.3378
      vertex 110.5 155.329 11.5
    endloop
  endfacet
  facet normal -1 0 0
    outer loop
      vertex 110.5 155.5 11.5
      vertex 110.5 155.09 11.2486
      vertex 110.5 155.175 11.3378
    endloop
  endfacet
  facet normal -1 0 0
    outer loop
      vertex 110.5 154.796 11
      vertex 110.5 155.5 0
      vertex 110.5 154.796 0
    endloop
  endfacet
  facet normal -1 0 0
    outer loop
      vertex 110.5 155.5 11.5
      vertex 110.5 154.796 11
      vertex 110.5 155.09 11.2486
    endloop
  endfacet
  facet normal -1 0 0
    outer loop
      vertex 110.5 2.5 0
      vertex 110.5 3.20421 11
      vertex 110.5 3.20421 0
    endloop
  endfacet
  facet normal -1 0 0
    outer loop
      vertex 110.5 2.5 11.5
      vertex 110.5 3.20421 11
      vertex 110.5 2.5 0
    endloop
  endfacet
  facet normal -1 0 0
    outer loop
      vertex 110.5 3.20421 11
      vertex 110.5 2.5 11.5
      vertex 110.5 2.91019 11.2486
    endloop
  endfacet
  facet normal -1 0 0
    outer loop
      vertex 110.5 2.91019 11.2486
      vertex 110.5 2.5 11.5
      vertex 110.5 2.82528 11.3378
    endloop
  endfacet
  facet normal -1 0 0
    outer loop
      vertex 110.5 2.82528 11.3378
      vertex 110.5 2.5 11.5
      vertex 110.5 2.67088 11.5
    endloop
  endfacet
  facet normal -1 0 0
    outer loop
      vertex 110.5 153.204 0
      vertex 110.5 152.91 11.2486
      vertex 110.5 153.204 11
    endloop
  endfacet
  facet normal -1 0 0
    outer loop
      vertex 110.5 153.204 0
      vertex 110.5 152.825 11.3378
      vertex 110.5 152.91 11.2486
    endloop
  endfacet
  facet normal -1 0 0
    outer loop
      vertex 110.5 153.204 0
      vertex 110.5 152.671 11.5
      vertex 110.5 152.825 11.3378
    endloop
  endfacet
  facet normal -1 0 0
    outer loop
      vertex 110.5 153.204 0
      vertex 110.5 5.32912 11.5
      vertex 110.5 152.671 11.5
    endloop
  endfacet
  facet normal -1 0 0
    outer loop
      vertex 110.5 4.79579 0
      vertex 110.5 5.32912 11.5
      vertex 110.5 153.204 0
    endloop
  endfacet
  facet normal -1 0 0
    outer loop
      vertex 110.5 5.32912 11.5
      vertex 110.5 4.79579 0
      vertex 110.5 5.17472 11.3378
    endloop
  endfacet
  facet normal -1 0 0
    outer loop
      vertex 110.5 5.17472 11.3378
      vertex 110.5 4.79579 0
      vertex 110.5 5.08981 11.2486
    endloop
  endfacet
  facet normal -1 0 0
    outer loop
      vertex 110.5 5.08981 11.2486
      vertex 110.5 4.79579 0
      vertex 110.5 4.79579 11
    endloop
  endfacet
  facet normal 0 0 -1
    outer loop
      vertex 2.57872 155.421 11.5
      vertex 2.5 155.5 11.5
      vertex 2.67088 155.5 11.5
    endloop
  endfacet
  facet normal 0 0 -1
    outer loop
      vertex 2.5 155.5 11.5
      vertex 2.57872 155.421 11.5
      vertex 2.5 155.329 11.5
    endloop
  endfacet
  facet normal 0 0 -1
    outer loop
      vertex 110.421 155.421 11.5
      vertex 110.5 155.5 11.5
      vertex 110.5 155.329 11.5
    endloop
  endfacet
  facet normal -0 0 -1
    outer loop
      vertex 110.5 155.5 11.5
      vertex 110.421 155.421 11.5
      vertex 110.329 155.5 11.5
    endloop
  endfacet
  facet normal 0 0 -1
    outer loop
      vertex 2.5 2.5 11.5
      vertex 2.57872 2.57872 11.5
      vertex 2.67088 2.5 11.5
    endloop
  endfacet
  facet normal -0 0 -1
    outer loop
      vertex 2.57872 2.57872 11.5
      vertex 2.5 2.5 11.5
      vertex 2.5 2.67088 11.5
    endloop
  endfacet
  facet normal 0 0 -1
    outer loop
      vertex 110.5 2.5 11.5
      vertex 110.421 2.57872 11.5
      vertex 110.5 2.67088 11.5
    endloop
  endfacet
  facet normal 0 -0 -1
    outer loop
      vertex 110.421 2.57872 11.5
      vertex 110.5 2.5 11.5
      vertex 110.329 2.5 11.5
    endloop
  endfacet
  facet normal 0 0 -1
    outer loop
      vertex 5.55988 5.25901 11.5
      vertex 37.4549 31.0611 11.5
      vertex 5.62612 5.18145 11.5
    endloop
  endfacet
  facet normal 0 0 -1
    outer loop
      vertex 18.5 101 11.5
      vertex 6.002 153.898 11.5
      vertex 6.01 154 11.5
    endloop
  endfacet
  facet normal 0 0 -1
    outer loop
      vertex 5.42128 5.42128 11.5
      vertex 37.4549 31.0611 11.5
      vertex 5.55988 5.25901 11.5
    endloop
  endfacet
  facet normal 0 0 -1
    outer loop
      vertex 18.5 101 11.5
      vertex 5.98525 153.686 11.5
      vertex 6.002 153.898 11.5
    endloop
  endfacet
  facet normal -0 0 -1
    outer loop
      vertex 37.4549 31.0611 11.5
      vertex 5.42128 5.42128 11.5
      vertex 37.045 31.73 11.5
    endloop
  endfacet
  facet normal 0 0 -1
    outer loop
      vertex 18.5 101 11.5
      vertex 5.93543 153.478 11.5
      vertex 5.98525 153.686 11.5
    endloop
  endfacet
  facet normal 0 0 -1
    outer loop
      vertex 5.25901 5.55988 11.5
      vertex 37.045 31.73 11.5
      vertex 5.42128 5.42128 11.5
    endloop
  endfacet
  facet normal 0 0 -1
    outer loop
      vertex 18.5 101 11.5
      vertex 5.91162 153.379 11.5
      vertex 5.93543 153.478 11.5
    endloop
  endfacet
  facet normal 0 0 -1
    outer loop
      vertex 5.18145 5.62612 11.5
      vertex 37.045 31.73 11.5
      vertex 5.25901 5.55988 11.5
    endloop
  endfacet
  facet normal 0 0 -1
    outer loop
      vertex 18.5 101 11.5
      vertex 5.87259 153.285 11.5
      vertex 5.91162 153.379 11.5
    endloop
  endfacet
  facet normal -0 0 -1
    outer loop
      vertex 37.045 31.73 11.5
      vertex 5.18145 5.62612 11.5
      vertex 36.7447 32.4549 11.5
    endloop
  endfacet
  facet normal 0 0 -1
    outer loop
      vertex 18.5 101 11.5
      vertex 5.79092 153.087 11.5
      vertex 5.87259 153.285 11.5
    endloop
  endfacet
  facet normal 0 0 -1
    outer loop
      vertex 4.99949 5.73763 11.5
      vertex 36.7447 32.4549 11.5
      vertex 5.18145 5.62612 11.5
    endloop
  endfacet
  facet normal 0 0 -1
    outer loop
      vertex 18.5 101 11.5
      vertex 5.73763 153.001 11.5
      vertex 5.79092 153.087 11.5
    endloop
  endfacet
  facet normal 0 0 -1
    outer loop
      vertex 4.91252 5.79092 11.5
      vertex 36.7447 32.4549 11.5
      vertex 4.99949 5.73763 11.5
    endloop
  endfacet
  facet normal 0 0 -1
    outer loop
      vertex 18.5 101 11.5
      vertex 5.62612 152.819 11.5
      vertex 5.73763 153.001 11.5
    endloop
  endfacet
  facet normal -0 0 -1
    outer loop
      vertex 36.7447 32.4549 11.5
      vertex 4.91252 5.79092 11.5
      vertex 36.5616 33.2178 11.5
    endloop
  endfacet
  facet normal 0 0 -1
    outer loop
      vertex 18.5 101 11.5
      vertex 5.55988 152.741 11.5
      vertex 5.62612 152.819 11.5
    endloop
  endfacet
  facet normal 0 0 -1
    outer loop
      vertex 4.71536 5.87259 11.5
      vertex 36.5616 33.2178 11.5
      vertex 4.91252 5.79092 11.5
    endloop
  endfacet
  facet normal 0 0 -1
    outer loop
      vertex 18.5 101 11.5
      vertex 5.42128 152.579 11.5
      vertex 5.55988 152.741 11.5
    endloop
  endfacet
  facet normal 0 0 -1
    outer loop
      vertex 4.62112 5.91162 11.5
      vertex 36.5616 33.2178 11.5
      vertex 4.71536 5.87259 11.5
    endloop
  endfacet
  facet normal 0 0 -1
    outer loop
      vertex 18.5 101 11.5
      vertex 5.25901 152.44 11.5
      vertex 5.42128 152.579 11.5
    endloop
  endfacet
  facet normal 0 0 -1
    outer loop
      vertex 4.52194 5.93543 11.5
      vertex 36.5616 33.2178 11.5
      vertex 4.62112 5.91162 11.5
    endloop
  endfacet
  facet normal 0 0 -1
    outer loop
      vertex 18.5 101 11.5
      vertex 5.18145 152.374 11.5
      vertex 5.25901 152.44 11.5
    endloop
  endfacet
  facet normal -0 0 -1
    outer loop
      vertex 36.5616 33.2178 11.5
      vertex 4.52194 5.93543 11.5
      vertex 36.5 34 11.5
    endloop
  endfacet
  facet normal 0 0 -1
    outer loop
      vertex 18.5 101 11.5
      vertex 4.99949 152.262 11.5
      vertex 5.18145 152.374 11.5
    endloop
  endfacet
  facet normal 0 0 -1
    outer loop
      vertex 4.31443 5.98525 11.5
      vertex 36.5 34 11.5
      vertex 4.52194 5.93543 11.5
    endloop
  endfacet
  facet normal 0 0 -1
    outer loop
      vertex 18.5 101 11.5
      vertex 4.91252 152.209 11.5
      vertex 4.99949 152.262 11.5
    endloop
  endfacet
  facet normal 0 0 -1
    outer loop
      vertex 4.10168 6.002 11.5
      vertex 36.5 34 11.5
      vertex 4.31443 5.98525 11.5
    endloop
  endfacet
  facet normal 0 0 -1
    outer loop
      vertex 18.5 101 11.5
      vertex 4.71536 152.127 11.5
      vertex 4.91252 152.209 11.5
    endloop
  endfacet
  facet normal 0 0 -1
    outer loop
      vertex 4 6.01 11.5
      vertex 36.5 34 11.5
      vertex 4.10168 6.002 11.5
    endloop
  endfacet
  facet normal 0 0 -1
    outer loop
      vertex 18.5 101 11.5
      vertex 4.62112 152.088 11.5
      vertex 4.71536 152.127 11.5
    endloop
  endfacet
  facet normal -0 0 -1
    outer loop
      vertex 36.5 34 11.5
      vertex 4 6.01 11.5
      vertex 36.5616 34.7822 11.5
    endloop
  endfacet
  facet normal 0 0 -1
    outer loop
      vertex 18.5 101 11.5
      vertex 4.52194 152.065 11.5
      vertex 4.62112 152.088 11.5
    endloop
  endfacet
  facet normal 0 0 -1
    outer loop
      vertex 3.89832 6.002 11.5
      vertex 36.5616 34.7822 11.5
      vertex 4 6.01 11.5
    endloop
  endfacet
  facet normal 0 0 -1
    outer loop
      vertex 18.5 101 11.5
      vertex 4.31443 152.015 11.5
      vertex 4.52194 152.065 11.5
    endloop
  endfacet
  facet normal 0 0 -1
    outer loop
      vertex 3.68557 5.98525 11.5
      vertex 36.5616 34.7822 11.5
      vertex 3.89832 6.002 11.5
    endloop
  endfacet
  facet normal 0 0 -1
    outer loop
      vertex 18.5 101 11.5
      vertex 4.10168 151.998 11.5
      vertex 4.31443 152.015 11.5
    endloop
  endfacet
  facet normal -0 0 -1
    outer loop
      vertex 36.5616 34.7822 11.5
      vertex 3.68557 5.98525 11.5
      vertex 36.7447 35.5451 11.5
    endloop
  endfacet
  facet normal 0 0 -1
    outer loop
      vertex 18.5 101 11.5
      vertex 4 151.99 11.5
      vertex 4.10168 151.998 11.5
    endloop
  endfacet
  facet normal 0 0 -1
    outer loop
      vertex 3.47805 5.93543 11.5
      vertex 36.7447 35.5451 11.5
      vertex 3.68557 5.98525 11.5
    endloop
  endfacet
  facet normal 0 0 -1
    outer loop
      vertex 18.5 101 11.5
      vertex 3.89832 151.998 11.5
      vertex 4 151.99 11.5
    endloop
  endfacet
  facet normal 0 0 -1
    outer loop
      vertex 3.37888 5.91162 11.5
      vertex 36.7447 35.5451 11.5
      vertex 3.47805 5.93543 11.5
    endloop
  endfacet
  facet normal 0 0 -1
    outer loop
      vertex 18.5 101 11.5
      vertex 3.68557 152.015 11.5
      vertex 3.89832 151.998 11.5
    endloop
  endfacet
  facet normal -0 0 -1
    outer loop
      vertex 36.7447 35.5451 11.5
      vertex 3.37888 5.91162 11.5
      vertex 18.5 101 11.5
    endloop
  endfacet
  facet normal 0 0 -1
    outer loop
      vertex 18.5 101 11.5
      vertex 3.47805 152.065 11.5
      vertex 3.68557 152.015 11.5
    endloop
  endfacet
  facet normal 0 0 -1
    outer loop
      vertex 3.28464 5.87259 11.5
      vertex 18.5 101 11.5
      vertex 3.37888 5.91162 11.5
    endloop
  endfacet
  facet normal 0 0 -1
    outer loop
      vertex 18.5 101 11.5
      vertex 3.37888 152.088 11.5
      vertex 3.47805 152.065 11.5
    endloop
  endfacet
  facet normal 0 0 -1
    outer loop
      vertex 3.08748 5.79092 11.5
      vertex 18.5 101 11.5
      vertex 3.28464 5.87259 11.5
    endloop
  endfacet
  facet normal 0 0 -1
    outer loop
      vertex 18.5 101 11.5
      vertex 3.28464 152.127 11.5
      vertex 3.37888 152.088 11.5
    endloop
  endfacet
  facet normal 0 0 -1
    outer loop
      vertex 3.00051 5.73763 11.5
      vertex 18.5 101 11.5
      vertex 3.08748 5.79092 11.5
    endloop
  endfacet
  facet normal 0 0 -1
    outer loop
      vertex 18.5 101 11.5
      vertex 3.08748 152.209 11.5
      vertex 3.28464 152.127 11.5
    endloop
  endfacet
  facet normal 0 0 -1
    outer loop
      vertex 2.81855 5.62612 11.5
      vertex 18.5 101 11.5
      vertex 3.00051 5.73763 11.5
    endloop
  endfacet
  facet normal 0 0 -1
    outer loop
      vertex 18.5 101 11.5
      vertex 3.00051 152.262 11.5
      vertex 3.08748 152.209 11.5
    endloop
  endfacet
  facet normal 0 0 -1
    outer loop
      vertex 2.74099 5.55988 11.5
      vertex 18.5 101 11.5
      vertex 2.81855 5.62612 11.5
    endloop
  endfacet
  facet normal 0 0 -1
    outer loop
      vertex 18.5 101 11.5
      vertex 2.81855 152.374 11.5
      vertex 3.00051 152.262 11.5
    endloop
  endfacet
  facet normal 0 0 -1
    outer loop
      vertex 2.57872 5.42128 11.5
      vertex 18.5 101 11.5
      vertex 2.74099 5.55988 11.5
    endloop
  endfacet
  facet normal 0 0 -1
    outer loop
      vertex 18.5 101 11.5
      vertex 2.74099 152.44 11.5
      vertex 2.81855 152.374 11.5
    endloop
  endfacet
  facet normal 0 0 -1
    outer loop
      vertex 2.5 5.32912 11.5
      vertex 18.5 101 11.5
      vertex 2.57872 5.42128 11.5
    endloop
  endfacet
  facet normal 0 0 -1
    outer loop
      vertex 18.5 101 11.5
      vertex 2.57872 152.579 11.5
      vertex 2.74099 152.44 11.5
    endloop
  endfacet
  facet normal 0 0 -1
    outer loop
      vertex 2.5 152.671 11.5
      vertex 18.5 101 11.5
      vertex 2.5 5.32912 11.5
    endloop
  endfacet
  facet normal 0 0 -1
    outer loop
      vertex 18.5 101 11.5
      vertex 2.5 152.671 11.5
      vertex 2.57872 152.579 11.5
    endloop
  endfacet
  facet normal 0 0 -1
    outer loop
      vertex 60.955 36.27 11.5
      vertex 67.045 36.27 11.5
      vertex 61.2553 35.5451 11.5
    endloop
  endfacet
  facet normal 0 0 -1
    outer loop
      vertex 67.4549 36.9389 11.5
      vertex 61.4384 48.2178 11.5
      vertex 61.5 49 11.5
    endloop
  endfacet
  facet normal 0 0 -1
    outer loop
      vertex 67.045 36.27 11.5
      vertex 60.955 36.27 11.5
      vertex 67.4549 36.9389 11.5
    endloop
  endfacet
  facet normal 0 0 -1
    outer loop
      vertex 67.4549 36.9389 11.5
      vertex 61.2553 47.4549 11.5
      vertex 61.4384 48.2178 11.5
    endloop
  endfacet
  facet normal 0 0 -1
    outer loop
      vertex 60.5451 36.9389 11.5
      vertex 67.4549 36.9389 11.5
      vertex 60.955 36.27 11.5
    endloop
  endfacet
  facet normal 0 0 -1
    outer loop
      vertex 67.4549 36.9389 11.5
      vertex 60.955 46.73 11.5
      vertex 61.2553 47.4549 11.5
    endloop
  endfacet
  facet normal 0 0 -1
    outer loop
      vertex 60.0355 37.5355 11.5
      vertex 67.4549 36.9389 11.5
      vertex 60.5451 36.9389 11.5
    endloop
  endfacet
  facet normal 0 0 -1
    outer loop
      vertex 67.4549 36.9389 11.5
      vertex 60.5451 46.0611 11.5
      vertex 60.955 46.73 11.5
    endloop
  endfacet
  facet normal 0 0 -1
    outer loop
      vertex 60.0355 45.4645 11.5
      vertex 67.4549 36.9389 11.5
      vertex 60.0355 37.5355 11.5
    endloop
  endfacet
  facet normal 0 0 -1
    outer loop
      vertex 67.4549 36.9389 11.5
      vertex 60.0355 45.4645 11.5
      vertex 60.5451 46.0611 11.5
    endloop
  endfacet
  facet normal 0 0 -1
    outer loop
      vertex 59.4389 38.0451 11.5
      vertex 60.0355 45.4645 11.5
      vertex 60.0355 37.5355 11.5
    endloop
  endfacet
  facet normal 0 0 -1
    outer loop
      vertex 59.4389 38.0451 11.5
      vertex 59.4389 44.9549 11.5
      vertex 60.0355 45.4645 11.5
    endloop
  endfacet
  facet normal 0 0 -1
    outer loop
      vertex 58.77 38.455 11.5
      vertex 59.4389 44.9549 11.5
      vertex 59.4389 38.0451 11.5
    endloop
  endfacet
  facet normal 0 0 -1
    outer loop
      vertex 58.77 38.455 11.5
      vertex 58.77 44.545 11.5
      vertex 59.4389 44.9549 11.5
    endloop
  endfacet
  facet normal 0 0 -1
    outer loop
      vertex 58.0451 38.7553 11.5
      vertex 58.77 44.545 11.5
      vertex 58.77 38.455 11.5
    endloop
  endfacet
  facet normal 0 0 -1
    outer loop
      vertex 58.0451 38.7553 11.5
      vertex 58.0451 44.2447 11.5
      vertex 58.77 44.545 11.5
    endloop
  endfacet
  facet normal 0 0 -1
    outer loop
      vertex 57.2822 38.9384 11.5
      vertex 58.0451 44.2447 11.5
      vertex 58.0451 38.7553 11.5
    endloop
  endfacet
  facet normal 0 0 -1
    outer loop
      vertex 57.2822 38.9384 11.5
      vertex 57.2822 44.0616 11.5
      vertex 58.0451 44.2447 11.5
    endloop
  endfacet
  facet normal 0 0 -1
    outer loop
      vertex 56.5 39 11.5
      vertex 57.2822 44.0616 11.5
      vertex 57.2822 38.9384 11.5
    endloop
  endfacet
  facet normal 0 0 -1
    outer loop
      vertex 56.5 39 11.5
      vertex 56.5 44 11.5
      vertex 57.2822 44.0616 11.5
    endloop
  endfacet
  facet normal 0 0 -1
    outer loop
      vertex 55.7178 38.9384 11.5
      vertex 56.5 44 11.5
      vertex 56.5 39 11.5
    endloop
  endfacet
  facet normal 0 0 -1
    outer loop
      vertex 55.7178 38.9384 11.5
      vertex 55.7178 44.0616 11.5
      vertex 56.5 44 11.5
    endloop
  endfacet
  facet normal 0 0 -1
    outer loop
      vertex 54.9549 38.7553 11.5
      vertex 55.7178 44.0616 11.5
      vertex 55.7178 38.9384 11.5
    endloop
  endfacet
  facet normal 0 0 -1
    outer loop
      vertex 54.9549 38.7553 11.5
      vertex 54.9549 44.2447 11.5
      vertex 55.7178 44.0616 11.5
    endloop
  endfacet
  facet normal 0 0 -1
    outer loop
      vertex 54.23 38.455 11.5
      vertex 54.9549 44.2447 11.5
      vertex 54.9549 38.7553 11.5
    endloop
  endfacet
  facet normal 0 0 -1
    outer loop
      vertex 54.23 38.455 11.5
      vertex 54.23 44.545 11.5
      vertex 54.9549 44.2447 11.5
    endloop
  endfacet
  facet normal 0 0 -1
    outer loop
      vertex 53.5611 38.0451 11.5
      vertex 54.23 44.545 11.5
      vertex 54.23 38.455 11.5
    endloop
  endfacet
  facet normal 0 0 -1
    outer loop
      vertex 53.5611 38.0451 11.5
      vertex 53.5611 44.9549 11.5
      vertex 54.23 44.545 11.5
    endloop
  endfacet
  facet normal 0 0 -1
    outer loop
      vertex 52.9645 37.5355 11.5
      vertex 53.5611 44.9549 11.5
      vertex 53.5611 38.0451 11.5
    endloop
  endfacet
  facet normal 0 0 -1
    outer loop
      vertex 52.9645 37.5355 11.5
      vertex 52.9645 45.4645 11.5
      vertex 53.5611 44.9549 11.5
    endloop
  endfacet
  facet normal 0 0 -1
    outer loop
      vertex 45.0355 37.5355 11.5
      vertex 52.9645 37.5355 11.5
      vertex 52.4549 36.9389 11.5
    endloop
  endfacet
  facet normal 0 0 -1
    outer loop
      vertex 52.9645 37.5355 11.5
      vertex 45.0355 37.5355 11.5
      vertex 52.9645 45.4645 11.5
    endloop
  endfacet
  facet normal 0 0 -1
    outer loop
      vertex 45.5451 36.9389 11.5
      vertex 52.4549 36.9389 11.5
      vertex 52.045 36.27 11.5
    endloop
  endfacet
  facet normal -0 0 -1
    outer loop
      vertex 52.9645 45.4645 11.5
      vertex 45.0355 37.5355 11.5
      vertex 52.4549 46.0611 11.5
    endloop
  endfacet
  facet normal 0 0 -1
    outer loop
      vertex 45.955 36.27 11.5
      vertex 52.045 36.27 11.5
      vertex 51.7447 35.5451 11.5
    endloop
  endfacet
  facet normal 0 0 -1
    outer loop
      vertex 44.4389 38.0451 11.5
      vertex 52.4549 46.0611 11.5
      vertex 45.0355 37.5355 11.5
    endloop
  endfacet
  facet normal 0 0 -1
    outer loop
      vertex 46.2553 35.5451 11.5
      vertex 51.7447 35.5451 11.5
      vertex 51.5616 34.7822 11.5
    endloop
  endfacet
  facet normal 0 0 -1
    outer loop
      vertex 52.4549 36.9389 11.5
      vertex 45.5451 36.9389 11.5
      vertex 45.0355 37.5355 11.5
    endloop
  endfacet
  facet normal 0 0 -1
    outer loop
      vertex 46.4384 34.7822 11.5
      vertex 51.5616 34.7822 11.5
      vertex 51.5 34 11.5
    endloop
  endfacet
  facet normal -0 0 -1
    outer loop
      vertex 52.4549 46.0611 11.5
      vertex 44.4389 38.0451 11.5
      vertex 52.045 46.73 11.5
    endloop
  endfacet
  facet normal 0 0 -1
    outer loop
      vertex 60.5451 21.9389 11.5
      vertex 68.5611 29.9549 11.5
      vertex 60.955 21.27 11.5
    endloop
  endfacet
  facet normal 0 0 -1
    outer loop
      vertex 67.4549 31.0611 11.5
      vertex 61.4384 33.2178 11.5
      vertex 61.5 34 11.5
    endloop
  endfacet
  facet normal -0 0 -1
    outer loop
      vertex 68.5611 29.9549 11.5
      vertex 60.5451 21.9389 11.5
      vertex 67.9645 30.4645 11.5
    endloop
  endfacet
  facet normal 0 0 -1
    outer loop
      vertex 67.4549 31.0611 11.5
      vertex 61.2553 32.4549 11.5
      vertex 61.4384 33.2178 11.5
    endloop
  endfacet
  facet normal 0 0 -1
    outer loop
      vertex 60.0355 22.5355 11.5
      vertex 67.9645 30.4645 11.5
      vertex 60.5451 21.9389 11.5
    endloop
  endfacet
  facet normal 0 0 -1
    outer loop
      vertex 67.4549 31.0611 11.5
      vertex 60.955 31.73 11.5
      vertex 61.2553 32.4549 11.5
    endloop
  endfacet
  facet normal 0 0 -1
    outer loop
      vertex 60.0355 30.4645 11.5
      vertex 67.9645 30.4645 11.5
      vertex 60.0355 22.5355 11.5
    endloop
  endfacet
  facet normal 0 0 -1
    outer loop
      vertex 67.4549 31.0611 11.5
      vertex 60.5451 31.0611 11.5
      vertex 60.955 31.73 11.5
    endloop
  endfacet
  facet normal 0 0 -1
    outer loop
      vertex 67.9645 30.4645 11.5
      vertex 60.0355 30.4645 11.5
      vertex 67.4549 31.0611 11.5
    endloop
  endfacet
  facet normal -0 0 -1
    outer loop
      vertex 67.4549 31.0611 11.5
      vertex 60.0355 30.4645 11.5
      vertex 60.5451 31.0611 11.5
    endloop
  endfacet
  facet normal 0 0 -1
    outer loop
      vertex 59.4389 23.0451 11.5
      vertex 60.0355 30.4645 11.5
      vertex 60.0355 22.5355 11.5
    endloop
  endfacet
  facet normal 0 0 -1
    outer loop
      vertex 59.4389 23.0451 11.5
      vertex 59.4389 29.9549 11.5
      vertex 60.0355 30.4645 11.5
    endloop
  endfacet
  facet normal 0 0 -1
    outer loop
      vertex 58.77 23.455 11.5
      vertex 59.4389 29.9549 11.5
      vertex 59.4389 23.0451 11.5
    endloop
  endfacet
  facet normal 0 0 -1
    outer loop
      vertex 58.77 23.455 11.5
      vertex 58.77 29.545 11.5
      vertex 59.4389 29.9549 11.5
    endloop
  endfacet
  facet normal 0 0 -1
    outer loop
      vertex 58.0451 23.7553 11.5
      vertex 58.77 29.545 11.5
      vertex 58.77 23.455 11.5
    endloop
  endfacet
  facet normal 0 0 -1
    outer loop
      vertex 58.0451 23.7553 11.5
      vertex 58.0451 29.2447 11.5
      vertex 58.77 29.545 11.5
    endloop
  endfacet
  facet normal 0 0 -1
    outer loop
      vertex 57.2822 23.9384 11.5
      vertex 58.0451 29.2447 11.5
      vertex 58.0451 23.7553 11.5
    endloop
  endfacet
  facet normal 0 0 -1
    outer loop
      vertex 57.2822 23.9384 11.5
      vertex 57.2822 29.0616 11.5
      vertex 58.0451 29.2447 11.5
    endloop
  endfacet
  facet normal 0 0 -1
    outer loop
      vertex 56.5 24 11.5
      vertex 57.2822 29.0616 11.5
      vertex 57.2822 23.9384 11.5
    endloop
  endfacet
  facet normal 0 0 -1
    outer loop
      vertex 56.5 24 11.5
      vertex 56.5 29 11.5
      vertex 57.2822 29.0616 11.5
    endloop
  endfacet
  facet normal 0 0 -1
    outer loop
      vertex 55.7178 23.9384 11.5
      vertex 56.5 29 11.5
      vertex 56.5 24 11.5
    endloop
  endfacet
  facet normal 0 0 -1
    outer loop
      vertex 55.7178 23.9384 11.5
      vertex 55.7178 29.0616 11.5
      vertex 56.5 29 11.5
    endloop
  endfacet
  facet normal 0 0 -1
    outer loop
      vertex 54.9549 23.7553 11.5
      vertex 55.7178 29.0616 11.5
      vertex 55.7178 23.9384 11.5
    endloop
  endfacet
  facet normal 0 0 -1
    outer loop
      vertex 54.9549 23.7553 11.5
      vertex 54.9549 29.2447 11.5
      vertex 55.7178 29.0616 11.5
    endloop
  endfacet
  facet normal 0 0 -1
    outer loop
      vertex 54.23 23.455 11.5
      vertex 54.9549 29.2447 11.5
      vertex 54.9549 23.7553 11.5
    endloop
  endfacet
  facet normal 0 0 -1
    outer loop
      vertex 54.23 23.455 11.5
      vertex 54.23 29.545 11.5
      vertex 54.9549 29.2447 11.5
    endloop
  endfacet
  facet normal 0 0 -1
    outer loop
      vertex 53.5611 23.0451 11.5
      vertex 54.23 29.545 11.5
      vertex 54.23 23.455 11.5
    endloop
  endfacet
  facet normal 0 0 -1
    outer loop
      vertex 53.5611 23.0451 11.5
      vertex 53.5611 29.9549 11.5
      vertex 54.23 29.545 11.5
    endloop
  endfacet
  facet normal 0 0 -1
    outer loop
      vertex 52.9645 22.5355 11.5
      vertex 53.5611 29.9549 11.5
      vertex 53.5611 23.0451 11.5
    endloop
  endfacet
  facet normal 0 0 -1
    outer loop
      vertex 52.9645 22.5355 11.5
      vertex 52.9645 30.4645 11.5
      vertex 53.5611 29.9549 11.5
    endloop
  endfacet
  facet normal 0 0 -1
    outer loop
      vertex 45.0355 30.4645 11.5
      vertex 52.9645 22.5355 11.5
      vertex 52.4549 21.9389 11.5
    endloop
  endfacet
  facet normal 0 0 -1
    outer loop
      vertex 52.9645 22.5355 11.5
      vertex 45.0355 30.4645 11.5
      vertex 52.9645 30.4645 11.5
    endloop
  endfacet
  facet normal 0 0 -1
    outer loop
      vertex 44.4389 29.9549 11.5
      vertex 52.4549 21.9389 11.5
      vertex 52.045 21.27 11.5
    endloop
  endfacet
  facet normal 0 0 -1
    outer loop
      vertex 52.9645 30.4645 11.5
      vertex 45.0355 30.4645 11.5
      vertex 52.4549 31.0611 11.5
    endloop
  endfacet
  facet normal 0 0 -1
    outer loop
      vertex 43.77 29.545 11.5
      vertex 52.045 21.27 11.5
      vertex 51.7447 20.5451 11.5
    endloop
  endfacet
  facet normal 0 -0 -1
    outer loop
      vertex 45.5451 31.0611 11.5
      vertex 52.4549 31.0611 11.5
      vertex 45.0355 30.4645 11.5
    endloop
  endfacet
  facet normal 0 0 -1
    outer loop
      vertex 43.0451 29.2447 11.5
      vertex 51.7447 20.5451 11.5
      vertex 51.5616 19.7822 11.5
    endloop
  endfacet
  facet normal 0 0 -1
    outer loop
      vertex 52.4549 31.0611 11.5
      vertex 45.5451 31.0611 11.5
      vertex 52.045 31.73 11.5
    endloop
  endfacet
  facet normal 0 0 -1
    outer loop
      vertex 42.2822 29.0616 11.5
      vertex 51.5616 19.7822 11.5
      vertex 51.5 19 11.5
    endloop
  endfacet
  facet normal 0 0 -1
    outer loop
      vertex 52.045 31.73 11.5
      vertex 45.955 31.73 11.5
      vertex 51.7447 32.4549 11.5
    endloop
  endfacet
  facet normal 0 0 1
    outer loop
      vertex 107.209 3.08748 11.5
      vertex 107.088 3.37888 11.5
      vertex 107.127 3.28464 11.5
    endloop
  endfacet
  facet normal -0 0 -1
    outer loop
      vertex 107.015 153.686 11.5
      vertex 94.5 127 11.5
      vertex 106.998 153.898 11.5
    endloop
  endfacet
  facet normal 0 0 -1
    outer loop
      vertex 60.5451 16.0611 11.5
      vertex 106.99 4 11.5
      vertex 106.998 3.89832 11.5
    endloop
  endfacet
  facet normal 0 0 -1
    outer loop
      vertex 60.5451 16.0611 11.5
      vertex 106.998 3.89832 11.5
      vertex 107.015 3.68557 11.5
    endloop
  endfacet
  facet normal 0 0 -1
    outer loop
      vertex 106.998 4.10168 11.5
      vertex 76.5 34 11.5
      vertex 76.4384 34.7822 11.5
    endloop
  endfacet
  facet normal 0 0 -1
    outer loop
      vertex 60.0355 15.4645 11.5
      vertex 107.015 3.68557 11.5
      vertex 107.065 3.47805 11.5
    endloop
  endfacet
  facet normal 0 0 -1
    outer loop
      vertex 60.0355 15.4645 11.5
      vertex 107.065 3.47805 11.5
      vertex 107.088 3.37888 11.5
    endloop
  endfacet
  facet normal 0 0 -1
    outer loop
      vertex 59.4389 14.9549 11.5
      vertex 107.088 3.37888 11.5
      vertex 107.209 3.08748 11.5
    endloop
  endfacet
  facet normal 0 0 -1
    outer loop
      vertex 59.4389 14.9549 11.5
      vertex 107.209 3.08748 11.5
      vertex 107.262 3.00051 11.5
    endloop
  endfacet
  facet normal 0 0 -1
    outer loop
      vertex 58.77 14.545 11.5
      vertex 107.262 3.00051 11.5
      vertex 107.374 2.81855 11.5
    endloop
  endfacet
  facet normal 0 0 -1
    outer loop
      vertex 58.77 14.545 11.5
      vertex 107.374 2.81855 11.5
      vertex 107.44 2.74099 11.5
    endloop
  endfacet
  facet normal 0 0 -1
    outer loop
      vertex 58.77 14.545 11.5
      vertex 107.44 2.74099 11.5
      vertex 107.579 2.57872 11.5
    endloop
  endfacet
  facet normal 0 0 -1
    outer loop
      vertex 106.998 4.10168 11.5
      vertex 76.4384 33.2178 11.5
      vertex 76.5 34 11.5
    endloop
  endfacet
  facet normal 0 0 -1
    outer loop
      vertex 106.998 4.10168 11.5
      vertex 76.2553 32.4549 11.5
      vertex 76.4384 33.2178 11.5
    endloop
  endfacet
  facet normal 0 0 -1
    outer loop
      vertex 106.998 4.10168 11.5
      vertex 75.955 31.73 11.5
      vertex 76.2553 32.4549 11.5
    endloop
  endfacet
  facet normal 0 0 -1
    outer loop
      vertex 106.998 4.10168 11.5
      vertex 75.5451 31.0611 11.5
      vertex 75.955 31.73 11.5
    endloop
  endfacet
  facet normal 0 0 -1
    outer loop
      vertex 106.998 4.10168 11.5
      vertex 75.0355 30.4645 11.5
      vertex 75.5451 31.0611 11.5
    endloop
  endfacet
  facet normal 0 0 -1
    outer loop
      vertex 106.998 4.10168 11.5
      vertex 74.4389 29.9549 11.5
      vertex 75.0355 30.4645 11.5
    endloop
  endfacet
  facet normal 0 0 -1
    outer loop
      vertex 58.0451 14.2447 11.5
      vertex 107.579 2.57872 11.5
      vertex 107.671 2.5 11.5
    endloop
  endfacet
  facet normal 0 0 -1
    outer loop
      vertex 106.998 4.10168 11.5
      vertex 73.77 29.545 11.5
      vertex 74.4389 29.9549 11.5
    endloop
  endfacet
  facet normal 0 0 -1
    outer loop
      vertex 106.998 4.10168 11.5
      vertex 60.955 16.73 11.5
      vertex 73.77 29.545 11.5
    endloop
  endfacet
  facet normal 0 0 -1
    outer loop
      vertex 73.77 29.545 11.5
      vertex 60.955 16.73 11.5
      vertex 73.0451 29.2447 11.5
    endloop
  endfacet
  facet normal 0 -0 -1
    outer loop
      vertex 61.2553 17.4549 11.5
      vertex 73.0451 29.2447 11.5
      vertex 60.955 16.73 11.5
    endloop
  endfacet
  facet normal 0 -0 -1
    outer loop
      vertex 61.4384 18.2178 11.5
      vertex 72.2822 29.0616 11.5
      vertex 61.2553 17.4549 11.5
    endloop
  endfacet
  facet normal 0 0 -1
    outer loop
      vertex 72.2822 29.0616 11.5
      vertex 61.4384 18.2178 11.5
      vertex 71.5 29 11.5
    endloop
  endfacet
  facet normal 0 -0 -1
    outer loop
      vertex 61.5 19 11.5
      vertex 71.5 29 11.5
      vertex 61.4384 18.2178 11.5
    endloop
  endfacet
  facet normal -0 0 -1
    outer loop
      vertex 71.5 29 11.5
      vertex 61.5 19 11.5
      vertex 70.7178 29.0616 11.5
    endloop
  endfacet
  facet normal 0 0 -1
    outer loop
      vertex 66.7447 32.4549 11.5
      vertex 61.5 34 11.5
      vertex 66.5616 33.2178 11.5
    endloop
  endfacet
  facet normal 0 0 -1
    outer loop
      vertex 67.045 31.73 11.5
      vertex 61.5 34 11.5
      vertex 66.7447 32.4549 11.5
    endloop
  endfacet
  facet normal 0 0 -1
    outer loop
      vertex 67.4549 31.0611 11.5
      vertex 61.5 34 11.5
      vertex 67.045 31.73 11.5
    endloop
  endfacet
  facet normal -0 0 -1
    outer loop
      vertex 69.23 29.545 11.5
      vertex 60.955 21.27 11.5
      vertex 68.5611 29.9549 11.5
    endloop
  endfacet
  facet normal 0 0 -1
    outer loop
      vertex 60.955 21.27 11.5
      vertex 69.23 29.545 11.5
      vertex 61.2553 20.5451 11.5
    endloop
  endfacet
  facet normal -0 0 -1
    outer loop
      vertex 69.9549 29.2447 11.5
      vertex 61.2553 20.5451 11.5
      vertex 69.23 29.545 11.5
    endloop
  endfacet
  facet normal -0 0 -1
    outer loop
      vertex 70.7178 29.0616 11.5
      vertex 61.4384 19.7822 11.5
      vertex 69.9549 29.2447 11.5
    endloop
  endfacet
  facet normal 0 0 -1
    outer loop
      vertex 61.2553 20.5451 11.5
      vertex 69.9549 29.2447 11.5
      vertex 61.4384 19.7822 11.5
    endloop
  endfacet
  facet normal 0 0 -1
    outer loop
      vertex 61.4384 19.7822 11.5
      vertex 70.7178 29.0616 11.5
      vertex 61.5 19 11.5
    endloop
  endfacet
  facet normal 0 0 -1
    outer loop
      vertex 73.0451 29.2447 11.5
      vertex 61.2553 17.4549 11.5
      vertex 72.2822 29.0616 11.5
    endloop
  endfacet
  facet normal 0 0 -1
    outer loop
      vertex 106.99 4 11.5
      vertex 60.5451 16.0611 11.5
      vertex 60.955 16.73 11.5
    endloop
  endfacet
  facet normal 0 0 -1
    outer loop
      vertex 107.015 3.68557 11.5
      vertex 60.0355 15.4645 11.5
      vertex 60.5451 16.0611 11.5
    endloop
  endfacet
  facet normal 0 0 -1
    outer loop
      vertex 107.088 3.37888 11.5
      vertex 59.4389 14.9549 11.5
      vertex 60.0355 15.4645 11.5
    endloop
  endfacet
  facet normal 0 0 -1
    outer loop
      vertex 107.262 3.00051 11.5
      vertex 58.77 14.545 11.5
      vertex 59.4389 14.9549 11.5
    endloop
  endfacet
  facet normal 0 0 -1
    outer loop
      vertex 107.579 2.57872 11.5
      vertex 58.0451 14.2447 11.5
      vertex 58.77 14.545 11.5
    endloop
  endfacet
  facet normal 0 0 -1
    outer loop
      vertex 107.671 2.5 11.5
      vertex 57.2822 14.0616 11.5
      vertex 58.0451 14.2447 11.5
    endloop
  endfacet
  facet normal 0 0 -1
    outer loop
      vertex 107.671 2.5 11.5
      vertex 56.5 14 11.5
      vertex 57.2822 14.0616 11.5
    endloop
  endfacet
  facet normal 0 0 -1
    outer loop
      vertex 5.32912 2.5 11.5
      vertex 56.5 14 11.5
      vertex 107.671 2.5 11.5
    endloop
  endfacet
  facet normal 0 -0 -1
    outer loop
      vertex 46.2553 32.4549 11.5
      vertex 51.7447 32.4549 11.5
      vertex 45.955 31.73 11.5
    endloop
  endfacet
  facet normal 0 0 -1
    outer loop
      vertex 46.4384 34.7822 11.5
      vertex 51.5 34 11.5
      vertex 46.5 34 11.5
    endloop
  endfacet
  facet normal 0 0 -1
    outer loop
      vertex 41.5 29 11.5
      vertex 51.5 19 11.5
      vertex 51.5616 18.2178 11.5
    endloop
  endfacet
  facet normal 0 0 -1
    outer loop
      vertex 40.7178 29.0616 11.5
      vertex 51.5616 18.2178 11.5
      vertex 51.7447 17.4549 11.5
    endloop
  endfacet
  facet normal -0 0 -1
    outer loop
      vertex 51.5 34 11.5
      vertex 46.4384 33.2178 11.5
      vertex 46.5 34 11.5
    endloop
  endfacet
  facet normal 0 0 -1
    outer loop
      vertex 51.5616 33.2178 11.5
      vertex 46.4384 33.2178 11.5
      vertex 51.5 34 11.5
    endloop
  endfacet
  facet normal 0 -0 -1
    outer loop
      vertex 46.4384 33.2178 11.5
      vertex 51.5616 33.2178 11.5
      vertex 46.2553 32.4549 11.5
    endloop
  endfacet
  facet normal 0 0 -1
    outer loop
      vertex 51.7447 32.4549 11.5
      vertex 46.2553 32.4549 11.5
      vertex 51.5616 33.2178 11.5
    endloop
  endfacet
  facet normal 0 0 -1
    outer loop
      vertex 39.9549 29.2447 11.5
      vertex 51.7447 17.4549 11.5
      vertex 52.045 16.73 11.5
    endloop
  endfacet
  facet normal 0 -0 -1
    outer loop
      vertex 45.955 31.73 11.5
      vertex 52.045 31.73 11.5
      vertex 45.5451 31.0611 11.5
    endloop
  endfacet
  facet normal 0 0 -1
    outer loop
      vertex 52.4549 21.9389 11.5
      vertex 44.4389 29.9549 11.5
      vertex 45.0355 30.4645 11.5
    endloop
  endfacet
  facet normal 0 0 -1
    outer loop
      vertex 52.045 21.27 11.5
      vertex 43.77 29.545 11.5
      vertex 44.4389 29.9549 11.5
    endloop
  endfacet
  facet normal 0 0 -1
    outer loop
      vertex 6.01 4 11.5
      vertex 52.045 16.73 11.5
      vertex 52.4549 16.0611 11.5
    endloop
  endfacet
  facet normal 0 0 -1
    outer loop
      vertex 51.7447 20.5451 11.5
      vertex 43.0451 29.2447 11.5
      vertex 43.77 29.545 11.5
    endloop
  endfacet
  facet normal 0 0 -1
    outer loop
      vertex 51.5616 19.7822 11.5
      vertex 42.2822 29.0616 11.5
      vertex 43.0451 29.2447 11.5
    endloop
  endfacet
  facet normal 0 0 -1
    outer loop
      vertex 51.5 19 11.5
      vertex 41.5 29 11.5
      vertex 42.2822 29.0616 11.5
    endloop
  endfacet
  facet normal 0 0 -1
    outer loop
      vertex 51.5616 18.2178 11.5
      vertex 40.7178 29.0616 11.5
      vertex 41.5 29 11.5
    endloop
  endfacet
  facet normal 0 0 -1
    outer loop
      vertex 5.98525 3.68557 11.5
      vertex 52.4549 16.0611 11.5
      vertex 52.9645 15.4645 11.5
    endloop
  endfacet
  facet normal 0 0 -1
    outer loop
      vertex 51.7447 17.4549 11.5
      vertex 39.9549 29.2447 11.5
      vertex 40.7178 29.0616 11.5
    endloop
  endfacet
  facet normal 0 0 -1
    outer loop
      vertex 52.045 16.73 11.5
      vertex 39.23 29.545 11.5
      vertex 39.9549 29.2447 11.5
    endloop
  endfacet
  facet normal 0 0 -1
    outer loop
      vertex 6.002 4.10168 11.5
      vertex 52.045 16.73 11.5
      vertex 6.01 4 11.5
    endloop
  endfacet
  facet normal 0 0 -1
    outer loop
      vertex 5.98525 4.31443 11.5
      vertex 52.045 16.73 11.5
      vertex 6.002 4.10168 11.5
    endloop
  endfacet
  facet normal 0 0 -1
    outer loop
      vertex 5.79092 4.91252 11.5
      vertex 38.5611 29.9549 11.5
      vertex 5.87259 4.71536 11.5
    endloop
  endfacet
  facet normal 0 0 -1
    outer loop
      vertex 5.87259 4.71536 11.5
      vertex 38.5611 29.9549 11.5
      vertex 5.91162 4.62112 11.5
    endloop
  endfacet
  facet normal -0 0 -1
    outer loop
      vertex 37.9645 30.4645 11.5
      vertex 5.62612 5.18145 11.5
      vertex 37.4549 31.0611 11.5
    endloop
  endfacet
  facet normal -0 0 -1
    outer loop
      vertex 38.5611 29.9549 11.5
      vertex 5.79092 4.91252 11.5
      vertex 37.9645 30.4645 11.5
    endloop
  endfacet
  facet normal -0 0 -1
    outer loop
      vertex 39.23 29.545 11.5
      vertex 5.91162 4.62112 11.5
      vertex 38.5611 29.9549 11.5
    endloop
  endfacet
  facet normal 0 0 -1
    outer loop
      vertex 5.91162 4.62112 11.5
      vertex 39.23 29.545 11.5
      vertex 5.93543 4.52194 11.5
    endloop
  endfacet
  facet normal 0 0 -1
    outer loop
      vertex 5.93543 4.52194 11.5
      vertex 39.23 29.545 11.5
      vertex 5.98525 4.31443 11.5
    endloop
  endfacet
  facet normal -0 0 -1
    outer loop
      vertex 52.045 16.73 11.5
      vertex 5.98525 4.31443 11.5
      vertex 39.23 29.545 11.5
    endloop
  endfacet
  facet normal 0 0 -1
    outer loop
      vertex 5.91162 3.37888 11.5
      vertex 52.9645 15.4645 11.5
      vertex 53.5611 14.9549 11.5
    endloop
  endfacet
  facet normal 0 0 -1
    outer loop
      vertex 5.79092 3.08748 11.5
      vertex 53.5611 14.9549 11.5
      vertex 54.23 14.545 11.5
    endloop
  endfacet
  facet normal 0 0 -1
    outer loop
      vertex 5.62612 2.81855 11.5
      vertex 54.23 14.545 11.5
      vertex 54.9549 14.2447 11.5
    endloop
  endfacet
  facet normal 0 0 -1
    outer loop
      vertex 5.32912 2.5 11.5
      vertex 54.9549 14.2447 11.5
      vertex 55.7178 14.0616 11.5
    endloop
  endfacet
  facet normal -0 0 -1
    outer loop
      vertex 56.5 14 11.5
      vertex 5.32912 2.5 11.5
      vertex 55.7178 14.0616 11.5
    endloop
  endfacet
  facet normal 0 0 -1
    outer loop
      vertex 52.4549 16.0611 11.5
      vertex 6.002 3.89832 11.5
      vertex 6.01 4 11.5
    endloop
  endfacet
  facet normal 0 0 -1
    outer loop
      vertex 52.4549 16.0611 11.5
      vertex 5.98525 3.68557 11.5
      vertex 6.002 3.89832 11.5
    endloop
  endfacet
  facet normal 0 0 -1
    outer loop
      vertex 52.9645 15.4645 11.5
      vertex 5.93543 3.47805 11.5
      vertex 5.98525 3.68557 11.5
    endloop
  endfacet
  facet normal 0 0 -1
    outer loop
      vertex 52.9645 15.4645 11.5
      vertex 5.91162 3.37888 11.5
      vertex 5.93543 3.47805 11.5
    endloop
  endfacet
  facet normal 0 0 -1
    outer loop
      vertex 53.5611 14.9549 11.5
      vertex 5.87259 3.28464 11.5
      vertex 5.91162 3.37888 11.5
    endloop
  endfacet
  facet normal 0 0 -1
    outer loop
      vertex 53.5611 14.9549 11.5
      vertex 5.79092 3.08748 11.5
      vertex 5.87259 3.28464 11.5
    endloop
  endfacet
  facet normal 0 0 -1
    outer loop
      vertex 54.23 14.545 11.5
      vertex 5.73763 3.00051 11.5
      vertex 5.79092 3.08748 11.5
    endloop
  endfacet
  facet normal 0 0 -1
    outer loop
      vertex 54.23 14.545 11.5
      vertex 5.62612 2.81855 11.5
      vertex 5.73763 3.00051 11.5
    endloop
  endfacet
  facet normal 0 0 -1
    outer loop
      vertex 54.9549 14.2447 11.5
      vertex 5.55988 2.74099 11.5
      vertex 5.62612 2.81855 11.5
    endloop
  endfacet
  facet normal 0 0 -1
    outer loop
      vertex 54.9549 14.2447 11.5
      vertex 5.42128 2.57872 11.5
      vertex 5.55988 2.74099 11.5
    endloop
  endfacet
  facet normal 0 0 -1
    outer loop
      vertex 54.9549 14.2447 11.5
      vertex 5.32912 2.5 11.5
      vertex 5.42128 2.57872 11.5
    endloop
  endfacet
  facet normal 0 0 -1
    outer loop
      vertex 94.5 101 11.5
      vertex 110.5 5.32912 11.5
      vertex 110.421 5.42128 11.5
    endloop
  endfacet
  facet normal 0 0 -1
    outer loop
      vertex 110.5 5.32912 11.5
      vertex 94.5 101 11.5
      vertex 110.5 152.671 11.5
    endloop
  endfacet
  facet normal 0 0 -1
    outer loop
      vertex 94.5 101 11.5
      vertex 110.421 5.42128 11.5
      vertex 110.259 5.55988 11.5
    endloop
  endfacet
  facet normal 0 0 -1
    outer loop
      vertex 110.5 152.671 11.5
      vertex 94.5 101 11.5
      vertex 110.421 152.579 11.5
    endloop
  endfacet
  facet normal 0 0 -1
    outer loop
      vertex 94.5 101 11.5
      vertex 110.259 5.55988 11.5
      vertex 110.181 5.62612 11.5
    endloop
  endfacet
  facet normal 0 0 -1
    outer loop
      vertex 110.421 152.579 11.5
      vertex 94.5 101 11.5
      vertex 110.259 152.44 11.5
    endloop
  endfacet
  facet normal 0 0 -1
    outer loop
      vertex 94.5 101 11.5
      vertex 110.181 5.62612 11.5
      vertex 109.999 5.73763 11.5
    endloop
  endfacet
  facet normal 0 0 -1
    outer loop
      vertex 94.5 127 11.5
      vertex 110.259 152.44 11.5
      vertex 94.5 101 11.5
    endloop
  endfacet
  facet normal 0 0 -1
    outer loop
      vertex 94.5 101 11.5
      vertex 109.999 5.73763 11.5
      vertex 109.913 5.79092 11.5
    endloop
  endfacet
  facet normal 0 0 -1
    outer loop
      vertex 110.259 152.44 11.5
      vertex 94.5 127 11.5
      vertex 110.181 152.374 11.5
    endloop
  endfacet
  facet normal 0 0 -1
    outer loop
      vertex 94.5 101 11.5
      vertex 109.913 5.79092 11.5
      vertex 109.715 5.87259 11.5
    endloop
  endfacet
  facet normal 0 0 -1
    outer loop
      vertex 110.181 152.374 11.5
      vertex 94.5 127 11.5
      vertex 109.999 152.262 11.5
    endloop
  endfacet
  facet normal 0 0 -1
    outer loop
      vertex 94.5 101 11.5
      vertex 109.715 5.87259 11.5
      vertex 109.621 5.91162 11.5
    endloop
  endfacet
  facet normal 0 0 -1
    outer loop
      vertex 109.999 152.262 11.5
      vertex 94.5 127 11.5
      vertex 109.913 152.209 11.5
    endloop
  endfacet
  facet normal 0 0 -1
    outer loop
      vertex 94.5 101 11.5
      vertex 109.621 5.91162 11.5
      vertex 109.522 5.93543 11.5
    endloop
  endfacet
  facet normal 0 0 -1
    outer loop
      vertex 109.913 152.209 11.5
      vertex 94.5 127 11.5
      vertex 109.715 152.127 11.5
    endloop
  endfacet
  facet normal 0 0 -1
    outer loop
      vertex 94.5 101 11.5
      vertex 109.522 5.93543 11.5
      vertex 109.314 5.98525 11.5
    endloop
  endfacet
  facet normal 0 0 -1
    outer loop
      vertex 109.715 152.127 11.5
      vertex 94.5 127 11.5
      vertex 109.621 152.088 11.5
    endloop
  endfacet
  facet normal 0 0 -1
    outer loop
      vertex 94.5 101 11.5
      vertex 109.314 5.98525 11.5
      vertex 109.102 6.002 11.5
    endloop
  endfacet
  facet normal 0 0 -1
    outer loop
      vertex 109.621 152.088 11.5
      vertex 94.5 127 11.5
      vertex 109.522 152.065 11.5
    endloop
  endfacet
  facet normal 0 0 -1
    outer loop
      vertex 94.5 101 11.5
      vertex 109.102 6.002 11.5
      vertex 109 6.01 11.5
    endloop
  endfacet
  facet normal 0 0 -1
    outer loop
      vertex 109.522 152.065 11.5
      vertex 94.5 127 11.5
      vertex 109.314 152.015 11.5
    endloop
  endfacet
  facet normal 0 0 -1
    outer loop
      vertex 94.5 101 11.5
      vertex 109 6.01 11.5
      vertex 108.898 6.002 11.5
    endloop
  endfacet
  facet normal 0 0 -1
    outer loop
      vertex 109.314 152.015 11.5
      vertex 94.5 127 11.5
      vertex 109.102 151.998 11.5
    endloop
  endfacet
  facet normal 0 0 -1
    outer loop
      vertex 94.5 101 11.5
      vertex 108.898 6.002 11.5
      vertex 108.686 5.98525 11.5
    endloop
  endfacet
  facet normal 0 0 -1
    outer loop
      vertex 109.102 151.998 11.5
      vertex 94.5 127 11.5
      vertex 109 151.99 11.5
    endloop
  endfacet
  facet normal 0 0 -1
    outer loop
      vertex 94.5 101 11.5
      vertex 108.686 5.98525 11.5
      vertex 108.478 5.93543 11.5
    endloop
  endfacet
  facet normal -0 0 -1
    outer loop
      vertex 109 151.99 11.5
      vertex 94.5 127 11.5
      vertex 108.898 151.998 11.5
    endloop
  endfacet
  facet normal 0 0 -1
    outer loop
      vertex 94.5 101 11.5
      vertex 108.478 5.93543 11.5
      vertex 108.379 5.91162 11.5
    endloop
  endfacet
  facet normal -0 0 -1
    outer loop
      vertex 108.898 151.998 11.5
      vertex 94.5 127 11.5
      vertex 108.686 152.015 11.5
    endloop
  endfacet
  facet normal 0 0 -1
    outer loop
      vertex 94.5 101 11.5
      vertex 108.379 5.91162 11.5
      vertex 108.285 5.87259 11.5
    endloop
  endfacet
  facet normal -0 0 -1
    outer loop
      vertex 108.686 152.015 11.5
      vertex 94.5 127 11.5
      vertex 108.478 152.065 11.5
    endloop
  endfacet
  facet normal 0 0 -1
    outer loop
      vertex 94.5 101 11.5
      vertex 108.285 5.87259 11.5
      vertex 108.087 5.79092 11.5
    endloop
  endfacet
  facet normal -0 0 -1
    outer loop
      vertex 108.478 152.065 11.5
      vertex 94.5 127 11.5
      vertex 108.379 152.088 11.5
    endloop
  endfacet
  facet normal 0 0 -1
    outer loop
      vertex 94.5 101 11.5
      vertex 108.087 5.79092 11.5
      vertex 108.001 5.73763 11.5
    endloop
  endfacet
  facet normal -0 0 -1
    outer loop
      vertex 108.379 152.088 11.5
      vertex 94.5 127 11.5
      vertex 108.285 152.127 11.5
    endloop
  endfacet
  facet normal 0 0 -1
    outer loop
      vertex 94.5 101 11.5
      vertex 108.001 5.73763 11.5
      vertex 107.819 5.62612 11.5
    endloop
  endfacet
  facet normal -0 0 -1
    outer loop
      vertex 108.285 152.127 11.5
      vertex 94.5 127 11.5
      vertex 108.087 152.209 11.5
    endloop
  endfacet
  facet normal 0 0 -1
    outer loop
      vertex 94.5 101 11.5
      vertex 107.819 5.62612 11.5
      vertex 107.741 5.55988 11.5
    endloop
  endfacet
  facet normal -0 0 -1
    outer loop
      vertex 108.087 152.209 11.5
      vertex 94.5 127 11.5
      vertex 108.001 152.262 11.5
    endloop
  endfacet
  facet normal 0 0 -1
    outer loop
      vertex 94.5 101 11.5
      vertex 107.741 5.55988 11.5
      vertex 107.579 5.42128 11.5
    endloop
  endfacet
  facet normal -0 0 -1
    outer loop
      vertex 108.001 152.262 11.5
      vertex 94.5 127 11.5
      vertex 107.819 152.374 11.5
    endloop
  endfacet
  facet normal 0 0 -1
    outer loop
      vertex 94.5 101 11.5
      vertex 107.579 5.42128 11.5
      vertex 107.44 5.25901 11.5
    endloop
  endfacet
  facet normal -0 0 -1
    outer loop
      vertex 107.819 152.374 11.5
      vertex 94.5 127 11.5
      vertex 107.741 152.44 11.5
    endloop
  endfacet
  facet normal 0 0 -1
    outer loop
      vertex 94.5 101 11.5
      vertex 107.44 5.25901 11.5
      vertex 107.374 5.18145 11.5
    endloop
  endfacet
  facet normal -0 0 -1
    outer loop
      vertex 107.741 152.44 11.5
      vertex 94.5 127 11.5
      vertex 107.579 152.579 11.5
    endloop
  endfacet
  facet normal 0 0 -1
    outer loop
      vertex 94.5 101 11.5
      vertex 107.374 5.18145 11.5
      vertex 107.262 4.99949 11.5
    endloop
  endfacet
  facet normal -0 0 -1
    outer loop
      vertex 107.579 152.579 11.5
      vertex 94.5 127 11.5
      vertex 107.44 152.741 11.5
    endloop
  endfacet
  facet normal 0 0 -1
    outer loop
      vertex 94.5 101 11.5
      vertex 107.262 4.99949 11.5
      vertex 107.209 4.91252 11.5
    endloop
  endfacet
  facet normal -0 0 -1
    outer loop
      vertex 107.44 152.741 11.5
      vertex 94.5 127 11.5
      vertex 107.374 152.819 11.5
    endloop
  endfacet
  facet normal 0 0 -1
    outer loop
      vertex 94.5 101 11.5
      vertex 107.209 4.91252 11.5
      vertex 107.127 4.71536 11.5
    endloop
  endfacet
  facet normal -0 0 -1
    outer loop
      vertex 107.374 152.819 11.5
      vertex 94.5 127 11.5
      vertex 107.262 153.001 11.5
    endloop
  endfacet
  facet normal 0 0 -1
    outer loop
      vertex 94.5 101 11.5
      vertex 107.127 4.71536 11.5
      vertex 107.088 4.62112 11.5
    endloop
  endfacet
  facet normal -0 0 -1
    outer loop
      vertex 107.262 153.001 11.5
      vertex 94.5 127 11.5
      vertex 107.209 153.087 11.5
    endloop
  endfacet
  facet normal 0 0 -1
    outer loop
      vertex 94.5 101 11.5
      vertex 107.088 4.62112 11.5
      vertex 107.065 4.52194 11.5
    endloop
  endfacet
  facet normal -0 0 -1
    outer loop
      vertex 107.209 153.087 11.5
      vertex 94.5 127 11.5
      vertex 107.127 153.285 11.5
    endloop
  endfacet
  facet normal 0 0 -1
    outer loop
      vertex 94.5 101 11.5
      vertex 107.065 4.52194 11.5
      vertex 107.015 4.31443 11.5
    endloop
  endfacet
  facet normal -0 0 -1
    outer loop
      vertex 107.127 153.285 11.5
      vertex 94.5 127 11.5
      vertex 107.088 153.379 11.5
    endloop
  endfacet
  facet normal 0 0 -1
    outer loop
      vertex 94.5 101 11.5
      vertex 107.015 4.31443 11.5
      vertex 106.998 4.10168 11.5
    endloop
  endfacet
  facet normal -0 0 -1
    outer loop
      vertex 107.088 153.379 11.5
      vertex 94.5 127 11.5
      vertex 107.065 153.478 11.5
    endloop
  endfacet
  facet normal 0 0 -1
    outer loop
      vertex 60.955 16.73 11.5
      vertex 106.998 4.10168 11.5
      vertex 106.99 4 11.5
    endloop
  endfacet
  facet normal -0 0 -1
    outer loop
      vertex 107.065 153.478 11.5
      vertex 94.5 127 11.5
      vertex 107.015 153.686 11.5
    endloop
  endfacet
  facet normal 0 0 -1
    outer loop
      vertex 107.015 154.314 11.5
      vertex 107.088 154.621 11.5
      vertex 107.065 154.522 11.5
    endloop
  endfacet
  facet normal -0 0 -1
    outer loop
      vertex 106.998 153.898 11.5
      vertex 94.5 127 11.5
      vertex 106.99 154 11.5
    endloop
  endfacet
  facet normal -0 0 -1
    outer loop
      vertex 106.99 154 11.5
      vertex 94.5 127 11.5
      vertex 106.998 154.102 11.5
    endloop
  endfacet
  facet normal -0 0 -1
    outer loop
      vertex 106.998 154.102 11.5
      vertex 94.5 127 11.5
      vertex 107.015 154.314 11.5
    endloop
  endfacet
  facet normal 0 0 -1
    outer loop
      vertex 18.5 127 11.5
      vertex 107.015 154.314 11.5
      vertex 94.5 127 11.5
    endloop
  endfacet
  facet normal 0 0 -1
    outer loop
      vertex 5.98525 154.314 11.5
      vertex 107.015 154.314 11.5
      vertex 18.5 127 11.5
    endloop
  endfacet
  facet normal 0 0 -1
    outer loop
      vertex 107.015 154.314 11.5
      vertex 5.98525 154.314 11.5
      vertex 107.088 154.621 11.5
    endloop
  endfacet
  facet normal 0 0 -1
    outer loop
      vertex 5.93543 154.522 11.5
      vertex 107.088 154.621 11.5
      vertex 5.98525 154.314 11.5
    endloop
  endfacet
  facet normal 0 0 -1
    outer loop
      vertex 5.91162 154.621 11.5
      vertex 107.088 154.621 11.5
      vertex 5.93543 154.522 11.5
    endloop
  endfacet
  facet normal 0 0 -1
    outer loop
      vertex 107.088 154.621 11.5
      vertex 5.91162 154.621 11.5
      vertex 107.127 154.715 11.5
    endloop
  endfacet
  facet normal -0 0 -1
    outer loop
      vertex 107.127 154.715 11.5
      vertex 5.91162 154.621 11.5
      vertex 107.209 154.913 11.5
    endloop
  endfacet
  facet normal 0 0 -1
    outer loop
      vertex 5.87259 154.715 11.5
      vertex 107.209 154.913 11.5
      vertex 5.91162 154.621 11.5
    endloop
  endfacet
  facet normal 0 0 -1
    outer loop
      vertex 5.79092 154.913 11.5
      vertex 107.209 154.913 11.5
      vertex 5.87259 154.715 11.5
    endloop
  endfacet
  facet normal 0 0 -1
    outer loop
      vertex 18.5 101 11.5
      vertex 6.01 154 11.5
      vertex 18.5 127 11.5
    endloop
  endfacet
  facet normal 0 0 -1
    outer loop
      vertex 6.002 154.102 11.5
      vertex 18.5 127 11.5
      vertex 6.01 154 11.5
    endloop
  endfacet
  facet normal 0 0 -1
    outer loop
      vertex 5.98525 154.314 11.5
      vertex 18.5 127 11.5
      vertex 6.002 154.102 11.5
    endloop
  endfacet
  facet normal 0 0 -1
    outer loop
      vertex 107.209 154.913 11.5
      vertex 5.79092 154.913 11.5
      vertex 107.262 154.999 11.5
    endloop
  endfacet
  facet normal -0 0 -1
    outer loop
      vertex 107.262 154.999 11.5
      vertex 5.79092 154.913 11.5
      vertex 107.374 155.181 11.5
    endloop
  endfacet
  facet normal 0 0 -1
    outer loop
      vertex 5.73763 154.999 11.5
      vertex 107.374 155.181 11.5
      vertex 5.79092 154.913 11.5
    endloop
  endfacet
  facet normal 0 0 -1
    outer loop
      vertex 5.62612 155.181 11.5
      vertex 107.374 155.181 11.5
      vertex 5.73763 154.999 11.5
    endloop
  endfacet
  facet normal 0 0 -1
    outer loop
      vertex 107.374 155.181 11.5
      vertex 5.62612 155.181 11.5
      vertex 107.44 155.259 11.5
    endloop
  endfacet
  facet normal -0 0 -1
    outer loop
      vertex 107.44 155.259 11.5
      vertex 5.62612 155.181 11.5
      vertex 107.579 155.421 11.5
    endloop
  endfacet
  facet normal 0 0 -1
    outer loop
      vertex 5.55988 155.259 11.5
      vertex 107.579 155.421 11.5
      vertex 5.62612 155.181 11.5
    endloop
  endfacet
  facet normal 0 0 -1
    outer loop
      vertex 5.42128 155.421 11.5
      vertex 107.579 155.421 11.5
      vertex 5.55988 155.259 11.5
    endloop
  endfacet
  facet normal 0 0 -1
    outer loop
      vertex 107.579 155.421 11.5
      vertex 5.42128 155.421 11.5
      vertex 107.671 155.5 11.5
    endloop
  endfacet
  facet normal -0 0 -1
    outer loop
      vertex 107.671 155.5 11.5
      vertex 5.42128 155.421 11.5
      vertex 5.32912 155.5 11.5
    endloop
  endfacet
  facet normal 0 0 -1
    outer loop
      vertex 106.998 4.10168 11.5
      vertex 76.4384 34.7822 11.5
      vertex 76.2553 35.5451 11.5
    endloop
  endfacet
  facet normal 0 0 -1
    outer loop
      vertex 106.998 4.10168 11.5
      vertex 76.2553 35.5451 11.5
      vertex 94.5 101 11.5
    endloop
  endfacet
  facet normal 0 0 -1
    outer loop
      vertex 75.955 36.27 11.5
      vertex 94.5 101 11.5
      vertex 76.2553 35.5451 11.5
    endloop
  endfacet
  facet normal 0 0 -1
    outer loop
      vertex 75.5451 36.9389 11.5
      vertex 94.5 101 11.5
      vertex 75.955 36.27 11.5
    endloop
  endfacet
  facet normal 0 0 -1
    outer loop
      vertex 75.0355 37.5355 11.5
      vertex 94.5 101 11.5
      vertex 75.5451 36.9389 11.5
    endloop
  endfacet
  facet normal 0 0 -1
    outer loop
      vertex 74.4389 38.0451 11.5
      vertex 94.5 101 11.5
      vertex 75.0355 37.5355 11.5
    endloop
  endfacet
  facet normal 0 0 -1
    outer loop
      vertex 73.77 38.455 11.5
      vertex 94.5 101 11.5
      vertex 74.4389 38.0451 11.5
    endloop
  endfacet
  facet normal 0 0 -1
    outer loop
      vertex 60.955 51.27 11.5
      vertex 73.77 38.455 11.5
      vertex 73.0451 38.7553 11.5
    endloop
  endfacet
  facet normal 0 0 -1
    outer loop
      vertex 61.2553 50.5451 11.5
      vertex 73.0451 38.7553 11.5
      vertex 72.2822 38.9384 11.5
    endloop
  endfacet
  facet normal 0 0 -1
    outer loop
      vertex 61.4384 49.7822 11.5
      vertex 72.2822 38.9384 11.5
      vertex 71.5 39 11.5
    endloop
  endfacet
  facet normal 0 0 -1
    outer loop
      vertex 61.5 49 11.5
      vertex 71.5 39 11.5
      vertex 70.7178 38.9384 11.5
    endloop
  endfacet
  facet normal 0 0 -1
    outer loop
      vertex 61.5 49 11.5
      vertex 70.7178 38.9384 11.5
      vertex 69.9549 38.7553 11.5
    endloop
  endfacet
  facet normal 0 0 -1
    outer loop
      vertex 61.5 49 11.5
      vertex 69.9549 38.7553 11.5
      vertex 69.23 38.455 11.5
    endloop
  endfacet
  facet normal 0 0 -1
    outer loop
      vertex 61.5 49 11.5
      vertex 69.23 38.455 11.5
      vertex 68.5611 38.0451 11.5
    endloop
  endfacet
  facet normal 0 0 -1
    outer loop
      vertex 61.5 49 11.5
      vertex 68.5611 38.0451 11.5
      vertex 67.9645 37.5355 11.5
    endloop
  endfacet
  facet normal 0 0 -1
    outer loop
      vertex 61.5 49 11.5
      vertex 67.9645 37.5355 11.5
      vertex 67.4549 36.9389 11.5
    endloop
  endfacet
  facet normal 0 0 -1
    outer loop
      vertex 61.2553 35.5451 11.5
      vertex 66.7447 35.5451 11.5
      vertex 61.4384 34.7822 11.5
    endloop
  endfacet
  facet normal 0 0 -1
    outer loop
      vertex 66.5616 33.2178 11.5
      vertex 61.5 34 11.5
      vertex 66.5 34 11.5
    endloop
  endfacet
  facet normal 0 0 -1
    outer loop
      vertex 66.5 34 11.5
      vertex 61.5 34 11.5
      vertex 66.5616 34.7822 11.5
    endloop
  endfacet
  facet normal 0 0 -1
    outer loop
      vertex 61.4384 34.7822 11.5
      vertex 66.5616 34.7822 11.5
      vertex 61.5 34 11.5
    endloop
  endfacet
  facet normal 0 0 -1
    outer loop
      vertex 66.5616 34.7822 11.5
      vertex 61.4384 34.7822 11.5
      vertex 66.7447 35.5451 11.5
    endloop
  endfacet
  facet normal 0 0 -1
    outer loop
      vertex 66.7447 35.5451 11.5
      vertex 61.2553 35.5451 11.5
      vertex 67.045 36.27 11.5
    endloop
  endfacet
  facet normal 0 0 -1
    outer loop
      vertex 71.5 39 11.5
      vertex 61.5 49 11.5
      vertex 61.4384 49.7822 11.5
    endloop
  endfacet
  facet normal 0 0 -1
    outer loop
      vertex 72.2822 38.9384 11.5
      vertex 61.4384 49.7822 11.5
      vertex 61.2553 50.5451 11.5
    endloop
  endfacet
  facet normal 0 0 -1
    outer loop
      vertex 73.0451 38.7553 11.5
      vertex 61.2553 50.5451 11.5
      vertex 60.955 51.27 11.5
    endloop
  endfacet
  facet normal 0 0 -1
    outer loop
      vertex 73.77 38.455 11.5
      vertex 60.955 51.27 11.5
      vertex 94.5 101 11.5
    endloop
  endfacet
  facet normal 0 0 -1
    outer loop
      vertex 60.5451 51.9389 11.5
      vertex 94.5 101 11.5
      vertex 60.955 51.27 11.5
    endloop
  endfacet
  facet normal 0 0 -1
    outer loop
      vertex 60.0355 52.5355 11.5
      vertex 94.5 101 11.5
      vertex 60.5451 51.9389 11.5
    endloop
  endfacet
  facet normal 0 0 -1
    outer loop
      vertex 59.4389 53.0451 11.5
      vertex 94.5 101 11.5
      vertex 60.0355 52.5355 11.5
    endloop
  endfacet
  facet normal 0 0 -1
    outer loop
      vertex 58.77 53.455 11.5
      vertex 94.5 101 11.5
      vertex 59.4389 53.0451 11.5
    endloop
  endfacet
  facet normal 0 0 -1
    outer loop
      vertex 58.0451 53.7553 11.5
      vertex 94.5 101 11.5
      vertex 58.77 53.455 11.5
    endloop
  endfacet
  facet normal 0 0 -1
    outer loop
      vertex 57.2822 53.9384 11.5
      vertex 94.5 101 11.5
      vertex 58.0451 53.7553 11.5
    endloop
  endfacet
  facet normal 0 0 -1
    outer loop
      vertex 56.5 54 11.5
      vertex 94.5 101 11.5
      vertex 57.2822 53.9384 11.5
    endloop
  endfacet
  facet normal 0 0 -1
    outer loop
      vertex 18.5 101 11.5
      vertex 56.5 54 11.5
      vertex 55.7178 53.9384 11.5
    endloop
  endfacet
  facet normal 0 0 -1
    outer loop
      vertex 18.5 101 11.5
      vertex 55.7178 53.9384 11.5
      vertex 54.9549 53.7553 11.5
    endloop
  endfacet
  facet normal 0 0 -1
    outer loop
      vertex 18.5 101 11.5
      vertex 54.9549 53.7553 11.5
      vertex 54.23 53.455 11.5
    endloop
  endfacet
  facet normal 0 0 -1
    outer loop
      vertex 18.5 101 11.5
      vertex 54.23 53.455 11.5
      vertex 53.5611 53.0451 11.5
    endloop
  endfacet
  facet normal 0 0 -1
    outer loop
      vertex 18.5 101 11.5
      vertex 53.5611 53.0451 11.5
      vertex 52.9645 52.5355 11.5
    endloop
  endfacet
  facet normal 0 0 -1
    outer loop
      vertex 51.5616 34.7822 11.5
      vertex 46.4384 34.7822 11.5
      vertex 46.2553 35.5451 11.5
    endloop
  endfacet
  facet normal 0 0 -1
    outer loop
      vertex 51.7447 35.5451 11.5
      vertex 46.2553 35.5451 11.5
      vertex 45.955 36.27 11.5
    endloop
  endfacet
  facet normal 0 0 -1
    outer loop
      vertex 52.045 36.27 11.5
      vertex 45.955 36.27 11.5
      vertex 45.5451 36.9389 11.5
    endloop
  endfacet
  facet normal 0 0 -1
    outer loop
      vertex 43.77 38.455 11.5
      vertex 52.045 46.73 11.5
      vertex 44.4389 38.0451 11.5
    endloop
  endfacet
  facet normal -0 0 -1
    outer loop
      vertex 52.045 46.73 11.5
      vertex 43.77 38.455 11.5
      vertex 51.7447 47.4549 11.5
    endloop
  endfacet
  facet normal 0 0 -1
    outer loop
      vertex 43.0451 38.7553 11.5
      vertex 51.7447 47.4549 11.5
      vertex 43.77 38.455 11.5
    endloop
  endfacet
  facet normal -0 0 -1
    outer loop
      vertex 51.7447 47.4549 11.5
      vertex 43.0451 38.7553 11.5
      vertex 51.5616 48.2178 11.5
    endloop
  endfacet
  facet normal 0 0 -1
    outer loop
      vertex 42.2822 38.9384 11.5
      vertex 51.5616 48.2178 11.5
      vertex 43.0451 38.7553 11.5
    endloop
  endfacet
  facet normal -0 0 -1
    outer loop
      vertex 51.5616 48.2178 11.5
      vertex 42.2822 38.9384 11.5
      vertex 51.5 49 11.5
    endloop
  endfacet
  facet normal 0 0 -1
    outer loop
      vertex 41.5 39 11.5
      vertex 51.5 49 11.5
      vertex 42.2822 38.9384 11.5
    endloop
  endfacet
  facet normal -0 0 -1
    outer loop
      vertex 51.5 49 11.5
      vertex 41.5 39 11.5
      vertex 51.5616 49.7822 11.5
    endloop
  endfacet
  facet normal 0 0 -1
    outer loop
      vertex 40.7178 38.9384 11.5
      vertex 51.5616 49.7822 11.5
      vertex 41.5 39 11.5
    endloop
  endfacet
  facet normal -0 0 -1
    outer loop
      vertex 51.5616 49.7822 11.5
      vertex 40.7178 38.9384 11.5
      vertex 51.7447 50.5451 11.5
    endloop
  endfacet
  facet normal 0 0 -1
    outer loop
      vertex 39.9549 38.7553 11.5
      vertex 51.7447 50.5451 11.5
      vertex 40.7178 38.9384 11.5
    endloop
  endfacet
  facet normal -0 0 -1
    outer loop
      vertex 51.7447 50.5451 11.5
      vertex 39.9549 38.7553 11.5
      vertex 52.045 51.27 11.5
    endloop
  endfacet
  facet normal 0 0 -1
    outer loop
      vertex 39.23 38.455 11.5
      vertex 52.045 51.27 11.5
      vertex 39.9549 38.7553 11.5
    endloop
  endfacet
  facet normal 0 0 -1
    outer loop
      vertex 18.5 101 11.5
      vertex 52.045 51.27 11.5
      vertex 39.23 38.455 11.5
    endloop
  endfacet
  facet normal 0 0 -1
    outer loop
      vertex 52.045 51.27 11.5
      vertex 18.5 101 11.5
      vertex 52.4549 51.9389 11.5
    endloop
  endfacet
  facet normal 0 0 -1
    outer loop
      vertex 52.4549 51.9389 11.5
      vertex 18.5 101 11.5
      vertex 52.9645 52.5355 11.5
    endloop
  endfacet
  facet normal 0 0 -1
    outer loop
      vertex 18.5 101 11.5
      vertex 39.23 38.455 11.5
      vertex 38.5611 38.0451 11.5
    endloop
  endfacet
  facet normal 0 0 -1
    outer loop
      vertex 18.5 101 11.5
      vertex 38.5611 38.0451 11.5
      vertex 37.9645 37.5355 11.5
    endloop
  endfacet
  facet normal 0 0 -1
    outer loop
      vertex 56.5 54 11.5
      vertex 18.5 101 11.5
      vertex 94.5 101 11.5
    endloop
  endfacet
  facet normal 0 0 -1
    outer loop
      vertex 37.4549 36.9389 11.5
      vertex 18.5 101 11.5
      vertex 37.9645 37.5355 11.5
    endloop
  endfacet
  facet normal 0 0 -1
    outer loop
      vertex 37.045 36.27 11.5
      vertex 18.5 101 11.5
      vertex 37.4549 36.9389 11.5
    endloop
  endfacet
  facet normal 0 0 -1
    outer loop
      vertex 36.7447 35.5451 11.5
      vertex 18.5 101 11.5
      vertex 37.045 36.27 11.5
    endloop
  endfacet
  facet normal 0 0 -1
    outer loop
      vertex 5.62612 5.18145 11.5
      vertex 37.9645 30.4645 11.5
      vertex 5.73763 4.99949 11.5
    endloop
  endfacet
  facet normal 0 0 -1
    outer loop
      vertex 5.73763 4.99949 11.5
      vertex 37.9645 30.4645 11.5
      vertex 5.79092 4.91252 11.5
    endloop
  endfacet
  facet normal 1 0 0
    outer loop
      vertex 2.5 155.175 11.3378
      vertex 2.5 155.5 11.5
      vertex 2.5 155.329 11.5
    endloop
  endfacet
  facet normal 1 0 0
    outer loop
      vertex 2.5 155.09 11.2486
      vertex 2.5 155.5 11.5
      vertex 2.5 155.175 11.3378
    endloop
  endfacet
  facet normal 1 0 0
    outer loop
      vertex 2.5 154.796 11
      vertex 2.5 155.5 11.5
      vertex 2.5 155.09 11.2486
    endloop
  endfacet
  facet normal 1 0 0
    outer loop
      vertex 2.5 155.5 11.5
      vertex 2.5 154.796 11
      vertex 2.5 155.5 0
    endloop
  endfacet
  facet normal 1 0 0
    outer loop
      vertex 2.5 155.5 0
      vertex 2.5 154.796 11
      vertex 2.5 154.796 0
    endloop
  endfacet
  facet normal 1 0 0
    outer loop
      vertex 2.5 2.5 11.5
      vertex 2.5 3.20421 11
      vertex 2.5 2.91019 11.2486
    endloop
  endfacet
  facet normal 1 0 0
    outer loop
      vertex 2.5 2.5 11.5
      vertex 2.5 2.91019 11.2486
      vertex 2.5 2.82528 11.3378
    endloop
  endfacet
  facet normal 1 -0 0
    outer loop
      vertex 2.5 2.5 11.5
      vertex 2.5 2.82528 11.3378
      vertex 2.5 2.67088 11.5
    endloop
  endfacet
  facet normal 1 0 0
    outer loop
      vertex 2.5 3.20421 11
      vertex 2.5 2.5 11.5
      vertex 2.5 2.5 0
    endloop
  endfacet
  facet normal 1 0 0
    outer loop
      vertex 2.5 3.20421 11
      vertex 2.5 2.5 0
      vertex 2.5 3.20421 0
    endloop
  endfacet
  facet normal 1 0 0
    outer loop
      vertex 2.5 152.91 11.2486
      vertex 2.5 153.204 0
      vertex 2.5 153.204 11
    endloop
  endfacet
  facet normal 1 0 0
    outer loop
      vertex 2.5 152.825 11.3378
      vertex 2.5 153.204 0
      vertex 2.5 152.91 11.2486
    endloop
  endfacet
  facet normal 1 0 0
    outer loop
      vertex 2.5 152.671 11.5
      vertex 2.5 153.204 0
      vertex 2.5 152.825 11.3378
    endloop
  endfacet
  facet normal 1 -0 0
    outer loop
      vertex 2.5 5.32912 11.5
      vertex 2.5 153.204 0
      vertex 2.5 152.671 11.5
    endloop
  endfacet
  facet normal 1 0 0
    outer loop
      vertex 2.5 4.79579 0
      vertex 2.5 5.32912 11.5
      vertex 2.5 5.17472 11.3378
    endloop
  endfacet
  facet normal 1 0 0
    outer loop
      vertex 2.5 4.79579 0
      vertex 2.5 5.17472 11.3378
      vertex 2.5 5.08981 11.2486
    endloop
  endfacet
  facet normal 1 0 0
    outer loop
      vertex 2.5 4.79579 0
      vertex 2.5 5.08981 11.2486
      vertex 2.5 4.79579 11
    endloop
  endfacet
  facet normal 1 0 0
    outer loop
      vertex 2.5 5.32912 11.5
      vertex 2.5 4.79579 0
      vertex 2.5 153.204 0
    endloop
  endfacet
  facet normal 0 -1 0
    outer loop
      vertex 2.5 155.5 11.5
      vertex 2.82528 155.5 11.3378
      vertex 2.67088 155.5 11.5
    endloop
  endfacet
  facet normal 0 -1 0
    outer loop
      vertex 2.5 155.5 11.5
      vertex 2.91019 155.5 11.2486
      vertex 2.82528 155.5 11.3378
    endloop
  endfacet
  facet normal 0 -1 0
    outer loop
      vertex 2.5 155.5 11.5
      vertex 3.20421 155.5 11
      vertex 2.91019 155.5 11.2486
    endloop
  endfacet
  facet normal 0 -1 0
    outer loop
      vertex 2.5 155.5 0
      vertex 3.20421 155.5 11
      vertex 2.5 155.5 11.5
    endloop
  endfacet
  facet normal 0 -1 -0
    outer loop
      vertex 3.20421 155.5 11
      vertex 2.5 155.5 0
      vertex 3.20421 155.5 0
    endloop
  endfacet
  facet normal 0 -1 0
    outer loop
      vertex 110.175 155.5 11.3378
      vertex 110.5 155.5 11.5
      vertex 110.329 155.5 11.5
    endloop
  endfacet
  facet normal 0 -1 0
    outer loop
      vertex 110.09 155.5 11.2486
      vertex 110.5 155.5 11.5
      vertex 110.175 155.5 11.3378
    endloop
  endfacet
  facet normal 0 -1 0
    outer loop
      vertex 109.796 155.5 11
      vertex 110.5 155.5 11.5
      vertex 110.09 155.5 11.2486
    endloop
  endfacet
  facet normal 0 -1 0
    outer loop
      vertex 110.5 155.5 0
      vertex 109.796 155.5 11
      vertex 109.796 155.5 0
    endloop
  endfacet
  facet normal 0 -1 0
    outer loop
      vertex 109.796 155.5 11
      vertex 110.5 155.5 0
      vertex 110.5 155.5 11.5
    endloop
  endfacet
  facet normal 0 -1 0
    outer loop
      vertex 4.79579 155.5 0
      vertex 5.32912 155.5 11.5
      vertex 5.17472 155.5 11.3378
    endloop
  endfacet
  facet normal 0 -1 -0
    outer loop
      vertex 5.32912 155.5 11.5
      vertex 4.79579 155.5 0
      vertex 107.671 155.5 11.5
    endloop
  endfacet
  facet normal 0 -1 0
    outer loop
      vertex 4.79579 155.5 0
      vertex 5.17472 155.5 11.3378
      vertex 5.08981 155.5 11.2486
    endloop
  endfacet
  facet normal 0 -1 0
    outer loop
      vertex 108.204 155.5 0
      vertex 107.671 155.5 11.5
      vertex 4.79579 155.5 0
    endloop
  endfacet
  facet normal 0 -1 0
    outer loop
      vertex 4.79579 155.5 0
      vertex 5.08981 155.5 11.2486
      vertex 4.79579 155.5 11
    endloop
  endfacet
  facet normal 0 -1 0
    outer loop
      vertex 107.671 155.5 11.5
      vertex 108.204 155.5 0
      vertex 107.825 155.5 11.3378
    endloop
  endfacet
  facet normal 0 -1 0
    outer loop
      vertex 107.825 155.5 11.3378
      vertex 108.204 155.5 0
      vertex 107.91 155.5 11.2486
    endloop
  endfacet
  facet normal 0 -1 0
    outer loop
      vertex 107.91 155.5 11.2486
      vertex 108.204 155.5 0
      vertex 108.204 155.5 11
    endloop
  endfacet
  facet normal 0 1 0
    outer loop
      vertex 2.82528 2.5 11.3378
      vertex 2.5 2.5 11.5
      vertex 2.67088 2.5 11.5
    endloop
  endfacet
  facet normal 0 1 0
    outer loop
      vertex 2.91019 2.5 11.2486
      vertex 2.5 2.5 11.5
      vertex 2.82528 2.5 11.3378
    endloop
  endfacet
  facet normal 0 1 0
    outer loop
      vertex 3.20421 2.5 11
      vertex 2.5 2.5 11.5
      vertex 2.91019 2.5 11.2486
    endloop
  endfacet
  facet normal 0 1 0
    outer loop
      vertex 2.5 2.5 0
      vertex 3.20421 2.5 11
      vertex 3.20421 2.5 0
    endloop
  endfacet
  facet normal 0 1 0
    outer loop
      vertex 3.20421 2.5 11
      vertex 2.5 2.5 0
      vertex 2.5 2.5 11.5
    endloop
  endfacet
  facet normal 0 1 0
    outer loop
      vertex 110.5 2.5 11.5
      vertex 110.175 2.5 11.3378
      vertex 110.329 2.5 11.5
    endloop
  endfacet
  facet normal 0 1 0
    outer loop
      vertex 110.5 2.5 11.5
      vertex 110.09 2.5 11.2486
      vertex 110.175 2.5 11.3378
    endloop
  endfacet
  facet normal 0 1 0
    outer loop
      vertex 110.5 2.5 11.5
      vertex 109.796 2.5 11
      vertex 110.09 2.5 11.2486
    endloop
  endfacet
  facet normal 0 1 -0
    outer loop
      vertex 110.5 2.5 0
      vertex 109.796 2.5 11
      vertex 110.5 2.5 11.5
    endloop
  endfacet
  facet normal 0 1 0
    outer loop
      vertex 109.796 2.5 11
      vertex 110.5 2.5 0
      vertex 109.796 2.5 0
    endloop
  endfacet
  facet normal 0 1 0
    outer loop
      vertex 108.204 2.5 0
      vertex 107.671 2.5 11.5
      vertex 107.825 2.5 11.3378
    endloop
  endfacet
  facet normal 0 1 0
    outer loop
      vertex 107.671 2.5 11.5
      vertex 108.204 2.5 0
      vertex 5.32912 2.5 11.5
    endloop
  endfacet
  facet normal 0 1 0
    outer loop
      vertex 108.204 2.5 0
      vertex 107.825 2.5 11.3378
      vertex 107.91 2.5 11.2486
    endloop
  endfacet
  facet normal 0 1 0
    outer loop
      vertex 4.79579 2.5 0
      vertex 5.32912 2.5 11.5
      vertex 108.204 2.5 0
    endloop
  endfacet
  facet normal 0 1 -0
    outer loop
      vertex 108.204 2.5 0
      vertex 107.91 2.5 11.2486
      vertex 108.204 2.5 11
    endloop
  endfacet
  facet normal 0 1 0
    outer loop
      vertex 5.32912 2.5 11.5
      vertex 4.79579 2.5 0
      vertex 5.17472 2.5 11.3378
    endloop
  endfacet
  facet normal 0 1 0
    outer loop
      vertex 5.17472 2.5 11.3378
      vertex 4.79579 2.5 0
      vertex 5.08981 2.5 11.2486
    endloop
  endfacet
  facet normal 0 1 0
    outer loop
      vertex 5.08981 2.5 11.2486
      vertex 4.79579 2.5 0
      vertex 4.79579 2.5 11
    endloop
  endfacet
  facet normal -1 0 0
    outer loop
      vertex 94.5 101 11.5
      vertex 94.5 127 14
      vertex 94.5 127 11.5
    endloop
  endfacet
  facet normal -1 -0 0
    outer loop
      vertex 94.5 127 14
      vertex 94.5 101 11.5
      vertex 94.5 101 14
    endloop
  endfacet
  facet normal 1 -0 0
    outer loop
      vertex 18.5 101 14
      vertex 18.5 127 11.5
      vertex 18.5 127 14
    endloop
  endfacet
  facet normal 1 0 0
    outer loop
      vertex 18.5 127 11.5
      vertex 18.5 101 14
      vertex 18.5 101 11.5
    endloop
  endfacet
  facet normal 0 -1 0
    outer loop
      vertex 18.5 127 11.5
      vertex 94.5 127 14
      vertex 18.5 127 14
    endloop
  endfacet
  facet normal 0 -1 -0
    outer loop
      vertex 94.5 127 14
      vertex 18.5 127 11.5
      vertex 94.5 127 11.5
    endloop
  endfacet
  facet normal 0 1 -0
    outer loop
      vertex 94.5 101 11.5
      vertex 18.5 101 14
      vertex 94.5 101 14
    endloop
  endfacet
  facet normal 0 1 0
    outer loop
      vertex 18.5 101 14
      vertex 94.5 101 11.5
      vertex 18.5 101 11.5
    endloop
  endfacet
endsolid OpenSCAD_Model
