solid OpenSCAD_Model
  facet normal -0.522546 0.852611 0
    outer loop
      vertex 3.27606 157.346 0
      vertex 2.47329 156.854 16
      vertex 3.27606 157.346 16
    endloop
  endfacet
  facet normal -0.522546 0.852611 0
    outer loop
      vertex 2.47329 156.854 16
      vertex 3.27606 157.346 0
      vertex 2.47329 156.854 0
    endloop
  endfacet
  facet normal 0 1 -0
    outer loop
      vertex 107 158 0
      vertex 6 158 16
      vertex 107 158 16
    endloop
  endfacet
  facet normal 0 1 0
    outer loop
      vertex 6 158 16
      vertex 107 158 0
      vertex 6 158 0
    endloop
  endfacet
  facet normal -0.972341 0.233564 0
    outer loop
      vertex 0.0738697 152.939 0
      vertex 0.29366 153.854 16
      vertex 0.29366 153.854 0
    endloop
  endfacet
  facet normal -0.972341 0.233564 0
    outer loop
      vertex 0.29366 153.854 16
      vertex 0.0738697 152.939 0
      vertex 0.0738697 152.939 16
    endloop
  endfacet
  facet normal -1 0 0
    outer loop
      vertex 0 6 0
      vertex 0 152 16
      vertex 0 152 0
    endloop
  endfacet
  facet normal -1 -0 0
    outer loop
      vertex 0 152 16
      vertex 0 6 0
      vertex 0 6 16
    endloop
  endfacet
  facet normal -0.0785961 0.996907 0
    outer loop
      vertex 6 158 0
      vertex 5.06139 157.926 16
      vertex 6 158 16
    endloop
  endfacet
  facet normal -0.0785961 0.996907 0
    outer loop
      vertex 5.06139 157.926 16
      vertex 6 158 0
      vertex 5.06139 157.926 0
    endloop
  endfacet
  facet normal 0.522391 -0.852706 0
    outer loop
      vertex 109.724 0.65396 0
      vertex 110.527 1.1459 16
      vertex 109.724 0.65396 16
    endloop
  endfacet
  facet normal 0.522391 -0.852706 0
    outer loop
      vertex 110.527 1.1459 16
      vertex 109.724 0.65396 0
      vertex 110.527 1.1459 0
    endloop
  endfacet
  facet normal 1 -0 0
    outer loop
      vertex 113 6 16
      vertex 113 152 0
      vertex 113 152 16
    endloop
  endfacet
  facet normal 1 0 0
    outer loop
      vertex 113 152 0
      vertex 113 6 16
      vertex 113 6 0
    endloop
  endfacet
  facet normal -0.923904 0.382624 0
    outer loop
      vertex 0.29366 153.854 0
      vertex 0.65396 154.724 16
      vertex 0.65396 154.724 0
    endloop
  endfacet
  facet normal -0.923904 0.382624 0
    outer loop
      vertex 0.65396 154.724 16
      vertex 0.29366 153.854 0
      vertex 0.29366 153.854 16
    endloop
  endfacet
  facet normal 0.923992 -0.382412 0
    outer loop
      vertex 112.346 3.27606 16
      vertex 112.706 4.1459 0
      vertex 112.706 4.1459 16
    endloop
  endfacet
  facet normal 0.923992 -0.382412 0
    outer loop
      vertex 112.706 4.1459 0
      vertex 112.346 3.27606 16
      vertex 112.346 3.27606 0
    endloop
  endfacet
  facet normal 0.760648 -0.649164 0
    outer loop
      vertex 111.243 1.75736 16
      vertex 111.854 2.47329 0
      vertex 111.854 2.47329 16
    endloop
  endfacet
  facet normal 0.760648 -0.649164 0
    outer loop
      vertex 111.854 2.47329 0
      vertex 111.243 1.75736 16
      vertex 111.243 1.75736 0
    endloop
  endfacet
  facet normal 0 -1 0
    outer loop
      vertex 6 0 16
      vertex 51.5 0 7.5
      vertex 51.5 0 16
    endloop
  endfacet
  facet normal 0 -1 -0
    outer loop
      vertex 51.5 0 7.5
      vertex 6 0 0
      vertex 61.5 0 7.5
    endloop
  endfacet
  facet normal 0 -1 0
    outer loop
      vertex 6 0 0
      vertex 51.5 0 7.5
      vertex 6 0 16
    endloop
  endfacet
  facet normal 0 -1 0
    outer loop
      vertex 61.5 0 7.5
      vertex 107 0 16
      vertex 61.5 0 16
    endloop
  endfacet
  facet normal 0 -1 0
    outer loop
      vertex 61.5 0 7.5
      vertex 107 0 0
      vertex 107 0 16
    endloop
  endfacet
  facet normal 0 -1 0
    outer loop
      vertex 107 0 0
      vertex 61.5 0 7.5
      vertex 6 0 0
    endloop
  endfacet
  facet normal -0.97237 -0.233446 0
    outer loop
      vertex 0.29366 4.1459 0
      vertex 0.0738697 5.06139 16
      vertex 0.0738697 5.06139 0
    endloop
  endfacet
  facet normal -0.97237 -0.233446 0
    outer loop
      vertex 0.0738697 5.06139 16
      vertex 0.29366 4.1459 0
      vertex 0.29366 4.1459 16
    endloop
  endfacet
  facet normal 0.76068 0.649127 0
    outer loop
      vertex 111.854 155.527 16
      vertex 111.243 156.243 0
      vertex 111.243 156.243 16
    endloop
  endfacet
  facet normal 0.76068 0.649127 0
    outer loop
      vertex 111.243 156.243 0
      vertex 111.854 155.527 16
      vertex 111.854 155.527 0
    endloop
  endfacet
  facet normal 0.0784262 -0.99692 0
    outer loop
      vertex 107 0 0
      vertex 107.939 0.0738697 16
      vertex 107 0 16
    endloop
  endfacet
  facet normal 0.0784262 -0.99692 0
    outer loop
      vertex 107.939 0.0738697 16
      vertex 107 0 0
      vertex 107.939 0.0738697 0
    endloop
  endfacet
  facet normal 0.972319 -0.233657 0
    outer loop
      vertex 112.706 4.1459 16
      vertex 112.926 5.06139 0
      vertex 112.926 5.06139 16
    endloop
  endfacet
  facet normal 0.972319 -0.233657 0
    outer loop
      vertex 112.926 5.06139 0
      vertex 112.706 4.1459 16
      vertex 112.706 4.1459 0
    endloop
  endfacet
  facet normal 0.996907 -0.0785961 0
    outer loop
      vertex 112.926 5.06139 16
      vertex 113 6 0
      vertex 113 6 16
    endloop
  endfacet
  facet normal 0.996907 -0.0785961 0
    outer loop
      vertex 113 6 0
      vertex 112.926 5.06139 16
      vertex 112.926 5.06139 0
    endloop
  endfacet
  facet normal -0.382412 0.923992 0
    outer loop
      vertex 4.1459 157.706 0
      vertex 3.27606 157.346 16
      vertex 4.1459 157.706 16
    endloop
  endfacet
  facet normal -0.382412 0.923992 0
    outer loop
      vertex 3.27606 157.346 16
      vertex 4.1459 157.706 0
      vertex 3.27606 157.346 0
    endloop
  endfacet
  facet normal -0 0 1
    outer loop
      vertex 106.037 4.4693 16
      vertex 107.617 4.21901 16
      vertex 106.147 4.92705 16
    endloop
  endfacet
  facet normal 0 0 1
    outer loop
      vertex 107.617 4.21901 16
      vertex 106.037 4.4693 16
      vertex 107.6 4 16
    endloop
  endfacet
  facet normal 0 0 1
    outer loop
      vertex 106 4 16
      vertex 107.6 4 16
      vertex 106.037 4.4693 16
    endloop
  endfacet
  facet normal 0 0 1
    outer loop
      vertex 107.6 4 16
      vertex 106.327 2.63803 16
      vertex 106.412 2.5 16
    endloop
  endfacet
  facet normal 0 -0 1
    outer loop
      vertex 106.327 2.63803 16
      vertex 107.6 4 16
      vertex 106.147 3.07295 16
    endloop
  endfacet
  facet normal 0 0 1
    outer loop
      vertex 107.6 4 16
      vertex 106.037 3.5307 16
      vertex 106.147 3.07295 16
    endloop
  endfacet
  facet normal 0 0 1
    outer loop
      vertex 107.6 4 16
      vertex 106 4 16
      vertex 106.037 3.5307 16
    endloop
  endfacet
  facet normal -0 0 1
    outer loop
      vertex 106.037 154.469 16
      vertex 107.617 154.219 16
      vertex 106.147 154.927 16
    endloop
  endfacet
  facet normal 0 0 1
    outer loop
      vertex 107.6 154 16
      vertex 106.327 152.638 16
      vertex 106.573 152.237 16
    endloop
  endfacet
  facet normal 0 0 1
    outer loop
      vertex 107.617 154.219 16
      vertex 106.037 154.469 16
      vertex 107.6 154 16
    endloop
  endfacet
  facet normal 0 0 1
    outer loop
      vertex 107.6 154 16
      vertex 106.147 153.073 16
      vertex 106.327 152.638 16
    endloop
  endfacet
  facet normal 0 0 1
    outer loop
      vertex 106 154 16
      vertex 107.6 154 16
      vertex 106.037 154.469 16
    endloop
  endfacet
  facet normal 0 0 1
    outer loop
      vertex 107.6 154 16
      vertex 106.037 153.531 16
      vertex 106.147 153.073 16
    endloop
  endfacet
  facet normal 0 0 1
    outer loop
      vertex 107.6 154 16
      vertex 106 154 16
      vertex 106.037 153.531 16
    endloop
  endfacet
  facet normal 0 0 1
    outer loop
      vertex 5.4 154 16
      vertex 7 154 16
      vertex 6.96306 154.469 16
    endloop
  endfacet
  facet normal 0 0 1
    outer loop
      vertex 5.38276 154.219 16
      vertex 6.96306 154.469 16
      vertex 6.85317 154.927 16
    endloop
  endfacet
  facet normal 0 0 1
    outer loop
      vertex 7 154 16
      vertex 5.4 154 16
      vertex 6.96306 153.531 16
    endloop
  endfacet
  facet normal 0 0 1
    outer loop
      vertex 5.33148 154.433 16
      vertex 6.85317 154.927 16
      vertex 6.67302 155.362 16
    endloop
  endfacet
  facet normal -0 0 1
    outer loop
      vertex 5.38276 153.781 16
      vertex 6.96306 153.531 16
      vertex 5.4 154 16
    endloop
  endfacet
  facet normal 0 0 1
    outer loop
      vertex 5.24741 154.636 16
      vertex 6.67302 155.362 16
      vertex 6.58844 155.5 16
    endloop
  endfacet
  facet normal 0 0 1
    outer loop
      vertex 6.96306 153.531 16
      vertex 5.38276 153.781 16
      vertex 6.85317 153.073 16
    endloop
  endfacet
  facet normal 0 0 1
    outer loop
      vertex 6.67302 152.638 16
      vertex 5.24741 153.364 16
      vertex 6.42705 152.237 16
    endloop
  endfacet
  facet normal -0 0 1
    outer loop
      vertex 5.13262 153.177 16
      vertex 6.42705 152.237 16
      vertex 5.24741 153.364 16
    endloop
  endfacet
  facet normal 0 0 1
    outer loop
      vertex 6.42705 152.237 16
      vertex 5.13262 153.177 16
      vertex 6.12132 151.879 16
    endloop
  endfacet
  facet normal -0 0 1
    outer loop
      vertex 4.98995 153.01 16
      vertex 6.12132 151.879 16
      vertex 5.13262 153.177 16
    endloop
  endfacet
  facet normal 0 0 1
    outer loop
      vertex 6.12132 151.879 16
      vertex 4.98995 153.01 16
      vertex 5.76336 151.573 16
    endloop
  endfacet
  facet normal -0 0 1
    outer loop
      vertex 4.8229 152.867 16
      vertex 5.76336 151.573 16
      vertex 4.98995 153.01 16
    endloop
  endfacet
  facet normal 0 0 1
    outer loop
      vertex 5.76336 151.573 16
      vertex 4.8229 152.867 16
      vertex 5.36197 151.327 16
    endloop
  endfacet
  facet normal -0 0 1
    outer loop
      vertex 4.63559 152.753 16
      vertex 5.36197 151.327 16
      vertex 4.8229 152.867 16
    endloop
  endfacet
  facet normal 0 0 1
    outer loop
      vertex 5.36197 151.327 16
      vertex 4.63559 152.753 16
      vertex 4.92705 151.147 16
    endloop
  endfacet
  facet normal -0 0 1
    outer loop
      vertex 4.43262 152.669 16
      vertex 4.92705 151.147 16
      vertex 4.63559 152.753 16
    endloop
  endfacet
  facet normal 0 0 1
    outer loop
      vertex 4.92705 151.147 16
      vertex 4.43262 152.669 16
      vertex 4.4693 151.037 16
    endloop
  endfacet
  facet normal -0 0 1
    outer loop
      vertex 4.21901 152.617 16
      vertex 4.4693 151.037 16
      vertex 4.43262 152.669 16
    endloop
  endfacet
  facet normal -0 0 1
    outer loop
      vertex 4 152.6 16
      vertex 4.4693 151.037 16
      vertex 4.21901 152.617 16
    endloop
  endfacet
  facet normal 0 0 1
    outer loop
      vertex 4 152.6 16
      vertex 4 151 16
      vertex 4.4693 151.037 16
    endloop
  endfacet
  facet normal 0 0 1
    outer loop
      vertex 3.78099 152.617 16
      vertex 4 151 16
      vertex 4 152.6 16
    endloop
  endfacet
  facet normal 0 0 1
    outer loop
      vertex 3.5307 151.037 16
      vertex 3.78099 152.617 16
      vertex 3.56738 152.669 16
    endloop
  endfacet
  facet normal 0 0 1
    outer loop
      vertex 3.78099 152.617 16
      vertex 3.5307 151.037 16
      vertex 4 151 16
    endloop
  endfacet
  facet normal 0 0 1
    outer loop
      vertex 3.07295 151.147 16
      vertex 3.56738 152.669 16
      vertex 3.36441 152.753 16
    endloop
  endfacet
  facet normal 0 0 1
    outer loop
      vertex 2.5 151.412 16
      vertex 3.36441 152.753 16
      vertex 3.1771 152.867 16
    endloop
  endfacet
  facet normal 0 0 1
    outer loop
      vertex 3.56738 152.669 16
      vertex 3.07295 151.147 16
      vertex 3.5307 151.037 16
    endloop
  endfacet
  facet normal 0 0 1
    outer loop
      vertex 2.5 151.412 16
      vertex 3.1771 152.867 16
      vertex 3.01005 153.01 16
    endloop
  endfacet
  facet normal 0 0 1
    outer loop
      vertex 2.5 151.412 16
      vertex 3.01005 153.01 16
      vertex 2.86738 153.177 16
    endloop
  endfacet
  facet normal 0 0 1
    outer loop
      vertex 2.5 151.412 16
      vertex 2.86738 153.177 16
      vertex 2.75259 153.364 16
    endloop
  endfacet
  facet normal 0 0 1
    outer loop
      vertex 0 152 16
      vertex 2.75259 153.364 16
      vertex 2.66852 153.567 16
    endloop
  endfacet
  facet normal 0 0 1
    outer loop
      vertex 3.36441 152.753 16
      vertex 2.63803 151.327 16
      vertex 3.07295 151.147 16
    endloop
  endfacet
  facet normal 0 0 1
    outer loop
      vertex 0 152 16
      vertex 2.66852 153.567 16
      vertex 2.61724 153.781 16
    endloop
  endfacet
  facet normal 0 0 1
    outer loop
      vertex 0 152 16
      vertex 2.61724 153.781 16
      vertex 2.6 154 16
    endloop
  endfacet
  facet normal 0 0 1
    outer loop
      vertex 3.36441 152.753 16
      vertex 2.5 151.412 16
      vertex 2.63803 151.327 16
    endloop
  endfacet
  facet normal 0 0 1
    outer loop
      vertex 5.4 4 16
      vertex 7 4 16
      vertex 6.96306 4.4693 16
    endloop
  endfacet
  facet normal 0 0 1
    outer loop
      vertex 5.38276 4.21901 16
      vertex 6.96306 4.4693 16
      vertex 6.85317 4.92705 16
    endloop
  endfacet
  facet normal 0 0 1
    outer loop
      vertex 7 4 16
      vertex 5.4 4 16
      vertex 6.96306 3.5307 16
    endloop
  endfacet
  facet normal 0 0 1
    outer loop
      vertex 5.33148 4.43262 16
      vertex 6.85317 4.92705 16
      vertex 6.67302 5.36197 16
    endloop
  endfacet
  facet normal -0 0 1
    outer loop
      vertex 5.38276 3.78099 16
      vertex 6.96306 3.5307 16
      vertex 5.4 4 16
    endloop
  endfacet
  facet normal 0 0 1
    outer loop
      vertex 6.96306 3.5307 16
      vertex 5.38276 3.78099 16
      vertex 6.85317 3.07295 16
    endloop
  endfacet
  facet normal 0 0 1
    outer loop
      vertex 5.24741 4.63559 16
      vertex 6.67302 5.36197 16
      vertex 6.42705 5.76336 16
    endloop
  endfacet
  facet normal -0 0 1
    outer loop
      vertex 6.58844 2.5 16
      vertex 51.5 0 16
      vertex 51.5 2.5 16
    endloop
  endfacet
  facet normal 0 0 1
    outer loop
      vertex 5.13262 4.8229 16
      vertex 6.42705 5.76336 16
      vertex 6.12132 6.12132 16
    endloop
  endfacet
  facet normal 0 0 1
    outer loop
      vertex 6.58844 2.5 16
      vertex 6 0 16
      vertex 51.5 0 16
    endloop
  endfacet
  facet normal 0 0 1
    outer loop
      vertex 6.96306 4.4693 16
      vertex 5.38276 4.21901 16
      vertex 5.4 4 16
    endloop
  endfacet
  facet normal 0 0 1
    outer loop
      vertex 4.98995 4.98995 16
      vertex 6.12132 6.12132 16
      vertex 5.76336 6.42705 16
    endloop
  endfacet
  facet normal 0 0 1
    outer loop
      vertex 6.85317 3.07295 16
      vertex 5.33148 3.56738 16
      vertex 6.67302 2.63803 16
    endloop
  endfacet
  facet normal -0 0 1
    outer loop
      vertex 5.24741 3.36441 16
      vertex 6.67302 2.63803 16
      vertex 5.33148 3.56738 16
    endloop
  endfacet
  facet normal 0 0 1
    outer loop
      vertex 6.67302 2.63803 16
      vertex 5.24741 3.36441 16
      vertex 6.58844 2.5 16
    endloop
  endfacet
  facet normal -0 0 1
    outer loop
      vertex 5.13262 3.1771 16
      vertex 6.58844 2.5 16
      vertex 5.24741 3.36441 16
    endloop
  endfacet
  facet normal -0 0 1
    outer loop
      vertex 4.98995 3.01005 16
      vertex 6.58844 2.5 16
      vertex 5.13262 3.1771 16
    endloop
  endfacet
  facet normal -0 0 1
    outer loop
      vertex 4.8229 2.86738 16
      vertex 6.58844 2.5 16
      vertex 4.98995 3.01005 16
    endloop
  endfacet
  facet normal -0 0 1
    outer loop
      vertex 4.63559 2.75259 16
      vertex 6.58844 2.5 16
      vertex 4.8229 2.86738 16
    endloop
  endfacet
  facet normal 0 0 1
    outer loop
      vertex 6.58844 2.5 16
      vertex 5.06139 0.0738697 16
      vertex 6 0 16
    endloop
  endfacet
  facet normal 0 0 1
    outer loop
      vertex 6.58844 2.5 16
      vertex 4.63559 2.75259 16
      vertex 5.06139 0.0738697 16
    endloop
  endfacet
  facet normal -0 0 1
    outer loop
      vertex 4.43262 2.66852 16
      vertex 5.06139 0.0738697 16
      vertex 4.63559 2.75259 16
    endloop
  endfacet
  facet normal 0 0 1
    outer loop
      vertex 4.1459 0.29366 16
      vertex 4.43262 2.66852 16
      vertex 4.21901 2.61724 16
    endloop
  endfacet
  facet normal 0 0 1
    outer loop
      vertex 4.43262 2.66852 16
      vertex 4.1459 0.29366 16
      vertex 5.06139 0.0738697 16
    endloop
  endfacet
  facet normal -0 0 1
    outer loop
      vertex 4 2.6 16
      vertex 4.1459 0.29366 16
      vertex 4.21901 2.61724 16
    endloop
  endfacet
  facet normal 0 0 1
    outer loop
      vertex 3.27606 0.65396 16
      vertex 4 2.6 16
      vertex 3.78099 2.61724 16
    endloop
  endfacet
  facet normal 0 0 1
    outer loop
      vertex 3.27606 0.65396 16
      vertex 3.78099 2.61724 16
      vertex 3.56738 2.66852 16
    endloop
  endfacet
  facet normal 0 0 1
    outer loop
      vertex 2.47329 1.1459 16
      vertex 3.56738 2.66852 16
      vertex 3.36441 2.75259 16
    endloop
  endfacet
  facet normal 0 0 1
    outer loop
      vertex 4 2.6 16
      vertex 3.27606 0.65396 16
      vertex 4.1459 0.29366 16
    endloop
  endfacet
  facet normal 0 0 1
    outer loop
      vertex 2.47329 1.1459 16
      vertex 3.36441 2.75259 16
      vertex 3.1771 2.86738 16
    endloop
  endfacet
  facet normal 0 0 1
    outer loop
      vertex 1.75736 1.75736 16
      vertex 3.1771 2.86738 16
      vertex 3.01005 3.01005 16
    endloop
  endfacet
  facet normal 0 0 1
    outer loop
      vertex 1.75736 1.75736 16
      vertex 3.01005 3.01005 16
      vertex 2.86738 3.1771 16
    endloop
  endfacet
  facet normal 0 0 1
    outer loop
      vertex 1.1459 2.47329 16
      vertex 2.86738 3.1771 16
      vertex 2.75259 3.36441 16
    endloop
  endfacet
  facet normal 0 0 1
    outer loop
      vertex 1.1459 2.47329 16
      vertex 2.75259 3.36441 16
      vertex 2.66852 3.56738 16
    endloop
  endfacet
  facet normal 0 0 1
    outer loop
      vertex 0.65396 3.27606 16
      vertex 2.66852 3.56738 16
      vertex 2.61724 3.78099 16
    endloop
  endfacet
  facet normal 0 0 1
    outer loop
      vertex 3.56738 2.66852 16
      vertex 2.47329 1.1459 16
      vertex 3.27606 0.65396 16
    endloop
  endfacet
  facet normal 0 0 1
    outer loop
      vertex 0.65396 3.27606 16
      vertex 2.61724 3.78099 16
      vertex 2.6 4 16
    endloop
  endfacet
  facet normal 0 0 1
    outer loop
      vertex 2.66852 4.43262 16
      vertex 0.29366 4.1459 16
      vertex 2.61724 4.21901 16
    endloop
  endfacet
  facet normal 0 0 1
    outer loop
      vertex 2.5 151.412 16
      vertex 0 152 16
      vertex 2.5 6.58844 16
    endloop
  endfacet
  facet normal 0 0 1
    outer loop
      vertex 0 152 16
      vertex 2.47329 156.854 16
      vertex 1.75736 156.243 16
    endloop
  endfacet
  facet normal 0 0 1
    outer loop
      vertex 0 6 16
      vertex 2.5 6.58844 16
      vertex 0 152 16
    endloop
  endfacet
  facet normal 0 0 1
    outer loop
      vertex 0 152 16
      vertex 1.75736 156.243 16
      vertex 1.1459 155.527 16
    endloop
  endfacet
  facet normal 0 -0 1
    outer loop
      vertex 0.0738697 5.06139 16
      vertex 2.5 6.58844 16
      vertex 0 6 16
    endloop
  endfacet
  facet normal 0 0 1
    outer loop
      vertex 0 152 16
      vertex 1.1459 155.527 16
      vertex 0.65396 154.724 16
    endloop
  endfacet
  facet normal 0 0 1
    outer loop
      vertex 3.1771 2.86738 16
      vertex 1.75736 1.75736 16
      vertex 2.47329 1.1459 16
    endloop
  endfacet
  facet normal 0 0 1
    outer loop
      vertex 0 152 16
      vertex 0.65396 154.724 16
      vertex 0.29366 153.854 16
    endloop
  endfacet
  facet normal 0 0 1
    outer loop
      vertex 2.86738 3.1771 16
      vertex 1.1459 2.47329 16
      vertex 1.75736 1.75736 16
    endloop
  endfacet
  facet normal 0 0 1
    outer loop
      vertex 0 152 16
      vertex 0.29366 153.854 16
      vertex 0.0738697 152.939 16
    endloop
  endfacet
  facet normal 0 0 1
    outer loop
      vertex 2.66852 3.56738 16
      vertex 0.65396 3.27606 16
      vertex 1.1459 2.47329 16
    endloop
  endfacet
  facet normal 0 0 1
    outer loop
      vertex 2.6 4 16
      vertex 0.29366 4.1459 16
      vertex 0.65396 3.27606 16
    endloop
  endfacet
  facet normal 0 0 1
    outer loop
      vertex 2.61724 4.21901 16
      vertex 0.29366 4.1459 16
      vertex 2.6 4 16
    endloop
  endfacet
  facet normal -0 0 1
    outer loop
      vertex 5.33148 3.56738 16
      vertex 6.85317 3.07295 16
      vertex 5.38276 3.78099 16
    endloop
  endfacet
  facet normal 0 0 1
    outer loop
      vertex 4.8229 5.13262 16
      vertex 5.76336 6.42705 16
      vertex 5.36197 6.67302 16
    endloop
  endfacet
  facet normal 0 0 1
    outer loop
      vertex 6.85317 4.92705 16
      vertex 5.33148 4.43262 16
      vertex 5.38276 4.21901 16
    endloop
  endfacet
  facet normal 0 0 1
    outer loop
      vertex 6.67302 5.36197 16
      vertex 5.24741 4.63559 16
      vertex 5.33148 4.43262 16
    endloop
  endfacet
  facet normal 0 0 1
    outer loop
      vertex 6.42705 5.76336 16
      vertex 5.13262 4.8229 16
      vertex 5.24741 4.63559 16
    endloop
  endfacet
  facet normal 0 0 1
    outer loop
      vertex 6.12132 6.12132 16
      vertex 4.98995 4.98995 16
      vertex 5.13262 4.8229 16
    endloop
  endfacet
  facet normal 0 0 1
    outer loop
      vertex 4.63559 5.24741 16
      vertex 5.36197 6.67302 16
      vertex 4.92705 6.85317 16
    endloop
  endfacet
  facet normal 0 0 1
    outer loop
      vertex 5.76336 6.42705 16
      vertex 4.8229 5.13262 16
      vertex 4.98995 4.98995 16
    endloop
  endfacet
  facet normal 0 0 1
    outer loop
      vertex 5.36197 6.67302 16
      vertex 4.63559 5.24741 16
      vertex 4.8229 5.13262 16
    endloop
  endfacet
  facet normal 0 0 1
    outer loop
      vertex 4.43262 5.33148 16
      vertex 4.92705 6.85317 16
      vertex 4.4693 6.96306 16
    endloop
  endfacet
  facet normal 0 0 1
    outer loop
      vertex 4.92705 6.85317 16
      vertex 4.43262 5.33148 16
      vertex 4.63559 5.24741 16
    endloop
  endfacet
  facet normal 0 0 1
    outer loop
      vertex 4.4693 6.96306 16
      vertex 4.21901 5.38276 16
      vertex 4.43262 5.33148 16
    endloop
  endfacet
  facet normal 0 0 1
    outer loop
      vertex 4 7 16
      vertex 4.21901 5.38276 16
      vertex 4.4693 6.96306 16
    endloop
  endfacet
  facet normal 0 0 1
    outer loop
      vertex 4 7 16
      vertex 4 5.4 16
      vertex 4.21901 5.38276 16
    endloop
  endfacet
  facet normal 0 0 1
    outer loop
      vertex 4 7 16
      vertex 3.78099 5.38276 16
      vertex 4 5.4 16
    endloop
  endfacet
  facet normal -0 0 1
    outer loop
      vertex 3.5307 6.96306 16
      vertex 3.78099 5.38276 16
      vertex 4 7 16
    endloop
  endfacet
  facet normal 0 0 1
    outer loop
      vertex 3.78099 5.38276 16
      vertex 3.5307 6.96306 16
      vertex 3.56738 5.33148 16
    endloop
  endfacet
  facet normal -0 0 1
    outer loop
      vertex 3.07295 6.85317 16
      vertex 3.56738 5.33148 16
      vertex 3.5307 6.96306 16
    endloop
  endfacet
  facet normal 0 0 1
    outer loop
      vertex 3.56738 5.33148 16
      vertex 3.07295 6.85317 16
      vertex 3.36441 5.24741 16
    endloop
  endfacet
  facet normal -0 0 1
    outer loop
      vertex 2.63803 6.67302 16
      vertex 3.36441 5.24741 16
      vertex 3.07295 6.85317 16
    endloop
  endfacet
  facet normal -0 0 1
    outer loop
      vertex 2.5 6.58844 16
      vertex 3.36441 5.24741 16
      vertex 2.63803 6.67302 16
    endloop
  endfacet
  facet normal 0 0 1
    outer loop
      vertex 3.36441 5.24741 16
      vertex 2.5 6.58844 16
      vertex 3.1771 5.13262 16
    endloop
  endfacet
  facet normal 0 0 1
    outer loop
      vertex 3.1771 5.13262 16
      vertex 2.5 6.58844 16
      vertex 3.01005 4.98995 16
    endloop
  endfacet
  facet normal 0 0 1
    outer loop
      vertex 3.01005 4.98995 16
      vertex 2.5 6.58844 16
      vertex 2.86738 4.8229 16
    endloop
  endfacet
  facet normal 0 0 1
    outer loop
      vertex 2.86738 4.8229 16
      vertex 2.5 6.58844 16
      vertex 2.75259 4.63559 16
    endloop
  endfacet
  facet normal -0 0 1
    outer loop
      vertex 0.0738697 5.06139 16
      vertex 2.75259 4.63559 16
      vertex 2.5 6.58844 16
    endloop
  endfacet
  facet normal 0 0 1
    outer loop
      vertex 2.75259 4.63559 16
      vertex 0.0738697 5.06139 16
      vertex 2.66852 4.43262 16
    endloop
  endfacet
  facet normal 0 -0 1
    outer loop
      vertex 0.29366 4.1459 16
      vertex 2.66852 4.43262 16
      vertex 0.0738697 5.06139 16
    endloop
  endfacet
  facet normal 0 0 1
    outer loop
      vertex 112.706 4.1459 16
      vertex 110.383 4.21901 16
      vertex 110.4 4 16
    endloop
  endfacet
  facet normal 0 0 1
    outer loop
      vertex 109.636 5.24741 16
      vertex 110.5 6.58844 16
      vertex 110.362 6.67302 16
    endloop
  endfacet
  facet normal 0 0 1
    outer loop
      vertex 112.926 5.06139 16
      vertex 110.331 4.43262 16
      vertex 110.383 4.21901 16
    endloop
  endfacet
  facet normal 0 0 1
    outer loop
      vertex 112.926 5.06139 16
      vertex 110.247 4.63559 16
      vertex 110.331 4.43262 16
    endloop
  endfacet
  facet normal 0 0 1
    outer loop
      vertex 110.5 6.58844 16
      vertex 110.133 4.8229 16
      vertex 110.247 4.63559 16
    endloop
  endfacet
  facet normal 0 0 1
    outer loop
      vertex 110.5 6.58844 16
      vertex 109.99 4.98995 16
      vertex 110.133 4.8229 16
    endloop
  endfacet
  facet normal 0 0 1
    outer loop
      vertex 109.636 5.24741 16
      vertex 110.362 6.67302 16
      vertex 109.927 6.85317 16
    endloop
  endfacet
  facet normal 0 0 1
    outer loop
      vertex 110.5 6.58844 16
      vertex 109.823 5.13262 16
      vertex 109.99 4.98995 16
    endloop
  endfacet
  facet normal 0 0 1
    outer loop
      vertex 110.5 6.58844 16
      vertex 109.636 5.24741 16
      vertex 109.823 5.13262 16
    endloop
  endfacet
  facet normal 0 0 1
    outer loop
      vertex 109.433 5.33148 16
      vertex 109.927 6.85317 16
      vertex 109.469 6.96306 16
    endloop
  endfacet
  facet normal 0 0 1
    outer loop
      vertex 109.927 6.85317 16
      vertex 109.433 5.33148 16
      vertex 109.636 5.24741 16
    endloop
  endfacet
  facet normal 0 0 1
    outer loop
      vertex 109.469 6.96306 16
      vertex 109.219 5.38276 16
      vertex 109.433 5.33148 16
    endloop
  endfacet
  facet normal 0 0 1
    outer loop
      vertex 109 7 16
      vertex 109.219 5.38276 16
      vertex 109.469 6.96306 16
    endloop
  endfacet
  facet normal 0 0 1
    outer loop
      vertex 109 7 16
      vertex 109 5.4 16
      vertex 109.219 5.38276 16
    endloop
  endfacet
  facet normal 0 0 1
    outer loop
      vertex 109 7 16
      vertex 108.781 5.38276 16
      vertex 109 5.4 16
    endloop
  endfacet
  facet normal -0 0 1
    outer loop
      vertex 108.531 6.96306 16
      vertex 108.781 5.38276 16
      vertex 109 7 16
    endloop
  endfacet
  facet normal 0 0 1
    outer loop
      vertex 108.781 5.38276 16
      vertex 108.531 6.96306 16
      vertex 108.567 5.33148 16
    endloop
  endfacet
  facet normal -0 0 1
    outer loop
      vertex 108.073 6.85317 16
      vertex 108.567 5.33148 16
      vertex 108.531 6.96306 16
    endloop
  endfacet
  facet normal 0 0 1
    outer loop
      vertex 108.567 5.33148 16
      vertex 108.073 6.85317 16
      vertex 108.364 5.24741 16
    endloop
  endfacet
  facet normal -0 0 1
    outer loop
      vertex 107.638 6.67302 16
      vertex 108.364 5.24741 16
      vertex 108.073 6.85317 16
    endloop
  endfacet
  facet normal 0 0 1
    outer loop
      vertex 108.364 5.24741 16
      vertex 107.638 6.67302 16
      vertex 108.177 5.13262 16
    endloop
  endfacet
  facet normal -0 0 1
    outer loop
      vertex 107.237 6.42705 16
      vertex 108.177 5.13262 16
      vertex 107.638 6.67302 16
    endloop
  endfacet
  facet normal 0 0 1
    outer loop
      vertex 108.177 5.13262 16
      vertex 107.237 6.42705 16
      vertex 108.01 4.98995 16
    endloop
  endfacet
  facet normal -0 0 1
    outer loop
      vertex 106.879 6.12132 16
      vertex 108.01 4.98995 16
      vertex 107.237 6.42705 16
    endloop
  endfacet
  facet normal 0 0 1
    outer loop
      vertex 108.01 4.98995 16
      vertex 106.879 6.12132 16
      vertex 107.867 4.8229 16
    endloop
  endfacet
  facet normal -0 0 1
    outer loop
      vertex 106.573 5.76336 16
      vertex 107.867 4.8229 16
      vertex 106.879 6.12132 16
    endloop
  endfacet
  facet normal 0 0 1
    outer loop
      vertex 107.867 4.8229 16
      vertex 106.573 5.76336 16
      vertex 107.753 4.63559 16
    endloop
  endfacet
  facet normal -0 0 1
    outer loop
      vertex 106.327 5.36197 16
      vertex 107.753 4.63559 16
      vertex 106.573 5.76336 16
    endloop
  endfacet
  facet normal 0 0 1
    outer loop
      vertex 110.5 151.412 16
      vertex 113 152 16
      vertex 112.926 152.939 16
    endloop
  endfacet
  facet normal 0 0 1
    outer loop
      vertex 113 152 16
      vertex 110.5 151.412 16
      vertex 113 6 16
    endloop
  endfacet
  facet normal -0 0 1
    outer loop
      vertex 110.331 153.567 16
      vertex 112.926 152.939 16
      vertex 112.706 153.854 16
    endloop
  endfacet
  facet normal -0 0 1
    outer loop
      vertex 110.5 6.58844 16
      vertex 113 6 16
      vertex 110.5 151.412 16
    endloop
  endfacet
  facet normal -0 0 1
    outer loop
      vertex 110.4 154 16
      vertex 112.706 153.854 16
      vertex 112.346 154.724 16
    endloop
  endfacet
  facet normal 0 0 1
    outer loop
      vertex 113 6 16
      vertex 110.5 6.58844 16
      vertex 112.926 5.06139 16
    endloop
  endfacet
  facet normal 0 0 1
    outer loop
      vertex 110.331 154.433 16
      vertex 112.346 154.724 16
      vertex 111.854 155.527 16
    endloop
  endfacet
  facet normal 0 0 1
    outer loop
      vertex 110.247 4.63559 16
      vertex 112.926 5.06139 16
      vertex 110.5 6.58844 16
    endloop
  endfacet
  facet normal 0 0 1
    outer loop
      vertex 110.133 154.823 16
      vertex 111.854 155.527 16
      vertex 111.243 156.243 16
    endloop
  endfacet
  facet normal -0 0 1
    outer loop
      vertex 110.383 4.21901 16
      vertex 112.706 4.1459 16
      vertex 112.926 5.06139 16
    endloop
  endfacet
  facet normal 0 0 1
    outer loop
      vertex 109.823 155.133 16
      vertex 111.243 156.243 16
      vertex 110.527 156.854 16
    endloop
  endfacet
  facet normal 0 0 1
    outer loop
      vertex 112.706 4.1459 16
      vertex 110.4 4 16
      vertex 112.346 3.27606 16
    endloop
  endfacet
  facet normal -0 0 1
    outer loop
      vertex 110.383 3.78099 16
      vertex 112.346 3.27606 16
      vertex 110.4 4 16
    endloop
  endfacet
  facet normal 0 0 1
    outer loop
      vertex 112.706 153.854 16
      vertex 110.4 154 16
      vertex 110.383 153.781 16
    endloop
  endfacet
  facet normal 0 0 1
    outer loop
      vertex 112.346 154.724 16
      vertex 110.383 154.219 16
      vertex 110.4 154 16
    endloop
  endfacet
  facet normal 0 0 1
    outer loop
      vertex 112.346 154.724 16
      vertex 110.331 154.433 16
      vertex 110.383 154.219 16
    endloop
  endfacet
  facet normal 0 0 1
    outer loop
      vertex 111.854 155.527 16
      vertex 110.247 154.636 16
      vertex 110.331 154.433 16
    endloop
  endfacet
  facet normal 0 0 1
    outer loop
      vertex 111.854 155.527 16
      vertex 110.133 154.823 16
      vertex 110.247 154.636 16
    endloop
  endfacet
  facet normal 0 0 1
    outer loop
      vertex 111.243 156.243 16
      vertex 109.99 154.99 16
      vertex 110.133 154.823 16
    endloop
  endfacet
  facet normal 0 0 1
    outer loop
      vertex 111.243 156.243 16
      vertex 109.823 155.133 16
      vertex 109.99 154.99 16
    endloop
  endfacet
  facet normal 0 0 1
    outer loop
      vertex 109.433 155.331 16
      vertex 110.527 156.854 16
      vertex 109.724 157.346 16
    endloop
  endfacet
  facet normal 0 0 1
    outer loop
      vertex 110.527 156.854 16
      vertex 109.636 155.247 16
      vertex 109.823 155.133 16
    endloop
  endfacet
  facet normal 0 0 1
    outer loop
      vertex 110.527 156.854 16
      vertex 109.433 155.331 16
      vertex 109.636 155.247 16
    endloop
  endfacet
  facet normal 0 0 1
    outer loop
      vertex 109.724 157.346 16
      vertex 109.219 155.383 16
      vertex 109.433 155.331 16
    endloop
  endfacet
  facet normal 0 0 1
    outer loop
      vertex 109.724 157.346 16
      vertex 109 155.4 16
      vertex 109.219 155.383 16
    endloop
  endfacet
  facet normal 0 0 1
    outer loop
      vertex 108.854 157.706 16
      vertex 109 155.4 16
      vertex 109.724 157.346 16
    endloop
  endfacet
  facet normal 0 0 1
    outer loop
      vertex 108.854 157.706 16
      vertex 108.781 155.383 16
      vertex 109 155.4 16
    endloop
  endfacet
  facet normal 0 0 1
    outer loop
      vertex 108.854 157.706 16
      vertex 108.567 155.331 16
      vertex 108.781 155.383 16
    endloop
  endfacet
  facet normal 0 0 1
    outer loop
      vertex 107.939 157.926 16
      vertex 108.567 155.331 16
      vertex 108.854 157.706 16
    endloop
  endfacet
  facet normal 0 0 1
    outer loop
      vertex 108.567 155.331 16
      vertex 107.939 157.926 16
      vertex 108.364 155.247 16
    endloop
  endfacet
  facet normal -0 0 1
    outer loop
      vertex 106.412 155.5 16
      vertex 108.364 155.247 16
      vertex 107.939 157.926 16
    endloop
  endfacet
  facet normal 0 0 1
    outer loop
      vertex 108.364 155.247 16
      vertex 106.412 155.5 16
      vertex 108.177 155.133 16
    endloop
  endfacet
  facet normal 0 0 1
    outer loop
      vertex 108.177 155.133 16
      vertex 106.412 155.5 16
      vertex 108.01 154.99 16
    endloop
  endfacet
  facet normal 0 0 1
    outer loop
      vertex 108.01 154.99 16
      vertex 106.412 155.5 16
      vertex 107.867 154.823 16
    endloop
  endfacet
  facet normal 0 0 1
    outer loop
      vertex 107.867 154.823 16
      vertex 106.412 155.5 16
      vertex 107.753 154.636 16
    endloop
  endfacet
  facet normal -0 0 1
    outer loop
      vertex 106.327 155.362 16
      vertex 107.753 154.636 16
      vertex 106.412 155.5 16
    endloop
  endfacet
  facet normal -0 0 1
    outer loop
      vertex 106.147 154.927 16
      vertex 107.669 154.433 16
      vertex 106.327 155.362 16
    endloop
  endfacet
  facet normal 0 0 1
    outer loop
      vertex 107.753 154.636 16
      vertex 106.327 155.362 16
      vertex 107.669 154.433 16
    endloop
  endfacet
  facet normal 0 0 1
    outer loop
      vertex 106.412 155.5 16
      vertex 107.939 157.926 16
      vertex 107 158 16
    endloop
  endfacet
  facet normal 0 0 1
    outer loop
      vertex 107.669 154.433 16
      vertex 106.147 154.927 16
      vertex 107.617 154.219 16
    endloop
  endfacet
  facet normal 0 0 1
    outer loop
      vertex 107.6 154 16
      vertex 106.879 151.879 16
      vertex 107.237 151.573 16
    endloop
  endfacet
  facet normal 0 0 1
    outer loop
      vertex 107.6 154 16
      vertex 106.573 152.237 16
      vertex 106.879 151.879 16
    endloop
  endfacet
  facet normal 0 0 1
    outer loop
      vertex 107 158 16
      vertex 6.58844 155.5 16
      vertex 106.412 155.5 16
    endloop
  endfacet
  facet normal -0 0 1
    outer loop
      vertex 5.33148 153.567 16
      vertex 6.85317 153.073 16
      vertex 5.38276 153.781 16
    endloop
  endfacet
  facet normal -0 0 1
    outer loop
      vertex 6 158 16
      vertex 6.58844 155.5 16
      vertex 107 158 16
    endloop
  endfacet
  facet normal -0 0 1
    outer loop
      vertex 5.06139 157.926 16
      vertex 6.58844 155.5 16
      vertex 6 158 16
    endloop
  endfacet
  facet normal 0 0 1
    outer loop
      vertex 6.96306 154.469 16
      vertex 5.38276 154.219 16
      vertex 5.4 154 16
    endloop
  endfacet
  facet normal -0 0 1
    outer loop
      vertex 5.24741 153.364 16
      vertex 6.67302 152.638 16
      vertex 5.33148 153.567 16
    endloop
  endfacet
  facet normal 0 0 1
    outer loop
      vertex 6.85317 153.073 16
      vertex 5.33148 153.567 16
      vertex 6.67302 152.638 16
    endloop
  endfacet
  facet normal 0 0 1
    outer loop
      vertex 6.85317 154.927 16
      vertex 5.33148 154.433 16
      vertex 5.38276 154.219 16
    endloop
  endfacet
  facet normal 0 0 1
    outer loop
      vertex 6.67302 155.362 16
      vertex 5.24741 154.636 16
      vertex 5.33148 154.433 16
    endloop
  endfacet
  facet normal 0 0 1
    outer loop
      vertex 6.58844 155.5 16
      vertex 5.13262 154.823 16
      vertex 5.24741 154.636 16
    endloop
  endfacet
  facet normal 0 0 1
    outer loop
      vertex 4.63559 155.247 16
      vertex 6.58844 155.5 16
      vertex 5.06139 157.926 16
    endloop
  endfacet
  facet normal 0 0 1
    outer loop
      vertex 6.58844 155.5 16
      vertex 4.98995 154.99 16
      vertex 5.13262 154.823 16
    endloop
  endfacet
  facet normal 0 0 1
    outer loop
      vertex 6.58844 155.5 16
      vertex 4.8229 155.133 16
      vertex 4.98995 154.99 16
    endloop
  endfacet
  facet normal 0 0 1
    outer loop
      vertex 6.58844 155.5 16
      vertex 4.63559 155.247 16
      vertex 4.8229 155.133 16
    endloop
  endfacet
  facet normal 0 0 1
    outer loop
      vertex 5.06139 157.926 16
      vertex 4.43262 155.331 16
      vertex 4.63559 155.247 16
    endloop
  endfacet
  facet normal -0 0 1
    outer loop
      vertex 4.1459 157.706 16
      vertex 4.43262 155.331 16
      vertex 5.06139 157.926 16
    endloop
  endfacet
  facet normal 0 0 1
    outer loop
      vertex 4.43262 155.331 16
      vertex 4.1459 157.706 16
      vertex 4.21901 155.383 16
    endloop
  endfacet
  facet normal 0 0 1
    outer loop
      vertex 4.1459 157.706 16
      vertex 4 155.4 16
      vertex 4.21901 155.383 16
    endloop
  endfacet
  facet normal -0 0 1
    outer loop
      vertex 3.27606 157.346 16
      vertex 4 155.4 16
      vertex 4.1459 157.706 16
    endloop
  endfacet
  facet normal 0 0 1
    outer loop
      vertex 4 155.4 16
      vertex 3.27606 157.346 16
      vertex 3.78099 155.383 16
    endloop
  endfacet
  facet normal 0 0 1
    outer loop
      vertex 3.78099 155.383 16
      vertex 3.27606 157.346 16
      vertex 3.56738 155.331 16
    endloop
  endfacet
  facet normal -0 0 1
    outer loop
      vertex 2.47329 156.854 16
      vertex 3.56738 155.331 16
      vertex 3.27606 157.346 16
    endloop
  endfacet
  facet normal 0 0 1
    outer loop
      vertex 3.56738 155.331 16
      vertex 2.47329 156.854 16
      vertex 3.36441 155.247 16
    endloop
  endfacet
  facet normal 0 0 1
    outer loop
      vertex 3.36441 155.247 16
      vertex 2.47329 156.854 16
      vertex 3.1771 155.133 16
    endloop
  endfacet
  facet normal 0 0 1
    outer loop
      vertex 3.1771 155.133 16
      vertex 2.47329 156.854 16
      vertex 3.01005 154.99 16
    endloop
  endfacet
  facet normal 0 0 1
    outer loop
      vertex 3.01005 154.99 16
      vertex 2.47329 156.854 16
      vertex 2.86738 154.823 16
    endloop
  endfacet
  facet normal 0 0 1
    outer loop
      vertex 2.86738 154.823 16
      vertex 2.47329 156.854 16
      vertex 2.75259 154.636 16
    endloop
  endfacet
  facet normal 0 0 1
    outer loop
      vertex 2.75259 154.636 16
      vertex 2.47329 156.854 16
      vertex 2.66852 154.433 16
    endloop
  endfacet
  facet normal 0 0 1
    outer loop
      vertex 2.75259 153.364 16
      vertex 0 152 16
      vertex 2.5 151.412 16
    endloop
  endfacet
  facet normal 0 0 1
    outer loop
      vertex 2.61724 154.219 16
      vertex 0 152 16
      vertex 2.6 154 16
    endloop
  endfacet
  facet normal 0 0 1
    outer loop
      vertex 2.66852 154.433 16
      vertex 0 152 16
      vertex 2.61724 154.219 16
    endloop
  endfacet
  facet normal 0 0 1
    outer loop
      vertex 0 152 16
      vertex 2.66852 154.433 16
      vertex 2.47329 156.854 16
    endloop
  endfacet
  facet normal -0 0 1
    outer loop
      vertex 110.331 3.56738 16
      vertex 112.346 3.27606 16
      vertex 110.383 3.78099 16
    endloop
  endfacet
  facet normal 0 0 1
    outer loop
      vertex 112.346 3.27606 16
      vertex 110.331 3.56738 16
      vertex 111.854 2.47329 16
    endloop
  endfacet
  facet normal -0 0 1
    outer loop
      vertex 110.247 3.36441 16
      vertex 111.854 2.47329 16
      vertex 110.331 3.56738 16
    endloop
  endfacet
  facet normal -0 0 1
    outer loop
      vertex 110.133 3.1771 16
      vertex 111.854 2.47329 16
      vertex 110.247 3.36441 16
    endloop
  endfacet
  facet normal 0 0 1
    outer loop
      vertex 111.854 2.47329 16
      vertex 110.133 3.1771 16
      vertex 111.243 1.75736 16
    endloop
  endfacet
  facet normal -0 0 1
    outer loop
      vertex 109.99 3.01005 16
      vertex 111.243 1.75736 16
      vertex 110.133 3.1771 16
    endloop
  endfacet
  facet normal -0 0 1
    outer loop
      vertex 109.823 2.86738 16
      vertex 111.243 1.75736 16
      vertex 109.99 3.01005 16
    endloop
  endfacet
  facet normal 0 0 1
    outer loop
      vertex 111.243 1.75736 16
      vertex 109.823 2.86738 16
      vertex 110.527 1.1459 16
    endloop
  endfacet
  facet normal -0 0 1
    outer loop
      vertex 109.636 2.75259 16
      vertex 110.527 1.1459 16
      vertex 109.823 2.86738 16
    endloop
  endfacet
  facet normal -0 0 1
    outer loop
      vertex 109.433 2.66852 16
      vertex 110.527 1.1459 16
      vertex 109.636 2.75259 16
    endloop
  endfacet
  facet normal 0 0 1
    outer loop
      vertex 110.527 1.1459 16
      vertex 109.433 2.66852 16
      vertex 109.724 0.65396 16
    endloop
  endfacet
  facet normal -0 0 1
    outer loop
      vertex 109.219 2.61724 16
      vertex 109.724 0.65396 16
      vertex 109.433 2.66852 16
    endloop
  endfacet
  facet normal -0 0 1
    outer loop
      vertex 109 2.6 16
      vertex 109.724 0.65396 16
      vertex 109.219 2.61724 16
    endloop
  endfacet
  facet normal 0 0 1
    outer loop
      vertex 109 2.6 16
      vertex 108.854 0.29366 16
      vertex 109.724 0.65396 16
    endloop
  endfacet
  facet normal 0 0 1
    outer loop
      vertex 108.781 2.61724 16
      vertex 108.854 0.29366 16
      vertex 109 2.6 16
    endloop
  endfacet
  facet normal 0 0 1
    outer loop
      vertex 108.567 2.66852 16
      vertex 108.854 0.29366 16
      vertex 108.781 2.61724 16
    endloop
  endfacet
  facet normal 0 0 1
    outer loop
      vertex 107.939 0.0738697 16
      vertex 108.567 2.66852 16
      vertex 108.364 2.75259 16
    endloop
  endfacet
  facet normal 0 0 1
    outer loop
      vertex 106.412 2.5 16
      vertex 108.364 2.75259 16
      vertex 108.177 2.86738 16
    endloop
  endfacet
  facet normal 0 0 1
    outer loop
      vertex 106.412 2.5 16
      vertex 108.177 2.86738 16
      vertex 108.01 3.01005 16
    endloop
  endfacet
  facet normal 0 0 1
    outer loop
      vertex 108.567 2.66852 16
      vertex 107.939 0.0738697 16
      vertex 108.854 0.29366 16
    endloop
  endfacet
  facet normal 0 0 1
    outer loop
      vertex 106.412 2.5 16
      vertex 108.01 3.01005 16
      vertex 107.867 3.1771 16
    endloop
  endfacet
  facet normal 0 0 1
    outer loop
      vertex 106.412 2.5 16
      vertex 107.867 3.1771 16
      vertex 107.753 3.36441 16
    endloop
  endfacet
  facet normal 0 0 1
    outer loop
      vertex 106.412 2.5 16
      vertex 107.753 3.36441 16
      vertex 107.669 3.56738 16
    endloop
  endfacet
  facet normal 0 0 1
    outer loop
      vertex 106.412 2.5 16
      vertex 107.669 3.56738 16
      vertex 107.617 3.78099 16
    endloop
  endfacet
  facet normal 0 0 1
    outer loop
      vertex 107.753 4.63559 16
      vertex 106.327 5.36197 16
      vertex 107.669 4.43262 16
    endloop
  endfacet
  facet normal -0 0 1
    outer loop
      vertex 106.147 4.92705 16
      vertex 107.669 4.43262 16
      vertex 106.327 5.36197 16
    endloop
  endfacet
  facet normal 0 0 1
    outer loop
      vertex 108.364 2.75259 16
      vertex 106.412 2.5 16
      vertex 107.939 0.0738697 16
    endloop
  endfacet
  facet normal 0 0 1
    outer loop
      vertex 107.669 4.43262 16
      vertex 106.147 4.92705 16
      vertex 107.617 4.21901 16
    endloop
  endfacet
  facet normal 0 0 1
    outer loop
      vertex 107.6 4 16
      vertex 106.412 2.5 16
      vertex 107.617 3.78099 16
    endloop
  endfacet
  facet normal 0 0 1
    outer loop
      vertex 107.939 0.0738697 16
      vertex 106.412 2.5 16
      vertex 107 0 16
    endloop
  endfacet
  facet normal 0 0 1
    outer loop
      vertex 61.5 0 16
      vertex 106.412 2.5 16
      vertex 61.5 2.5 16
    endloop
  endfacet
  facet normal 0 0 1
    outer loop
      vertex 106.412 2.5 16
      vertex 61.5 0 16
      vertex 107 0 16
    endloop
  endfacet
  facet normal 0 0 1
    outer loop
      vertex 112.706 153.854 16
      vertex 110.383 153.781 16
      vertex 110.331 153.567 16
    endloop
  endfacet
  facet normal 0 0 1
    outer loop
      vertex 112.926 152.939 16
      vertex 110.331 153.567 16
      vertex 110.247 153.364 16
    endloop
  endfacet
  facet normal 0 0 1
    outer loop
      vertex 112.926 152.939 16
      vertex 110.247 153.364 16
      vertex 110.5 151.412 16
    endloop
  endfacet
  facet normal -0 0 1
    outer loop
      vertex 110.133 153.177 16
      vertex 110.5 151.412 16
      vertex 110.247 153.364 16
    endloop
  endfacet
  facet normal -0 0 1
    outer loop
      vertex 109.99 153.01 16
      vertex 110.5 151.412 16
      vertex 110.133 153.177 16
    endloop
  endfacet
  facet normal -0 0 1
    outer loop
      vertex 109.823 152.867 16
      vertex 110.5 151.412 16
      vertex 109.99 153.01 16
    endloop
  endfacet
  facet normal -0 0 1
    outer loop
      vertex 109.636 152.753 16
      vertex 110.5 151.412 16
      vertex 109.823 152.867 16
    endloop
  endfacet
  facet normal 0 0 1
    outer loop
      vertex 110.5 151.412 16
      vertex 109.636 152.753 16
      vertex 110.362 151.327 16
    endloop
  endfacet
  facet normal 0 0 1
    outer loop
      vertex 110.362 151.327 16
      vertex 109.636 152.753 16
      vertex 109.927 151.147 16
    endloop
  endfacet
  facet normal -0 0 1
    outer loop
      vertex 109.433 152.669 16
      vertex 109.927 151.147 16
      vertex 109.636 152.753 16
    endloop
  endfacet
  facet normal 0 0 1
    outer loop
      vertex 109.927 151.147 16
      vertex 109.433 152.669 16
      vertex 109.469 151.037 16
    endloop
  endfacet
  facet normal -0 0 1
    outer loop
      vertex 109.219 152.617 16
      vertex 109.469 151.037 16
      vertex 109.433 152.669 16
    endloop
  endfacet
  facet normal -0 0 1
    outer loop
      vertex 109 152.6 16
      vertex 109.469 151.037 16
      vertex 109.219 152.617 16
    endloop
  endfacet
  facet normal 0 0 1
    outer loop
      vertex 109 152.6 16
      vertex 109 151 16
      vertex 109.469 151.037 16
    endloop
  endfacet
  facet normal 0 0 1
    outer loop
      vertex 108.781 152.617 16
      vertex 109 151 16
      vertex 109 152.6 16
    endloop
  endfacet
  facet normal 0 0 1
    outer loop
      vertex 108.531 151.037 16
      vertex 108.781 152.617 16
      vertex 108.567 152.669 16
    endloop
  endfacet
  facet normal 0 0 1
    outer loop
      vertex 108.781 152.617 16
      vertex 108.531 151.037 16
      vertex 109 151 16
    endloop
  endfacet
  facet normal 0 0 1
    outer loop
      vertex 108.073 151.147 16
      vertex 108.567 152.669 16
      vertex 108.364 152.753 16
    endloop
  endfacet
  facet normal 0 0 1
    outer loop
      vertex 107.638 151.327 16
      vertex 108.364 152.753 16
      vertex 108.177 152.867 16
    endloop
  endfacet
  facet normal 0 0 1
    outer loop
      vertex 108.567 152.669 16
      vertex 108.073 151.147 16
      vertex 108.531 151.037 16
    endloop
  endfacet
  facet normal 0 0 1
    outer loop
      vertex 107.237 151.573 16
      vertex 108.177 152.867 16
      vertex 108.01 153.01 16
    endloop
  endfacet
  facet normal 0 0 1
    outer loop
      vertex 107.237 151.573 16
      vertex 108.01 153.01 16
      vertex 107.867 153.177 16
    endloop
  endfacet
  facet normal 0 0 1
    outer loop
      vertex 107.237 151.573 16
      vertex 107.867 153.177 16
      vertex 107.753 153.364 16
    endloop
  endfacet
  facet normal 0 0 1
    outer loop
      vertex 107.237 151.573 16
      vertex 107.753 153.364 16
      vertex 107.669 153.567 16
    endloop
  endfacet
  facet normal 0 0 1
    outer loop
      vertex 108.364 152.753 16
      vertex 107.638 151.327 16
      vertex 108.073 151.147 16
    endloop
  endfacet
  facet normal 0 0 1
    outer loop
      vertex 107.237 151.573 16
      vertex 107.669 153.567 16
      vertex 107.617 153.781 16
    endloop
  endfacet
  facet normal 0 0 1
    outer loop
      vertex 107.237 151.573 16
      vertex 107.617 153.781 16
      vertex 107.6 154 16
    endloop
  endfacet
  facet normal 0 0 1
    outer loop
      vertex 108.177 152.867 16
      vertex 107.237 151.573 16
      vertex 107.638 151.327 16
    endloop
  endfacet
  facet normal 0.996909 0.0785637 0
    outer loop
      vertex 113 152 16
      vertex 112.926 152.939 0
      vertex 112.926 152.939 16
    endloop
  endfacet
  facet normal 0.996909 0.0785637 0
    outer loop
      vertex 112.926 152.939 0
      vertex 113 152 16
      vertex 113 152 0
    endloop
  endfacet
  facet normal 0.924017 0.382352 0
    outer loop
      vertex 112.706 153.854 16
      vertex 112.346 154.724 0
      vertex 112.346 154.724 16
    endloop
  endfacet
  facet normal 0.924017 0.382352 0
    outer loop
      vertex 112.346 154.724 0
      vertex 112.706 153.854 16
      vertex 112.706 153.854 0
    endloop
  endfacet
  facet normal -0.923879 -0.382684 0
    outer loop
      vertex 0.65396 3.27606 0
      vertex 0.29366 4.1459 16
      vertex 0.29366 4.1459 0
    endloop
  endfacet
  facet normal -0.923879 -0.382684 0
    outer loop
      vertex 0.29366 4.1459 16
      vertex 0.65396 3.27606 0
      vertex 0.65396 3.27606 16
    endloop
  endfacet
  facet normal -0.852639 -0.5225 0
    outer loop
      vertex 1.1459 2.47329 0
      vertex 0.65396 3.27606 16
      vertex 0.65396 3.27606 0
    endloop
  endfacet
  facet normal -0.852639 -0.5225 0
    outer loop
      vertex 0.65396 3.27606 16
      vertex 1.1459 2.47329 0
      vertex 1.1459 2.47329 16
    endloop
  endfacet
  facet normal 0.64941 -0.760438 0
    outer loop
      vertex 110.527 1.1459 0
      vertex 111.243 1.75736 16
      vertex 110.527 1.1459 16
    endloop
  endfacet
  facet normal 0.64941 -0.760438 0
    outer loop
      vertex 111.243 1.75736 16
      vertex 110.527 1.1459 0
      vertex 111.243 1.75736 0
    endloop
  endfacet
  facet normal 0.852611 -0.522546 0
    outer loop
      vertex 111.854 2.47329 16
      vertex 112.346 3.27606 0
      vertex 112.346 3.27606 16
    endloop
  endfacet
  facet normal 0.852611 -0.522546 0
    outer loop
      vertex 112.346 3.27606 0
      vertex 111.854 2.47329 16
      vertex 111.854 2.47329 0
    endloop
  endfacet
  facet normal -0.996917 -0.0784586 0
    outer loop
      vertex 0.0738697 5.06139 0
      vertex 0 6 16
      vertex 0 6 0
    endloop
  endfacet
  facet normal -0.996917 -0.0784586 0
    outer loop
      vertex 0 6 16
      vertex 0.0738697 5.06139 0
      vertex 0.0738697 5.06139 16
    endloop
  endfacet
  facet normal 0.382624 -0.923904 0
    outer loop
      vertex 108.854 0.29366 0
      vertex 109.724 0.65396 16
      vertex 108.854 0.29366 16
    endloop
  endfacet
  facet normal 0.382624 -0.923904 0
    outer loop
      vertex 109.724 0.65396 16
      vertex 108.854 0.29366 0
      vertex 109.724 0.65396 0
    endloop
  endfacet
  facet normal 0.852678 0.522438 0
    outer loop
      vertex 112.346 154.724 16
      vertex 111.854 155.527 0
      vertex 111.854 155.527 16
    endloop
  endfacet
  facet normal 0.852678 0.522438 0
    outer loop
      vertex 111.854 155.527 0
      vertex 112.346 154.724 16
      vertex 112.346 154.724 0
    endloop
  endfacet
  facet normal 0.522438 0.852678 -0
    outer loop
      vertex 110.527 156.854 0
      vertex 109.724 157.346 16
      vertex 110.527 156.854 16
    endloop
  endfacet
  facet normal 0.522438 0.852678 0
    outer loop
      vertex 109.724 157.346 16
      vertex 110.527 156.854 0
      vertex 109.724 157.346 0
    endloop
  endfacet
  facet normal 0 0 -1
    outer loop
      vertex 107 0 0
      vertex 113 6 0
      vertex 112.926 5.06139 0
    endloop
  endfacet
  facet normal 0 0 -1
    outer loop
      vertex 113 6 0
      vertex 0 6 0
      vertex 113 152 0
    endloop
  endfacet
  facet normal 0 0 -1
    outer loop
      vertex 107 0 0
      vertex 112.926 5.06139 0
      vertex 112.706 4.1459 0
    endloop
  endfacet
  facet normal 0 0 -1
    outer loop
      vertex 0 152 0
      vertex 113 152 0
      vertex 0 6 0
    endloop
  endfacet
  facet normal 0 0 -1
    outer loop
      vertex 107 0 0
      vertex 112.706 4.1459 0
      vertex 112.346 3.27606 0
    endloop
  endfacet
  facet normal -0 0 -1
    outer loop
      vertex 113 6 0
      vertex 107 0 0
      vertex 0 6 0
    endloop
  endfacet
  facet normal 0 0 -1
    outer loop
      vertex 107 0 0
      vertex 112.346 3.27606 0
      vertex 111.854 2.47329 0
    endloop
  endfacet
  facet normal 0 -0 -1
    outer loop
      vertex 107 158 0
      vertex 113 152 0
      vertex 0 152 0
    endloop
  endfacet
  facet normal 0 0 -1
    outer loop
      vertex 107 0 0
      vertex 111.854 2.47329 0
      vertex 111.243 1.75736 0
    endloop
  endfacet
  facet normal 0 0 -1
    outer loop
      vertex 112.706 153.854 0
      vertex 107 158 0
      vertex 112.346 154.724 0
    endloop
  endfacet
  facet normal 0 0 -1
    outer loop
      vertex 107 0 0
      vertex 111.243 1.75736 0
      vertex 110.527 1.1459 0
    endloop
  endfacet
  facet normal 0 0 -1
    outer loop
      vertex 112.346 154.724 0
      vertex 107 158 0
      vertex 111.854 155.527 0
    endloop
  endfacet
  facet normal 0 0 -1
    outer loop
      vertex 107 0 0
      vertex 110.527 1.1459 0
      vertex 109.724 0.65396 0
    endloop
  endfacet
  facet normal 0 0 -1
    outer loop
      vertex 111.854 155.527 0
      vertex 107 158 0
      vertex 111.243 156.243 0
    endloop
  endfacet
  facet normal 0 0 -1
    outer loop
      vertex 107 0 0
      vertex 109.724 0.65396 0
      vertex 108.854 0.29366 0
    endloop
  endfacet
  facet normal 0 0 -1
    outer loop
      vertex 111.243 156.243 0
      vertex 107 158 0
      vertex 110.527 156.854 0
    endloop
  endfacet
  facet normal 0 0 -1
    outer loop
      vertex 107 0 0
      vertex 108.854 0.29366 0
      vertex 107.939 0.0738697 0
    endloop
  endfacet
  facet normal 0 0 -1
    outer loop
      vertex 110.527 156.854 0
      vertex 107 158 0
      vertex 109.724 157.346 0
    endloop
  endfacet
  facet normal 0 0 -1
    outer loop
      vertex 109.724 157.346 0
      vertex 107 158 0
      vertex 108.854 157.706 0
    endloop
  endfacet
  facet normal 0 0 -1
    outer loop
      vertex 108.854 157.706 0
      vertex 107 158 0
      vertex 107.939 157.926 0
    endloop
  endfacet
  facet normal 0 0 -1
    outer loop
      vertex 0 6 0
      vertex 107 0 0
      vertex 6 0 0
    endloop
  endfacet
  facet normal 0 0 -1
    outer loop
      vertex 113 152 0
      vertex 107 158 0
      vertex 112.926 152.939 0
    endloop
  endfacet
  facet normal 0 0 -1
    outer loop
      vertex 0 6 0
      vertex 6 0 0
      vertex 5.06139 0.0738697 0
    endloop
  endfacet
  facet normal 0 0 -1
    outer loop
      vertex 112.926 152.939 0
      vertex 107 158 0
      vertex 112.706 153.854 0
    endloop
  endfacet
  facet normal 0 0 -1
    outer loop
      vertex 0 6 0
      vertex 5.06139 0.0738697 0
      vertex 4.1459 0.29366 0
    endloop
  endfacet
  facet normal -0 0 -1
    outer loop
      vertex 107 158 0
      vertex 0 152 0
      vertex 6 158 0
    endloop
  endfacet
  facet normal 0 0 -1
    outer loop
      vertex 0 6 0
      vertex 4.1459 0.29366 0
      vertex 3.27606 0.65396 0
    endloop
  endfacet
  facet normal 0 0 -1
    outer loop
      vertex 6 158 0
      vertex 0 152 0
      vertex 5.06139 157.926 0
    endloop
  endfacet
  facet normal 0 0 -1
    outer loop
      vertex 0 6 0
      vertex 3.27606 0.65396 0
      vertex 2.47329 1.1459 0
    endloop
  endfacet
  facet normal 0 0 -1
    outer loop
      vertex 5.06139 157.926 0
      vertex 0 152 0
      vertex 4.1459 157.706 0
    endloop
  endfacet
  facet normal 0 0 -1
    outer loop
      vertex 0 6 0
      vertex 2.47329 1.1459 0
      vertex 1.75736 1.75736 0
    endloop
  endfacet
  facet normal 0 0 -1
    outer loop
      vertex 4.1459 157.706 0
      vertex 0 152 0
      vertex 3.27606 157.346 0
    endloop
  endfacet
  facet normal 0 0 -1
    outer loop
      vertex 0 6 0
      vertex 1.75736 1.75736 0
      vertex 1.1459 2.47329 0
    endloop
  endfacet
  facet normal 0 0 -1
    outer loop
      vertex 3.27606 157.346 0
      vertex 0 152 0
      vertex 2.47329 156.854 0
    endloop
  endfacet
  facet normal 0 0 -1
    outer loop
      vertex 0 6 0
      vertex 1.1459 2.47329 0
      vertex 0.65396 3.27606 0
    endloop
  endfacet
  facet normal 0 0 -1
    outer loop
      vertex 2.47329 156.854 0
      vertex 0 152 0
      vertex 1.75736 156.243 0
    endloop
  endfacet
  facet normal 0 0 -1
    outer loop
      vertex 0 6 0
      vertex 0.65396 3.27606 0
      vertex 0.29366 4.1459 0
    endloop
  endfacet
  facet normal 0 0 -1
    outer loop
      vertex 1.75736 156.243 0
      vertex 0 152 0
      vertex 1.1459 155.527 0
    endloop
  endfacet
  facet normal 0 0 -1
    outer loop
      vertex 0 6 0
      vertex 0.29366 4.1459 0
      vertex 0.0738697 5.06139 0
    endloop
  endfacet
  facet normal 0 0 -1
    outer loop
      vertex 1.1459 155.527 0
      vertex 0 152 0
      vertex 0.65396 154.724 0
    endloop
  endfacet
  facet normal 0 0 -1
    outer loop
      vertex 0.65396 154.724 0
      vertex 0 152 0
      vertex 0.29366 153.854 0
    endloop
  endfacet
  facet normal 0 0 -1
    outer loop
      vertex 0.29366 153.854 0
      vertex 0 152 0
      vertex 0.0738697 152.939 0
    endloop
  endfacet
  facet normal 0.233775 0.972291 -0
    outer loop
      vertex 108.854 157.706 0
      vertex 107.939 157.926 16
      vertex 108.854 157.706 16
    endloop
  endfacet
  facet normal 0.233775 0.972291 0
    outer loop
      vertex 107.939 157.926 16
      vertex 108.854 157.706 0
      vertex 107.939 157.926 0
    endloop
  endfacet
  facet normal 0.649127 0.76068 -0
    outer loop
      vertex 111.243 156.243 0
      vertex 110.527 156.854 16
      vertex 111.243 156.243 16
    endloop
  endfacet
  facet normal 0.649127 0.76068 0
    outer loop
      vertex 110.527 156.854 16
      vertex 111.243 156.243 0
      vertex 110.527 156.854 0
    endloop
  endfacet
  facet normal -0.5225 -0.852639 0
    outer loop
      vertex 2.47329 1.1459 0
      vertex 3.27606 0.65396 16
      vertex 2.47329 1.1459 16
    endloop
  endfacet
  facet normal -0.5225 -0.852639 -0
    outer loop
      vertex 3.27606 0.65396 16
      vertex 2.47329 1.1459 0
      vertex 3.27606 0.65396 0
    endloop
  endfacet
  facet normal -0.760438 0.64941 0
    outer loop
      vertex 1.1459 155.527 0
      vertex 1.75736 156.243 16
      vertex 1.75736 156.243 0
    endloop
  endfacet
  facet normal -0.760438 0.64941 0
    outer loop
      vertex 1.75736 156.243 16
      vertex 1.1459 155.527 0
      vertex 1.1459 155.527 16
    endloop
  endfacet
  facet normal -0.233657 0.972319 0
    outer loop
      vertex 5.06139 157.926 0
      vertex 4.1459 157.706 16
      vertex 5.06139 157.926 16
    endloop
  endfacet
  facet normal -0.233657 0.972319 0
    outer loop
      vertex 4.1459 157.706 16
      vertex 5.06139 157.926 0
      vertex 4.1459 157.706 0
    endloop
  endfacet
  facet normal 0.233564 -0.972341 0
    outer loop
      vertex 107.939 0.0738697 0
      vertex 108.854 0.29366 16
      vertex 107.939 0.0738697 16
    endloop
  endfacet
  facet normal 0.233564 -0.972341 0
    outer loop
      vertex 108.854 0.29366 16
      vertex 107.939 0.0738697 0
      vertex 108.854 0.29366 0
    endloop
  endfacet
  facet normal -0.852706 0.522391 0
    outer loop
      vertex 0.65396 154.724 0
      vertex 1.1459 155.527 16
      vertex 1.1459 155.527 0
    endloop
  endfacet
  facet normal -0.852706 0.522391 0
    outer loop
      vertex 1.1459 155.527 16
      vertex 0.65396 154.724 0
      vertex 0.65396 154.724 16
    endloop
  endfacet
  facet normal -0.382684 -0.923879 0
    outer loop
      vertex 3.27606 0.65396 0
      vertex 4.1459 0.29366 16
      vertex 3.27606 0.65396 16
    endloop
  endfacet
  facet normal -0.382684 -0.923879 -0
    outer loop
      vertex 4.1459 0.29366 16
      vertex 3.27606 0.65396 0
      vertex 4.1459 0.29366 0
    endloop
  endfacet
  facet normal -0.649164 0.760648 0
    outer loop
      vertex 2.47329 156.854 0
      vertex 1.75736 156.243 16
      vertex 2.47329 156.854 16
    endloop
  endfacet
  facet normal -0.649164 0.760648 0
    outer loop
      vertex 1.75736 156.243 16
      vertex 2.47329 156.854 0
      vertex 1.75736 156.243 0
    endloop
  endfacet
  facet normal -0.99692 0.0784262 0
    outer loop
      vertex 0 152 0
      vertex 0.0738697 152.939 16
      vertex 0.0738697 152.939 0
    endloop
  endfacet
  facet normal -0.99692 0.0784262 0
    outer loop
      vertex 0.0738697 152.939 16
      vertex 0 152 0
      vertex 0 152 16
    endloop
  endfacet
  facet normal 0.972291 0.233775 0
    outer loop
      vertex 112.926 152.939 16
      vertex 112.706 153.854 0
      vertex 112.706 153.854 16
    endloop
  endfacet
  facet normal 0.972291 0.233775 0
    outer loop
      vertex 112.706 153.854 0
      vertex 112.926 152.939 16
      vertex 112.926 152.939 0
    endloop
  endfacet
  facet normal -0.760407 -0.649447 0
    outer loop
      vertex 1.75736 1.75736 0
      vertex 1.1459 2.47329 16
      vertex 1.1459 2.47329 0
    endloop
  endfacet
  facet normal -0.760407 -0.649447 0
    outer loop
      vertex 1.1459 2.47329 16
      vertex 1.75736 1.75736 0
      vertex 1.75736 1.75736 16
    endloop
  endfacet
  facet normal 0.382352 0.924017 -0
    outer loop
      vertex 109.724 157.346 0
      vertex 108.854 157.706 16
      vertex 109.724 157.346 16
    endloop
  endfacet
  facet normal 0.382352 0.924017 0
    outer loop
      vertex 108.854 157.706 16
      vertex 109.724 157.346 0
      vertex 108.854 157.706 0
    endloop
  endfacet
  facet normal -0.233446 -0.97237 0
    outer loop
      vertex 4.1459 0.29366 0
      vertex 5.06139 0.0738697 16
      vertex 4.1459 0.29366 16
    endloop
  endfacet
  facet normal -0.233446 -0.97237 -0
    outer loop
      vertex 5.06139 0.0738697 16
      vertex 4.1459 0.29366 0
      vertex 5.06139 0.0738697 0
    endloop
  endfacet
  facet normal -0.0784586 -0.996917 0
    outer loop
      vertex 5.06139 0.0738697 0
      vertex 6 0 16
      vertex 5.06139 0.0738697 16
    endloop
  endfacet
  facet normal -0.0784586 -0.996917 -0
    outer loop
      vertex 6 0 16
      vertex 5.06139 0.0738697 0
      vertex 6 0 0
    endloop
  endfacet
  facet normal -0.649447 -0.760407 0
    outer loop
      vertex 1.75736 1.75736 0
      vertex 2.47329 1.1459 16
      vertex 1.75736 1.75736 16
    endloop
  endfacet
  facet normal -0.649447 -0.760407 -0
    outer loop
      vertex 2.47329 1.1459 16
      vertex 1.75736 1.75736 0
      vertex 2.47329 1.1459 0
    endloop
  endfacet
  facet normal 0.0785637 0.996909 -0
    outer loop
      vertex 107.939 157.926 0
      vertex 107 158 16
      vertex 107.939 157.926 16
    endloop
  endfacet
  facet normal 0.0785637 0.996909 0
    outer loop
      vertex 107 158 16
      vertex 107.939 157.926 0
      vertex 107 158 0
    endloop
  endfacet
  facet normal -1 0 0
    outer loop
      vertex 110.5 6.58844 2.5
      vertex 110.5 151.412 16
      vertex 110.5 151.412 2.5
    endloop
  endfacet
  facet normal -1 -0 0
    outer loop
      vertex 110.5 151.412 16
      vertex 110.5 6.58844 2.5
      vertex 110.5 6.58844 16
    endloop
  endfacet
  facet normal 0 0 1
    outer loop
      vertex 104 152.5 2.5
      vertex 106 154 2.5
      vertex 106.037 154.469 2.5
    endloop
  endfacet
  facet normal 0 0 1
    outer loop
      vertex 106 154 2.5
      vertex 105.082 152.329 2.5
      vertex 105.589 152.119 2.5
    endloop
  endfacet
  facet normal 0 0 1
    outer loop
      vertex 103.452 152.457 2.5
      vertex 106.037 154.469 2.5
      vertex 106.147 154.927 2.5
    endloop
  endfacet
  facet normal 0 0 1
    outer loop
      vertex 106 154 2.5
      vertex 104.548 152.457 2.5
      vertex 105.082 152.329 2.5
    endloop
  endfacet
  facet normal 0 0 1
    outer loop
      vertex 102.918 152.329 2.5
      vertex 106.147 154.927 2.5
      vertex 106.327 155.362 2.5
    endloop
  endfacet
  facet normal 0 0 1
    outer loop
      vertex 106 154 2.5
      vertex 104 152.5 2.5
      vertex 104.548 152.457 2.5
    endloop
  endfacet
  facet normal 0 0 1
    outer loop
      vertex 102.411 152.119 2.5
      vertex 106.327 155.362 2.5
      vertex 106.412 155.5 2.5
    endloop
  endfacet
  facet normal 0 0 1
    outer loop
      vertex 106.037 154.469 2.5
      vertex 103.452 152.457 2.5
      vertex 104 152.5 2.5
    endloop
  endfacet
  facet normal 0 0 1
    outer loop
      vertex 106.147 154.927 2.5
      vertex 102.918 152.329 2.5
      vertex 103.452 152.457 2.5
    endloop
  endfacet
  facet normal 0 0 1
    outer loop
      vertex 106.327 155.362 2.5
      vertex 102.411 152.119 2.5
      vertex 102.918 152.329 2.5
    endloop
  endfacet
  facet normal 0 0 1
    outer loop
      vertex 106.412 155.5 2.5
      vertex 101.943 151.832 2.5
      vertex 102.411 152.119 2.5
    endloop
  endfacet
  facet normal 0 0 1
    outer loop
      vertex 101.943 146.168 2.5
      vertex 11.0572 146.168 2.5
      vertex 101.943 11.8316 2.5
    endloop
  endfacet
  facet normal 0 0 1
    outer loop
      vertex 100.543 149.548 2.5
      vertex 12.5 149 2.5
      vertex 100.5 149 2.5
    endloop
  endfacet
  facet normal 0 0 1
    outer loop
      vertex 12.4569 149.548 2.5
      vertex 100.543 149.548 2.5
      vertex 100.671 150.082 2.5
    endloop
  endfacet
  facet normal 0 0 1
    outer loop
      vertex 12.3287 150.082 2.5
      vertex 100.671 150.082 2.5
      vertex 100.881 150.589 2.5
    endloop
  endfacet
  facet normal 0 0 1
    outer loop
      vertex 12.1185 150.589 2.5
      vertex 100.881 150.589 2.5
      vertex 101.168 151.057 2.5
    endloop
  endfacet
  facet normal 0 0 1
    outer loop
      vertex 11.8316 151.057 2.5
      vertex 101.168 151.057 2.5
      vertex 101.525 151.475 2.5
    endloop
  endfacet
  facet normal 0 0 1
    outer loop
      vertex 11.4749 151.475 2.5
      vertex 101.525 151.475 2.5
      vertex 101.943 151.832 2.5
    endloop
  endfacet
  facet normal 0 0 1
    outer loop
      vertex 11.0572 151.832 2.5
      vertex 101.943 151.832 2.5
      vertex 106.412 155.5 2.5
    endloop
  endfacet
  facet normal 0 0 1
    outer loop
      vertex 100.543 149.548 2.5
      vertex 12.4569 149.548 2.5
      vertex 12.5 149 2.5
    endloop
  endfacet
  facet normal 0 0 1
    outer loop
      vertex 100.671 150.082 2.5
      vertex 12.3287 150.082 2.5
      vertex 12.4569 149.548 2.5
    endloop
  endfacet
  facet normal 0 0 1
    outer loop
      vertex 100.881 150.589 2.5
      vertex 12.1185 150.589 2.5
      vertex 12.3287 150.082 2.5
    endloop
  endfacet
  facet normal 0 0 1
    outer loop
      vertex 101.168 151.057 2.5
      vertex 11.8316 151.057 2.5
      vertex 12.1185 150.589 2.5
    endloop
  endfacet
  facet normal 0 0 1
    outer loop
      vertex 101.525 151.475 2.5
      vertex 11.4749 151.475 2.5
      vertex 11.8316 151.057 2.5
    endloop
  endfacet
  facet normal 0 0 1
    outer loop
      vertex 101.943 151.832 2.5
      vertex 11.0572 151.832 2.5
      vertex 11.4749 151.475 2.5
    endloop
  endfacet
  facet normal -0 0 1
    outer loop
      vertex 6.58844 155.5 2.5
      vertex 11.0572 151.832 2.5
      vertex 106.412 155.5 2.5
    endloop
  endfacet
  facet normal 0 0 1
    outer loop
      vertex 11.0572 151.832 2.5
      vertex 6.58844 155.5 2.5
      vertex 10.589 152.119 2.5
    endloop
  endfacet
  facet normal -0 -0 1
    outer loop
      vertex 6.67302 155.362 2.5
      vertex 10.589 152.119 2.5
      vertex 6.58844 155.5 2.5
    endloop
  endfacet
  facet normal 0 0 1
    outer loop
      vertex 10.589 152.119 2.5
      vertex 6.67302 155.362 2.5
      vertex 10.0816 152.329 2.5
    endloop
  endfacet
  facet normal 0 0 1
    outer loop
      vertex 8.45248 152.457 2.5
      vertex 6.96306 153.531 2.5
      vertex 7.91844 152.329 2.5
    endloop
  endfacet
  facet normal -0 0 1
    outer loop
      vertex 6.96306 153.531 2.5
      vertex 8.45248 152.457 2.5
      vertex 7 154 2.5
    endloop
  endfacet
  facet normal 0 0 1
    outer loop
      vertex 9 152.5 2.5
      vertex 7 154 2.5
      vertex 8.45248 152.457 2.5
    endloop
  endfacet
  facet normal -0 -0 1
    outer loop
      vertex 6.85317 154.927 2.5
      vertex 10.0816 152.329 2.5
      vertex 6.67302 155.362 2.5
    endloop
  endfacet
  facet normal 0 0 1
    outer loop
      vertex 9 152.5 2.5
      vertex 6.96306 154.469 2.5
      vertex 7 154 2.5
    endloop
  endfacet
  facet normal 0 0 1
    outer loop
      vertex 9.54752 152.457 2.5
      vertex 6.96306 154.469 2.5
      vertex 9 152.5 2.5
    endloop
  endfacet
  facet normal -0 -0 1
    outer loop
      vertex 6.96306 154.469 2.5
      vertex 9.54752 152.457 2.5
      vertex 6.85317 154.927 2.5
    endloop
  endfacet
  facet normal 0 0 1
    outer loop
      vertex 10.0816 152.329 2.5
      vertex 6.85317 154.927 2.5
      vertex 9.54752 152.457 2.5
    endloop
  endfacet
  facet normal -0 0 1
    outer loop
      vertex 110.362 151.327 2.5
      vertex 107.119 147.411 2.5
      vertex 110.5 151.412 2.5
    endloop
  endfacet
  facet normal 0 0 1
    outer loop
      vertex 110.5 6.58844 2.5
      vertex 107.457 9.54752 2.5
      vertex 107.5 9 2.5
    endloop
  endfacet
  facet normal 0 0 1
    outer loop
      vertex 106.832 146.943 2.5
      vertex 110.5 151.412 2.5
      vertex 107.119 147.411 2.5
    endloop
  endfacet
  facet normal 0 0 1
    outer loop
      vertex 110.5 6.58844 2.5
      vertex 107.329 10.0816 2.5
      vertex 107.457 9.54752 2.5
    endloop
  endfacet
  facet normal 0 0 1
    outer loop
      vertex 110.5 151.412 2.5
      vertex 106.832 146.943 2.5
      vertex 110.5 6.58844 2.5
    endloop
  endfacet
  facet normal 0 0 1
    outer loop
      vertex 110.5 6.58844 2.5
      vertex 107.119 10.589 2.5
      vertex 107.329 10.0816 2.5
    endloop
  endfacet
  facet normal -0 0 1
    outer loop
      vertex 106.832 11.0572 2.5
      vertex 110.5 6.58844 2.5
      vertex 106.832 146.943 2.5
    endloop
  endfacet
  facet normal 0 0 1
    outer loop
      vertex 110.5 6.58844 2.5
      vertex 106.832 11.0572 2.5
      vertex 107.119 10.589 2.5
    endloop
  endfacet
  facet normal -0 0 1
    outer loop
      vertex 106.475 146.525 2.5
      vertex 106.832 11.0572 2.5
      vertex 106.832 146.943 2.5
    endloop
  endfacet
  facet normal 0 0 1
    outer loop
      vertex 106.475 146.525 2.5
      vertex 106.475 11.4749 2.5
      vertex 106.832 11.0572 2.5
    endloop
  endfacet
  facet normal -0 0 1
    outer loop
      vertex 106.057 146.168 2.5
      vertex 106.475 11.4749 2.5
      vertex 106.475 146.525 2.5
    endloop
  endfacet
  facet normal 0 0 1
    outer loop
      vertex 106.057 146.168 2.5
      vertex 106.057 11.8316 2.5
      vertex 106.475 11.4749 2.5
    endloop
  endfacet
  facet normal -0 0 1
    outer loop
      vertex 105.589 145.881 2.5
      vertex 106.057 11.8316 2.5
      vertex 106.057 146.168 2.5
    endloop
  endfacet
  facet normal 0 0 1
    outer loop
      vertex 105.589 145.881 2.5
      vertex 105.589 12.1185 2.5
      vertex 106.057 11.8316 2.5
    endloop
  endfacet
  facet normal -0 0 1
    outer loop
      vertex 105.082 145.671 2.5
      vertex 105.589 12.1185 2.5
      vertex 105.589 145.881 2.5
    endloop
  endfacet
  facet normal 0 0 1
    outer loop
      vertex 105.082 145.671 2.5
      vertex 105.082 12.3287 2.5
      vertex 105.589 12.1185 2.5
    endloop
  endfacet
  facet normal -0 0 1
    outer loop
      vertex 104.548 145.543 2.5
      vertex 105.082 12.3287 2.5
      vertex 105.082 145.671 2.5
    endloop
  endfacet
  facet normal 0 0 1
    outer loop
      vertex 104.548 145.543 2.5
      vertex 104.548 12.4569 2.5
      vertex 105.082 12.3287 2.5
    endloop
  endfacet
  facet normal -0 0 1
    outer loop
      vertex 104 145.5 2.5
      vertex 104.548 12.4569 2.5
      vertex 104.548 145.543 2.5
    endloop
  endfacet
  facet normal 0 0 1
    outer loop
      vertex 104 145.5 2.5
      vertex 104 12.5 2.5
      vertex 104.548 12.4569 2.5
    endloop
  endfacet
  facet normal 0 0 1
    outer loop
      vertex 103.452 145.543 2.5
      vertex 104 12.5 2.5
      vertex 104 145.5 2.5
    endloop
  endfacet
  facet normal 0 0 1
    outer loop
      vertex 103.452 145.543 2.5
      vertex 103.452 12.4569 2.5
      vertex 104 12.5 2.5
    endloop
  endfacet
  facet normal 0 0 1
    outer loop
      vertex 102.918 145.671 2.5
      vertex 103.452 12.4569 2.5
      vertex 103.452 145.543 2.5
    endloop
  endfacet
  facet normal 0 0 1
    outer loop
      vertex 102.918 145.671 2.5
      vertex 102.918 12.3287 2.5
      vertex 103.452 12.4569 2.5
    endloop
  endfacet
  facet normal 0 0 1
    outer loop
      vertex 102.411 145.881 2.5
      vertex 102.918 12.3287 2.5
      vertex 102.918 145.671 2.5
    endloop
  endfacet
  facet normal 0 0 1
    outer loop
      vertex 102.411 145.881 2.5
      vertex 102.411 12.1185 2.5
      vertex 102.918 12.3287 2.5
    endloop
  endfacet
  facet normal 0 0 1
    outer loop
      vertex 101.943 146.168 2.5
      vertex 102.411 12.1185 2.5
      vertex 102.411 145.881 2.5
    endloop
  endfacet
  facet normal 0 0 1
    outer loop
      vertex 101.943 146.168 2.5
      vertex 101.943 11.8316 2.5
      vertex 102.411 12.1185 2.5
    endloop
  endfacet
  facet normal 0 0 1
    outer loop
      vertex 12.1185 147.411 2.5
      vertex 100.881 147.411 2.5
      vertex 12.3287 147.918 2.5
    endloop
  endfacet
  facet normal 0 0 1
    outer loop
      vertex 100.881 147.411 2.5
      vertex 12.1185 147.411 2.5
      vertex 101.168 146.943 2.5
    endloop
  endfacet
  facet normal 0 0 1
    outer loop
      vertex 100.671 147.918 2.5
      vertex 12.3287 147.918 2.5
      vertex 100.881 147.411 2.5
    endloop
  endfacet
  facet normal 0 0 1
    outer loop
      vertex 11.8316 146.943 2.5
      vertex 101.168 146.943 2.5
      vertex 12.1185 147.411 2.5
    endloop
  endfacet
  facet normal 0 0 1
    outer loop
      vertex 12.3287 147.918 2.5
      vertex 100.671 147.918 2.5
      vertex 12.4569 148.452 2.5
    endloop
  endfacet
  facet normal 0 0 1
    outer loop
      vertex 101.168 146.943 2.5
      vertex 11.8316 146.943 2.5
      vertex 101.525 146.525 2.5
    endloop
  endfacet
  facet normal 0 0 1
    outer loop
      vertex 100.543 148.452 2.5
      vertex 12.4569 148.452 2.5
      vertex 100.671 147.918 2.5
    endloop
  endfacet
  facet normal 0 0 1
    outer loop
      vertex 11.4749 146.525 2.5
      vertex 101.525 146.525 2.5
      vertex 11.8316 146.943 2.5
    endloop
  endfacet
  facet normal 0 0 1
    outer loop
      vertex 12.4569 148.452 2.5
      vertex 100.543 148.452 2.5
      vertex 12.5 149 2.5
    endloop
  endfacet
  facet normal 0 0 1
    outer loop
      vertex 101.525 146.525 2.5
      vertex 11.4749 146.525 2.5
      vertex 101.943 146.168 2.5
    endloop
  endfacet
  facet normal -0 0 1
    outer loop
      vertex 12.5 149 2.5
      vertex 100.543 148.452 2.5
      vertex 100.5 149 2.5
    endloop
  endfacet
  facet normal 0 0 1
    outer loop
      vertex 11.0572 146.168 2.5
      vertex 101.943 146.168 2.5
      vertex 11.4749 146.525 2.5
    endloop
  endfacet
  facet normal 0 0 1
    outer loop
      vertex 107.329 147.918 2.5
      vertex 109.927 151.147 2.5
      vertex 107.457 148.452 2.5
    endloop
  endfacet
  facet normal -0 0 1
    outer loop
      vertex 109.927 151.147 2.5
      vertex 107.329 147.918 2.5
      vertex 110.362 151.327 2.5
    endloop
  endfacet
  facet normal -0 0 1
    outer loop
      vertex 109.469 151.037 2.5
      vertex 107.457 148.452 2.5
      vertex 109.927 151.147 2.5
    endloop
  endfacet
  facet normal 0 0 1
    outer loop
      vertex 107.119 147.411 2.5
      vertex 110.362 151.327 2.5
      vertex 107.329 147.918 2.5
    endloop
  endfacet
  facet normal 0 0 1
    outer loop
      vertex 107.457 148.452 2.5
      vertex 109.469 151.037 2.5
      vertex 107.5 149 2.5
    endloop
  endfacet
  facet normal 0 0 1
    outer loop
      vertex 110.5 6.58844 2.5
      vertex 107.5 9 2.5
      vertex 110.362 6.67302 2.5
    endloop
  endfacet
  facet normal 0 0 1
    outer loop
      vertex 107.5 149 2.5
      vertex 109.469 151.037 2.5
      vertex 109 151 2.5
    endloop
  endfacet
  facet normal 0 0 1
    outer loop
      vertex 110.362 6.67302 2.5
      vertex 107.5 9 2.5
      vertex 109.927 6.85317 2.5
    endloop
  endfacet
  facet normal 0 0 1
    outer loop
      vertex 107.457 149.548 2.5
      vertex 109 151 2.5
      vertex 108.531 151.037 2.5
    endloop
  endfacet
  facet normal 0 0 1
    outer loop
      vertex 109.927 6.85317 2.5
      vertex 107.5 9 2.5
      vertex 109.469 6.96306 2.5
    endloop
  endfacet
  facet normal 0 0 1
    outer loop
      vertex 107.329 150.082 2.5
      vertex 108.531 151.037 2.5
      vertex 108.073 151.147 2.5
    endloop
  endfacet
  facet normal 0 0 1
    outer loop
      vertex 109.469 6.96306 2.5
      vertex 107.5 9 2.5
      vertex 109 7 2.5
    endloop
  endfacet
  facet normal 0 0 1
    outer loop
      vertex 107.119 150.589 2.5
      vertex 108.073 151.147 2.5
      vertex 107.638 151.327 2.5
    endloop
  endfacet
  facet normal -0 0 1
    outer loop
      vertex 107.457 8.45248 2.5
      vertex 109 7 2.5
      vertex 107.5 9 2.5
    endloop
  endfacet
  facet normal 0 0 1
    outer loop
      vertex 109 7 2.5
      vertex 107.457 8.45248 2.5
      vertex 108.531 6.96306 2.5
    endloop
  endfacet
  facet normal 0 0 1
    outer loop
      vertex 109 151 2.5
      vertex 107.457 149.548 2.5
      vertex 107.5 149 2.5
    endloop
  endfacet
  facet normal 0 0 1
    outer loop
      vertex 108.531 151.037 2.5
      vertex 107.329 150.082 2.5
      vertex 107.457 149.548 2.5
    endloop
  endfacet
  facet normal 0 0 1
    outer loop
      vertex 106.832 151.057 2.5
      vertex 107.638 151.327 2.5
      vertex 107.237 151.573 2.5
    endloop
  endfacet
  facet normal 0 0 1
    outer loop
      vertex 108.073 151.147 2.5
      vertex 107.119 150.589 2.5
      vertex 107.329 150.082 2.5
    endloop
  endfacet
  facet normal 0 0 1
    outer loop
      vertex 106.475 151.475 2.5
      vertex 107.237 151.573 2.5
      vertex 106.879 151.879 2.5
    endloop
  endfacet
  facet normal 0 0 1
    outer loop
      vertex 107.638 151.327 2.5
      vertex 106.832 151.057 2.5
      vertex 107.119 150.589 2.5
    endloop
  endfacet
  facet normal 0 0 1
    outer loop
      vertex 106.475 151.475 2.5
      vertex 106.879 151.879 2.5
      vertex 106.573 152.237 2.5
    endloop
  endfacet
  facet normal 0 0 1
    outer loop
      vertex 107.237 151.573 2.5
      vertex 106.475 151.475 2.5
      vertex 106.832 151.057 2.5
    endloop
  endfacet
  facet normal 0 0 1
    outer loop
      vertex 106.057 151.832 2.5
      vertex 106.573 152.237 2.5
      vertex 106.327 152.638 2.5
    endloop
  endfacet
  facet normal 0 0 1
    outer loop
      vertex 105.589 152.119 2.5
      vertex 106.327 152.638 2.5
      vertex 106.147 153.073 2.5
    endloop
  endfacet
  facet normal 0 0 1
    outer loop
      vertex 106.573 152.237 2.5
      vertex 106.057 151.832 2.5
      vertex 106.475 151.475 2.5
    endloop
  endfacet
  facet normal 0 0 1
    outer loop
      vertex 105.589 152.119 2.5
      vertex 106.147 153.073 2.5
      vertex 106.037 153.531 2.5
    endloop
  endfacet
  facet normal 0 0 1
    outer loop
      vertex 105.589 152.119 2.5
      vertex 106.037 153.531 2.5
      vertex 106 154 2.5
    endloop
  endfacet
  facet normal 0 0 1
    outer loop
      vertex 106.327 152.638 2.5
      vertex 105.589 152.119 2.5
      vertex 106.057 151.832 2.5
    endloop
  endfacet
  facet normal -0 0 1
    outer loop
      vertex 107.329 7.91844 2.5
      vertex 108.531 6.96306 2.5
      vertex 107.457 8.45248 2.5
    endloop
  endfacet
  facet normal 0 0 1
    outer loop
      vertex 108.531 6.96306 2.5
      vertex 107.329 7.91844 2.5
      vertex 108.073 6.85317 2.5
    endloop
  endfacet
  facet normal -0 0 1
    outer loop
      vertex 107.119 7.41103 2.5
      vertex 108.073 6.85317 2.5
      vertex 107.329 7.91844 2.5
    endloop
  endfacet
  facet normal 0 0 1
    outer loop
      vertex 108.073 6.85317 2.5
      vertex 107.119 7.41103 2.5
      vertex 107.638 6.67302 2.5
    endloop
  endfacet
  facet normal -0 0 1
    outer loop
      vertex 106.832 6.94275 2.5
      vertex 107.638 6.67302 2.5
      vertex 107.119 7.41103 2.5
    endloop
  endfacet
  facet normal 0 0 1
    outer loop
      vertex 107.638 6.67302 2.5
      vertex 106.832 6.94275 2.5
      vertex 107.237 6.42705 2.5
    endloop
  endfacet
  facet normal -0 0 1
    outer loop
      vertex 106.475 6.52513 2.5
      vertex 107.237 6.42705 2.5
      vertex 106.832 6.94275 2.5
    endloop
  endfacet
  facet normal 0 0 1
    outer loop
      vertex 107.237 6.42705 2.5
      vertex 106.475 6.52513 2.5
      vertex 106.879 6.12132 2.5
    endloop
  endfacet
  facet normal 0 0 1
    outer loop
      vertex 106.879 6.12132 2.5
      vertex 106.475 6.52513 2.5
      vertex 106.573 5.76336 2.5
    endloop
  endfacet
  facet normal -0 0 1
    outer loop
      vertex 106.057 6.16844 2.5
      vertex 106.573 5.76336 2.5
      vertex 106.475 6.52513 2.5
    endloop
  endfacet
  facet normal 0 0 1
    outer loop
      vertex 106.573 5.76336 2.5
      vertex 106.057 6.16844 2.5
      vertex 106.327 5.36197 2.5
    endloop
  endfacet
  facet normal -0 0 1
    outer loop
      vertex 105.589 5.88148 2.5
      vertex 106.327 5.36197 2.5
      vertex 106.057 6.16844 2.5
    endloop
  endfacet
  facet normal 0 0 1
    outer loop
      vertex 106.327 5.36197 2.5
      vertex 105.589 5.88148 2.5
      vertex 106.147 4.92705 2.5
    endloop
  endfacet
  facet normal -0 0 1
    outer loop
      vertex 105.082 5.6713 2.5
      vertex 106.147 4.92705 2.5
      vertex 105.589 5.88148 2.5
    endloop
  endfacet
  facet normal 0 0 1
    outer loop
      vertex 106.147 4.92705 2.5
      vertex 105.082 5.6713 2.5
      vertex 106.037 4.4693 2.5
    endloop
  endfacet
  facet normal -0 0 1
    outer loop
      vertex 104.548 5.54309 2.5
      vertex 106.037 4.4693 2.5
      vertex 105.082 5.6713 2.5
    endloop
  endfacet
  facet normal 0 0 1
    outer loop
      vertex 106.037 4.4693 2.5
      vertex 104.548 5.54309 2.5
      vertex 106 4 2.5
    endloop
  endfacet
  facet normal -0 0 1
    outer loop
      vertex 104 5.5 2.5
      vertex 106 4 2.5
      vertex 104.548 5.54309 2.5
    endloop
  endfacet
  facet normal 0 0 1
    outer loop
      vertex 106 4 2.5
      vertex 104 5.5 2.5
      vertex 106.037 3.5307 2.5
    endloop
  endfacet
  facet normal 0 0 1
    outer loop
      vertex 103.452 5.54309 2.5
      vertex 106.037 3.5307 2.5
      vertex 104 5.5 2.5
    endloop
  endfacet
  facet normal 0 0 1
    outer loop
      vertex 106.037 3.5307 2.5
      vertex 103.452 5.54309 2.5
      vertex 106.147 3.07295 2.5
    endloop
  endfacet
  facet normal 0 0 1
    outer loop
      vertex 102.918 5.6713 2.5
      vertex 106.147 3.07295 2.5
      vertex 103.452 5.54309 2.5
    endloop
  endfacet
  facet normal 0 0 1
    outer loop
      vertex 106.147 3.07295 2.5
      vertex 102.918 5.6713 2.5
      vertex 106.327 2.63803 2.5
    endloop
  endfacet
  facet normal 0 0 1
    outer loop
      vertex 102.411 5.88148 2.5
      vertex 106.327 2.63803 2.5
      vertex 102.918 5.6713 2.5
    endloop
  endfacet
  facet normal 0 0 1
    outer loop
      vertex 106.327 2.63803 2.5
      vertex 102.411 5.88148 2.5
      vertex 106.412 2.5 2.5
    endloop
  endfacet
  facet normal 0 0 1
    outer loop
      vertex 101.943 6.16844 2.5
      vertex 106.412 2.5 2.5
      vertex 102.411 5.88148 2.5
    endloop
  endfacet
  facet normal 0 0 1
    outer loop
      vertex 11.0572 11.8316 2.5
      vertex 101.943 11.8316 2.5
      vertex 11.0572 146.168 2.5
    endloop
  endfacet
  facet normal 0 0 1
    outer loop
      vertex 101.943 11.8316 2.5
      vertex 11.0572 11.8316 2.5
      vertex 101.525 11.4749 2.5
    endloop
  endfacet
  facet normal 0 -0 1
    outer loop
      vertex 11.4749 11.4749 2.5
      vertex 101.525 11.4749 2.5
      vertex 11.0572 11.8316 2.5
    endloop
  endfacet
  facet normal 0 0 1
    outer loop
      vertex 101.525 11.4749 2.5
      vertex 11.4749 11.4749 2.5
      vertex 101.168 11.0572 2.5
    endloop
  endfacet
  facet normal 0 -0 1
    outer loop
      vertex 11.8316 11.0572 2.5
      vertex 101.168 11.0572 2.5
      vertex 11.4749 11.4749 2.5
    endloop
  endfacet
  facet normal 0 0 1
    outer loop
      vertex 100.671 7.91844 2.5
      vertex 12.3287 7.91844 2.5
      vertex 100.881 7.41103 2.5
    endloop
  endfacet
  facet normal 0 0 1
    outer loop
      vertex 12.1185 7.41103 2.5
      vertex 100.881 7.41103 2.5
      vertex 12.3287 7.91844 2.5
    endloop
  endfacet
  facet normal 0 0 1
    outer loop
      vertex 100.881 7.41103 2.5
      vertex 12.1185 7.41103 2.5
      vertex 101.168 6.94275 2.5
    endloop
  endfacet
  facet normal 0 0 1
    outer loop
      vertex 11.8316 6.94275 2.5
      vertex 101.168 6.94275 2.5
      vertex 12.1185 7.41103 2.5
    endloop
  endfacet
  facet normal 0 0 1
    outer loop
      vertex 101.168 6.94275 2.5
      vertex 11.8316 6.94275 2.5
      vertex 101.525 6.52513 2.5
    endloop
  endfacet
  facet normal 0 0 1
    outer loop
      vertex 11.4749 6.52513 2.5
      vertex 101.525 6.52513 2.5
      vertex 11.8316 6.94275 2.5
    endloop
  endfacet
  facet normal 0 0 1
    outer loop
      vertex 101.525 6.52513 2.5
      vertex 11.4749 6.52513 2.5
      vertex 101.943 6.16844 2.5
    endloop
  endfacet
  facet normal 0 0 1
    outer loop
      vertex 11.0572 6.16844 2.5
      vertex 101.943 6.16844 2.5
      vertex 11.4749 6.52513 2.5
    endloop
  endfacet
  facet normal 0 0 1
    outer loop
      vertex 101.943 6.16844 2.5
      vertex 11.0572 6.16844 2.5
      vertex 106.412 2.5 2.5
    endloop
  endfacet
  facet normal 0 0 1
    outer loop
      vertex 6.58844 2.5 2.5
      vertex 11.0572 6.16844 2.5
      vertex 10.589 5.88148 2.5
    endloop
  endfacet
  facet normal 0 0 1
    outer loop
      vertex 6.67302 2.63803 2.5
      vertex 10.589 5.88148 2.5
      vertex 10.0816 5.6713 2.5
    endloop
  endfacet
  facet normal 0 0 1
    outer loop
      vertex 6.85317 3.07295 2.5
      vertex 10.0816 5.6713 2.5
      vertex 9.54752 5.54309 2.5
    endloop
  endfacet
  facet normal 0 0 1
    outer loop
      vertex 6.96306 3.5307 2.5
      vertex 9.54752 5.54309 2.5
      vertex 9 5.5 2.5
    endloop
  endfacet
  facet normal 0 0 1
    outer loop
      vertex 6.85317 4.92705 2.5
      vertex 7.91844 5.6713 2.5
      vertex 7.41103 5.88148 2.5
    endloop
  endfacet
  facet normal 0 0 1
    outer loop
      vertex 6.96306 4.4693 2.5
      vertex 8.45248 5.54309 2.5
      vertex 7.91844 5.6713 2.5
    endloop
  endfacet
  facet normal 0 0 1
    outer loop
      vertex 7 4 2.5
      vertex 9 5.5 2.5
      vertex 8.45248 5.54309 2.5
    endloop
  endfacet
  facet normal 0 0 1
    outer loop
      vertex 6.96306 3.5307 2.5
      vertex 9 5.5 2.5
      vertex 7 4 2.5
    endloop
  endfacet
  facet normal 0 0 1
    outer loop
      vertex 9.54752 5.54309 2.5
      vertex 6.96306 3.5307 2.5
      vertex 6.85317 3.07295 2.5
    endloop
  endfacet
  facet normal 0 0 1
    outer loop
      vertex 10.0816 5.6713 2.5
      vertex 6.85317 3.07295 2.5
      vertex 6.67302 2.63803 2.5
    endloop
  endfacet
  facet normal 0 0 1
    outer loop
      vertex 10.589 5.88148 2.5
      vertex 6.67302 2.63803 2.5
      vertex 6.58844 2.5 2.5
    endloop
  endfacet
  facet normal 0 0 1
    outer loop
      vertex 11.0572 6.16844 2.5
      vertex 6.58844 2.5 2.5
      vertex 106.412 2.5 2.5
    endloop
  endfacet
  facet normal 0 0 1
    outer loop
      vertex 8.45248 5.54309 2.5
      vertex 6.96306 4.4693 2.5
      vertex 7 4 2.5
    endloop
  endfacet
  facet normal 0 0 1
    outer loop
      vertex 6.67302 5.36197 2.5
      vertex 7.41103 5.88148 2.5
      vertex 6.94275 6.16844 2.5
    endloop
  endfacet
  facet normal 0 0 1
    outer loop
      vertex 7.91844 5.6713 2.5
      vertex 6.85317 4.92705 2.5
      vertex 6.96306 4.4693 2.5
    endloop
  endfacet
  facet normal 0 0 1
    outer loop
      vertex 7.41103 5.88148 2.5
      vertex 6.67302 5.36197 2.5
      vertex 6.85317 4.92705 2.5
    endloop
  endfacet
  facet normal 0 0 1
    outer loop
      vertex 6.42705 5.76336 2.5
      vertex 6.94275 6.16844 2.5
      vertex 6.52513 6.52513 2.5
    endloop
  endfacet
  facet normal 0 0 1
    outer loop
      vertex 6.94275 6.16844 2.5
      vertex 6.42705 5.76336 2.5
      vertex 6.67302 5.36197 2.5
    endloop
  endfacet
  facet normal 0 0 1
    outer loop
      vertex 5.76336 6.42705 2.5
      vertex 6.52513 6.52513 2.5
      vertex 6.16844 6.94275 2.5
    endloop
  endfacet
  facet normal 0 0 1
    outer loop
      vertex 6.52513 6.52513 2.5
      vertex 6.12132 6.12132 2.5
      vertex 6.42705 5.76336 2.5
    endloop
  endfacet
  facet normal 0 0 1
    outer loop
      vertex 5.36197 6.67302 2.5
      vertex 6.16844 6.94275 2.5
      vertex 5.88148 7.41103 2.5
    endloop
  endfacet
  facet normal 0 0 1
    outer loop
      vertex 6.52513 6.52513 2.5
      vertex 5.76336 6.42705 2.5
      vertex 6.12132 6.12132 2.5
    endloop
  endfacet
  facet normal 0 0 1
    outer loop
      vertex 4.92705 6.85317 2.5
      vertex 5.88148 7.41103 2.5
      vertex 5.6713 7.91844 2.5
    endloop
  endfacet
  facet normal 0 0 1
    outer loop
      vertex 4.4693 6.96306 2.5
      vertex 5.6713 7.91844 2.5
      vertex 5.54309 8.45248 2.5
    endloop
  endfacet
  facet normal 0 0 1
    outer loop
      vertex 6.16844 6.94275 2.5
      vertex 5.36197 6.67302 2.5
      vertex 5.76336 6.42705 2.5
    endloop
  endfacet
  facet normal 0 0 1
    outer loop
      vertex 4 7 2.5
      vertex 5.54309 8.45248 2.5
      vertex 5.5 9 2.5
    endloop
  endfacet
  facet normal 0 0 1
    outer loop
      vertex 2.63803 151.327 2.5
      vertex 5.6713 147.918 2.5
      vertex 3.07295 151.147 2.5
    endloop
  endfacet
  facet normal 0 0 1
    outer loop
      vertex 5.6713 147.918 2.5
      vertex 2.63803 151.327 2.5
      vertex 5.88148 147.411 2.5
    endloop
  endfacet
  facet normal 0 0 1
    outer loop
      vertex 5.88148 7.41103 2.5
      vertex 4.92705 6.85317 2.5
      vertex 5.36197 6.67302 2.5
    endloop
  endfacet
  facet normal 0 0 1
    outer loop
      vertex 2.5 151.412 2.5
      vertex 5.88148 147.411 2.5
      vertex 2.63803 151.327 2.5
    endloop
  endfacet
  facet normal 0 0 1
    outer loop
      vertex 5.6713 7.91844 2.5
      vertex 4.4693 6.96306 2.5
      vertex 4.92705 6.85317 2.5
    endloop
  endfacet
  facet normal 0 0 1
    outer loop
      vertex 5.88148 147.411 2.5
      vertex 2.5 151.412 2.5
      vertex 5.88148 10.589 2.5
    endloop
  endfacet
  facet normal 0 0 1
    outer loop
      vertex 5.54309 8.45248 2.5
      vertex 4 7 2.5
      vertex 4.4693 6.96306 2.5
    endloop
  endfacet
  facet normal 0 0 1
    outer loop
      vertex 2.5 6.58844 2.5
      vertex 5.88148 10.589 2.5
      vertex 2.5 151.412 2.5
    endloop
  endfacet
  facet normal 0 0 1
    outer loop
      vertex 5.5 9 2.5
      vertex 3.5307 6.96306 2.5
      vertex 4 7 2.5
    endloop
  endfacet
  facet normal 0 -0 1
    outer loop
      vertex 2.63803 6.67302 2.5
      vertex 5.88148 10.589 2.5
      vertex 2.5 6.58844 2.5
    endloop
  endfacet
  facet normal 0 0 1
    outer loop
      vertex 5.54309 9.54752 2.5
      vertex 3.5307 6.96306 2.5
      vertex 5.5 9 2.5
    endloop
  endfacet
  facet normal 0 0 1
    outer loop
      vertex 5.88148 10.589 2.5
      vertex 2.63803 6.67302 2.5
      vertex 5.6713 10.0816 2.5
    endloop
  endfacet
  facet normal 0 -0 1
    outer loop
      vertex 3.5307 6.96306 2.5
      vertex 5.54309 9.54752 2.5
      vertex 3.07295 6.85317 2.5
    endloop
  endfacet
  facet normal 0 -0 1
    outer loop
      vertex 3.07295 6.85317 2.5
      vertex 5.6713 10.0816 2.5
      vertex 2.63803 6.67302 2.5
    endloop
  endfacet
  facet normal 0 0 1
    outer loop
      vertex 5.6713 10.0816 2.5
      vertex 3.07295 6.85317 2.5
      vertex 5.54309 9.54752 2.5
    endloop
  endfacet
  facet normal 0 0 1
    outer loop
      vertex 101.168 11.0572 2.5
      vertex 11.8316 11.0572 2.5
      vertex 100.881 10.589 2.5
    endloop
  endfacet
  facet normal 0 0 1
    outer loop
      vertex 12.3287 7.91844 2.5
      vertex 100.671 7.91844 2.5
      vertex 12.4569 8.45248 2.5
    endloop
  endfacet
  facet normal 0 -0 1
    outer loop
      vertex 12.1185 10.589 2.5
      vertex 100.881 10.589 2.5
      vertex 11.8316 11.0572 2.5
    endloop
  endfacet
  facet normal 0 0 1
    outer loop
      vertex 100.543 8.45248 2.5
      vertex 12.4569 8.45248 2.5
      vertex 100.671 7.91844 2.5
    endloop
  endfacet
  facet normal 0 0 1
    outer loop
      vertex 100.881 10.589 2.5
      vertex 12.1185 10.589 2.5
      vertex 100.671 10.0816 2.5
    endloop
  endfacet
  facet normal 0 0 1
    outer loop
      vertex 12.4569 8.45248 2.5
      vertex 100.543 8.45248 2.5
      vertex 12.5 9 2.5
    endloop
  endfacet
  facet normal 0 -0 1
    outer loop
      vertex 12.3287 10.0816 2.5
      vertex 100.671 10.0816 2.5
      vertex 12.1185 10.589 2.5
    endloop
  endfacet
  facet normal 0 0 1
    outer loop
      vertex 100.5 9 2.5
      vertex 12.5 9 2.5
      vertex 100.543 8.45248 2.5
    endloop
  endfacet
  facet normal 0 0 1
    outer loop
      vertex 100.671 10.0816 2.5
      vertex 12.3287 10.0816 2.5
      vertex 100.543 9.54752 2.5
    endloop
  endfacet
  facet normal 0 -0 1
    outer loop
      vertex 12.5 9 2.5
      vertex 100.5 9 2.5
      vertex 12.4569 9.54752 2.5
    endloop
  endfacet
  facet normal 0 -0 1
    outer loop
      vertex 12.4569 9.54752 2.5
      vertex 100.543 9.54752 2.5
      vertex 12.3287 10.0816 2.5
    endloop
  endfacet
  facet normal 0 0 1
    outer loop
      vertex 100.543 9.54752 2.5
      vertex 12.4569 9.54752 2.5
      vertex 100.5 9 2.5
    endloop
  endfacet
  facet normal -0 0 1
    outer loop
      vertex 10.589 145.881 2.5
      vertex 11.0572 11.8316 2.5
      vertex 11.0572 146.168 2.5
    endloop
  endfacet
  facet normal 0 0 1
    outer loop
      vertex 10.589 145.881 2.5
      vertex 10.589 12.1185 2.5
      vertex 11.0572 11.8316 2.5
    endloop
  endfacet
  facet normal -0 0 1
    outer loop
      vertex 10.0816 145.671 2.5
      vertex 10.589 12.1185 2.5
      vertex 10.589 145.881 2.5
    endloop
  endfacet
  facet normal 0 0 1
    outer loop
      vertex 10.0816 145.671 2.5
      vertex 10.0816 12.3287 2.5
      vertex 10.589 12.1185 2.5
    endloop
  endfacet
  facet normal -0 0 1
    outer loop
      vertex 9.54752 145.543 2.5
      vertex 10.0816 12.3287 2.5
      vertex 10.0816 145.671 2.5
    endloop
  endfacet
  facet normal 0 0 1
    outer loop
      vertex 9.54752 145.543 2.5
      vertex 9.54752 12.4569 2.5
      vertex 10.0816 12.3287 2.5
    endloop
  endfacet
  facet normal -0 0 1
    outer loop
      vertex 9 145.5 2.5
      vertex 9.54752 12.4569 2.5
      vertex 9.54752 145.543 2.5
    endloop
  endfacet
  facet normal 0 0 1
    outer loop
      vertex 9 145.5 2.5
      vertex 9 12.5 2.5
      vertex 9.54752 12.4569 2.5
    endloop
  endfacet
  facet normal 0 0 1
    outer loop
      vertex 8.45248 145.543 2.5
      vertex 9 12.5 2.5
      vertex 9 145.5 2.5
    endloop
  endfacet
  facet normal 0 0 1
    outer loop
      vertex 8.45248 145.543 2.5
      vertex 8.45248 12.4569 2.5
      vertex 9 12.5 2.5
    endloop
  endfacet
  facet normal 0 0 1
    outer loop
      vertex 7.91844 145.671 2.5
      vertex 8.45248 12.4569 2.5
      vertex 8.45248 145.543 2.5
    endloop
  endfacet
  facet normal 0 0 1
    outer loop
      vertex 7.91844 145.671 2.5
      vertex 7.91844 12.3287 2.5
      vertex 8.45248 12.4569 2.5
    endloop
  endfacet
  facet normal 0 0 1
    outer loop
      vertex 7.41103 145.881 2.5
      vertex 7.91844 12.3287 2.5
      vertex 7.91844 145.671 2.5
    endloop
  endfacet
  facet normal 0 0 1
    outer loop
      vertex 7.41103 145.881 2.5
      vertex 7.41103 12.1185 2.5
      vertex 7.91844 12.3287 2.5
    endloop
  endfacet
  facet normal 0 0 1
    outer loop
      vertex 6.94275 146.168 2.5
      vertex 7.41103 12.1185 2.5
      vertex 7.41103 145.881 2.5
    endloop
  endfacet
  facet normal 0 0 1
    outer loop
      vertex 6.94275 146.168 2.5
      vertex 6.94275 11.8316 2.5
      vertex 7.41103 12.1185 2.5
    endloop
  endfacet
  facet normal 0 0 1
    outer loop
      vertex 6.52513 146.525 2.5
      vertex 6.94275 11.8316 2.5
      vertex 6.94275 146.168 2.5
    endloop
  endfacet
  facet normal 0 0 1
    outer loop
      vertex 6.52513 146.525 2.5
      vertex 6.52513 11.4749 2.5
      vertex 6.94275 11.8316 2.5
    endloop
  endfacet
  facet normal 0 0 1
    outer loop
      vertex 6.16844 146.943 2.5
      vertex 6.52513 11.4749 2.5
      vertex 6.52513 146.525 2.5
    endloop
  endfacet
  facet normal 0 0 1
    outer loop
      vertex 6.16844 146.943 2.5
      vertex 6.16844 11.0572 2.5
      vertex 6.52513 11.4749 2.5
    endloop
  endfacet
  facet normal 0 0 1
    outer loop
      vertex 5.88148 147.411 2.5
      vertex 6.16844 11.0572 2.5
      vertex 6.16844 146.943 2.5
    endloop
  endfacet
  facet normal 0 0 1
    outer loop
      vertex 5.88148 147.411 2.5
      vertex 5.88148 10.589 2.5
      vertex 6.16844 11.0572 2.5
    endloop
  endfacet
  facet normal 0 0 1
    outer loop
      vertex 3.07295 151.147 2.5
      vertex 5.54309 148.452 2.5
      vertex 3.5307 151.037 2.5
    endloop
  endfacet
  facet normal 0 0 1
    outer loop
      vertex 5.54309 148.452 2.5
      vertex 3.07295 151.147 2.5
      vertex 5.6713 147.918 2.5
    endloop
  endfacet
  facet normal 0 0 1
    outer loop
      vertex 3.5307 151.037 2.5
      vertex 5.5 149 2.5
      vertex 4 151 2.5
    endloop
  endfacet
  facet normal 0 0 1
    outer loop
      vertex 5.5 149 2.5
      vertex 3.5307 151.037 2.5
      vertex 5.54309 148.452 2.5
    endloop
  endfacet
  facet normal -0 0 1
    outer loop
      vertex 4 151 2.5
      vertex 5.54309 149.548 2.5
      vertex 4.4693 151.037 2.5
    endloop
  endfacet
  facet normal 0 0 1
    outer loop
      vertex 5.54309 149.548 2.5
      vertex 4 151 2.5
      vertex 5.5 149 2.5
    endloop
  endfacet
  facet normal -0 0 1
    outer loop
      vertex 6.85317 153.073 2.5
      vertex 7.91844 152.329 2.5
      vertex 6.96306 153.531 2.5
    endloop
  endfacet
  facet normal 0 0 1
    outer loop
      vertex 7.91844 152.329 2.5
      vertex 6.85317 153.073 2.5
      vertex 7.41103 152.119 2.5
    endloop
  endfacet
  facet normal -0 0 1
    outer loop
      vertex 6.67302 152.638 2.5
      vertex 7.41103 152.119 2.5
      vertex 6.85317 153.073 2.5
    endloop
  endfacet
  facet normal 0 0 1
    outer loop
      vertex 7.41103 152.119 2.5
      vertex 6.67302 152.638 2.5
      vertex 6.94275 151.832 2.5
    endloop
  endfacet
  facet normal -0 0 1
    outer loop
      vertex 6.42705 152.237 2.5
      vertex 6.94275 151.832 2.5
      vertex 6.67302 152.638 2.5
    endloop
  endfacet
  facet normal 0 0 1
    outer loop
      vertex 6.94275 151.832 2.5
      vertex 6.42705 152.237 2.5
      vertex 6.52513 151.475 2.5
    endloop
  endfacet
  facet normal -0 0 1
    outer loop
      vertex 6.12132 151.879 2.5
      vertex 6.52513 151.475 2.5
      vertex 6.42705 152.237 2.5
    endloop
  endfacet
  facet normal -0 0 1
    outer loop
      vertex 5.76336 151.573 2.5
      vertex 6.52513 151.475 2.5
      vertex 6.12132 151.879 2.5
    endloop
  endfacet
  facet normal 0 0 1
    outer loop
      vertex 6.52513 151.475 2.5
      vertex 5.76336 151.573 2.5
      vertex 6.16844 151.057 2.5
    endloop
  endfacet
  facet normal -0 0 1
    outer loop
      vertex 5.36197 151.327 2.5
      vertex 6.16844 151.057 2.5
      vertex 5.76336 151.573 2.5
    endloop
  endfacet
  facet normal 0 0 1
    outer loop
      vertex 6.16844 151.057 2.5
      vertex 5.36197 151.327 2.5
      vertex 5.88148 150.589 2.5
    endloop
  endfacet
  facet normal -0 0 1
    outer loop
      vertex 4.92705 151.147 2.5
      vertex 5.88148 150.589 2.5
      vertex 5.36197 151.327 2.5
    endloop
  endfacet
  facet normal 0 0 1
    outer loop
      vertex 5.6713 150.082 2.5
      vertex 4.4693 151.037 2.5
      vertex 5.54309 149.548 2.5
    endloop
  endfacet
  facet normal -0 0 1
    outer loop
      vertex 4.4693 151.037 2.5
      vertex 5.6713 150.082 2.5
      vertex 4.92705 151.147 2.5
    endloop
  endfacet
  facet normal 0 0 1
    outer loop
      vertex 5.88148 150.589 2.5
      vertex 4.92705 151.147 2.5
      vertex 5.6713 150.082 2.5
    endloop
  endfacet
  facet normal 0 0 1
    outer loop
      vertex 10.3828 9.21901 2.5
      vertex 10.3828 8.78099 2.5
      vertex 10.4 9 2.5
    endloop
  endfacet
  facet normal 0 0 1
    outer loop
      vertex 10.3315 9.43262 2.5
      vertex 10.3828 8.78099 2.5
      vertex 10.3828 9.21901 2.5
    endloop
  endfacet
  facet normal 0 0 1
    outer loop
      vertex 10.3315 9.43262 2.5
      vertex 10.3315 8.56738 2.5
      vertex 10.3828 8.78099 2.5
    endloop
  endfacet
  facet normal 0 0 1
    outer loop
      vertex 10.2474 9.63559 2.5
      vertex 10.3315 8.56738 2.5
      vertex 10.3315 9.43262 2.5
    endloop
  endfacet
  facet normal 0 0 1
    outer loop
      vertex 10.2474 9.63559 2.5
      vertex 10.2474 8.36441 2.5
      vertex 10.3315 8.56738 2.5
    endloop
  endfacet
  facet normal 0 0 1
    outer loop
      vertex 10.1326 9.8229 2.5
      vertex 10.2474 8.36441 2.5
      vertex 10.2474 9.63559 2.5
    endloop
  endfacet
  facet normal 0 0 1
    outer loop
      vertex 10.1326 9.8229 2.5
      vertex 10.1326 8.1771 2.5
      vertex 10.2474 8.36441 2.5
    endloop
  endfacet
  facet normal 0 0 1
    outer loop
      vertex 9.98995 9.98995 2.5
      vertex 10.1326 8.1771 2.5
      vertex 10.1326 9.8229 2.5
    endloop
  endfacet
  facet normal 0 0 1
    outer loop
      vertex 9.98995 9.98995 2.5
      vertex 9.98995 8.01005 2.5
      vertex 10.1326 8.1771 2.5
    endloop
  endfacet
  facet normal 0 0 1
    outer loop
      vertex 9.8229 10.1326 2.5
      vertex 9.98995 8.01005 2.5
      vertex 9.98995 9.98995 2.5
    endloop
  endfacet
  facet normal 0 0 1
    outer loop
      vertex 9.8229 10.1326 2.5
      vertex 9.8229 7.86738 2.5
      vertex 9.98995 8.01005 2.5
    endloop
  endfacet
  facet normal 0 0 1
    outer loop
      vertex 9.63559 10.2474 2.5
      vertex 9.8229 7.86738 2.5
      vertex 9.8229 10.1326 2.5
    endloop
  endfacet
  facet normal 0 0 1
    outer loop
      vertex 9.63559 10.2474 2.5
      vertex 9.63559 7.75259 2.5
      vertex 9.8229 7.86738 2.5
    endloop
  endfacet
  facet normal 0 0 1
    outer loop
      vertex 9.43262 10.3315 2.5
      vertex 9.63559 7.75259 2.5
      vertex 9.63559 10.2474 2.5
    endloop
  endfacet
  facet normal 0 0 1
    outer loop
      vertex 9.43262 10.3315 2.5
      vertex 9.43262 7.66852 2.5
      vertex 9.63559 7.75259 2.5
    endloop
  endfacet
  facet normal 0 0 1
    outer loop
      vertex 9.21901 10.3828 2.5
      vertex 9.43262 7.66852 2.5
      vertex 9.43262 10.3315 2.5
    endloop
  endfacet
  facet normal 0 0 1
    outer loop
      vertex 9.21901 10.3828 2.5
      vertex 9.21901 7.61724 2.5
      vertex 9.43262 7.66852 2.5
    endloop
  endfacet
  facet normal 0 0 1
    outer loop
      vertex 9 10.4 2.5
      vertex 9.21901 7.61724 2.5
      vertex 9.21901 10.3828 2.5
    endloop
  endfacet
  facet normal 0 0 1
    outer loop
      vertex 9 10.4 2.5
      vertex 9 7.6 2.5
      vertex 9.21901 7.61724 2.5
    endloop
  endfacet
  facet normal -0 0 1
    outer loop
      vertex 8.78099 10.3828 2.5
      vertex 9 7.6 2.5
      vertex 9 10.4 2.5
    endloop
  endfacet
  facet normal 0 0 1
    outer loop
      vertex 8.78099 10.3828 2.5
      vertex 8.78099 7.61724 2.5
      vertex 9 7.6 2.5
    endloop
  endfacet
  facet normal -0 0 1
    outer loop
      vertex 8.56738 10.3315 2.5
      vertex 8.78099 7.61724 2.5
      vertex 8.78099 10.3828 2.5
    endloop
  endfacet
  facet normal 0 0 1
    outer loop
      vertex 8.56738 10.3315 2.5
      vertex 8.56738 7.66852 2.5
      vertex 8.78099 7.61724 2.5
    endloop
  endfacet
  facet normal -0 0 1
    outer loop
      vertex 8.36441 10.2474 2.5
      vertex 8.56738 7.66852 2.5
      vertex 8.56738 10.3315 2.5
    endloop
  endfacet
  facet normal 0 0 1
    outer loop
      vertex 8.36441 10.2474 2.5
      vertex 8.36441 7.75259 2.5
      vertex 8.56738 7.66852 2.5
    endloop
  endfacet
  facet normal -0 0 1
    outer loop
      vertex 8.1771 10.1326 2.5
      vertex 8.36441 7.75259 2.5
      vertex 8.36441 10.2474 2.5
    endloop
  endfacet
  facet normal 0 0 1
    outer loop
      vertex 8.1771 10.1326 2.5
      vertex 8.1771 7.86738 2.5
      vertex 8.36441 7.75259 2.5
    endloop
  endfacet
  facet normal -0 0 1
    outer loop
      vertex 8.01005 9.98995 2.5
      vertex 8.1771 7.86738 2.5
      vertex 8.1771 10.1326 2.5
    endloop
  endfacet
  facet normal 0 0 1
    outer loop
      vertex 8.01005 9.98995 2.5
      vertex 8.01005 8.01005 2.5
      vertex 8.1771 7.86738 2.5
    endloop
  endfacet
  facet normal -0 0 1
    outer loop
      vertex 7.86738 9.8229 2.5
      vertex 8.01005 8.01005 2.5
      vertex 8.01005 9.98995 2.5
    endloop
  endfacet
  facet normal 0 0 1
    outer loop
      vertex 7.86738 9.8229 2.5
      vertex 7.86738 8.1771 2.5
      vertex 8.01005 8.01005 2.5
    endloop
  endfacet
  facet normal -0 0 1
    outer loop
      vertex 7.75259 9.63559 2.5
      vertex 7.86738 8.1771 2.5
      vertex 7.86738 9.8229 2.5
    endloop
  endfacet
  facet normal 0 0 1
    outer loop
      vertex 7.75259 9.63559 2.5
      vertex 7.75259 8.36441 2.5
      vertex 7.86738 8.1771 2.5
    endloop
  endfacet
  facet normal -0 0 1
    outer loop
      vertex 7.66852 9.43262 2.5
      vertex 7.75259 8.36441 2.5
      vertex 7.75259 9.63559 2.5
    endloop
  endfacet
  facet normal 0 0 1
    outer loop
      vertex 7.66852 9.43262 2.5
      vertex 7.66852 8.56738 2.5
      vertex 7.75259 8.36441 2.5
    endloop
  endfacet
  facet normal -0 0 1
    outer loop
      vertex 7.61724 9.21901 2.5
      vertex 7.66852 8.56738 2.5
      vertex 7.66852 9.43262 2.5
    endloop
  endfacet
  facet normal 0 0 1
    outer loop
      vertex 7.61724 9.21901 2.5
      vertex 7.61724 8.78099 2.5
      vertex 7.66852 8.56738 2.5
    endloop
  endfacet
  facet normal 0 -0 1
    outer loop
      vertex 7.61724 8.78099 2.5
      vertex 7.61724 9.21901 2.5
      vertex 7.6 9 2.5
    endloop
  endfacet
  facet normal 0 0 1
    outer loop
      vertex 10.3828 149.219 2.5
      vertex 10.3828 148.781 2.5
      vertex 10.4 149 2.5
    endloop
  endfacet
  facet normal 0 0 1
    outer loop
      vertex 10.3315 149.433 2.5
      vertex 10.3828 148.781 2.5
      vertex 10.3828 149.219 2.5
    endloop
  endfacet
  facet normal 0 0 1
    outer loop
      vertex 10.3315 149.433 2.5
      vertex 10.3315 148.567 2.5
      vertex 10.3828 148.781 2.5
    endloop
  endfacet
  facet normal 0 0 1
    outer loop
      vertex 10.2474 149.636 2.5
      vertex 10.3315 148.567 2.5
      vertex 10.3315 149.433 2.5
    endloop
  endfacet
  facet normal 0 0 1
    outer loop
      vertex 10.2474 149.636 2.5
      vertex 10.2474 148.364 2.5
      vertex 10.3315 148.567 2.5
    endloop
  endfacet
  facet normal 0 0 1
    outer loop
      vertex 10.1326 149.823 2.5
      vertex 10.2474 148.364 2.5
      vertex 10.2474 149.636 2.5
    endloop
  endfacet
  facet normal 0 0 1
    outer loop
      vertex 10.1326 149.823 2.5
      vertex 10.1326 148.177 2.5
      vertex 10.2474 148.364 2.5
    endloop
  endfacet
  facet normal 0 0 1
    outer loop
      vertex 9.98995 149.99 2.5
      vertex 10.1326 148.177 2.5
      vertex 10.1326 149.823 2.5
    endloop
  endfacet
  facet normal 0 0 1
    outer loop
      vertex 9.98995 149.99 2.5
      vertex 9.98995 148.01 2.5
      vertex 10.1326 148.177 2.5
    endloop
  endfacet
  facet normal 0 0 1
    outer loop
      vertex 9.8229 150.133 2.5
      vertex 9.98995 148.01 2.5
      vertex 9.98995 149.99 2.5
    endloop
  endfacet
  facet normal 0 0 1
    outer loop
      vertex 9.8229 150.133 2.5
      vertex 9.8229 147.867 2.5
      vertex 9.98995 148.01 2.5
    endloop
  endfacet
  facet normal 0 0 1
    outer loop
      vertex 9.63559 150.247 2.5
      vertex 9.8229 147.867 2.5
      vertex 9.8229 150.133 2.5
    endloop
  endfacet
  facet normal 0 0 1
    outer loop
      vertex 9.63559 150.247 2.5
      vertex 9.63559 147.753 2.5
      vertex 9.8229 147.867 2.5
    endloop
  endfacet
  facet normal 0 0 1
    outer loop
      vertex 9.43262 150.331 2.5
      vertex 9.63559 147.753 2.5
      vertex 9.63559 150.247 2.5
    endloop
  endfacet
  facet normal 0 0 1
    outer loop
      vertex 9.43262 150.331 2.5
      vertex 9.43262 147.669 2.5
      vertex 9.63559 147.753 2.5
    endloop
  endfacet
  facet normal 0 0 1
    outer loop
      vertex 9.21901 150.383 2.5
      vertex 9.43262 147.669 2.5
      vertex 9.43262 150.331 2.5
    endloop
  endfacet
  facet normal 0 0 1
    outer loop
      vertex 9.21901 150.383 2.5
      vertex 9.21901 147.617 2.5
      vertex 9.43262 147.669 2.5
    endloop
  endfacet
  facet normal 0 0 1
    outer loop
      vertex 9 150.4 2.5
      vertex 9.21901 147.617 2.5
      vertex 9.21901 150.383 2.5
    endloop
  endfacet
  facet normal 0 0 1
    outer loop
      vertex 9 150.4 2.5
      vertex 9 147.6 2.5
      vertex 9.21901 147.617 2.5
    endloop
  endfacet
  facet normal -0 0 1
    outer loop
      vertex 8.78099 150.383 2.5
      vertex 9 147.6 2.5
      vertex 9 150.4 2.5
    endloop
  endfacet
  facet normal 0 0 1
    outer loop
      vertex 8.78099 150.383 2.5
      vertex 8.78099 147.617 2.5
      vertex 9 147.6 2.5
    endloop
  endfacet
  facet normal -0 0 1
    outer loop
      vertex 8.56738 150.331 2.5
      vertex 8.78099 147.617 2.5
      vertex 8.78099 150.383 2.5
    endloop
  endfacet
  facet normal 0 0 1
    outer loop
      vertex 8.56738 150.331 2.5
      vertex 8.56738 147.669 2.5
      vertex 8.78099 147.617 2.5
    endloop
  endfacet
  facet normal -0 0 1
    outer loop
      vertex 8.36441 150.247 2.5
      vertex 8.56738 147.669 2.5
      vertex 8.56738 150.331 2.5
    endloop
  endfacet
  facet normal 0 0 1
    outer loop
      vertex 8.36441 150.247 2.5
      vertex 8.36441 147.753 2.5
      vertex 8.56738 147.669 2.5
    endloop
  endfacet
  facet normal -0 0 1
    outer loop
      vertex 8.1771 150.133 2.5
      vertex 8.36441 147.753 2.5
      vertex 8.36441 150.247 2.5
    endloop
  endfacet
  facet normal 0 0 1
    outer loop
      vertex 8.1771 150.133 2.5
      vertex 8.1771 147.867 2.5
      vertex 8.36441 147.753 2.5
    endloop
  endfacet
  facet normal -0 0 1
    outer loop
      vertex 8.01005 149.99 2.5
      vertex 8.1771 147.867 2.5
      vertex 8.1771 150.133 2.5
    endloop
  endfacet
  facet normal 0 0 1
    outer loop
      vertex 8.01005 149.99 2.5
      vertex 8.01005 148.01 2.5
      vertex 8.1771 147.867 2.5
    endloop
  endfacet
  facet normal -0 0 1
    outer loop
      vertex 7.86738 149.823 2.5
      vertex 8.01005 148.01 2.5
      vertex 8.01005 149.99 2.5
    endloop
  endfacet
  facet normal 0 0 1
    outer loop
      vertex 7.86738 149.823 2.5
      vertex 7.86738 148.177 2.5
      vertex 8.01005 148.01 2.5
    endloop
  endfacet
  facet normal -0 0 1
    outer loop
      vertex 7.75259 149.636 2.5
      vertex 7.86738 148.177 2.5
      vertex 7.86738 149.823 2.5
    endloop
  endfacet
  facet normal 0 0 1
    outer loop
      vertex 7.75259 149.636 2.5
      vertex 7.75259 148.364 2.5
      vertex 7.86738 148.177 2.5
    endloop
  endfacet
  facet normal -0 0 1
    outer loop
      vertex 7.66852 149.433 2.5
      vertex 7.75259 148.364 2.5
      vertex 7.75259 149.636 2.5
    endloop
  endfacet
  facet normal 0 0 1
    outer loop
      vertex 7.66852 149.433 2.5
      vertex 7.66852 148.567 2.5
      vertex 7.75259 148.364 2.5
    endloop
  endfacet
  facet normal -0 0 1
    outer loop
      vertex 7.61724 149.219 2.5
      vertex 7.66852 148.567 2.5
      vertex 7.66852 149.433 2.5
    endloop
  endfacet
  facet normal 0 0 1
    outer loop
      vertex 7.61724 149.219 2.5
      vertex 7.61724 148.781 2.5
      vertex 7.66852 148.567 2.5
    endloop
  endfacet
  facet normal 0 -0 1
    outer loop
      vertex 7.61724 148.781 2.5
      vertex 7.61724 149.219 2.5
      vertex 7.6 149 2.5
    endloop
  endfacet
  facet normal 0 0 1
    outer loop
      vertex 105.383 9.21901 2.5
      vertex 105.383 8.78099 2.5
      vertex 105.4 9 2.5
    endloop
  endfacet
  facet normal 0 0 1
    outer loop
      vertex 105.331 9.43262 2.5
      vertex 105.383 8.78099 2.5
      vertex 105.383 9.21901 2.5
    endloop
  endfacet
  facet normal 0 0 1
    outer loop
      vertex 105.331 9.43262 2.5
      vertex 105.331 8.56738 2.5
      vertex 105.383 8.78099 2.5
    endloop
  endfacet
  facet normal 0 0 1
    outer loop
      vertex 105.247 9.63559 2.5
      vertex 105.331 8.56738 2.5
      vertex 105.331 9.43262 2.5
    endloop
  endfacet
  facet normal 0 0 1
    outer loop
      vertex 105.247 9.63559 2.5
      vertex 105.247 8.36441 2.5
      vertex 105.331 8.56738 2.5
    endloop
  endfacet
  facet normal 0 0 1
    outer loop
      vertex 105.133 9.8229 2.5
      vertex 105.247 8.36441 2.5
      vertex 105.247 9.63559 2.5
    endloop
  endfacet
  facet normal 0 0 1
    outer loop
      vertex 105.133 9.8229 2.5
      vertex 105.133 8.1771 2.5
      vertex 105.247 8.36441 2.5
    endloop
  endfacet
  facet normal 0 0 1
    outer loop
      vertex 104.99 9.98995 2.5
      vertex 105.133 8.1771 2.5
      vertex 105.133 9.8229 2.5
    endloop
  endfacet
  facet normal 0 0 1
    outer loop
      vertex 104.99 9.98995 2.5
      vertex 104.99 8.01005 2.5
      vertex 105.133 8.1771 2.5
    endloop
  endfacet
  facet normal 0 0 1
    outer loop
      vertex 104.823 10.1326 2.5
      vertex 104.99 8.01005 2.5
      vertex 104.99 9.98995 2.5
    endloop
  endfacet
  facet normal 0 0 1
    outer loop
      vertex 104.823 10.1326 2.5
      vertex 104.823 7.86738 2.5
      vertex 104.99 8.01005 2.5
    endloop
  endfacet
  facet normal 0 0 1
    outer loop
      vertex 104.636 10.2474 2.5
      vertex 104.823 7.86738 2.5
      vertex 104.823 10.1326 2.5
    endloop
  endfacet
  facet normal 0 0 1
    outer loop
      vertex 104.636 10.2474 2.5
      vertex 104.636 7.75259 2.5
      vertex 104.823 7.86738 2.5
    endloop
  endfacet
  facet normal 0 0 1
    outer loop
      vertex 104.433 10.3315 2.5
      vertex 104.636 7.75259 2.5
      vertex 104.636 10.2474 2.5
    endloop
  endfacet
  facet normal 0 0 1
    outer loop
      vertex 104.433 10.3315 2.5
      vertex 104.433 7.66852 2.5
      vertex 104.636 7.75259 2.5
    endloop
  endfacet
  facet normal 0 0 1
    outer loop
      vertex 104.219 10.3828 2.5
      vertex 104.433 7.66852 2.5
      vertex 104.433 10.3315 2.5
    endloop
  endfacet
  facet normal 0 0 1
    outer loop
      vertex 104.219 10.3828 2.5
      vertex 104.219 7.61724 2.5
      vertex 104.433 7.66852 2.5
    endloop
  endfacet
  facet normal 0 0 1
    outer loop
      vertex 104 10.4 2.5
      vertex 104.219 7.61724 2.5
      vertex 104.219 10.3828 2.5
    endloop
  endfacet
  facet normal 0 0 1
    outer loop
      vertex 104 10.4 2.5
      vertex 104 7.6 2.5
      vertex 104.219 7.61724 2.5
    endloop
  endfacet
  facet normal -0 0 1
    outer loop
      vertex 103.781 10.3828 2.5
      vertex 104 7.6 2.5
      vertex 104 10.4 2.5
    endloop
  endfacet
  facet normal 0 0 1
    outer loop
      vertex 103.781 10.3828 2.5
      vertex 103.781 7.61724 2.5
      vertex 104 7.6 2.5
    endloop
  endfacet
  facet normal -0 0 1
    outer loop
      vertex 103.567 10.3315 2.5
      vertex 103.781 7.61724 2.5
      vertex 103.781 10.3828 2.5
    endloop
  endfacet
  facet normal 0 0 1
    outer loop
      vertex 103.567 10.3315 2.5
      vertex 103.567 7.66852 2.5
      vertex 103.781 7.61724 2.5
    endloop
  endfacet
  facet normal -0 0 1
    outer loop
      vertex 103.364 10.2474 2.5
      vertex 103.567 7.66852 2.5
      vertex 103.567 10.3315 2.5
    endloop
  endfacet
  facet normal 0 0 1
    outer loop
      vertex 103.364 10.2474 2.5
      vertex 103.364 7.75259 2.5
      vertex 103.567 7.66852 2.5
    endloop
  endfacet
  facet normal -0 0 1
    outer loop
      vertex 103.177 10.1326 2.5
      vertex 103.364 7.75259 2.5
      vertex 103.364 10.2474 2.5
    endloop
  endfacet
  facet normal 0 0 1
    outer loop
      vertex 103.177 10.1326 2.5
      vertex 103.177 7.86738 2.5
      vertex 103.364 7.75259 2.5
    endloop
  endfacet
  facet normal -0 0 1
    outer loop
      vertex 103.01 9.98995 2.5
      vertex 103.177 7.86738 2.5
      vertex 103.177 10.1326 2.5
    endloop
  endfacet
  facet normal 0 0 1
    outer loop
      vertex 103.01 9.98995 2.5
      vertex 103.01 8.01005 2.5
      vertex 103.177 7.86738 2.5
    endloop
  endfacet
  facet normal -0 0 1
    outer loop
      vertex 102.867 9.8229 2.5
      vertex 103.01 8.01005 2.5
      vertex 103.01 9.98995 2.5
    endloop
  endfacet
  facet normal 0 0 1
    outer loop
      vertex 102.867 9.8229 2.5
      vertex 102.867 8.1771 2.5
      vertex 103.01 8.01005 2.5
    endloop
  endfacet
  facet normal -0 0 1
    outer loop
      vertex 102.753 9.63559 2.5
      vertex 102.867 8.1771 2.5
      vertex 102.867 9.8229 2.5
    endloop
  endfacet
  facet normal 0 0 1
    outer loop
      vertex 102.753 9.63559 2.5
      vertex 102.753 8.36441 2.5
      vertex 102.867 8.1771 2.5
    endloop
  endfacet
  facet normal -0 0 1
    outer loop
      vertex 102.669 9.43262 2.5
      vertex 102.753 8.36441 2.5
      vertex 102.753 9.63559 2.5
    endloop
  endfacet
  facet normal 0 0 1
    outer loop
      vertex 102.669 9.43262 2.5
      vertex 102.669 8.56738 2.5
      vertex 102.753 8.36441 2.5
    endloop
  endfacet
  facet normal -0 0 1
    outer loop
      vertex 102.617 9.21901 2.5
      vertex 102.669 8.56738 2.5
      vertex 102.669 9.43262 2.5
    endloop
  endfacet
  facet normal 0 0 1
    outer loop
      vertex 102.617 9.21901 2.5
      vertex 102.617 8.78099 2.5
      vertex 102.669 8.56738 2.5
    endloop
  endfacet
  facet normal 0 -0 1
    outer loop
      vertex 102.617 8.78099 2.5
      vertex 102.617 9.21901 2.5
      vertex 102.6 9 2.5
    endloop
  endfacet
  facet normal 0 0 1
    outer loop
      vertex 105.383 149.219 2.5
      vertex 105.383 148.781 2.5
      vertex 105.4 149 2.5
    endloop
  endfacet
  facet normal 0 0 1
    outer loop
      vertex 105.331 149.433 2.5
      vertex 105.383 148.781 2.5
      vertex 105.383 149.219 2.5
    endloop
  endfacet
  facet normal 0 0 1
    outer loop
      vertex 105.331 149.433 2.5
      vertex 105.331 148.567 2.5
      vertex 105.383 148.781 2.5
    endloop
  endfacet
  facet normal 0 0 1
    outer loop
      vertex 105.247 149.636 2.5
      vertex 105.331 148.567 2.5
      vertex 105.331 149.433 2.5
    endloop
  endfacet
  facet normal 0 0 1
    outer loop
      vertex 105.247 149.636 2.5
      vertex 105.247 148.364 2.5
      vertex 105.331 148.567 2.5
    endloop
  endfacet
  facet normal 0 0 1
    outer loop
      vertex 105.133 149.823 2.5
      vertex 105.247 148.364 2.5
      vertex 105.247 149.636 2.5
    endloop
  endfacet
  facet normal 0 0 1
    outer loop
      vertex 105.133 149.823 2.5
      vertex 105.133 148.177 2.5
      vertex 105.247 148.364 2.5
    endloop
  endfacet
  facet normal 0 0 1
    outer loop
      vertex 104.99 149.99 2.5
      vertex 105.133 148.177 2.5
      vertex 105.133 149.823 2.5
    endloop
  endfacet
  facet normal 0 0 1
    outer loop
      vertex 104.99 149.99 2.5
      vertex 104.99 148.01 2.5
      vertex 105.133 148.177 2.5
    endloop
  endfacet
  facet normal 0 0 1
    outer loop
      vertex 104.823 150.133 2.5
      vertex 104.99 148.01 2.5
      vertex 104.99 149.99 2.5
    endloop
  endfacet
  facet normal 0 0 1
    outer loop
      vertex 104.823 150.133 2.5
      vertex 104.823 147.867 2.5
      vertex 104.99 148.01 2.5
    endloop
  endfacet
  facet normal 0 0 1
    outer loop
      vertex 104.636 150.247 2.5
      vertex 104.823 147.867 2.5
      vertex 104.823 150.133 2.5
    endloop
  endfacet
  facet normal 0 0 1
    outer loop
      vertex 104.636 150.247 2.5
      vertex 104.636 147.753 2.5
      vertex 104.823 147.867 2.5
    endloop
  endfacet
  facet normal 0 0 1
    outer loop
      vertex 104.433 150.331 2.5
      vertex 104.636 147.753 2.5
      vertex 104.636 150.247 2.5
    endloop
  endfacet
  facet normal 0 0 1
    outer loop
      vertex 104.433 150.331 2.5
      vertex 104.433 147.669 2.5
      vertex 104.636 147.753 2.5
    endloop
  endfacet
  facet normal 0 0 1
    outer loop
      vertex 104.219 150.383 2.5
      vertex 104.433 147.669 2.5
      vertex 104.433 150.331 2.5
    endloop
  endfacet
  facet normal 0 0 1
    outer loop
      vertex 104.219 150.383 2.5
      vertex 104.219 147.617 2.5
      vertex 104.433 147.669 2.5
    endloop
  endfacet
  facet normal 0 0 1
    outer loop
      vertex 104 150.4 2.5
      vertex 104.219 147.617 2.5
      vertex 104.219 150.383 2.5
    endloop
  endfacet
  facet normal 0 0 1
    outer loop
      vertex 104 150.4 2.5
      vertex 104 147.6 2.5
      vertex 104.219 147.617 2.5
    endloop
  endfacet
  facet normal -0 0 1
    outer loop
      vertex 103.781 150.383 2.5
      vertex 104 147.6 2.5
      vertex 104 150.4 2.5
    endloop
  endfacet
  facet normal 0 0 1
    outer loop
      vertex 103.781 150.383 2.5
      vertex 103.781 147.617 2.5
      vertex 104 147.6 2.5
    endloop
  endfacet
  facet normal -0 0 1
    outer loop
      vertex 103.567 150.331 2.5
      vertex 103.781 147.617 2.5
      vertex 103.781 150.383 2.5
    endloop
  endfacet
  facet normal 0 0 1
    outer loop
      vertex 103.567 150.331 2.5
      vertex 103.567 147.669 2.5
      vertex 103.781 147.617 2.5
    endloop
  endfacet
  facet normal -0 0 1
    outer loop
      vertex 103.364 150.247 2.5
      vertex 103.567 147.669 2.5
      vertex 103.567 150.331 2.5
    endloop
  endfacet
  facet normal 0 0 1
    outer loop
      vertex 103.364 150.247 2.5
      vertex 103.364 147.753 2.5
      vertex 103.567 147.669 2.5
    endloop
  endfacet
  facet normal -0 0 1
    outer loop
      vertex 103.177 150.133 2.5
      vertex 103.364 147.753 2.5
      vertex 103.364 150.247 2.5
    endloop
  endfacet
  facet normal 0 0 1
    outer loop
      vertex 103.177 150.133 2.5
      vertex 103.177 147.867 2.5
      vertex 103.364 147.753 2.5
    endloop
  endfacet
  facet normal -0 0 1
    outer loop
      vertex 103.01 149.99 2.5
      vertex 103.177 147.867 2.5
      vertex 103.177 150.133 2.5
    endloop
  endfacet
  facet normal 0 0 1
    outer loop
      vertex 103.01 149.99 2.5
      vertex 103.01 148.01 2.5
      vertex 103.177 147.867 2.5
    endloop
  endfacet
  facet normal -0 0 1
    outer loop
      vertex 102.867 149.823 2.5
      vertex 103.01 148.01 2.5
      vertex 103.01 149.99 2.5
    endloop
  endfacet
  facet normal 0 0 1
    outer loop
      vertex 102.867 149.823 2.5
      vertex 102.867 148.177 2.5
      vertex 103.01 148.01 2.5
    endloop
  endfacet
  facet normal -0 0 1
    outer loop
      vertex 102.753 149.636 2.5
      vertex 102.867 148.177 2.5
      vertex 102.867 149.823 2.5
    endloop
  endfacet
  facet normal 0 0 1
    outer loop
      vertex 102.753 149.636 2.5
      vertex 102.753 148.364 2.5
      vertex 102.867 148.177 2.5
    endloop
  endfacet
  facet normal -0 0 1
    outer loop
      vertex 102.669 149.433 2.5
      vertex 102.753 148.364 2.5
      vertex 102.753 149.636 2.5
    endloop
  endfacet
  facet normal 0 0 1
    outer loop
      vertex 102.669 149.433 2.5
      vertex 102.669 148.567 2.5
      vertex 102.753 148.364 2.5
    endloop
  endfacet
  facet normal -0 0 1
    outer loop
      vertex 102.617 149.219 2.5
      vertex 102.669 148.567 2.5
      vertex 102.669 149.433 2.5
    endloop
  endfacet
  facet normal 0 0 1
    outer loop
      vertex 102.617 149.219 2.5
      vertex 102.617 148.781 2.5
      vertex 102.669 148.567 2.5
    endloop
  endfacet
  facet normal 0 -0 1
    outer loop
      vertex 102.617 148.781 2.5
      vertex 102.617 149.219 2.5
      vertex 102.6 149 2.5
    endloop
  endfacet
  facet normal 1 -0 0
    outer loop
      vertex 2.5 6.58844 16
      vertex 2.5 151.412 2.5
      vertex 2.5 151.412 16
    endloop
  endfacet
  facet normal 1 0 0
    outer loop
      vertex 2.5 151.412 2.5
      vertex 2.5 6.58844 16
      vertex 2.5 6.58844 2.5
    endloop
  endfacet
  facet normal 0 -1 0
    outer loop
      vertex 6.58844 155.5 2.5
      vertex 106.412 155.5 16
      vertex 6.58844 155.5 16
    endloop
  endfacet
  facet normal 0 -1 -0
    outer loop
      vertex 106.412 155.5 16
      vertex 6.58844 155.5 2.5
      vertex 106.412 155.5 2.5
    endloop
  endfacet
  facet normal 0 1 0
    outer loop
      vertex 106.412 2.5 16
      vertex 61.5 2.5 7.5
      vertex 61.5 2.5 16
    endloop
  endfacet
  facet normal 0 1 0
    outer loop
      vertex 61.5 2.5 7.5
      vertex 106.412 2.5 2.5
      vertex 51.5 2.5 7.5
    endloop
  endfacet
  facet normal 0 1 -0
    outer loop
      vertex 106.412 2.5 2.5
      vertex 61.5 2.5 7.5
      vertex 106.412 2.5 16
    endloop
  endfacet
  facet normal 0 1 -0
    outer loop
      vertex 51.5 2.5 7.5
      vertex 6.58844 2.5 16
      vertex 51.5 2.5 16
    endloop
  endfacet
  facet normal 0 1 0
    outer loop
      vertex 51.5 2.5 7.5
      vertex 6.58844 2.5 2.5
      vertex 6.58844 2.5 16
    endloop
  endfacet
  facet normal 0 1 0
    outer loop
      vertex 6.58844 2.5 2.5
      vertex 51.5 2.5 7.5
      vertex 106.412 2.5 2.5
    endloop
  endfacet
  facet normal -1 0 0
    outer loop
      vertex 61.5 0 7.5
      vertex 61.5 2.5 16
      vertex 61.5 2.5 7.5
    endloop
  endfacet
  facet normal -1 -0 0
    outer loop
      vertex 61.5 2.5 16
      vertex 61.5 0 7.5
      vertex 61.5 0 16
    endloop
  endfacet
  facet normal -0 0 1
    outer loop
      vertex 51.5 2.5 7.5
      vertex 61.5 0 7.5
      vertex 61.5 2.5 7.5
    endloop
  endfacet
  facet normal 0 0 1
    outer loop
      vertex 61.5 0 7.5
      vertex 51.5 2.5 7.5
      vertex 51.5 0 7.5
    endloop
  endfacet
  facet normal 1 -0 0
    outer loop
      vertex 51.5 0 16
      vertex 51.5 2.5 7.5
      vertex 51.5 2.5 16
    endloop
  endfacet
  facet normal 1 0 0
    outer loop
      vertex 51.5 2.5 7.5
      vertex 51.5 0 16
      vertex 51.5 0 7.5
    endloop
  endfacet
  facet normal 0.0784577 -0.996917 0
    outer loop
      vertex 9 5.5 2.5
      vertex 9.54752 5.54309 7.5
      vertex 9 5.5 7.5
    endloop
  endfacet
  facet normal 0.0784577 -0.996917 0
    outer loop
      vertex 9.54752 5.54309 7.5
      vertex 9 5.5 2.5
      vertex 9.54752 5.54309 2.5
    endloop
  endfacet
  facet normal 0.972379 0.233409 0
    outer loop
      vertex 12.4569 9.54752 7.5
      vertex 12.3287 10.0816 2.5
      vertex 12.3287 10.0816 7.5
    endloop
  endfacet
  facet normal 0.972379 0.233409 0
    outer loop
      vertex 12.3287 10.0816 2.5
      vertex 12.4569 9.54752 7.5
      vertex 12.4569 9.54752 2.5
    endloop
  endfacet
  facet normal 0.996916 0.0784758 0
    outer loop
      vertex 12.5 9 7.5
      vertex 12.4569 9.54752 2.5
      vertex 12.4569 9.54752 7.5
    endloop
  endfacet
  facet normal 0.996916 0.0784758 0
    outer loop
      vertex 12.4569 9.54752 2.5
      vertex 12.5 9 7.5
      vertex 12.5 9 2.5
    endloop
  endfacet
  facet normal 0.923861 0.382727 0
    outer loop
      vertex 12.3287 10.0816 7.5
      vertex 12.1185 10.589 2.5
      vertex 12.1185 10.589 7.5
    endloop
  endfacet
  facet normal 0.923861 0.382727 0
    outer loop
      vertex 12.1185 10.589 2.5
      vertex 12.3287 10.0816 7.5
      vertex 12.3287 10.0816 2.5
    endloop
  endfacet
  facet normal 0 0 1
    outer loop
      vertex 10.4 9 7.5
      vertex 12.5 9 7.5
      vertex 12.4569 9.54752 7.5
    endloop
  endfacet
  facet normal 0 0 1
    outer loop
      vertex 10.3828 9.21901 7.5
      vertex 12.4569 9.54752 7.5
      vertex 12.3287 10.0816 7.5
    endloop
  endfacet
  facet normal 0 0 1
    outer loop
      vertex 12.5 9 7.5
      vertex 10.4 9 7.5
      vertex 12.4569 8.45248 7.5
    endloop
  endfacet
  facet normal 0 0 1
    outer loop
      vertex 10.3315 9.43262 7.5
      vertex 12.3287 10.0816 7.5
      vertex 12.1185 10.589 7.5
    endloop
  endfacet
  facet normal -0 0 1
    outer loop
      vertex 10.3828 8.78099 7.5
      vertex 12.4569 8.45248 7.5
      vertex 10.4 9 7.5
    endloop
  endfacet
  facet normal 0 0 1
    outer loop
      vertex 10.2474 9.63559 7.5
      vertex 12.1185 10.589 7.5
      vertex 11.8316 11.0572 7.5
    endloop
  endfacet
  facet normal 0 0 1
    outer loop
      vertex 12.4569 8.45248 7.5
      vertex 10.3828 8.78099 7.5
      vertex 12.3287 7.91844 7.5
    endloop
  endfacet
  facet normal 0 0 1
    outer loop
      vertex 10.1326 9.8229 7.5
      vertex 11.8316 11.0572 7.5
      vertex 11.4749 11.4749 7.5
    endloop
  endfacet
  facet normal -0 0 1
    outer loop
      vertex 10.3315 8.56738 7.5
      vertex 12.3287 7.91844 7.5
      vertex 10.3828 8.78099 7.5
    endloop
  endfacet
  facet normal 0 0 1
    outer loop
      vertex 9.98995 9.98995 7.5
      vertex 11.4749 11.4749 7.5
      vertex 11.0572 11.8316 7.5
    endloop
  endfacet
  facet normal 0 0 1
    outer loop
      vertex 12.3287 7.91844 7.5
      vertex 10.3315 8.56738 7.5
      vertex 12.1185 7.41103 7.5
    endloop
  endfacet
  facet normal 0 0 1
    outer loop
      vertex 9.8229 10.1326 7.5
      vertex 11.0572 11.8316 7.5
      vertex 10.589 12.1185 7.5
    endloop
  endfacet
  facet normal -0 0 1
    outer loop
      vertex 10.2474 8.36441 7.5
      vertex 12.1185 7.41103 7.5
      vertex 10.3315 8.56738 7.5
    endloop
  endfacet
  facet normal 0 0 1
    outer loop
      vertex 12.1185 7.41103 7.5
      vertex 10.2474 8.36441 7.5
      vertex 11.8316 6.94275 7.5
    endloop
  endfacet
  facet normal 0 0 1
    outer loop
      vertex 12.4569 9.54752 7.5
      vertex 10.3828 9.21901 7.5
      vertex 10.4 9 7.5
    endloop
  endfacet
  facet normal 0 0 1
    outer loop
      vertex 12.3287 10.0816 7.5
      vertex 10.3315 9.43262 7.5
      vertex 10.3828 9.21901 7.5
    endloop
  endfacet
  facet normal 0 0 1
    outer loop
      vertex 12.1185 10.589 7.5
      vertex 10.2474 9.63559 7.5
      vertex 10.3315 9.43262 7.5
    endloop
  endfacet
  facet normal 0 0 1
    outer loop
      vertex 11.8316 11.0572 7.5
      vertex 10.1326 9.8229 7.5
      vertex 10.2474 9.63559 7.5
    endloop
  endfacet
  facet normal 0 0 1
    outer loop
      vertex 9.63559 10.2474 7.5
      vertex 10.589 12.1185 7.5
      vertex 10.0816 12.3287 7.5
    endloop
  endfacet
  facet normal 0 0 1
    outer loop
      vertex 11.4749 11.4749 7.5
      vertex 9.98995 9.98995 7.5
      vertex 10.1326 9.8229 7.5
    endloop
  endfacet
  facet normal 0 0 1
    outer loop
      vertex 11.0572 11.8316 7.5
      vertex 9.8229 10.1326 7.5
      vertex 9.98995 9.98995 7.5
    endloop
  endfacet
  facet normal 0 0 1
    outer loop
      vertex 10.589 12.1185 7.5
      vertex 9.63559 10.2474 7.5
      vertex 9.8229 10.1326 7.5
    endloop
  endfacet
  facet normal 0 0 1
    outer loop
      vertex 9.43262 10.3315 7.5
      vertex 10.0816 12.3287 7.5
      vertex 9.54752 12.4569 7.5
    endloop
  endfacet
  facet normal 0 0 1
    outer loop
      vertex 10.0816 12.3287 7.5
      vertex 9.43262 10.3315 7.5
      vertex 9.63559 10.2474 7.5
    endloop
  endfacet
  facet normal 0 0 1
    outer loop
      vertex 9.54752 12.4569 7.5
      vertex 9.21901 10.3828 7.5
      vertex 9.43262 10.3315 7.5
    endloop
  endfacet
  facet normal 0 0 1
    outer loop
      vertex 9 12.5 7.5
      vertex 9.21901 10.3828 7.5
      vertex 9.54752 12.4569 7.5
    endloop
  endfacet
  facet normal 0 0 1
    outer loop
      vertex 9 12.5 7.5
      vertex 9 10.4 7.5
      vertex 9.21901 10.3828 7.5
    endloop
  endfacet
  facet normal 0 0 1
    outer loop
      vertex 9 12.5 7.5
      vertex 8.78099 10.3828 7.5
      vertex 9 10.4 7.5
    endloop
  endfacet
  facet normal -0 0 1
    outer loop
      vertex 8.45248 12.4569 7.5
      vertex 8.78099 10.3828 7.5
      vertex 9 12.5 7.5
    endloop
  endfacet
  facet normal 0 0 1
    outer loop
      vertex 8.78099 10.3828 7.5
      vertex 8.45248 12.4569 7.5
      vertex 8.56738 10.3315 7.5
    endloop
  endfacet
  facet normal -0 0 1
    outer loop
      vertex 7.91844 12.3287 7.5
      vertex 8.56738 10.3315 7.5
      vertex 8.45248 12.4569 7.5
    endloop
  endfacet
  facet normal 0 0 1
    outer loop
      vertex 8.56738 10.3315 7.5
      vertex 7.91844 12.3287 7.5
      vertex 8.36441 10.2474 7.5
    endloop
  endfacet
  facet normal -0 0 1
    outer loop
      vertex 7.41103 12.1185 7.5
      vertex 8.36441 10.2474 7.5
      vertex 7.91844 12.3287 7.5
    endloop
  endfacet
  facet normal 0 0 1
    outer loop
      vertex 8.36441 10.2474 7.5
      vertex 7.41103 12.1185 7.5
      vertex 8.1771 10.1326 7.5
    endloop
  endfacet
  facet normal -0 0 1
    outer loop
      vertex 6.94275 11.8316 7.5
      vertex 8.1771 10.1326 7.5
      vertex 7.41103 12.1185 7.5
    endloop
  endfacet
  facet normal 0 0 1
    outer loop
      vertex 8.1771 10.1326 7.5
      vertex 6.94275 11.8316 7.5
      vertex 8.01005 9.98995 7.5
    endloop
  endfacet
  facet normal -0 0 1
    outer loop
      vertex 6.52513 11.4749 7.5
      vertex 8.01005 9.98995 7.5
      vertex 6.94275 11.8316 7.5
    endloop
  endfacet
  facet normal 0 0 1
    outer loop
      vertex 8.01005 9.98995 7.5
      vertex 6.52513 11.4749 7.5
      vertex 7.86738 9.8229 7.5
    endloop
  endfacet
  facet normal 0 0 1
    outer loop
      vertex 7.86738 9.8229 7.5
      vertex 6.16844 11.0572 7.5
      vertex 7.75259 9.63559 7.5
    endloop
  endfacet
  facet normal -0 0 1
    outer loop
      vertex 6.16844 11.0572 7.5
      vertex 7.86738 9.8229 7.5
      vertex 6.52513 11.4749 7.5
    endloop
  endfacet
  facet normal -0 0 1
    outer loop
      vertex 10.1326 8.1771 7.5
      vertex 11.8316 6.94275 7.5
      vertex 10.2474 8.36441 7.5
    endloop
  endfacet
  facet normal 0 0 1
    outer loop
      vertex 11.8316 6.94275 7.5
      vertex 10.1326 8.1771 7.5
      vertex 11.4749 6.52513 7.5
    endloop
  endfacet
  facet normal -0 0 1
    outer loop
      vertex 9.98995 8.01005 7.5
      vertex 11.4749 6.52513 7.5
      vertex 10.1326 8.1771 7.5
    endloop
  endfacet
  facet normal 0 0 1
    outer loop
      vertex 11.4749 6.52513 7.5
      vertex 9.98995 8.01005 7.5
      vertex 11.0572 6.16844 7.5
    endloop
  endfacet
  facet normal -0 0 1
    outer loop
      vertex 9.8229 7.86738 7.5
      vertex 11.0572 6.16844 7.5
      vertex 9.98995 8.01005 7.5
    endloop
  endfacet
  facet normal 0 0 1
    outer loop
      vertex 11.0572 6.16844 7.5
      vertex 9.8229 7.86738 7.5
      vertex 10.589 5.88148 7.5
    endloop
  endfacet
  facet normal -0 0 1
    outer loop
      vertex 9.63559 7.75259 7.5
      vertex 10.589 5.88148 7.5
      vertex 9.8229 7.86738 7.5
    endloop
  endfacet
  facet normal 0 0 1
    outer loop
      vertex 10.589 5.88148 7.5
      vertex 9.63559 7.75259 7.5
      vertex 10.0816 5.6713 7.5
    endloop
  endfacet
  facet normal -0 0 1
    outer loop
      vertex 9.43262 7.66852 7.5
      vertex 10.0816 5.6713 7.5
      vertex 9.63559 7.75259 7.5
    endloop
  endfacet
  facet normal 0 0 1
    outer loop
      vertex 10.0816 5.6713 7.5
      vertex 9.43262 7.66852 7.5
      vertex 9.54752 5.54309 7.5
    endloop
  endfacet
  facet normal -0 0 1
    outer loop
      vertex 9.21901 7.61724 7.5
      vertex 9.54752 5.54309 7.5
      vertex 9.43262 7.66852 7.5
    endloop
  endfacet
  facet normal -0 0 1
    outer loop
      vertex 9 7.6 7.5
      vertex 9.54752 5.54309 7.5
      vertex 9.21901 7.61724 7.5
    endloop
  endfacet
  facet normal 0 0 1
    outer loop
      vertex 9 7.6 7.5
      vertex 9 5.5 7.5
      vertex 9.54752 5.54309 7.5
    endloop
  endfacet
  facet normal 0 0 1
    outer loop
      vertex 8.78099 7.61724 7.5
      vertex 9 5.5 7.5
      vertex 9 7.6 7.5
    endloop
  endfacet
  facet normal 0 0 1
    outer loop
      vertex 8.45248 5.54309 7.5
      vertex 8.78099 7.61724 7.5
      vertex 8.56738 7.66852 7.5
    endloop
  endfacet
  facet normal 0 0 1
    outer loop
      vertex 8.78099 7.61724 7.5
      vertex 8.45248 5.54309 7.5
      vertex 9 5.5 7.5
    endloop
  endfacet
  facet normal 0 0 1
    outer loop
      vertex 7.91844 5.6713 7.5
      vertex 8.56738 7.66852 7.5
      vertex 8.36441 7.75259 7.5
    endloop
  endfacet
  facet normal 0 0 1
    outer loop
      vertex 7.41103 5.88148 7.5
      vertex 8.36441 7.75259 7.5
      vertex 8.1771 7.86738 7.5
    endloop
  endfacet
  facet normal 0 0 1
    outer loop
      vertex 6.94275 6.16844 7.5
      vertex 8.1771 7.86738 7.5
      vertex 8.01005 8.01005 7.5
    endloop
  endfacet
  facet normal 0 0 1
    outer loop
      vertex 8.56738 7.66852 7.5
      vertex 7.91844 5.6713 7.5
      vertex 8.45248 5.54309 7.5
    endloop
  endfacet
  facet normal 0 0 1
    outer loop
      vertex 6.52513 6.52513 7.5
      vertex 8.01005 8.01005 7.5
      vertex 7.86738 8.1771 7.5
    endloop
  endfacet
  facet normal 0 0 1
    outer loop
      vertex 6.16844 6.94275 7.5
      vertex 7.86738 8.1771 7.5
      vertex 7.75259 8.36441 7.5
    endloop
  endfacet
  facet normal 0 0 1
    outer loop
      vertex 5.88148 7.41103 7.5
      vertex 7.75259 8.36441 7.5
      vertex 7.66852 8.56738 7.5
    endloop
  endfacet
  facet normal 0 0 1
    outer loop
      vertex 5.6713 7.91844 7.5
      vertex 7.66852 8.56738 7.5
      vertex 7.61724 8.78099 7.5
    endloop
  endfacet
  facet normal 0 0 1
    outer loop
      vertex 8.36441 7.75259 7.5
      vertex 7.41103 5.88148 7.5
      vertex 7.91844 5.6713 7.5
    endloop
  endfacet
  facet normal 0 0 1
    outer loop
      vertex 5.54309 8.45248 7.5
      vertex 7.61724 8.78099 7.5
      vertex 7.6 9 7.5
    endloop
  endfacet
  facet normal -0 0 1
    outer loop
      vertex 5.88148 10.589 7.5
      vertex 7.75259 9.63559 7.5
      vertex 6.16844 11.0572 7.5
    endloop
  endfacet
  facet normal 0 0 1
    outer loop
      vertex 7.75259 9.63559 7.5
      vertex 5.88148 10.589 7.5
      vertex 7.66852 9.43262 7.5
    endloop
  endfacet
  facet normal 0 0 1
    outer loop
      vertex 8.1771 7.86738 7.5
      vertex 6.94275 6.16844 7.5
      vertex 7.41103 5.88148 7.5
    endloop
  endfacet
  facet normal -0 0 1
    outer loop
      vertex 5.6713 10.0816 7.5
      vertex 7.66852 9.43262 7.5
      vertex 5.88148 10.589 7.5
    endloop
  endfacet
  facet normal 0 0 1
    outer loop
      vertex 8.01005 8.01005 7.5
      vertex 6.52513 6.52513 7.5
      vertex 6.94275 6.16844 7.5
    endloop
  endfacet
  facet normal 0 0 1
    outer loop
      vertex 7.66852 9.43262 7.5
      vertex 5.6713 10.0816 7.5
      vertex 7.61724 9.21901 7.5
    endloop
  endfacet
  facet normal 0 0 1
    outer loop
      vertex 7.86738 8.1771 7.5
      vertex 6.16844 6.94275 7.5
      vertex 6.52513 6.52513 7.5
    endloop
  endfacet
  facet normal -0 0 1
    outer loop
      vertex 5.54309 9.54752 7.5
      vertex 7.61724 9.21901 7.5
      vertex 5.6713 10.0816 7.5
    endloop
  endfacet
  facet normal 0 0 1
    outer loop
      vertex 7.75259 8.36441 7.5
      vertex 5.88148 7.41103 7.5
      vertex 6.16844 6.94275 7.5
    endloop
  endfacet
  facet normal 0 0 1
    outer loop
      vertex 7.61724 9.21901 7.5
      vertex 5.54309 9.54752 7.5
      vertex 7.6 9 7.5
    endloop
  endfacet
  facet normal 0 0 1
    outer loop
      vertex 7.66852 8.56738 7.5
      vertex 5.6713 7.91844 7.5
      vertex 5.88148 7.41103 7.5
    endloop
  endfacet
  facet normal 0 0 1
    outer loop
      vertex 5.5 9 7.5
      vertex 7.6 9 7.5
      vertex 5.54309 9.54752 7.5
    endloop
  endfacet
  facet normal 0 0 1
    outer loop
      vertex 7.61724 8.78099 7.5
      vertex 5.54309 8.45248 7.5
      vertex 5.6713 7.91844 7.5
    endloop
  endfacet
  facet normal 0 0 1
    outer loop
      vertex 7.6 9 7.5
      vertex 5.5 9 7.5
      vertex 5.54309 8.45248 7.5
    endloop
  endfacet
  facet normal 0 0 1
    outer loop
      vertex 10.4 149 7.5
      vertex 12.5 149 7.5
      vertex 12.4569 149.548 7.5
    endloop
  endfacet
  facet normal 0 0 1
    outer loop
      vertex 10.3828 149.219 7.5
      vertex 12.4569 149.548 7.5
      vertex 12.3287 150.082 7.5
    endloop
  endfacet
  facet normal 0 0 1
    outer loop
      vertex 12.5 149 7.5
      vertex 10.4 149 7.5
      vertex 12.4569 148.452 7.5
    endloop
  endfacet
  facet normal 0 0 1
    outer loop
      vertex 10.3315 149.433 7.5
      vertex 12.3287 150.082 7.5
      vertex 12.1185 150.589 7.5
    endloop
  endfacet
  facet normal -0 0 1
    outer loop
      vertex 10.3828 148.781 7.5
      vertex 12.4569 148.452 7.5
      vertex 10.4 149 7.5
    endloop
  endfacet
  facet normal 0 0 1
    outer loop
      vertex 10.2474 149.636 7.5
      vertex 12.1185 150.589 7.5
      vertex 11.8316 151.057 7.5
    endloop
  endfacet
  facet normal 0 0 1
    outer loop
      vertex 12.4569 148.452 7.5
      vertex 10.3828 148.781 7.5
      vertex 12.3287 147.918 7.5
    endloop
  endfacet
  facet normal 0 0 1
    outer loop
      vertex 10.1326 149.823 7.5
      vertex 11.8316 151.057 7.5
      vertex 11.4749 151.475 7.5
    endloop
  endfacet
  facet normal -0 0 1
    outer loop
      vertex 10.3315 148.567 7.5
      vertex 12.3287 147.918 7.5
      vertex 10.3828 148.781 7.5
    endloop
  endfacet
  facet normal 0 0 1
    outer loop
      vertex 9.98995 149.99 7.5
      vertex 11.4749 151.475 7.5
      vertex 11.0572 151.832 7.5
    endloop
  endfacet
  facet normal 0 0 1
    outer loop
      vertex 12.3287 147.918 7.5
      vertex 10.3315 148.567 7.5
      vertex 12.1185 147.411 7.5
    endloop
  endfacet
  facet normal 0 0 1
    outer loop
      vertex 9.8229 150.133 7.5
      vertex 11.0572 151.832 7.5
      vertex 10.589 152.119 7.5
    endloop
  endfacet
  facet normal -0 0 1
    outer loop
      vertex 10.2474 148.364 7.5
      vertex 12.1185 147.411 7.5
      vertex 10.3315 148.567 7.5
    endloop
  endfacet
  facet normal 0 0 1
    outer loop
      vertex 12.1185 147.411 7.5
      vertex 10.2474 148.364 7.5
      vertex 11.8316 146.943 7.5
    endloop
  endfacet
  facet normal 0 0 1
    outer loop
      vertex 12.4569 149.548 7.5
      vertex 10.3828 149.219 7.5
      vertex 10.4 149 7.5
    endloop
  endfacet
  facet normal 0 0 1
    outer loop
      vertex 12.3287 150.082 7.5
      vertex 10.3315 149.433 7.5
      vertex 10.3828 149.219 7.5
    endloop
  endfacet
  facet normal 0 0 1
    outer loop
      vertex 12.1185 150.589 7.5
      vertex 10.2474 149.636 7.5
      vertex 10.3315 149.433 7.5
    endloop
  endfacet
  facet normal 0 0 1
    outer loop
      vertex 11.8316 151.057 7.5
      vertex 10.1326 149.823 7.5
      vertex 10.2474 149.636 7.5
    endloop
  endfacet
  facet normal 0 0 1
    outer loop
      vertex 9.63559 150.247 7.5
      vertex 10.589 152.119 7.5
      vertex 10.0816 152.329 7.5
    endloop
  endfacet
  facet normal 0 0 1
    outer loop
      vertex 11.4749 151.475 7.5
      vertex 9.98995 149.99 7.5
      vertex 10.1326 149.823 7.5
    endloop
  endfacet
  facet normal 0 0 1
    outer loop
      vertex 11.0572 151.832 7.5
      vertex 9.8229 150.133 7.5
      vertex 9.98995 149.99 7.5
    endloop
  endfacet
  facet normal 0 0 1
    outer loop
      vertex 10.589 152.119 7.5
      vertex 9.63559 150.247 7.5
      vertex 9.8229 150.133 7.5
    endloop
  endfacet
  facet normal 0 0 1
    outer loop
      vertex 9.43262 150.331 7.5
      vertex 10.0816 152.329 7.5
      vertex 9.54752 152.457 7.5
    endloop
  endfacet
  facet normal 0 0 1
    outer loop
      vertex 10.0816 152.329 7.5
      vertex 9.43262 150.331 7.5
      vertex 9.63559 150.247 7.5
    endloop
  endfacet
  facet normal 0 0 1
    outer loop
      vertex 9.54752 152.457 7.5
      vertex 9.21901 150.383 7.5
      vertex 9.43262 150.331 7.5
    endloop
  endfacet
  facet normal 0 0 1
    outer loop
      vertex 9 152.5 7.5
      vertex 9.21901 150.383 7.5
      vertex 9.54752 152.457 7.5
    endloop
  endfacet
  facet normal 0 0 1
    outer loop
      vertex 9 152.5 7.5
      vertex 9 150.4 7.5
      vertex 9.21901 150.383 7.5
    endloop
  endfacet
  facet normal 0 0 1
    outer loop
      vertex 9 152.5 7.5
      vertex 8.78099 150.383 7.5
      vertex 9 150.4 7.5
    endloop
  endfacet
  facet normal -0 0 1
    outer loop
      vertex 8.45248 152.457 7.5
      vertex 8.78099 150.383 7.5
      vertex 9 152.5 7.5
    endloop
  endfacet
  facet normal 0 0 1
    outer loop
      vertex 8.78099 150.383 7.5
      vertex 8.45248 152.457 7.5
      vertex 8.56738 150.331 7.5
    endloop
  endfacet
  facet normal -0 0 1
    outer loop
      vertex 7.91844 152.329 7.5
      vertex 8.56738 150.331 7.5
      vertex 8.45248 152.457 7.5
    endloop
  endfacet
  facet normal 0 0 1
    outer loop
      vertex 8.56738 150.331 7.5
      vertex 7.91844 152.329 7.5
      vertex 8.36441 150.247 7.5
    endloop
  endfacet
  facet normal -0 0 1
    outer loop
      vertex 7.41103 152.119 7.5
      vertex 8.36441 150.247 7.5
      vertex 7.91844 152.329 7.5
    endloop
  endfacet
  facet normal 0 0 1
    outer loop
      vertex 8.36441 150.247 7.5
      vertex 7.41103 152.119 7.5
      vertex 8.1771 150.133 7.5
    endloop
  endfacet
  facet normal -0 0 1
    outer loop
      vertex 6.94275 151.832 7.5
      vertex 8.1771 150.133 7.5
      vertex 7.41103 152.119 7.5
    endloop
  endfacet
  facet normal 0 0 1
    outer loop
      vertex 8.1771 150.133 7.5
      vertex 6.94275 151.832 7.5
      vertex 8.01005 149.99 7.5
    endloop
  endfacet
  facet normal -0 0 1
    outer loop
      vertex 6.52513 151.475 7.5
      vertex 8.01005 149.99 7.5
      vertex 6.94275 151.832 7.5
    endloop
  endfacet
  facet normal 0 0 1
    outer loop
      vertex 8.01005 149.99 7.5
      vertex 6.52513 151.475 7.5
      vertex 7.86738 149.823 7.5
    endloop
  endfacet
  facet normal 0 0 1
    outer loop
      vertex 7.86738 149.823 7.5
      vertex 6.16844 151.057 7.5
      vertex 7.75259 149.636 7.5
    endloop
  endfacet
  facet normal -0 0 1
    outer loop
      vertex 6.16844 151.057 7.5
      vertex 7.86738 149.823 7.5
      vertex 6.52513 151.475 7.5
    endloop
  endfacet
  facet normal -0 0 1
    outer loop
      vertex 10.1326 148.177 7.5
      vertex 11.8316 146.943 7.5
      vertex 10.2474 148.364 7.5
    endloop
  endfacet
  facet normal 0 0 1
    outer loop
      vertex 11.8316 146.943 7.5
      vertex 10.1326 148.177 7.5
      vertex 11.4749 146.525 7.5
    endloop
  endfacet
  facet normal -0 0 1
    outer loop
      vertex 9.98995 148.01 7.5
      vertex 11.4749 146.525 7.5
      vertex 10.1326 148.177 7.5
    endloop
  endfacet
  facet normal 0 0 1
    outer loop
      vertex 11.4749 146.525 7.5
      vertex 9.98995 148.01 7.5
      vertex 11.0572 146.168 7.5
    endloop
  endfacet
  facet normal -0 0 1
    outer loop
      vertex 9.8229 147.867 7.5
      vertex 11.0572 146.168 7.5
      vertex 9.98995 148.01 7.5
    endloop
  endfacet
  facet normal 0 0 1
    outer loop
      vertex 11.0572 146.168 7.5
      vertex 9.8229 147.867 7.5
      vertex 10.589 145.881 7.5
    endloop
  endfacet
  facet normal -0 0 1
    outer loop
      vertex 9.63559 147.753 7.5
      vertex 10.589 145.881 7.5
      vertex 9.8229 147.867 7.5
    endloop
  endfacet
  facet normal 0 0 1
    outer loop
      vertex 10.589 145.881 7.5
      vertex 9.63559 147.753 7.5
      vertex 10.0816 145.671 7.5
    endloop
  endfacet
  facet normal -0 0 1
    outer loop
      vertex 9.43262 147.669 7.5
      vertex 10.0816 145.671 7.5
      vertex 9.63559 147.753 7.5
    endloop
  endfacet
  facet normal 0 0 1
    outer loop
      vertex 10.0816 145.671 7.5
      vertex 9.43262 147.669 7.5
      vertex 9.54752 145.543 7.5
    endloop
  endfacet
  facet normal -0 0 1
    outer loop
      vertex 9.21901 147.617 7.5
      vertex 9.54752 145.543 7.5
      vertex 9.43262 147.669 7.5
    endloop
  endfacet
  facet normal -0 0 1
    outer loop
      vertex 9 147.6 7.5
      vertex 9.54752 145.543 7.5
      vertex 9.21901 147.617 7.5
    endloop
  endfacet
  facet normal 0 0 1
    outer loop
      vertex 9 147.6 7.5
      vertex 9 145.5 7.5
      vertex 9.54752 145.543 7.5
    endloop
  endfacet
  facet normal 0 0 1
    outer loop
      vertex 8.78099 147.617 7.5
      vertex 9 145.5 7.5
      vertex 9 147.6 7.5
    endloop
  endfacet
  facet normal 0 0 1
    outer loop
      vertex 8.45248 145.543 7.5
      vertex 8.78099 147.617 7.5
      vertex 8.56738 147.669 7.5
    endloop
  endfacet
  facet normal 0 0 1
    outer loop
      vertex 8.78099 147.617 7.5
      vertex 8.45248 145.543 7.5
      vertex 9 145.5 7.5
    endloop
  endfacet
  facet normal 0 0 1
    outer loop
      vertex 7.91844 145.671 7.5
      vertex 8.56738 147.669 7.5
      vertex 8.36441 147.753 7.5
    endloop
  endfacet
  facet normal 0 0 1
    outer loop
      vertex 7.41103 145.881 7.5
      vertex 8.36441 147.753 7.5
      vertex 8.1771 147.867 7.5
    endloop
  endfacet
  facet normal 0 0 1
    outer loop
      vertex 6.94275 146.168 7.5
      vertex 8.1771 147.867 7.5
      vertex 8.01005 148.01 7.5
    endloop
  endfacet
  facet normal 0 0 1
    outer loop
      vertex 8.56738 147.669 7.5
      vertex 7.91844 145.671 7.5
      vertex 8.45248 145.543 7.5
    endloop
  endfacet
  facet normal 0 0 1
    outer loop
      vertex 6.52513 146.525 7.5
      vertex 8.01005 148.01 7.5
      vertex 7.86738 148.177 7.5
    endloop
  endfacet
  facet normal 0 0 1
    outer loop
      vertex 6.16844 146.943 7.5
      vertex 7.86738 148.177 7.5
      vertex 7.75259 148.364 7.5
    endloop
  endfacet
  facet normal 0 0 1
    outer loop
      vertex 5.88148 147.411 7.5
      vertex 7.75259 148.364 7.5
      vertex 7.66852 148.567 7.5
    endloop
  endfacet
  facet normal 0 0 1
    outer loop
      vertex 5.6713 147.918 7.5
      vertex 7.66852 148.567 7.5
      vertex 7.61724 148.781 7.5
    endloop
  endfacet
  facet normal 0 0 1
    outer loop
      vertex 8.36441 147.753 7.5
      vertex 7.41103 145.881 7.5
      vertex 7.91844 145.671 7.5
    endloop
  endfacet
  facet normal 0 0 1
    outer loop
      vertex 5.54309 148.452 7.5
      vertex 7.61724 148.781 7.5
      vertex 7.6 149 7.5
    endloop
  endfacet
  facet normal -0 0 1
    outer loop
      vertex 5.88148 150.589 7.5
      vertex 7.75259 149.636 7.5
      vertex 6.16844 151.057 7.5
    endloop
  endfacet
  facet normal 0 0 1
    outer loop
      vertex 7.75259 149.636 7.5
      vertex 5.88148 150.589 7.5
      vertex 7.66852 149.433 7.5
    endloop
  endfacet
  facet normal 0 0 1
    outer loop
      vertex 8.1771 147.867 7.5
      vertex 6.94275 146.168 7.5
      vertex 7.41103 145.881 7.5
    endloop
  endfacet
  facet normal -0 0 1
    outer loop
      vertex 5.6713 150.082 7.5
      vertex 7.66852 149.433 7.5
      vertex 5.88148 150.589 7.5
    endloop
  endfacet
  facet normal 0 0 1
    outer loop
      vertex 8.01005 148.01 7.5
      vertex 6.52513 146.525 7.5
      vertex 6.94275 146.168 7.5
    endloop
  endfacet
  facet normal 0 0 1
    outer loop
      vertex 7.66852 149.433 7.5
      vertex 5.6713 150.082 7.5
      vertex 7.61724 149.219 7.5
    endloop
  endfacet
  facet normal 0 0 1
    outer loop
      vertex 7.86738 148.177 7.5
      vertex 6.16844 146.943 7.5
      vertex 6.52513 146.525 7.5
    endloop
  endfacet
  facet normal -0 0 1
    outer loop
      vertex 5.54309 149.548 7.5
      vertex 7.61724 149.219 7.5
      vertex 5.6713 150.082 7.5
    endloop
  endfacet
  facet normal 0 0 1
    outer loop
      vertex 7.75259 148.364 7.5
      vertex 5.88148 147.411 7.5
      vertex 6.16844 146.943 7.5
    endloop
  endfacet
  facet normal 0 0 1
    outer loop
      vertex 7.61724 149.219 7.5
      vertex 5.54309 149.548 7.5
      vertex 7.6 149 7.5
    endloop
  endfacet
  facet normal 0 0 1
    outer loop
      vertex 7.66852 148.567 7.5
      vertex 5.6713 147.918 7.5
      vertex 5.88148 147.411 7.5
    endloop
  endfacet
  facet normal 0 0 1
    outer loop
      vertex 5.5 149 7.5
      vertex 7.6 149 7.5
      vertex 5.54309 149.548 7.5
    endloop
  endfacet
  facet normal 0 0 1
    outer loop
      vertex 7.61724 148.781 7.5
      vertex 5.54309 148.452 7.5
      vertex 5.6713 147.918 7.5
    endloop
  endfacet
  facet normal 0 0 1
    outer loop
      vertex 7.6 149 7.5
      vertex 5.5 149 7.5
      vertex 5.54309 148.452 7.5
    endloop
  endfacet
  facet normal 0 0 1
    outer loop
      vertex 105.4 9 7.5
      vertex 107.5 9 7.5
      vertex 107.457 9.54752 7.5
    endloop
  endfacet
  facet normal 0 0 1
    outer loop
      vertex 105.383 9.21901 7.5
      vertex 107.457 9.54752 7.5
      vertex 107.329 10.0816 7.5
    endloop
  endfacet
  facet normal 0 0 1
    outer loop
      vertex 107.5 9 7.5
      vertex 105.4 9 7.5
      vertex 107.457 8.45248 7.5
    endloop
  endfacet
  facet normal 0 0 1
    outer loop
      vertex 105.331 9.43262 7.5
      vertex 107.329 10.0816 7.5
      vertex 107.119 10.589 7.5
    endloop
  endfacet
  facet normal -0 0 1
    outer loop
      vertex 105.383 8.78099 7.5
      vertex 107.457 8.45248 7.5
      vertex 105.4 9 7.5
    endloop
  endfacet
  facet normal 0 0 1
    outer loop
      vertex 105.247 9.63559 7.5
      vertex 107.119 10.589 7.5
      vertex 106.832 11.0572 7.5
    endloop
  endfacet
  facet normal 0 0 1
    outer loop
      vertex 107.457 8.45248 7.5
      vertex 105.383 8.78099 7.5
      vertex 107.329 7.91844 7.5
    endloop
  endfacet
  facet normal 0 0 1
    outer loop
      vertex 105.133 9.8229 7.5
      vertex 106.832 11.0572 7.5
      vertex 106.475 11.4749 7.5
    endloop
  endfacet
  facet normal -0 0 1
    outer loop
      vertex 105.331 8.56738 7.5
      vertex 107.329 7.91844 7.5
      vertex 105.383 8.78099 7.5
    endloop
  endfacet
  facet normal 0 0 1
    outer loop
      vertex 104.99 9.98995 7.5
      vertex 106.475 11.4749 7.5
      vertex 106.057 11.8316 7.5
    endloop
  endfacet
  facet normal 0 0 1
    outer loop
      vertex 107.329 7.91844 7.5
      vertex 105.331 8.56738 7.5
      vertex 107.119 7.41103 7.5
    endloop
  endfacet
  facet normal 0 0 1
    outer loop
      vertex 104.823 10.1326 7.5
      vertex 106.057 11.8316 7.5
      vertex 105.589 12.1185 7.5
    endloop
  endfacet
  facet normal -0 0 1
    outer loop
      vertex 105.247 8.36441 7.5
      vertex 107.119 7.41103 7.5
      vertex 105.331 8.56738 7.5
    endloop
  endfacet
  facet normal 0 0 1
    outer loop
      vertex 107.119 7.41103 7.5
      vertex 105.247 8.36441 7.5
      vertex 106.832 6.94275 7.5
    endloop
  endfacet
  facet normal 0 0 1
    outer loop
      vertex 107.457 9.54752 7.5
      vertex 105.383 9.21901 7.5
      vertex 105.4 9 7.5
    endloop
  endfacet
  facet normal 0 0 1
    outer loop
      vertex 107.329 10.0816 7.5
      vertex 105.331 9.43262 7.5
      vertex 105.383 9.21901 7.5
    endloop
  endfacet
  facet normal 0 0 1
    outer loop
      vertex 107.119 10.589 7.5
      vertex 105.247 9.63559 7.5
      vertex 105.331 9.43262 7.5
    endloop
  endfacet
  facet normal 0 0 1
    outer loop
      vertex 106.832 11.0572 7.5
      vertex 105.133 9.8229 7.5
      vertex 105.247 9.63559 7.5
    endloop
  endfacet
  facet normal 0 0 1
    outer loop
      vertex 104.636 10.2474 7.5
      vertex 105.589 12.1185 7.5
      vertex 105.082 12.3287 7.5
    endloop
  endfacet
  facet normal 0 0 1
    outer loop
      vertex 106.475 11.4749 7.5
      vertex 104.99 9.98995 7.5
      vertex 105.133 9.8229 7.5
    endloop
  endfacet
  facet normal 0 0 1
    outer loop
      vertex 106.057 11.8316 7.5
      vertex 104.823 10.1326 7.5
      vertex 104.99 9.98995 7.5
    endloop
  endfacet
  facet normal 0 0 1
    outer loop
      vertex 105.589 12.1185 7.5
      vertex 104.636 10.2474 7.5
      vertex 104.823 10.1326 7.5
    endloop
  endfacet
  facet normal 0 0 1
    outer loop
      vertex 104.433 10.3315 7.5
      vertex 105.082 12.3287 7.5
      vertex 104.548 12.4569 7.5
    endloop
  endfacet
  facet normal 0 0 1
    outer loop
      vertex 105.082 12.3287 7.5
      vertex 104.433 10.3315 7.5
      vertex 104.636 10.2474 7.5
    endloop
  endfacet
  facet normal 0 0 1
    outer loop
      vertex 104.548 12.4569 7.5
      vertex 104.219 10.3828 7.5
      vertex 104.433 10.3315 7.5
    endloop
  endfacet
  facet normal 0 0 1
    outer loop
      vertex 104 12.5 7.5
      vertex 104.219 10.3828 7.5
      vertex 104.548 12.4569 7.5
    endloop
  endfacet
  facet normal 0 0 1
    outer loop
      vertex 104 12.5 7.5
      vertex 104 10.4 7.5
      vertex 104.219 10.3828 7.5
    endloop
  endfacet
  facet normal 0 0 1
    outer loop
      vertex 104 12.5 7.5
      vertex 103.781 10.3828 7.5
      vertex 104 10.4 7.5
    endloop
  endfacet
  facet normal -0 0 1
    outer loop
      vertex 103.452 12.4569 7.5
      vertex 103.781 10.3828 7.5
      vertex 104 12.5 7.5
    endloop
  endfacet
  facet normal 0 0 1
    outer loop
      vertex 103.781 10.3828 7.5
      vertex 103.452 12.4569 7.5
      vertex 103.567 10.3315 7.5
    endloop
  endfacet
  facet normal -0 0 1
    outer loop
      vertex 102.918 12.3287 7.5
      vertex 103.567 10.3315 7.5
      vertex 103.452 12.4569 7.5
    endloop
  endfacet
  facet normal 0 0 1
    outer loop
      vertex 103.567 10.3315 7.5
      vertex 102.918 12.3287 7.5
      vertex 103.364 10.2474 7.5
    endloop
  endfacet
  facet normal -0 0 1
    outer loop
      vertex 102.411 12.1185 7.5
      vertex 103.364 10.2474 7.5
      vertex 102.918 12.3287 7.5
    endloop
  endfacet
  facet normal 0 0 1
    outer loop
      vertex 103.364 10.2474 7.5
      vertex 102.411 12.1185 7.5
      vertex 103.177 10.1326 7.5
    endloop
  endfacet
  facet normal -0 0 1
    outer loop
      vertex 101.943 11.8316 7.5
      vertex 103.177 10.1326 7.5
      vertex 102.411 12.1185 7.5
    endloop
  endfacet
  facet normal 0 0 1
    outer loop
      vertex 103.177 10.1326 7.5
      vertex 101.943 11.8316 7.5
      vertex 103.01 9.98995 7.5
    endloop
  endfacet
  facet normal -0 0 1
    outer loop
      vertex 101.525 11.4749 7.5
      vertex 103.01 9.98995 7.5
      vertex 101.943 11.8316 7.5
    endloop
  endfacet
  facet normal 0 0 1
    outer loop
      vertex 103.01 9.98995 7.5
      vertex 101.525 11.4749 7.5
      vertex 102.867 9.8229 7.5
    endloop
  endfacet
  facet normal 0 0 1
    outer loop
      vertex 102.867 9.8229 7.5
      vertex 101.168 11.0572 7.5
      vertex 102.753 9.63559 7.5
    endloop
  endfacet
  facet normal -0 0 1
    outer loop
      vertex 101.168 11.0572 7.5
      vertex 102.867 9.8229 7.5
      vertex 101.525 11.4749 7.5
    endloop
  endfacet
  facet normal -0 0 1
    outer loop
      vertex 105.133 8.1771 7.5
      vertex 106.832 6.94275 7.5
      vertex 105.247 8.36441 7.5
    endloop
  endfacet
  facet normal 0 0 1
    outer loop
      vertex 106.832 6.94275 7.5
      vertex 105.133 8.1771 7.5
      vertex 106.475 6.52513 7.5
    endloop
  endfacet
  facet normal -0 0 1
    outer loop
      vertex 104.99 8.01005 7.5
      vertex 106.475 6.52513 7.5
      vertex 105.133 8.1771 7.5
    endloop
  endfacet
  facet normal 0 0 1
    outer loop
      vertex 106.475 6.52513 7.5
      vertex 104.99 8.01005 7.5
      vertex 106.057 6.16844 7.5
    endloop
  endfacet
  facet normal -0 0 1
    outer loop
      vertex 104.823 7.86738 7.5
      vertex 106.057 6.16844 7.5
      vertex 104.99 8.01005 7.5
    endloop
  endfacet
  facet normal 0 0 1
    outer loop
      vertex 106.057 6.16844 7.5
      vertex 104.823 7.86738 7.5
      vertex 105.589 5.88148 7.5
    endloop
  endfacet
  facet normal -0 0 1
    outer loop
      vertex 104.636 7.75259 7.5
      vertex 105.589 5.88148 7.5
      vertex 104.823 7.86738 7.5
    endloop
  endfacet
  facet normal 0 0 1
    outer loop
      vertex 105.589 5.88148 7.5
      vertex 104.636 7.75259 7.5
      vertex 105.082 5.6713 7.5
    endloop
  endfacet
  facet normal -0 0 1
    outer loop
      vertex 104.433 7.66852 7.5
      vertex 105.082 5.6713 7.5
      vertex 104.636 7.75259 7.5
    endloop
  endfacet
  facet normal 0 0 1
    outer loop
      vertex 105.082 5.6713 7.5
      vertex 104.433 7.66852 7.5
      vertex 104.548 5.54309 7.5
    endloop
  endfacet
  facet normal -0 0 1
    outer loop
      vertex 104.219 7.61724 7.5
      vertex 104.548 5.54309 7.5
      vertex 104.433 7.66852 7.5
    endloop
  endfacet
  facet normal -0 0 1
    outer loop
      vertex 104 7.6 7.5
      vertex 104.548 5.54309 7.5
      vertex 104.219 7.61724 7.5
    endloop
  endfacet
  facet normal 0 0 1
    outer loop
      vertex 104 7.6 7.5
      vertex 104 5.5 7.5
      vertex 104.548 5.54309 7.5
    endloop
  endfacet
  facet normal 0 0 1
    outer loop
      vertex 103.781 7.61724 7.5
      vertex 104 5.5 7.5
      vertex 104 7.6 7.5
    endloop
  endfacet
  facet normal 0 0 1
    outer loop
      vertex 103.452 5.54309 7.5
      vertex 103.781 7.61724 7.5
      vertex 103.567 7.66852 7.5
    endloop
  endfacet
  facet normal 0 0 1
    outer loop
      vertex 103.781 7.61724 7.5
      vertex 103.452 5.54309 7.5
      vertex 104 5.5 7.5
    endloop
  endfacet
  facet normal 0 0 1
    outer loop
      vertex 102.918 5.6713 7.5
      vertex 103.567 7.66852 7.5
      vertex 103.364 7.75259 7.5
    endloop
  endfacet
  facet normal 0 0 1
    outer loop
      vertex 102.411 5.88148 7.5
      vertex 103.364 7.75259 7.5
      vertex 103.177 7.86738 7.5
    endloop
  endfacet
  facet normal 0 0 1
    outer loop
      vertex 101.943 6.16844 7.5
      vertex 103.177 7.86738 7.5
      vertex 103.01 8.01005 7.5
    endloop
  endfacet
  facet normal 0 0 1
    outer loop
      vertex 103.567 7.66852 7.5
      vertex 102.918 5.6713 7.5
      vertex 103.452 5.54309 7.5
    endloop
  endfacet
  facet normal 0 0 1
    outer loop
      vertex 101.525 6.52513 7.5
      vertex 103.01 8.01005 7.5
      vertex 102.867 8.1771 7.5
    endloop
  endfacet
  facet normal 0 0 1
    outer loop
      vertex 101.168 6.94275 7.5
      vertex 102.867 8.1771 7.5
      vertex 102.753 8.36441 7.5
    endloop
  endfacet
  facet normal 0 0 1
    outer loop
      vertex 100.881 7.41103 7.5
      vertex 102.753 8.36441 7.5
      vertex 102.669 8.56738 7.5
    endloop
  endfacet
  facet normal 0 0 1
    outer loop
      vertex 100.671 7.91844 7.5
      vertex 102.669 8.56738 7.5
      vertex 102.617 8.78099 7.5
    endloop
  endfacet
  facet normal 0 0 1
    outer loop
      vertex 103.364 7.75259 7.5
      vertex 102.411 5.88148 7.5
      vertex 102.918 5.6713 7.5
    endloop
  endfacet
  facet normal 0 0 1
    outer loop
      vertex 100.543 8.45248 7.5
      vertex 102.617 8.78099 7.5
      vertex 102.6 9 7.5
    endloop
  endfacet
  facet normal -0 0 1
    outer loop
      vertex 100.881 10.589 7.5
      vertex 102.753 9.63559 7.5
      vertex 101.168 11.0572 7.5
    endloop
  endfacet
  facet normal 0 0 1
    outer loop
      vertex 102.753 9.63559 7.5
      vertex 100.881 10.589 7.5
      vertex 102.669 9.43262 7.5
    endloop
  endfacet
  facet normal 0 0 1
    outer loop
      vertex 103.177 7.86738 7.5
      vertex 101.943 6.16844 7.5
      vertex 102.411 5.88148 7.5
    endloop
  endfacet
  facet normal -0 0 1
    outer loop
      vertex 100.671 10.0816 7.5
      vertex 102.669 9.43262 7.5
      vertex 100.881 10.589 7.5
    endloop
  endfacet
  facet normal 0 0 1
    outer loop
      vertex 103.01 8.01005 7.5
      vertex 101.525 6.52513 7.5
      vertex 101.943 6.16844 7.5
    endloop
  endfacet
  facet normal 0 0 1
    outer loop
      vertex 102.669 9.43262 7.5
      vertex 100.671 10.0816 7.5
      vertex 102.617 9.21901 7.5
    endloop
  endfacet
  facet normal 0 0 1
    outer loop
      vertex 102.867 8.1771 7.5
      vertex 101.168 6.94275 7.5
      vertex 101.525 6.52513 7.5
    endloop
  endfacet
  facet normal -0 0 1
    outer loop
      vertex 100.543 9.54752 7.5
      vertex 102.617 9.21901 7.5
      vertex 100.671 10.0816 7.5
    endloop
  endfacet
  facet normal 0 0 1
    outer loop
      vertex 102.753 8.36441 7.5
      vertex 100.881 7.41103 7.5
      vertex 101.168 6.94275 7.5
    endloop
  endfacet
  facet normal 0 0 1
    outer loop
      vertex 102.617 9.21901 7.5
      vertex 100.543 9.54752 7.5
      vertex 102.6 9 7.5
    endloop
  endfacet
  facet normal 0 0 1
    outer loop
      vertex 102.669 8.56738 7.5
      vertex 100.671 7.91844 7.5
      vertex 100.881 7.41103 7.5
    endloop
  endfacet
  facet normal 0 0 1
    outer loop
      vertex 100.5 9 7.5
      vertex 102.6 9 7.5
      vertex 100.543 9.54752 7.5
    endloop
  endfacet
  facet normal 0 0 1
    outer loop
      vertex 102.617 8.78099 7.5
      vertex 100.543 8.45248 7.5
      vertex 100.671 7.91844 7.5
    endloop
  endfacet
  facet normal 0 0 1
    outer loop
      vertex 102.6 9 7.5
      vertex 100.5 9 7.5
      vertex 100.543 8.45248 7.5
    endloop
  endfacet
  facet normal 0 0 1
    outer loop
      vertex 105.4 149 7.5
      vertex 107.5 149 7.5
      vertex 107.457 149.548 7.5
    endloop
  endfacet
  facet normal 0 0 1
    outer loop
      vertex 105.383 149.219 7.5
      vertex 107.457 149.548 7.5
      vertex 107.329 150.082 7.5
    endloop
  endfacet
  facet normal 0 0 1
    outer loop
      vertex 107.5 149 7.5
      vertex 105.4 149 7.5
      vertex 107.457 148.452 7.5
    endloop
  endfacet
  facet normal 0 0 1
    outer loop
      vertex 105.331 149.433 7.5
      vertex 107.329 150.082 7.5
      vertex 107.119 150.589 7.5
    endloop
  endfacet
  facet normal -0 0 1
    outer loop
      vertex 105.383 148.781 7.5
      vertex 107.457 148.452 7.5
      vertex 105.4 149 7.5
    endloop
  endfacet
  facet normal 0 0 1
    outer loop
      vertex 105.247 149.636 7.5
      vertex 107.119 150.589 7.5
      vertex 106.832 151.057 7.5
    endloop
  endfacet
  facet normal 0 0 1
    outer loop
      vertex 107.457 148.452 7.5
      vertex 105.383 148.781 7.5
      vertex 107.329 147.918 7.5
    endloop
  endfacet
  facet normal 0 0 1
    outer loop
      vertex 105.133 149.823 7.5
      vertex 106.832 151.057 7.5
      vertex 106.475 151.475 7.5
    endloop
  endfacet
  facet normal -0 0 1
    outer loop
      vertex 105.331 148.567 7.5
      vertex 107.329 147.918 7.5
      vertex 105.383 148.781 7.5
    endloop
  endfacet
  facet normal 0 0 1
    outer loop
      vertex 104.99 149.99 7.5
      vertex 106.475 151.475 7.5
      vertex 106.057 151.832 7.5
    endloop
  endfacet
  facet normal 0 0 1
    outer loop
      vertex 107.329 147.918 7.5
      vertex 105.331 148.567 7.5
      vertex 107.119 147.411 7.5
    endloop
  endfacet
  facet normal 0 0 1
    outer loop
      vertex 104.823 150.133 7.5
      vertex 106.057 151.832 7.5
      vertex 105.589 152.119 7.5
    endloop
  endfacet
  facet normal -0 0 1
    outer loop
      vertex 105.247 148.364 7.5
      vertex 107.119 147.411 7.5
      vertex 105.331 148.567 7.5
    endloop
  endfacet
  facet normal 0 0 1
    outer loop
      vertex 107.119 147.411 7.5
      vertex 105.247 148.364 7.5
      vertex 106.832 146.943 7.5
    endloop
  endfacet
  facet normal 0 0 1
    outer loop
      vertex 107.457 149.548 7.5
      vertex 105.383 149.219 7.5
      vertex 105.4 149 7.5
    endloop
  endfacet
  facet normal 0 0 1
    outer loop
      vertex 107.329 150.082 7.5
      vertex 105.331 149.433 7.5
      vertex 105.383 149.219 7.5
    endloop
  endfacet
  facet normal 0 0 1
    outer loop
      vertex 107.119 150.589 7.5
      vertex 105.247 149.636 7.5
      vertex 105.331 149.433 7.5
    endloop
  endfacet
  facet normal 0 0 1
    outer loop
      vertex 106.832 151.057 7.5
      vertex 105.133 149.823 7.5
      vertex 105.247 149.636 7.5
    endloop
  endfacet
  facet normal 0 0 1
    outer loop
      vertex 104.636 150.247 7.5
      vertex 105.589 152.119 7.5
      vertex 105.082 152.329 7.5
    endloop
  endfacet
  facet normal 0 0 1
    outer loop
      vertex 106.475 151.475 7.5
      vertex 104.99 149.99 7.5
      vertex 105.133 149.823 7.5
    endloop
  endfacet
  facet normal 0 0 1
    outer loop
      vertex 106.057 151.832 7.5
      vertex 104.823 150.133 7.5
      vertex 104.99 149.99 7.5
    endloop
  endfacet
  facet normal 0 0 1
    outer loop
      vertex 105.589 152.119 7.5
      vertex 104.636 150.247 7.5
      vertex 104.823 150.133 7.5
    endloop
  endfacet
  facet normal 0 0 1
    outer loop
      vertex 104.433 150.331 7.5
      vertex 105.082 152.329 7.5
      vertex 104.548 152.457 7.5
    endloop
  endfacet
  facet normal 0 0 1
    outer loop
      vertex 105.082 152.329 7.5
      vertex 104.433 150.331 7.5
      vertex 104.636 150.247 7.5
    endloop
  endfacet
  facet normal 0 0 1
    outer loop
      vertex 104.548 152.457 7.5
      vertex 104.219 150.383 7.5
      vertex 104.433 150.331 7.5
    endloop
  endfacet
  facet normal 0 0 1
    outer loop
      vertex 104 152.5 7.5
      vertex 104.219 150.383 7.5
      vertex 104.548 152.457 7.5
    endloop
  endfacet
  facet normal 0 0 1
    outer loop
      vertex 104 152.5 7.5
      vertex 104 150.4 7.5
      vertex 104.219 150.383 7.5
    endloop
  endfacet
  facet normal 0 0 1
    outer loop
      vertex 104 152.5 7.5
      vertex 103.781 150.383 7.5
      vertex 104 150.4 7.5
    endloop
  endfacet
  facet normal -0 0 1
    outer loop
      vertex 103.452 152.457 7.5
      vertex 103.781 150.383 7.5
      vertex 104 152.5 7.5
    endloop
  endfacet
  facet normal 0 0 1
    outer loop
      vertex 103.781 150.383 7.5
      vertex 103.452 152.457 7.5
      vertex 103.567 150.331 7.5
    endloop
  endfacet
  facet normal -0 0 1
    outer loop
      vertex 102.918 152.329 7.5
      vertex 103.567 150.331 7.5
      vertex 103.452 152.457 7.5
    endloop
  endfacet
  facet normal 0 0 1
    outer loop
      vertex 103.567 150.331 7.5
      vertex 102.918 152.329 7.5
      vertex 103.364 150.247 7.5
    endloop
  endfacet
  facet normal -0 0 1
    outer loop
      vertex 102.411 152.119 7.5
      vertex 103.364 150.247 7.5
      vertex 102.918 152.329 7.5
    endloop
  endfacet
  facet normal 0 0 1
    outer loop
      vertex 103.364 150.247 7.5
      vertex 102.411 152.119 7.5
      vertex 103.177 150.133 7.5
    endloop
  endfacet
  facet normal -0 0 1
    outer loop
      vertex 101.943 151.832 7.5
      vertex 103.177 150.133 7.5
      vertex 102.411 152.119 7.5
    endloop
  endfacet
  facet normal 0 0 1
    outer loop
      vertex 103.177 150.133 7.5
      vertex 101.943 151.832 7.5
      vertex 103.01 149.99 7.5
    endloop
  endfacet
  facet normal -0 0 1
    outer loop
      vertex 101.525 151.475 7.5
      vertex 103.01 149.99 7.5
      vertex 101.943 151.832 7.5
    endloop
  endfacet
  facet normal 0 0 1
    outer loop
      vertex 103.01 149.99 7.5
      vertex 101.525 151.475 7.5
      vertex 102.867 149.823 7.5
    endloop
  endfacet
  facet normal 0 0 1
    outer loop
      vertex 102.867 149.823 7.5
      vertex 101.168 151.057 7.5
      vertex 102.753 149.636 7.5
    endloop
  endfacet
  facet normal -0 0 1
    outer loop
      vertex 101.168 151.057 7.5
      vertex 102.867 149.823 7.5
      vertex 101.525 151.475 7.5
    endloop
  endfacet
  facet normal -0 0 1
    outer loop
      vertex 105.133 148.177 7.5
      vertex 106.832 146.943 7.5
      vertex 105.247 148.364 7.5
    endloop
  endfacet
  facet normal 0 0 1
    outer loop
      vertex 106.832 146.943 7.5
      vertex 105.133 148.177 7.5
      vertex 106.475 146.525 7.5
    endloop
  endfacet
  facet normal -0 0 1
    outer loop
      vertex 104.99 148.01 7.5
      vertex 106.475 146.525 7.5
      vertex 105.133 148.177 7.5
    endloop
  endfacet
  facet normal 0 0 1
    outer loop
      vertex 106.475 146.525 7.5
      vertex 104.99 148.01 7.5
      vertex 106.057 146.168 7.5
    endloop
  endfacet
  facet normal -0 0 1
    outer loop
      vertex 104.823 147.867 7.5
      vertex 106.057 146.168 7.5
      vertex 104.99 148.01 7.5
    endloop
  endfacet
  facet normal 0 0 1
    outer loop
      vertex 106.057 146.168 7.5
      vertex 104.823 147.867 7.5
      vertex 105.589 145.881 7.5
    endloop
  endfacet
  facet normal -0 0 1
    outer loop
      vertex 104.636 147.753 7.5
      vertex 105.589 145.881 7.5
      vertex 104.823 147.867 7.5
    endloop
  endfacet
  facet normal 0 0 1
    outer loop
      vertex 105.589 145.881 7.5
      vertex 104.636 147.753 7.5
      vertex 105.082 145.671 7.5
    endloop
  endfacet
  facet normal -0 0 1
    outer loop
      vertex 104.433 147.669 7.5
      vertex 105.082 145.671 7.5
      vertex 104.636 147.753 7.5
    endloop
  endfacet
  facet normal 0 0 1
    outer loop
      vertex 105.082 145.671 7.5
      vertex 104.433 147.669 7.5
      vertex 104.548 145.543 7.5
    endloop
  endfacet
  facet normal -0 0 1
    outer loop
      vertex 104.219 147.617 7.5
      vertex 104.548 145.543 7.5
      vertex 104.433 147.669 7.5
    endloop
  endfacet
  facet normal -0 0 1
    outer loop
      vertex 104 147.6 7.5
      vertex 104.548 145.543 7.5
      vertex 104.219 147.617 7.5
    endloop
  endfacet
  facet normal 0 0 1
    outer loop
      vertex 104 147.6 7.5
      vertex 104 145.5 7.5
      vertex 104.548 145.543 7.5
    endloop
  endfacet
  facet normal 0 0 1
    outer loop
      vertex 103.781 147.617 7.5
      vertex 104 145.5 7.5
      vertex 104 147.6 7.5
    endloop
  endfacet
  facet normal 0 0 1
    outer loop
      vertex 103.452 145.543 7.5
      vertex 103.781 147.617 7.5
      vertex 103.567 147.669 7.5
    endloop
  endfacet
  facet normal 0 0 1
    outer loop
      vertex 103.781 147.617 7.5
      vertex 103.452 145.543 7.5
      vertex 104 145.5 7.5
    endloop
  endfacet
  facet normal 0 0 1
    outer loop
      vertex 102.918 145.671 7.5
      vertex 103.567 147.669 7.5
      vertex 103.364 147.753 7.5
    endloop
  endfacet
  facet normal 0 0 1
    outer loop
      vertex 102.411 145.881 7.5
      vertex 103.364 147.753 7.5
      vertex 103.177 147.867 7.5
    endloop
  endfacet
  facet normal 0 0 1
    outer loop
      vertex 101.943 146.168 7.5
      vertex 103.177 147.867 7.5
      vertex 103.01 148.01 7.5
    endloop
  endfacet
  facet normal 0 0 1
    outer loop
      vertex 103.567 147.669 7.5
      vertex 102.918 145.671 7.5
      vertex 103.452 145.543 7.5
    endloop
  endfacet
  facet normal 0 0 1
    outer loop
      vertex 101.525 146.525 7.5
      vertex 103.01 148.01 7.5
      vertex 102.867 148.177 7.5
    endloop
  endfacet
  facet normal 0 0 1
    outer loop
      vertex 101.168 146.943 7.5
      vertex 102.867 148.177 7.5
      vertex 102.753 148.364 7.5
    endloop
  endfacet
  facet normal 0 0 1
    outer loop
      vertex 100.881 147.411 7.5
      vertex 102.753 148.364 7.5
      vertex 102.669 148.567 7.5
    endloop
  endfacet
  facet normal 0 0 1
    outer loop
      vertex 100.671 147.918 7.5
      vertex 102.669 148.567 7.5
      vertex 102.617 148.781 7.5
    endloop
  endfacet
  facet normal 0 0 1
    outer loop
      vertex 103.364 147.753 7.5
      vertex 102.411 145.881 7.5
      vertex 102.918 145.671 7.5
    endloop
  endfacet
  facet normal 0 0 1
    outer loop
      vertex 100.543 148.452 7.5
      vertex 102.617 148.781 7.5
      vertex 102.6 149 7.5
    endloop
  endfacet
  facet normal -0 0 1
    outer loop
      vertex 100.881 150.589 7.5
      vertex 102.753 149.636 7.5
      vertex 101.168 151.057 7.5
    endloop
  endfacet
  facet normal 0 0 1
    outer loop
      vertex 102.753 149.636 7.5
      vertex 100.881 150.589 7.5
      vertex 102.669 149.433 7.5
    endloop
  endfacet
  facet normal 0 0 1
    outer loop
      vertex 103.177 147.867 7.5
      vertex 101.943 146.168 7.5
      vertex 102.411 145.881 7.5
    endloop
  endfacet
  facet normal -0 0 1
    outer loop
      vertex 100.671 150.082 7.5
      vertex 102.669 149.433 7.5
      vertex 100.881 150.589 7.5
    endloop
  endfacet
  facet normal 0 0 1
    outer loop
      vertex 103.01 148.01 7.5
      vertex 101.525 146.525 7.5
      vertex 101.943 146.168 7.5
    endloop
  endfacet
  facet normal 0 0 1
    outer loop
      vertex 102.669 149.433 7.5
      vertex 100.671 150.082 7.5
      vertex 102.617 149.219 7.5
    endloop
  endfacet
  facet normal 0 0 1
    outer loop
      vertex 102.867 148.177 7.5
      vertex 101.168 146.943 7.5
      vertex 101.525 146.525 7.5
    endloop
  endfacet
  facet normal -0 0 1
    outer loop
      vertex 100.543 149.548 7.5
      vertex 102.617 149.219 7.5
      vertex 100.671 150.082 7.5
    endloop
  endfacet
  facet normal 0 0 1
    outer loop
      vertex 102.753 148.364 7.5
      vertex 100.881 147.411 7.5
      vertex 101.168 146.943 7.5
    endloop
  endfacet
  facet normal 0 0 1
    outer loop
      vertex 102.617 149.219 7.5
      vertex 100.543 149.548 7.5
      vertex 102.6 149 7.5
    endloop
  endfacet
  facet normal 0 0 1
    outer loop
      vertex 102.669 148.567 7.5
      vertex 100.671 147.918 7.5
      vertex 100.881 147.411 7.5
    endloop
  endfacet
  facet normal 0 0 1
    outer loop
      vertex 100.5 149 7.5
      vertex 102.6 149 7.5
      vertex 100.543 149.548 7.5
    endloop
  endfacet
  facet normal 0 0 1
    outer loop
      vertex 102.617 148.781 7.5
      vertex 100.543 148.452 7.5
      vertex 100.671 147.918 7.5
    endloop
  endfacet
  facet normal 0 0 1
    outer loop
      vertex 102.6 149 7.5
      vertex 100.5 149 7.5
      vertex 100.543 148.452 7.5
    endloop
  endfacet
  facet normal 0 0 1
    outer loop
      vertex 6.96306 4.4693 7.5
      vertex 5.38276 4.21901 7.5
      vertex 5.4 4 7.5
    endloop
  endfacet
  facet normal 0 0 1
    outer loop
      vertex 4.8229 5.13262 7.5
      vertex 5.76336 6.42705 7.5
      vertex 5.36197 6.67302 7.5
    endloop
  endfacet
  facet normal 0 0 1
    outer loop
      vertex 6.12132 6.12132 7.5
      vertex 5.33148 4.43262 7.5
      vertex 5.38276 4.21901 7.5
    endloop
  endfacet
  facet normal 0 0 1
    outer loop
      vertex 6.12132 6.12132 7.5
      vertex 5.24741 4.63559 7.5
      vertex 5.33148 4.43262 7.5
    endloop
  endfacet
  facet normal 0 0 1
    outer loop
      vertex 6.12132 6.12132 7.5
      vertex 5.13262 4.8229 7.5
      vertex 5.24741 4.63559 7.5
    endloop
  endfacet
  facet normal 0 0 1
    outer loop
      vertex 6.12132 6.12132 7.5
      vertex 4.98995 4.98995 7.5
      vertex 5.13262 4.8229 7.5
    endloop
  endfacet
  facet normal 0 0 1
    outer loop
      vertex 4.63559 5.24741 7.5
      vertex 5.36197 6.67302 7.5
      vertex 4.92705 6.85317 7.5
    endloop
  endfacet
  facet normal 0 0 1
    outer loop
      vertex 5.76336 6.42705 7.5
      vertex 4.8229 5.13262 7.5
      vertex 4.98995 4.98995 7.5
    endloop
  endfacet
  facet normal 0 0 1
    outer loop
      vertex 5.36197 6.67302 7.5
      vertex 4.63559 5.24741 7.5
      vertex 4.8229 5.13262 7.5
    endloop
  endfacet
  facet normal 0 0 1
    outer loop
      vertex 4.43262 5.33148 7.5
      vertex 4.92705 6.85317 7.5
      vertex 4.4693 6.96306 7.5
    endloop
  endfacet
  facet normal 0 0 1
    outer loop
      vertex 4.92705 6.85317 7.5
      vertex 4.43262 5.33148 7.5
      vertex 4.63559 5.24741 7.5
    endloop
  endfacet
  facet normal 0 0 1
    outer loop
      vertex 4.4693 6.96306 7.5
      vertex 4.21901 5.38276 7.5
      vertex 4.43262 5.33148 7.5
    endloop
  endfacet
  facet normal 0 0 1
    outer loop
      vertex 4 7 7.5
      vertex 4.21901 5.38276 7.5
      vertex 4.4693 6.96306 7.5
    endloop
  endfacet
  facet normal 0 0 1
    outer loop
      vertex 4 7 7.5
      vertex 4 5.4 7.5
      vertex 4.21901 5.38276 7.5
    endloop
  endfacet
  facet normal 0 0 1
    outer loop
      vertex 4 7 7.5
      vertex 3.78099 5.38276 7.5
      vertex 4 5.4 7.5
    endloop
  endfacet
  facet normal -0 0 1
    outer loop
      vertex 3.5307 6.96306 7.5
      vertex 3.78099 5.38276 7.5
      vertex 4 7 7.5
    endloop
  endfacet
  facet normal -0 0 1
    outer loop
      vertex 3.5 6.95569 7.5
      vertex 3.78099 5.38276 7.5
      vertex 3.5307 6.96306 7.5
    endloop
  endfacet
  facet normal 0 0 1
    outer loop
      vertex 3.78099 5.38276 7.5
      vertex 3.5 6.95569 7.5
      vertex 3.56738 5.33148 7.5
    endloop
  endfacet
  facet normal 0 0 1
    outer loop
      vertex 3.56738 5.33148 7.5
      vertex 3.5 6.95569 7.5
      vertex 3.5 5.30357 7.5
    endloop
  endfacet
  facet normal 0 0 1
    outer loop
      vertex 5.4 4 7.5
      vertex 7 4 7.5
      vertex 6.96306 4.4693 7.5
    endloop
  endfacet
  facet normal 0 0 1
    outer loop
      vertex 7 4 7.5
      vertex 5.4 4 7.5
      vertex 6.96306 3.5307 7.5
    endloop
  endfacet
  facet normal 0 0 1
    outer loop
      vertex 5.38276 4.21901 7.5
      vertex 6.96306 4.4693 7.5
      vertex 6.85317 4.92705 7.5
    endloop
  endfacet
  facet normal 0 0 1
    outer loop
      vertex 5.38276 4.21901 7.5
      vertex 6.85317 4.92705 7.5
      vertex 6.67302 5.36197 7.5
    endloop
  endfacet
  facet normal 0 0 1
    outer loop
      vertex 5.38276 4.21901 7.5
      vertex 6.67302 5.36197 7.5
      vertex 6.42705 5.76336 7.5
    endloop
  endfacet
  facet normal 0 0 1
    outer loop
      vertex 5.38276 4.21901 7.5
      vertex 6.42705 5.76336 7.5
      vertex 6.12132 6.12132 7.5
    endloop
  endfacet
  facet normal 0 0 1
    outer loop
      vertex 4.98995 4.98995 7.5
      vertex 6.12132 6.12132 7.5
      vertex 5.76336 6.42705 7.5
    endloop
  endfacet
  facet normal -0 0 1
    outer loop
      vertex 5.38276 3.78099 7.5
      vertex 6.96306 3.5307 7.5
      vertex 5.4 4 7.5
    endloop
  endfacet
  facet normal 0 0 1
    outer loop
      vertex 6.96306 3.5307 7.5
      vertex 5.38276 3.78099 7.5
      vertex 6.95569 3.5 7.5
    endloop
  endfacet
  facet normal -0 0 1
    outer loop
      vertex 5.33148 3.56738 7.5
      vertex 6.95569 3.5 7.5
      vertex 5.38276 3.78099 7.5
    endloop
  endfacet
  facet normal 0 0 1
    outer loop
      vertex 6.95569 3.5 7.5
      vertex 5.33148 3.56738 7.5
      vertex 5.30357 3.5 7.5
    endloop
  endfacet
  facet normal 0 0 1
    outer loop
      vertex 5.4 154 7.5
      vertex 7 154 7.5
      vertex 6.96306 154.469 7.5
    endloop
  endfacet
  facet normal 0 0 1
    outer loop
      vertex 5.38276 154.219 7.5
      vertex 6.96306 154.469 7.5
      vertex 6.95569 154.5 7.5
    endloop
  endfacet
  facet normal 0 0 1
    outer loop
      vertex 7 154 7.5
      vertex 5.4 154 7.5
      vertex 6.96306 153.531 7.5
    endloop
  endfacet
  facet normal -0 0 1
    outer loop
      vertex 5.38276 153.781 7.5
      vertex 6.96306 153.531 7.5
      vertex 5.4 154 7.5
    endloop
  endfacet
  facet normal -0 0 1
    outer loop
      vertex 5.33148 153.567 7.5
      vertex 6.85317 153.073 7.5
      vertex 5.38276 153.781 7.5
    endloop
  endfacet
  facet normal 0 0 1
    outer loop
      vertex 6.85317 153.073 7.5
      vertex 5.33148 153.567 7.5
      vertex 6.67302 152.638 7.5
    endloop
  endfacet
  facet normal 0 0 1
    outer loop
      vertex 6.67302 152.638 7.5
      vertex 5.24741 153.364 7.5
      vertex 6.42705 152.237 7.5
    endloop
  endfacet
  facet normal 0 0 1
    outer loop
      vertex 6.96306 153.531 7.5
      vertex 5.38276 153.781 7.5
      vertex 6.85317 153.073 7.5
    endloop
  endfacet
  facet normal 0 0 1
    outer loop
      vertex 6.96306 154.469 7.5
      vertex 5.38276 154.219 7.5
      vertex 5.4 154 7.5
    endloop
  endfacet
  facet normal 0 0 1
    outer loop
      vertex 6.95569 154.5 7.5
      vertex 5.33148 154.433 7.5
      vertex 5.38276 154.219 7.5
    endloop
  endfacet
  facet normal 0 -0 1
    outer loop
      vertex 5.33148 154.433 7.5
      vertex 6.95569 154.5 7.5
      vertex 5.30357 154.5 7.5
    endloop
  endfacet
  facet normal -0 0 1
    outer loop
      vertex 5.24741 153.364 7.5
      vertex 6.67302 152.638 7.5
      vertex 5.33148 153.567 7.5
    endloop
  endfacet
  facet normal -0 0 1
    outer loop
      vertex 5.13262 153.177 7.5
      vertex 6.42705 152.237 7.5
      vertex 5.24741 153.364 7.5
    endloop
  endfacet
  facet normal 0 0 1
    outer loop
      vertex 6.42705 152.237 7.5
      vertex 5.13262 153.177 7.5
      vertex 6.12132 151.879 7.5
    endloop
  endfacet
  facet normal -0 0 1
    outer loop
      vertex 4.98995 153.01 7.5
      vertex 6.12132 151.879 7.5
      vertex 5.13262 153.177 7.5
    endloop
  endfacet
  facet normal 0 0 1
    outer loop
      vertex 6.12132 151.879 7.5
      vertex 4.98995 153.01 7.5
      vertex 5.76336 151.573 7.5
    endloop
  endfacet
  facet normal -0 0 1
    outer loop
      vertex 4.8229 152.867 7.5
      vertex 5.76336 151.573 7.5
      vertex 4.98995 153.01 7.5
    endloop
  endfacet
  facet normal 0 0 1
    outer loop
      vertex 5.76336 151.573 7.5
      vertex 4.8229 152.867 7.5
      vertex 5.36197 151.327 7.5
    endloop
  endfacet
  facet normal -0 0 1
    outer loop
      vertex 4.63559 152.753 7.5
      vertex 5.36197 151.327 7.5
      vertex 4.8229 152.867 7.5
    endloop
  endfacet
  facet normal 0 0 1
    outer loop
      vertex 5.36197 151.327 7.5
      vertex 4.63559 152.753 7.5
      vertex 4.92705 151.147 7.5
    endloop
  endfacet
  facet normal -0 0 1
    outer loop
      vertex 4.43262 152.669 7.5
      vertex 4.92705 151.147 7.5
      vertex 4.63559 152.753 7.5
    endloop
  endfacet
  facet normal 0 0 1
    outer loop
      vertex 4.92705 151.147 7.5
      vertex 4.43262 152.669 7.5
      vertex 4.4693 151.037 7.5
    endloop
  endfacet
  facet normal -0 0 1
    outer loop
      vertex 4.21901 152.617 7.5
      vertex 4.4693 151.037 7.5
      vertex 4.43262 152.669 7.5
    endloop
  endfacet
  facet normal -0 0 1
    outer loop
      vertex 4 152.6 7.5
      vertex 4.4693 151.037 7.5
      vertex 4.21901 152.617 7.5
    endloop
  endfacet
  facet normal 0 0 1
    outer loop
      vertex 4 152.6 7.5
      vertex 4 151 7.5
      vertex 4.4693 151.037 7.5
    endloop
  endfacet
  facet normal 0 0 1
    outer loop
      vertex 3.78099 152.617 7.5
      vertex 4 151 7.5
      vertex 4 152.6 7.5
    endloop
  endfacet
  facet normal 0 0 1
    outer loop
      vertex 3.5 151.044 7.5
      vertex 3.78099 152.617 7.5
      vertex 3.56738 152.669 7.5
    endloop
  endfacet
  facet normal 0 0 1
    outer loop
      vertex 3.78099 152.617 7.5
      vertex 3.5307 151.037 7.5
      vertex 4 151 7.5
    endloop
  endfacet
  facet normal 0 0 1
    outer loop
      vertex 3.5 151.044 7.5
      vertex 3.56738 152.669 7.5
      vertex 3.5 152.696 7.5
    endloop
  endfacet
  facet normal 0 0 1
    outer loop
      vertex 3.78099 152.617 7.5
      vertex 3.5 151.044 7.5
      vertex 3.5307 151.037 7.5
    endloop
  endfacet
  facet normal 0 0 1
    outer loop
      vertex 109.219 5.38276 7.5
      vertex 109.5 6.95569 7.5
      vertex 109.469 6.96306 7.5
    endloop
  endfacet
  facet normal 0 0 1
    outer loop
      vertex 109.5 6.95569 7.5
      vertex 109.433 5.33148 7.5
      vertex 109.5 5.30357 7.5
    endloop
  endfacet
  facet normal 0 0 1
    outer loop
      vertex 109.5 6.95569 7.5
      vertex 109.219 5.38276 7.5
      vertex 109.433 5.33148 7.5
    endloop
  endfacet
  facet normal 0 0 1
    outer loop
      vertex 109 7 7.5
      vertex 109.219 5.38276 7.5
      vertex 109.469 6.96306 7.5
    endloop
  endfacet
  facet normal 0 0 1
    outer loop
      vertex 109 7 7.5
      vertex 109 5.4 7.5
      vertex 109.219 5.38276 7.5
    endloop
  endfacet
  facet normal 0 0 1
    outer loop
      vertex 109 7 7.5
      vertex 108.781 5.38276 7.5
      vertex 109 5.4 7.5
    endloop
  endfacet
  facet normal -0 0 1
    outer loop
      vertex 108.531 6.96306 7.5
      vertex 108.781 5.38276 7.5
      vertex 109 7 7.5
    endloop
  endfacet
  facet normal 0 0 1
    outer loop
      vertex 108.781 5.38276 7.5
      vertex 108.531 6.96306 7.5
      vertex 108.567 5.33148 7.5
    endloop
  endfacet
  facet normal -0 0 1
    outer loop
      vertex 108.073 6.85317 7.5
      vertex 108.567 5.33148 7.5
      vertex 108.531 6.96306 7.5
    endloop
  endfacet
  facet normal 0 0 1
    outer loop
      vertex 108.567 5.33148 7.5
      vertex 108.073 6.85317 7.5
      vertex 108.364 5.24741 7.5
    endloop
  endfacet
  facet normal -0 0 1
    outer loop
      vertex 107.638 6.67302 7.5
      vertex 108.364 5.24741 7.5
      vertex 108.073 6.85317 7.5
    endloop
  endfacet
  facet normal 0 0 1
    outer loop
      vertex 108.364 5.24741 7.5
      vertex 107.638 6.67302 7.5
      vertex 108.177 5.13262 7.5
    endloop
  endfacet
  facet normal -0 0 1
    outer loop
      vertex 107.237 6.42705 7.5
      vertex 108.177 5.13262 7.5
      vertex 107.638 6.67302 7.5
    endloop
  endfacet
  facet normal 0 0 1
    outer loop
      vertex 108.177 5.13262 7.5
      vertex 107.237 6.42705 7.5
      vertex 108.01 4.98995 7.5
    endloop
  endfacet
  facet normal -0 0 1
    outer loop
      vertex 106.879 6.12132 7.5
      vertex 108.01 4.98995 7.5
      vertex 107.237 6.42705 7.5
    endloop
  endfacet
  facet normal 0 0 1
    outer loop
      vertex 108.01 4.98995 7.5
      vertex 106.879 6.12132 7.5
      vertex 107.867 4.8229 7.5
    endloop
  endfacet
  facet normal -0 0 1
    outer loop
      vertex 106.573 5.76336 7.5
      vertex 107.867 4.8229 7.5
      vertex 106.879 6.12132 7.5
    endloop
  endfacet
  facet normal 0 0 1
    outer loop
      vertex 107.867 4.8229 7.5
      vertex 106.573 5.76336 7.5
      vertex 107.753 4.63559 7.5
    endloop
  endfacet
  facet normal -0 0 1
    outer loop
      vertex 106.327 5.36197 7.5
      vertex 107.753 4.63559 7.5
      vertex 106.573 5.76336 7.5
    endloop
  endfacet
  facet normal 0 0 1
    outer loop
      vertex 107.753 4.63559 7.5
      vertex 106.327 5.36197 7.5
      vertex 107.669 4.43262 7.5
    endloop
  endfacet
  facet normal -0 0 1
    outer loop
      vertex 106.147 4.92705 7.5
      vertex 107.669 4.43262 7.5
      vertex 106.327 5.36197 7.5
    endloop
  endfacet
  facet normal 0 0 1
    outer loop
      vertex 107.669 4.43262 7.5
      vertex 106.147 4.92705 7.5
      vertex 107.617 4.21901 7.5
    endloop
  endfacet
  facet normal -0 0 1
    outer loop
      vertex 106.037 4.4693 7.5
      vertex 107.617 4.21901 7.5
      vertex 106.147 4.92705 7.5
    endloop
  endfacet
  facet normal 0 0 1
    outer loop
      vertex 107.617 4.21901 7.5
      vertex 106.037 4.4693 7.5
      vertex 107.6 4 7.5
    endloop
  endfacet
  facet normal 0 0 1
    outer loop
      vertex 106 4 7.5
      vertex 107.6 4 7.5
      vertex 106.037 4.4693 7.5
    endloop
  endfacet
  facet normal 0 0 1
    outer loop
      vertex 107.6 4 7.5
      vertex 106 4 7.5
      vertex 107.617 3.78099 7.5
    endloop
  endfacet
  facet normal 0 -0 1
    outer loop
      vertex 106.037 3.5307 7.5
      vertex 107.617 3.78099 7.5
      vertex 106 4 7.5
    endloop
  endfacet
  facet normal 0 -0 1
    outer loop
      vertex 106.044 3.5 7.5
      vertex 107.617 3.78099 7.5
      vertex 106.037 3.5307 7.5
    endloop
  endfacet
  facet normal 0 0 1
    outer loop
      vertex 107.617 3.78099 7.5
      vertex 106.044 3.5 7.5
      vertex 107.669 3.56738 7.5
    endloop
  endfacet
  facet normal 0 0 1
    outer loop
      vertex 107.669 3.56738 7.5
      vertex 106.044 3.5 7.5
      vertex 107.696 3.5 7.5
    endloop
  endfacet
  facet normal 0 0 1
    outer loop
      vertex 106 154 7.5
      vertex 107.6 154 7.5
      vertex 107.617 154.219 7.5
    endloop
  endfacet
  facet normal 0 0 1
    outer loop
      vertex 107.6 154 7.5
      vertex 106.879 151.879 7.5
      vertex 107.237 151.573 7.5
    endloop
  endfacet
  facet normal 0 0 1
    outer loop
      vertex 106.044 154.5 7.5
      vertex 107.617 154.219 7.5
      vertex 107.669 154.433 7.5
    endloop
  endfacet
  facet normal 0 0 1
    outer loop
      vertex 107.6 154 7.5
      vertex 106.573 152.237 7.5
      vertex 106.879 151.879 7.5
    endloop
  endfacet
  facet normal -0 0 1
    outer loop
      vertex 106.044 154.5 7.5
      vertex 107.669 154.433 7.5
      vertex 107.696 154.5 7.5
    endloop
  endfacet
  facet normal 0 0 1
    outer loop
      vertex 107.6 154 7.5
      vertex 106.327 152.638 7.5
      vertex 106.573 152.237 7.5
    endloop
  endfacet
  facet normal 0 0 1
    outer loop
      vertex 107.6 154 7.5
      vertex 106.147 153.073 7.5
      vertex 106.327 152.638 7.5
    endloop
  endfacet
  facet normal 0 0 1
    outer loop
      vertex 107.617 154.219 7.5
      vertex 106.044 154.5 7.5
      vertex 106.037 154.469 7.5
    endloop
  endfacet
  facet normal 0 0 1
    outer loop
      vertex 107.617 154.219 7.5
      vertex 106.037 154.469 7.5
      vertex 106 154 7.5
    endloop
  endfacet
  facet normal 0 0 1
    outer loop
      vertex 107.6 154 7.5
      vertex 106.037 153.531 7.5
      vertex 106.147 153.073 7.5
    endloop
  endfacet
  facet normal 0 0 1
    outer loop
      vertex 107.6 154 7.5
      vertex 106 154 7.5
      vertex 106.037 153.531 7.5
    endloop
  endfacet
  facet normal -0 0 1
    outer loop
      vertex 109.433 152.669 7.5
      vertex 109.5 151.044 7.5
      vertex 109.5 152.696 7.5
    endloop
  endfacet
  facet normal -0 0 1
    outer loop
      vertex 109.219 152.617 7.5
      vertex 109.5 151.044 7.5
      vertex 109.433 152.669 7.5
    endloop
  endfacet
  facet normal 0 0 1
    outer loop
      vertex 109.5 151.044 7.5
      vertex 109.219 152.617 7.5
      vertex 109.469 151.037 7.5
    endloop
  endfacet
  facet normal -0 0 1
    outer loop
      vertex 109 152.6 7.5
      vertex 109.469 151.037 7.5
      vertex 109.219 152.617 7.5
    endloop
  endfacet
  facet normal 0 0 1
    outer loop
      vertex 109 152.6 7.5
      vertex 109 151 7.5
      vertex 109.469 151.037 7.5
    endloop
  endfacet
  facet normal 0 0 1
    outer loop
      vertex 108.781 152.617 7.5
      vertex 109 151 7.5
      vertex 109 152.6 7.5
    endloop
  endfacet
  facet normal 0 0 1
    outer loop
      vertex 108.531 151.037 7.5
      vertex 108.781 152.617 7.5
      vertex 108.567 152.669 7.5
    endloop
  endfacet
  facet normal 0 0 1
    outer loop
      vertex 108.781 152.617 7.5
      vertex 108.531 151.037 7.5
      vertex 109 151 7.5
    endloop
  endfacet
  facet normal 0 0 1
    outer loop
      vertex 108.073 151.147 7.5
      vertex 108.567 152.669 7.5
      vertex 108.364 152.753 7.5
    endloop
  endfacet
  facet normal 0 0 1
    outer loop
      vertex 107.638 151.327 7.5
      vertex 108.364 152.753 7.5
      vertex 108.177 152.867 7.5
    endloop
  endfacet
  facet normal 0 0 1
    outer loop
      vertex 108.567 152.669 7.5
      vertex 108.073 151.147 7.5
      vertex 108.531 151.037 7.5
    endloop
  endfacet
  facet normal 0 0 1
    outer loop
      vertex 107.237 151.573 7.5
      vertex 108.177 152.867 7.5
      vertex 108.01 153.01 7.5
    endloop
  endfacet
  facet normal 0 0 1
    outer loop
      vertex 107.237 151.573 7.5
      vertex 108.01 153.01 7.5
      vertex 107.867 153.177 7.5
    endloop
  endfacet
  facet normal 0 0 1
    outer loop
      vertex 107.237 151.573 7.5
      vertex 107.867 153.177 7.5
      vertex 107.753 153.364 7.5
    endloop
  endfacet
  facet normal 0 0 1
    outer loop
      vertex 107.237 151.573 7.5
      vertex 107.753 153.364 7.5
      vertex 107.669 153.567 7.5
    endloop
  endfacet
  facet normal 0 0 1
    outer loop
      vertex 108.364 152.753 7.5
      vertex 107.638 151.327 7.5
      vertex 108.073 151.147 7.5
    endloop
  endfacet
  facet normal 0 0 1
    outer loop
      vertex 107.237 151.573 7.5
      vertex 107.669 153.567 7.5
      vertex 107.617 153.781 7.5
    endloop
  endfacet
  facet normal 0 0 1
    outer loop
      vertex 107.237 151.573 7.5
      vertex 107.617 153.781 7.5
      vertex 107.6 154 7.5
    endloop
  endfacet
  facet normal 0 0 1
    outer loop
      vertex 108.177 152.867 7.5
      vertex 107.237 151.573 7.5
      vertex 107.638 151.327 7.5
    endloop
  endfacet
  facet normal 0.852651 0.522481 0
    outer loop
      vertex 12.1185 10.589 7.5
      vertex 11.8316 11.0572 2.5
      vertex 11.8316 11.0572 7.5
    endloop
  endfacet
  facet normal 0.852651 0.522481 0
    outer loop
      vertex 11.8316 11.0572 2.5
      vertex 12.1185 10.589 7.5
      vertex 12.1185 10.589 2.5
    endloop
  endfacet
  facet normal -0.522495 -0.852642 0
    outer loop
      vertex 6.94275 6.16844 2.5
      vertex 7.41103 5.88148 7.5
      vertex 6.94275 6.16844 7.5
    endloop
  endfacet
  facet normal -0.522495 -0.852642 -0
    outer loop
      vertex 7.41103 5.88148 7.5
      vertex 6.94275 6.16844 2.5
      vertex 7.41103 5.88148 2.5
    endloop
  endfacet
  facet normal 0.923864 -0.382721 0
    outer loop
      vertex 12.1185 7.41103 7.5
      vertex 12.3287 7.91844 2.5
      vertex 12.3287 7.91844 7.5
    endloop
  endfacet
  facet normal 0.923864 -0.382721 0
    outer loop
      vertex 12.3287 7.91844 2.5
      vertex 12.1185 7.41103 7.5
      vertex 12.1185 7.41103 2.5
    endloop
  endfacet
  facet normal 0.76045 0.649396 0
    outer loop
      vertex 11.8316 11.0572 7.5
      vertex 11.4749 11.4749 2.5
      vertex 11.4749 11.4749 7.5
    endloop
  endfacet
  facet normal 0.76045 0.649396 0
    outer loop
      vertex 11.4749 11.4749 2.5
      vertex 11.8316 11.0572 7.5
      vertex 11.8316 11.0572 2.5
    endloop
  endfacet
  facet normal 0.233409 0.972379 -0
    outer loop
      vertex 10.0816 12.3287 2.5
      vertex 9.54752 12.4569 7.5
      vertex 10.0816 12.3287 7.5
    endloop
  endfacet
  facet normal 0.233409 0.972379 0
    outer loop
      vertex 9.54752 12.4569 7.5
      vertex 10.0816 12.3287 2.5
      vertex 9.54752 12.4569 2.5
    endloop
  endfacet
  facet normal 0.0784758 0.996916 -0
    outer loop
      vertex 9.54752 12.4569 2.5
      vertex 9 12.5 7.5
      vertex 9.54752 12.4569 7.5
    endloop
  endfacet
  facet normal 0.0784758 0.996916 0
    outer loop
      vertex 9 12.5 7.5
      vertex 9.54752 12.4569 2.5
      vertex 9 12.5 2.5
    endloop
  endfacet
  facet normal -0.972371 -0.233443 0
    outer loop
      vertex 5.6713 7.91844 2.5
      vertex 5.54309 8.45248 7.5
      vertex 5.54309 8.45248 2.5
    endloop
  endfacet
  facet normal -0.972371 -0.233443 0
    outer loop
      vertex 5.54309 8.45248 7.5
      vertex 5.6713 7.91844 2.5
      vertex 5.6713 7.91844 7.5
    endloop
  endfacet
  facet normal 0.852691 -0.522416 0
    outer loop
      vertex 11.8316 6.94275 7.5
      vertex 12.1185 7.41103 2.5
      vertex 12.1185 7.41103 7.5
    endloop
  endfacet
  facet normal 0.852691 -0.522416 0
    outer loop
      vertex 12.1185 7.41103 2.5
      vertex 11.8316 6.94275 7.5
      vertex 11.8316 6.94275 2.5
    endloop
  endfacet
  facet normal -0.923877 -0.382689 0
    outer loop
      vertex 5.88148 7.41103 2.5
      vertex 5.6713 7.91844 7.5
      vertex 5.6713 7.91844 2.5
    endloop
  endfacet
  facet normal -0.923877 -0.382689 0
    outer loop
      vertex 5.6713 7.91844 7.5
      vertex 5.88148 7.41103 2.5
      vertex 5.88148 7.41103 7.5
    endloop
  endfacet
  facet normal 0.649396 0.76045 -0
    outer loop
      vertex 11.4749 11.4749 2.5
      vertex 11.0572 11.8316 7.5
      vertex 11.4749 11.4749 7.5
    endloop
  endfacet
  facet normal 0.649396 0.76045 0
    outer loop
      vertex 11.0572 11.8316 7.5
      vertex 11.4749 11.4749 2.5
      vertex 11.0572 11.8316 2.5
    endloop
  endfacet
  facet normal 0.522481 0.852651 -0
    outer loop
      vertex 11.0572 11.8316 2.5
      vertex 10.589 12.1185 7.5
      vertex 11.0572 11.8316 7.5
    endloop
  endfacet
  facet normal 0.522481 0.852651 0
    outer loop
      vertex 10.589 12.1185 7.5
      vertex 11.0572 11.8316 2.5
      vertex 10.589 12.1185 2.5
    endloop
  endfacet
  facet normal -0.760398 -0.649457 0
    outer loop
      vertex 6.52513 6.52513 2.5
      vertex 6.16844 6.94275 7.5
      vertex 6.16844 6.94275 2.5
    endloop
  endfacet
  facet normal -0.760398 -0.649457 0
    outer loop
      vertex 6.16844 6.94275 7.5
      vertex 6.52513 6.52513 2.5
      vertex 6.52513 6.52513 7.5
    endloop
  endfacet
  facet normal 0.382727 0.923861 -0
    outer loop
      vertex 10.589 12.1185 2.5
      vertex 10.0816 12.3287 7.5
      vertex 10.589 12.1185 7.5
    endloop
  endfacet
  facet normal 0.382727 0.923861 0
    outer loop
      vertex 10.0816 12.3287 7.5
      vertex 10.589 12.1185 2.5
      vertex 10.0816 12.3287 2.5
    endloop
  endfacet
  facet normal -0.0784577 -0.996917 0
    outer loop
      vertex 8.45248 5.54309 2.5
      vertex 9 5.5 7.5
      vertex 8.45248 5.54309 7.5
    endloop
  endfacet
  facet normal -0.0784577 -0.996917 -0
    outer loop
      vertex 9 5.5 7.5
      vertex 8.45248 5.54309 2.5
      vertex 9 5.5 2.5
    endloop
  endfacet
  facet normal 0.649385 -0.760459 0
    outer loop
      vertex 11.0572 6.16844 2.5
      vertex 11.4749 6.52513 7.5
      vertex 11.0572 6.16844 7.5
    endloop
  endfacet
  facet normal 0.649385 -0.760459 0
    outer loop
      vertex 11.4749 6.52513 7.5
      vertex 11.0572 6.16844 2.5
      vertex 11.4749 6.52513 2.5
    endloop
  endfacet
  facet normal 0.996916 -0.0784758 0
    outer loop
      vertex 12.4569 8.45248 7.5
      vertex 12.5 9 2.5
      vertex 12.5 9 7.5
    endloop
  endfacet
  facet normal 0.996916 -0.0784758 0
    outer loop
      vertex 12.5 9 2.5
      vertex 12.4569 8.45248 7.5
      vertex 12.4569 8.45248 2.5
    endloop
  endfacet
  facet normal -0.972375 0.233426 0
    outer loop
      vertex 5.54309 9.54752 2.5
      vertex 5.6713 10.0816 7.5
      vertex 5.6713 10.0816 2.5
    endloop
  endfacet
  facet normal -0.972375 0.233426 0
    outer loop
      vertex 5.6713 10.0816 7.5
      vertex 5.54309 9.54752 2.5
      vertex 5.54309 9.54752 7.5
    endloop
  endfacet
  facet normal -0.649468 0.760389 0
    outer loop
      vertex 6.94275 11.8316 2.5
      vertex 6.52513 11.4749 7.5
      vertex 6.94275 11.8316 7.5
    endloop
  endfacet
  facet normal -0.649468 0.760389 0
    outer loop
      vertex 6.52513 11.4749 7.5
      vertex 6.94275 11.8316 2.5
      vertex 6.52513 11.4749 2.5
    endloop
  endfacet
  facet normal 0.52256 -0.852602 0
    outer loop
      vertex 10.589 5.88148 2.5
      vertex 11.0572 6.16844 7.5
      vertex 10.589 5.88148 7.5
    endloop
  endfacet
  facet normal 0.52256 -0.852602 0
    outer loop
      vertex 11.0572 6.16844 7.5
      vertex 10.589 5.88148 2.5
      vertex 11.0572 6.16844 2.5
    endloop
  endfacet
  facet normal -0.522416 0.852691 0
    outer loop
      vertex 7.41103 12.1185 2.5
      vertex 6.94275 11.8316 7.5
      vertex 7.41103 12.1185 7.5
    endloop
  endfacet
  facet normal -0.522416 0.852691 0
    outer loop
      vertex 6.94275 11.8316 7.5
      vertex 7.41103 12.1185 2.5
      vertex 6.94275 11.8316 2.5
    endloop
  endfacet
  facet normal -0.923874 0.382696 0
    outer loop
      vertex 5.6713 10.0816 2.5
      vertex 5.88148 10.589 7.5
      vertex 5.88148 10.589 2.5
    endloop
  endfacet
  facet normal -0.923874 0.382696 0
    outer loop
      vertex 5.88148 10.589 7.5
      vertex 5.6713 10.0816 2.5
      vertex 5.6713 10.0816 7.5
    endloop
  endfacet
  facet normal -0.233425 0.972375 0
    outer loop
      vertex 8.45248 12.4569 2.5
      vertex 7.91844 12.3287 7.5
      vertex 8.45248 12.4569 7.5
    endloop
  endfacet
  facet normal -0.233425 0.972375 0
    outer loop
      vertex 7.91844 12.3287 7.5
      vertex 8.45248 12.4569 2.5
      vertex 7.91844 12.3287 2.5
    endloop
  endfacet
  facet normal 0.233426 -0.972375 0
    outer loop
      vertex 9.54752 5.54309 2.5
      vertex 10.0816 5.6713 7.5
      vertex 9.54752 5.54309 7.5
    endloop
  endfacet
  facet normal 0.233426 -0.972375 0
    outer loop
      vertex 10.0816 5.6713 7.5
      vertex 9.54752 5.54309 2.5
      vertex 10.0816 5.6713 2.5
    endloop
  endfacet
  facet normal -0.0784758 0.996916 0
    outer loop
      vertex 9 12.5 2.5
      vertex 8.45248 12.4569 7.5
      vertex 9 12.5 7.5
    endloop
  endfacet
  facet normal -0.0784758 0.996916 0
    outer loop
      vertex 8.45248 12.4569 7.5
      vertex 9 12.5 2.5
      vertex 8.45248 12.4569 2.5
    endloop
  endfacet
  facet normal -0.852642 -0.522495 0
    outer loop
      vertex 6.16844 6.94275 2.5
      vertex 5.88148 7.41103 7.5
      vertex 5.88148 7.41103 2.5
    endloop
  endfacet
  facet normal -0.852642 -0.522495 0
    outer loop
      vertex 5.88148 7.41103 7.5
      vertex 6.16844 6.94275 2.5
      vertex 6.16844 6.94275 7.5
    endloop
  endfacet
  facet normal -0.852602 0.52256 0
    outer loop
      vertex 5.88148 10.589 2.5
      vertex 6.16844 11.0572 7.5
      vertex 6.16844 11.0572 2.5
    endloop
  endfacet
  facet normal -0.852602 0.52256 0
    outer loop
      vertex 6.16844 11.0572 7.5
      vertex 5.88148 10.589 2.5
      vertex 5.88148 10.589 7.5
    endloop
  endfacet
  facet normal -0.996917 -0.0784577 0
    outer loop
      vertex 5.54309 8.45248 2.5
      vertex 5.5 9 7.5
      vertex 5.5 9 2.5
    endloop
  endfacet
  facet normal -0.996917 -0.0784577 0
    outer loop
      vertex 5.5 9 7.5
      vertex 5.54309 8.45248 2.5
      vertex 5.54309 8.45248 7.5
    endloop
  endfacet
  facet normal -0.382721 0.923864 0
    outer loop
      vertex 7.91844 12.3287 2.5
      vertex 7.41103 12.1185 7.5
      vertex 7.91844 12.3287 7.5
    endloop
  endfacet
  facet normal -0.382721 0.923864 0
    outer loop
      vertex 7.41103 12.1185 7.5
      vertex 7.91844 12.3287 2.5
      vertex 7.41103 12.1185 2.5
    endloop
  endfacet
  facet normal 0.382696 -0.923874 0
    outer loop
      vertex 10.0816 5.6713 2.5
      vertex 10.589 5.88148 7.5
      vertex 10.0816 5.6713 7.5
    endloop
  endfacet
  facet normal 0.382696 -0.923874 0
    outer loop
      vertex 10.589 5.88148 7.5
      vertex 10.0816 5.6713 2.5
      vertex 10.589 5.88148 2.5
    endloop
  endfacet
  facet normal 0.760389 -0.649468 0
    outer loop
      vertex 11.4749 6.52513 7.5
      vertex 11.8316 6.94275 2.5
      vertex 11.8316 6.94275 7.5
    endloop
  endfacet
  facet normal 0.760389 -0.649468 0
    outer loop
      vertex 11.8316 6.94275 2.5
      vertex 11.4749 6.52513 7.5
      vertex 11.4749 6.52513 2.5
    endloop
  endfacet
  facet normal -0.996917 0.0784577 0
    outer loop
      vertex 5.5 9 2.5
      vertex 5.54309 9.54752 7.5
      vertex 5.54309 9.54752 2.5
    endloop
  endfacet
  facet normal -0.996917 0.0784577 0
    outer loop
      vertex 5.54309 9.54752 7.5
      vertex 5.5 9 2.5
      vertex 5.5 9 7.5
    endloop
  endfacet
  facet normal 0.972375 -0.233425 0
    outer loop
      vertex 12.3287 7.91844 7.5
      vertex 12.4569 8.45248 2.5
      vertex 12.4569 8.45248 7.5
    endloop
  endfacet
  facet normal 0.972375 -0.233425 0
    outer loop
      vertex 12.4569 8.45248 2.5
      vertex 12.3287 7.91844 7.5
      vertex 12.3287 7.91844 2.5
    endloop
  endfacet
  facet normal -0.649457 -0.760398 0
    outer loop
      vertex 6.52513 6.52513 2.5
      vertex 6.94275 6.16844 7.5
      vertex 6.52513 6.52513 7.5
    endloop
  endfacet
  facet normal -0.649457 -0.760398 -0
    outer loop
      vertex 6.94275 6.16844 7.5
      vertex 6.52513 6.52513 2.5
      vertex 6.94275 6.16844 2.5
    endloop
  endfacet
  facet normal -0.382689 -0.923877 0
    outer loop
      vertex 7.41103 5.88148 2.5
      vertex 7.91844 5.6713 7.5
      vertex 7.41103 5.88148 7.5
    endloop
  endfacet
  facet normal -0.382689 -0.923877 -0
    outer loop
      vertex 7.91844 5.6713 7.5
      vertex 7.41103 5.88148 2.5
      vertex 7.91844 5.6713 2.5
    endloop
  endfacet
  facet normal -0.233443 -0.972371 0
    outer loop
      vertex 7.91844 5.6713 2.5
      vertex 8.45248 5.54309 7.5
      vertex 7.91844 5.6713 7.5
    endloop
  endfacet
  facet normal -0.233443 -0.972371 -0
    outer loop
      vertex 8.45248 5.54309 7.5
      vertex 7.91844 5.6713 2.5
      vertex 8.45248 5.54309 2.5
    endloop
  endfacet
  facet normal -0.760459 0.649385 0
    outer loop
      vertex 6.16844 11.0572 2.5
      vertex 6.52513 11.4749 7.5
      vertex 6.52513 11.4749 2.5
    endloop
  endfacet
  facet normal -0.760459 0.649385 0
    outer loop
      vertex 6.52513 11.4749 7.5
      vertex 6.16844 11.0572 2.5
      vertex 6.16844 11.0572 7.5
    endloop
  endfacet
  facet normal -0.0784751 0.996916 0
    outer loop
      vertex 9.21901 7.61724 2.5
      vertex 9 7.6 7.5
      vertex 9.21901 7.61724 7.5
    endloop
  endfacet
  facet normal -0.0784751 0.996916 0
    outer loop
      vertex 9 7.6 7.5
      vertex 9.21901 7.61724 2.5
      vertex 9 7.6 2.5
    endloop
  endfacet
  facet normal -0.972353 -0.233518 0
    outer loop
      vertex 10.3828 9.21901 2.5
      vertex 10.3315 9.43262 7.5
      vertex 10.3315 9.43262 2.5
    endloop
  endfacet
  facet normal -0.972353 -0.233518 0
    outer loop
      vertex 10.3315 9.43262 7.5
      vertex 10.3828 9.21901 2.5
      vertex 10.3828 9.21901 7.5
    endloop
  endfacet
  facet normal -0.99693 -0.0782941 0
    outer loop
      vertex 10.4 9 2.5
      vertex 10.3828 9.21901 7.5
      vertex 10.3828 9.21901 2.5
    endloop
  endfacet
  facet normal -0.99693 -0.0782941 0
    outer loop
      vertex 10.3828 9.21901 7.5
      vertex 10.4 9 2.5
      vertex 10.4 9 7.5
    endloop
  endfacet
  facet normal -0.923836 -0.382789 0
    outer loop
      vertex 10.3315 9.43262 2.5
      vertex 10.2474 9.63559 7.5
      vertex 10.2474 9.63559 2.5
    endloop
  endfacet
  facet normal -0.923836 -0.382789 0
    outer loop
      vertex 10.2474 9.63559 7.5
      vertex 10.3315 9.43262 2.5
      vertex 10.3315 9.43262 7.5
    endloop
  endfacet
  facet normal -0.522519 0.852627 0
    outer loop
      vertex 9.8229 7.86738 2.5
      vertex 9.63559 7.75259 7.5
      vertex 9.8229 7.86738 7.5
    endloop
  endfacet
  facet normal -0.522519 0.852627 0
    outer loop
      vertex 9.63559 7.75259 7.5
      vertex 9.8229 7.86738 2.5
      vertex 9.63559 7.75259 2.5
    endloop
  endfacet
  facet normal -0.852607 -0.522552 0
    outer loop
      vertex 10.2474 9.63559 2.5
      vertex 10.1326 9.8229 7.5
      vertex 10.1326 9.8229 2.5
    endloop
  endfacet
  facet normal -0.852607 -0.522552 0
    outer loop
      vertex 10.1326 9.8229 7.5
      vertex 10.2474 9.63559 2.5
      vertex 10.2474 9.63559 7.5
    endloop
  endfacet
  facet normal -0.76046 -0.649384 0
    outer loop
      vertex 10.1326 9.8229 2.5
      vertex 9.98995 9.98995 7.5
      vertex 9.98995 9.98995 2.5
    endloop
  endfacet
  facet normal -0.76046 -0.649384 0
    outer loop
      vertex 9.98995 9.98995 7.5
      vertex 10.1326 9.8229 2.5
      vertex 10.1326 9.8229 7.5
    endloop
  endfacet
  facet normal 0.996916 -0.0784751 0
    outer loop
      vertex 7.6 9 7.5
      vertex 7.61724 9.21901 2.5
      vertex 7.61724 9.21901 7.5
    endloop
  endfacet
  facet normal 0.996916 -0.0784751 0
    outer loop
      vertex 7.61724 9.21901 2.5
      vertex 7.6 9 7.5
      vertex 7.6 9 2.5
    endloop
  endfacet
  facet normal -0.233431 0.972373 0
    outer loop
      vertex 9.43262 7.66852 2.5
      vertex 9.21901 7.61724 7.5
      vertex 9.43262 7.66852 7.5
    endloop
  endfacet
  facet normal -0.233431 0.972373 0
    outer loop
      vertex 9.21901 7.61724 7.5
      vertex 9.43262 7.66852 2.5
      vertex 9.21901 7.61724 2.5
    endloop
  endfacet
  facet normal 0.852627 0.522519 0
    outer loop
      vertex 7.86738 8.1771 7.5
      vertex 7.75259 8.36441 2.5
      vertex 7.75259 8.36441 7.5
    endloop
  endfacet
  facet normal 0.852627 0.522519 0
    outer loop
      vertex 7.75259 8.36441 2.5
      vertex 7.86738 8.1771 7.5
      vertex 7.86738 8.1771 2.5
    endloop
  endfacet
  facet normal 0.923884 0.382672 0
    outer loop
      vertex 7.75259 8.36441 7.5
      vertex 7.66852 8.56738 2.5
      vertex 7.66852 8.56738 7.5
    endloop
  endfacet
  facet normal 0.923884 0.382672 0
    outer loop
      vertex 7.66852 8.56738 2.5
      vertex 7.75259 8.36441 7.5
      vertex 7.75259 8.36441 2.5
    endloop
  endfacet
  facet normal -0.522552 -0.852607 0
    outer loop
      vertex 9.63559 10.2474 2.5
      vertex 9.8229 10.1326 7.5
      vertex 9.63559 10.2474 7.5
    endloop
  endfacet
  facet normal -0.522552 -0.852607 -0
    outer loop
      vertex 9.8229 10.1326 7.5
      vertex 9.63559 10.2474 2.5
      vertex 9.8229 10.1326 2.5
    endloop
  endfacet
  facet normal -0.923836 0.382789 0
    outer loop
      vertex 10.2474 8.36441 2.5
      vertex 10.3315 8.56738 7.5
      vertex 10.3315 8.56738 2.5
    endloop
  endfacet
  facet normal -0.923836 0.382789 0
    outer loop
      vertex 10.3315 8.56738 7.5
      vertex 10.2474 8.36441 2.5
      vertex 10.2474 8.36441 7.5
    endloop
  endfacet
  facet normal 0.760415 -0.649437 0
    outer loop
      vertex 7.86738 9.8229 7.5
      vertex 8.01005 9.98995 2.5
      vertex 8.01005 9.98995 7.5
    endloop
  endfacet
  facet normal 0.760415 -0.649437 0
    outer loop
      vertex 8.01005 9.98995 2.5
      vertex 7.86738 9.8229 7.5
      vertex 7.86738 9.8229 2.5
    endloop
  endfacet
  facet normal 0.996916 0.0784751 0
    outer loop
      vertex 7.61724 8.78099 7.5
      vertex 7.6 9 2.5
      vertex 7.6 9 7.5
    endloop
  endfacet
  facet normal 0.996916 0.0784751 0
    outer loop
      vertex 7.6 9 2.5
      vertex 7.61724 8.78099 7.5
      vertex 7.61724 8.78099 2.5
    endloop
  endfacet
  facet normal -0.76046 0.649384 0
    outer loop
      vertex 9.98995 8.01005 2.5
      vertex 10.1326 8.1771 7.5
      vertex 10.1326 8.1771 2.5
    endloop
  endfacet
  facet normal -0.76046 0.649384 0
    outer loop
      vertex 10.1326 8.1771 7.5
      vertex 9.98995 8.01005 2.5
      vertex 9.98995 8.01005 7.5
    endloop
  endfacet
  facet normal -0.852607 0.522552 0
    outer loop
      vertex 10.1326 8.1771 2.5
      vertex 10.2474 8.36441 7.5
      vertex 10.2474 8.36441 2.5
    endloop
  endfacet
  facet normal -0.852607 0.522552 0
    outer loop
      vertex 10.2474 8.36441 7.5
      vertex 10.1326 8.1771 2.5
      vertex 10.1326 8.1771 7.5
    endloop
  endfacet
  facet normal 0.233431 0.972373 -0
    outer loop
      vertex 8.78099 7.61724 2.5
      vertex 8.56738 7.66852 7.5
      vertex 8.78099 7.61724 7.5
    endloop
  endfacet
  facet normal 0.233431 0.972373 0
    outer loop
      vertex 8.56738 7.66852 7.5
      vertex 8.78099 7.61724 2.5
      vertex 8.56738 7.66852 2.5
    endloop
  endfacet
  facet normal 0.972373 0.233431 0
    outer loop
      vertex 7.66852 8.56738 7.5
      vertex 7.61724 8.78099 2.5
      vertex 7.61724 8.78099 7.5
    endloop
  endfacet
  facet normal 0.972373 0.233431 0
    outer loop
      vertex 7.61724 8.78099 2.5
      vertex 7.66852 8.56738 7.5
      vertex 7.66852 8.56738 2.5
    endloop
  endfacet
  facet normal 0.382672 0.923884 -0
    outer loop
      vertex 8.56738 7.66852 2.5
      vertex 8.36441 7.75259 7.5
      vertex 8.56738 7.66852 7.5
    endloop
  endfacet
  facet normal 0.382672 0.923884 0
    outer loop
      vertex 8.36441 7.75259 7.5
      vertex 8.56738 7.66852 2.5
      vertex 8.36441 7.75259 2.5
    endloop
  endfacet
  facet normal -0.99693 0.0782941 0
    outer loop
      vertex 10.3828 8.78099 2.5
      vertex 10.4 9 7.5
      vertex 10.4 9 2.5
    endloop
  endfacet
  facet normal -0.99693 0.0782941 0
    outer loop
      vertex 10.4 9 7.5
      vertex 10.3828 8.78099 2.5
      vertex 10.3828 8.78099 7.5
    endloop
  endfacet
  facet normal -0.972353 0.233518 0
    outer loop
      vertex 10.3315 8.56738 2.5
      vertex 10.3828 8.78099 7.5
      vertex 10.3828 8.78099 2.5
    endloop
  endfacet
  facet normal -0.972353 0.233518 0
    outer loop
      vertex 10.3828 8.78099 7.5
      vertex 10.3315 8.56738 2.5
      vertex 10.3315 8.56738 7.5
    endloop
  endfacet
  facet normal 0.649384 -0.76046 0
    outer loop
      vertex 8.01005 9.98995 2.5
      vertex 8.1771 10.1326 7.5
      vertex 8.01005 9.98995 7.5
    endloop
  endfacet
  facet normal 0.649384 -0.76046 0
    outer loop
      vertex 8.1771 10.1326 7.5
      vertex 8.01005 9.98995 2.5
      vertex 8.1771 10.1326 2.5
    endloop
  endfacet
  facet normal 0.382789 -0.923836 0
    outer loop
      vertex 8.36441 10.2474 2.5
      vertex 8.56738 10.3315 7.5
      vertex 8.36441 10.2474 7.5
    endloop
  endfacet
  facet normal 0.382789 -0.923836 0
    outer loop
      vertex 8.56738 10.3315 7.5
      vertex 8.36441 10.2474 2.5
      vertex 8.56738 10.3315 2.5
    endloop
  endfacet
  facet normal -0.649384 -0.76046 0
    outer loop
      vertex 9.8229 10.1326 2.5
      vertex 9.98995 9.98995 7.5
      vertex 9.8229 10.1326 7.5
    endloop
  endfacet
  facet normal -0.649384 -0.76046 -0
    outer loop
      vertex 9.98995 9.98995 7.5
      vertex 9.8229 10.1326 2.5
      vertex 9.98995 9.98995 2.5
    endloop
  endfacet
  facet normal 0.852627 -0.522519 0
    outer loop
      vertex 7.75259 9.63559 7.5
      vertex 7.86738 9.8229 2.5
      vertex 7.86738 9.8229 7.5
    endloop
  endfacet
  facet normal 0.852627 -0.522519 0
    outer loop
      vertex 7.86738 9.8229 2.5
      vertex 7.75259 9.63559 7.5
      vertex 7.75259 9.63559 2.5
    endloop
  endfacet
  facet normal 0.923884 -0.382672 0
    outer loop
      vertex 7.66852 9.43262 7.5
      vertex 7.75259 9.63559 2.5
      vertex 7.75259 9.63559 7.5
    endloop
  endfacet
  facet normal 0.923884 -0.382672 0
    outer loop
      vertex 7.75259 9.63559 2.5
      vertex 7.66852 9.43262 7.5
      vertex 7.66852 9.43262 2.5
    endloop
  endfacet
  facet normal 0.233518 -0.972353 0
    outer loop
      vertex 8.56738 10.3315 2.5
      vertex 8.78099 10.3828 7.5
      vertex 8.56738 10.3315 7.5
    endloop
  endfacet
  facet normal 0.233518 -0.972353 0
    outer loop
      vertex 8.78099 10.3828 7.5
      vertex 8.56738 10.3315 2.5
      vertex 8.78099 10.3828 2.5
    endloop
  endfacet
  facet normal 0.0782941 -0.99693 0
    outer loop
      vertex 8.78099 10.3828 2.5
      vertex 9 10.4 7.5
      vertex 8.78099 10.3828 7.5
    endloop
  endfacet
  facet normal 0.0782941 -0.99693 0
    outer loop
      vertex 9 10.4 7.5
      vertex 8.78099 10.3828 2.5
      vertex 9 10.4 2.5
    endloop
  endfacet
  facet normal 0.649437 0.760415 -0
    outer loop
      vertex 8.1771 7.86738 2.5
      vertex 8.01005 8.01005 7.5
      vertex 8.1771 7.86738 7.5
    endloop
  endfacet
  facet normal 0.649437 0.760415 0
    outer loop
      vertex 8.01005 8.01005 7.5
      vertex 8.1771 7.86738 2.5
      vertex 8.01005 8.01005 2.5
    endloop
  endfacet
  facet normal 0.760415 0.649437 0
    outer loop
      vertex 8.01005 8.01005 7.5
      vertex 7.86738 8.1771 2.5
      vertex 7.86738 8.1771 7.5
    endloop
  endfacet
  facet normal 0.760415 0.649437 0
    outer loop
      vertex 7.86738 8.1771 2.5
      vertex 8.01005 8.01005 7.5
      vertex 8.01005 8.01005 2.5
    endloop
  endfacet
  facet normal -0.649437 0.760415 0
    outer loop
      vertex 9.98995 8.01005 2.5
      vertex 9.8229 7.86738 7.5
      vertex 9.98995 8.01005 7.5
    endloop
  endfacet
  facet normal -0.649437 0.760415 0
    outer loop
      vertex 9.8229 7.86738 7.5
      vertex 9.98995 8.01005 2.5
      vertex 9.8229 7.86738 2.5
    endloop
  endfacet
  facet normal -0.382789 -0.923836 0
    outer loop
      vertex 9.43262 10.3315 2.5
      vertex 9.63559 10.2474 7.5
      vertex 9.43262 10.3315 7.5
    endloop
  endfacet
  facet normal -0.382789 -0.923836 -0
    outer loop
      vertex 9.63559 10.2474 7.5
      vertex 9.43262 10.3315 2.5
      vertex 9.63559 10.2474 2.5
    endloop
  endfacet
  facet normal 0.972373 -0.233431 0
    outer loop
      vertex 7.61724 9.21901 7.5
      vertex 7.66852 9.43262 2.5
      vertex 7.66852 9.43262 7.5
    endloop
  endfacet
  facet normal 0.972373 -0.233431 0
    outer loop
      vertex 7.66852 9.43262 2.5
      vertex 7.61724 9.21901 7.5
      vertex 7.61724 9.21901 2.5
    endloop
  endfacet
  facet normal -0.233518 -0.972353 0
    outer loop
      vertex 9.21901 10.3828 2.5
      vertex 9.43262 10.3315 7.5
      vertex 9.21901 10.3828 7.5
    endloop
  endfacet
  facet normal -0.233518 -0.972353 -0
    outer loop
      vertex 9.43262 10.3315 7.5
      vertex 9.21901 10.3828 2.5
      vertex 9.43262 10.3315 2.5
    endloop
  endfacet
  facet normal -0.382672 0.923884 0
    outer loop
      vertex 9.63559 7.75259 2.5
      vertex 9.43262 7.66852 7.5
      vertex 9.63559 7.75259 7.5
    endloop
  endfacet
  facet normal -0.382672 0.923884 0
    outer loop
      vertex 9.43262 7.66852 7.5
      vertex 9.63559 7.75259 2.5
      vertex 9.43262 7.66852 2.5
    endloop
  endfacet
  facet normal 0.522552 -0.852607 0
    outer loop
      vertex 8.1771 10.1326 2.5
      vertex 8.36441 10.2474 7.5
      vertex 8.1771 10.1326 7.5
    endloop
  endfacet
  facet normal 0.522552 -0.852607 0
    outer loop
      vertex 8.36441 10.2474 7.5
      vertex 8.1771 10.1326 2.5
      vertex 8.36441 10.2474 2.5
    endloop
  endfacet
  facet normal -0.0782941 -0.99693 0
    outer loop
      vertex 9 10.4 2.5
      vertex 9.21901 10.3828 7.5
      vertex 9 10.4 7.5
    endloop
  endfacet
  facet normal -0.0782941 -0.99693 -0
    outer loop
      vertex 9.21901 10.3828 7.5
      vertex 9 10.4 2.5
      vertex 9.21901 10.3828 2.5
    endloop
  endfacet
  facet normal 0.0784751 0.996916 -0
    outer loop
      vertex 9 7.6 2.5
      vertex 8.78099 7.61724 7.5
      vertex 9 7.6 7.5
    endloop
  endfacet
  facet normal 0.0784751 0.996916 0
    outer loop
      vertex 8.78099 7.61724 7.5
      vertex 9 7.6 2.5
      vertex 8.78099 7.61724 2.5
    endloop
  endfacet
  facet normal 0.522519 0.852627 -0
    outer loop
      vertex 8.36441 7.75259 2.5
      vertex 8.1771 7.86738 7.5
      vertex 8.36441 7.75259 7.5
    endloop
  endfacet
  facet normal 0.522519 0.852627 0
    outer loop
      vertex 8.1771 7.86738 7.5
      vertex 8.36441 7.75259 2.5
      vertex 8.1771 7.86738 2.5
    endloop
  endfacet
  facet normal 0.0783894 -0.996923 0
    outer loop
      vertex 104 5.5 2.5
      vertex 104.548 5.54309 7.5
      vertex 104 5.5 7.5
    endloop
  endfacet
  facet normal 0.0783894 -0.996923 0
    outer loop
      vertex 104.548 5.54309 7.5
      vertex 104 5.5 2.5
      vertex 104.548 5.54309 2.5
    endloop
  endfacet
  facet normal 0.972461 0.233064 0
    outer loop
      vertex 107.457 9.54752 7.5
      vertex 107.329 10.0816 2.5
      vertex 107.329 10.0816 7.5
    endloop
  endfacet
  facet normal 0.972461 0.233064 0
    outer loop
      vertex 107.329 10.0816 2.5
      vertex 107.457 9.54752 7.5
      vertex 107.457 9.54752 2.5
    endloop
  endfacet
  facet normal 0.99693 0.0782949 0
    outer loop
      vertex 107.5 9 7.5
      vertex 107.457 9.54752 2.5
      vertex 107.457 9.54752 7.5
    endloop
  endfacet
  facet normal 0.99693 0.0782949 0
    outer loop
      vertex 107.457 9.54752 2.5
      vertex 107.5 9 7.5
      vertex 107.5 9 2.5
    endloop
  endfacet
  facet normal 0.92399 0.382416 0
    outer loop
      vertex 107.329 10.0816 7.5
      vertex 107.119 10.589 2.5
      vertex 107.119 10.589 7.5
    endloop
  endfacet
  facet normal 0.92399 0.382416 0
    outer loop
      vertex 107.119 10.589 2.5
      vertex 107.329 10.0816 7.5
      vertex 107.329 10.0816 2.5
    endloop
  endfacet
  facet normal 0.85257 0.522613 0
    outer loop
      vertex 107.119 10.589 7.5
      vertex 106.832 11.0572 2.5
      vertex 106.832 11.0572 7.5
    endloop
  endfacet
  facet normal 0.85257 0.522613 0
    outer loop
      vertex 106.832 11.0572 2.5
      vertex 107.119 10.589 7.5
      vertex 107.119 10.589 2.5
    endloop
  endfacet
  facet normal -0.522723 -0.852503 0
    outer loop
      vertex 101.943 6.16844 2.5
      vertex 102.411 5.88148 7.5
      vertex 101.943 6.16844 7.5
    endloop
  endfacet
  facet normal -0.522723 -0.852503 -0
    outer loop
      vertex 102.411 5.88148 7.5
      vertex 101.943 6.16844 2.5
      vertex 102.411 5.88148 2.5
    endloop
  endfacet
  facet normal 0.923993 -0.38241 0
    outer loop
      vertex 107.119 7.41103 7.5
      vertex 107.329 7.91844 2.5
      vertex 107.329 7.91844 7.5
    endloop
  endfacet
  facet normal 0.923993 -0.38241 0
    outer loop
      vertex 107.329 7.91844 2.5
      vertex 107.119 7.41103 7.5
      vertex 107.119 7.41103 2.5
    endloop
  endfacet
  facet normal 0.760181 0.649712 0
    outer loop
      vertex 106.832 11.0572 7.5
      vertex 106.475 11.4749 2.5
      vertex 106.475 11.4749 7.5
    endloop
  endfacet
  facet normal 0.760181 0.649712 0
    outer loop
      vertex 106.475 11.4749 2.5
      vertex 106.832 11.0572 7.5
      vertex 106.832 11.0572 2.5
    endloop
  endfacet
  facet normal 0.233442 0.972371 -0
    outer loop
      vertex 105.082 12.3287 2.5
      vertex 104.548 12.4569 7.5
      vertex 105.082 12.3287 7.5
    endloop
  endfacet
  facet normal 0.233442 0.972371 0
    outer loop
      vertex 104.548 12.4569 7.5
      vertex 105.082 12.3287 2.5
      vertex 104.548 12.4569 2.5
    endloop
  endfacet
  facet normal 0.0784075 0.996921 -0
    outer loop
      vertex 104.548 12.4569 2.5
      vertex 104 12.5 7.5
      vertex 104.548 12.4569 7.5
    endloop
  endfacet
  facet normal 0.0784075 0.996921 0
    outer loop
      vertex 104 12.5 7.5
      vertex 104.548 12.4569 2.5
      vertex 104 12.5 2.5
    endloop
  endfacet
  facet normal -0.972457 -0.233081 0
    outer loop
      vertex 100.671 7.91844 2.5
      vertex 100.543 8.45248 7.5
      vertex 100.543 8.45248 2.5
    endloop
  endfacet
  facet normal -0.972457 -0.233081 0
    outer loop
      vertex 100.543 8.45248 7.5
      vertex 100.671 7.91844 2.5
      vertex 100.671 7.91844 7.5
    endloop
  endfacet
  facet normal 0.85261 -0.522548 0
    outer loop
      vertex 106.832 6.94275 7.5
      vertex 107.119 7.41103 2.5
      vertex 107.119 7.41103 7.5
    endloop
  endfacet
  facet normal 0.85261 -0.522548 0
    outer loop
      vertex 107.119 7.41103 2.5
      vertex 106.832 6.94275 7.5
      vertex 106.832 6.94275 2.5
    endloop
  endfacet
  facet normal -0.923993 -0.38241 0
    outer loop
      vertex 100.881 7.41103 2.5
      vertex 100.671 7.91844 7.5
      vertex 100.671 7.91844 2.5
    endloop
  endfacet
  facet normal -0.923993 -0.38241 0
    outer loop
      vertex 100.671 7.91844 7.5
      vertex 100.881 7.41103 2.5
      vertex 100.881 7.41103 7.5
    endloop
  endfacet
  facet normal 0.649126 0.760681 -0
    outer loop
      vertex 106.475 11.4749 2.5
      vertex 106.057 11.8316 7.5
      vertex 106.475 11.4749 7.5
    endloop
  endfacet
  facet normal 0.649126 0.760681 0
    outer loop
      vertex 106.057 11.8316 7.5
      vertex 106.475 11.4749 2.5
      vertex 106.057 11.8316 2.5
    endloop
  endfacet
  facet normal 0.522643 0.852552 -0
    outer loop
      vertex 106.057 11.8316 2.5
      vertex 105.589 12.1185 7.5
      vertex 106.057 11.8316 7.5
    endloop
  endfacet
  facet normal 0.522643 0.852552 0
    outer loop
      vertex 105.589 12.1185 7.5
      vertex 106.057 11.8316 2.5
      vertex 105.589 12.1185 2.5
    endloop
  endfacet
  facet normal -0.760119 -0.649784 0
    outer loop
      vertex 101.525 6.52513 2.5
      vertex 101.168 6.94275 7.5
      vertex 101.168 6.94275 2.5
    endloop
  endfacet
  facet normal -0.760119 -0.649784 0
    outer loop
      vertex 101.168 6.94275 7.5
      vertex 101.525 6.52513 2.5
      vertex 101.525 6.52513 7.5
    endloop
  endfacet
  facet normal 0.382985 0.923755 -0
    outer loop
      vertex 105.589 12.1185 2.5
      vertex 105.082 12.3287 7.5
      vertex 105.589 12.1185 7.5
    endloop
  endfacet
  facet normal 0.382985 0.923755 0
    outer loop
      vertex 105.082 12.3287 7.5
      vertex 105.589 12.1185 2.5
      vertex 105.082 12.3287 2.5
    endloop
  endfacet
  facet normal -0.0783894 -0.996923 0
    outer loop
      vertex 103.452 5.54309 2.5
      vertex 104 5.5 7.5
      vertex 103.452 5.54309 7.5
    endloop
  endfacet
  facet normal -0.0783894 -0.996923 -0
    outer loop
      vertex 104 5.5 7.5
      vertex 103.452 5.54309 2.5
      vertex 104 5.5 2.5
    endloop
  endfacet
  facet normal 0.649116 -0.76069 0
    outer loop
      vertex 106.057 6.16844 2.5
      vertex 106.475 6.52513 7.5
      vertex 106.057 6.16844 7.5
    endloop
  endfacet
  facet normal 0.649116 -0.76069 0
    outer loop
      vertex 106.475 6.52513 7.5
      vertex 106.057 6.16844 2.5
      vertex 106.475 6.52513 2.5
    endloop
  endfacet
  facet normal 0.99693 -0.0782949 0
    outer loop
      vertex 107.457 8.45248 7.5
      vertex 107.5 9 2.5
      vertex 107.5 9 7.5
    endloop
  endfacet
  facet normal 0.99693 -0.0782949 0
    outer loop
      vertex 107.5 9 2.5
      vertex 107.457 8.45248 7.5
      vertex 107.457 8.45248 2.5
    endloop
  endfacet
  facet normal -0.972461 0.233064 0
    outer loop
      vertex 100.543 9.54752 2.5
      vertex 100.671 10.0816 7.5
      vertex 100.671 10.0816 2.5
    endloop
  endfacet
  facet normal -0.972461 0.233064 0
    outer loop
      vertex 100.671 10.0816 7.5
      vertex 100.543 9.54752 2.5
      vertex 100.543 9.54752 7.5
    endloop
  endfacet
  facet normal -0.649126 0.760681 0
    outer loop
      vertex 101.943 11.8316 2.5
      vertex 101.525 11.4749 7.5
      vertex 101.943 11.8316 7.5
    endloop
  endfacet
  facet normal -0.649126 0.760681 0
    outer loop
      vertex 101.525 11.4749 7.5
      vertex 101.943 11.8316 2.5
      vertex 101.525 11.4749 2.5
    endloop
  endfacet
  facet normal 0.522723 -0.852503 0
    outer loop
      vertex 105.589 5.88148 2.5
      vertex 106.057 6.16844 7.5
      vertex 105.589 5.88148 7.5
    endloop
  endfacet
  facet normal 0.522723 -0.852503 0
    outer loop
      vertex 106.057 6.16844 7.5
      vertex 105.589 5.88148 2.5
      vertex 106.057 6.16844 2.5
    endloop
  endfacet
  facet normal -0.522643 0.852552 0
    outer loop
      vertex 102.411 12.1185 2.5
      vertex 101.943 11.8316 7.5
      vertex 102.411 12.1185 7.5
    endloop
  endfacet
  facet normal -0.522643 0.852552 0
    outer loop
      vertex 101.943 11.8316 7.5
      vertex 102.411 12.1185 2.5
      vertex 101.943 11.8316 2.5
    endloop
  endfacet
  facet normal -0.92399 0.382416 0
    outer loop
      vertex 100.671 10.0816 2.5
      vertex 100.881 10.589 7.5
      vertex 100.881 10.589 2.5
    endloop
  endfacet
  facet normal -0.92399 0.382416 0
    outer loop
      vertex 100.881 10.589 7.5
      vertex 100.671 10.0816 2.5
      vertex 100.671 10.0816 7.5
    endloop
  endfacet
  facet normal -0.233442 0.972371 0
    outer loop
      vertex 103.452 12.4569 2.5
      vertex 102.918 12.3287 7.5
      vertex 103.452 12.4569 7.5
    endloop
  endfacet
  facet normal -0.233442 0.972371 0
    outer loop
      vertex 102.918 12.3287 7.5
      vertex 103.452 12.4569 2.5
      vertex 102.918 12.3287 2.5
    endloop
  endfacet
  facet normal 0.233459 -0.972367 0
    outer loop
      vertex 104.548 5.54309 2.5
      vertex 105.082 5.6713 7.5
      vertex 104.548 5.54309 7.5
    endloop
  endfacet
  facet normal 0.233459 -0.972367 0
    outer loop
      vertex 105.082 5.6713 7.5
      vertex 104.548 5.54309 2.5
      vertex 105.082 5.6713 2.5
    endloop
  endfacet
  facet normal -0.0784075 0.996921 0
    outer loop
      vertex 104 12.5 2.5
      vertex 103.452 12.4569 7.5
      vertex 104 12.5 7.5
    endloop
  endfacet
  facet normal -0.0784075 0.996921 0
    outer loop
      vertex 103.452 12.4569 7.5
      vertex 104 12.5 2.5
      vertex 103.452 12.4569 2.5
    endloop
  endfacet
  facet normal -0.85261 -0.522548 0
    outer loop
      vertex 101.168 6.94275 2.5
      vertex 100.881 7.41103 7.5
      vertex 100.881 7.41103 2.5
    endloop
  endfacet
  facet normal -0.85261 -0.522548 0
    outer loop
      vertex 100.881 7.41103 7.5
      vertex 101.168 6.94275 2.5
      vertex 101.168 6.94275 7.5
    endloop
  endfacet
  facet normal -0.85257 0.522613 0
    outer loop
      vertex 100.881 10.589 2.5
      vertex 101.168 11.0572 7.5
      vertex 101.168 11.0572 2.5
    endloop
  endfacet
  facet normal -0.85257 0.522613 0
    outer loop
      vertex 101.168 11.0572 7.5
      vertex 100.881 10.589 2.5
      vertex 100.881 10.589 7.5
    endloop
  endfacet
  facet normal -0.99693 -0.0782949 0
    outer loop
      vertex 100.543 8.45248 2.5
      vertex 100.5 9 7.5
      vertex 100.5 9 2.5
    endloop
  endfacet
  facet normal -0.99693 -0.0782949 0
    outer loop
      vertex 100.5 9 7.5
      vertex 100.543 8.45248 2.5
      vertex 100.543 8.45248 7.5
    endloop
  endfacet
  facet normal -0.382985 0.923755 0
    outer loop
      vertex 102.918 12.3287 2.5
      vertex 102.411 12.1185 7.5
      vertex 102.918 12.3287 7.5
    endloop
  endfacet
  facet normal -0.382985 0.923755 0
    outer loop
      vertex 102.411 12.1185 7.5
      vertex 102.918 12.3287 2.5
      vertex 102.411 12.1185 2.5
    endloop
  endfacet
  facet normal 0.382954 -0.923768 0
    outer loop
      vertex 105.082 5.6713 2.5
      vertex 105.589 5.88148 7.5
      vertex 105.082 5.6713 7.5
    endloop
  endfacet
  facet normal 0.382954 -0.923768 0
    outer loop
      vertex 105.589 5.88148 7.5
      vertex 105.082 5.6713 2.5
      vertex 105.589 5.88148 2.5
    endloop
  endfacet
  facet normal 0.760119 -0.649784 0
    outer loop
      vertex 106.475 6.52513 7.5
      vertex 106.832 6.94275 2.5
      vertex 106.832 6.94275 7.5
    endloop
  endfacet
  facet normal 0.760119 -0.649784 0
    outer loop
      vertex 106.832 6.94275 2.5
      vertex 106.475 6.52513 7.5
      vertex 106.475 6.52513 2.5
    endloop
  endfacet
  facet normal -0.99693 0.0782949 0
    outer loop
      vertex 100.5 9 2.5
      vertex 100.543 9.54752 7.5
      vertex 100.543 9.54752 2.5
    endloop
  endfacet
  facet normal -0.99693 0.0782949 0
    outer loop
      vertex 100.543 9.54752 7.5
      vertex 100.5 9 2.5
      vertex 100.5 9 7.5
    endloop
  endfacet
  facet normal 0.972457 -0.233081 0
    outer loop
      vertex 107.329 7.91844 7.5
      vertex 107.457 8.45248 2.5
      vertex 107.457 8.45248 7.5
    endloop
  endfacet
  facet normal 0.972457 -0.233081 0
    outer loop
      vertex 107.457 8.45248 2.5
      vertex 107.329 7.91844 7.5
      vertex 107.329 7.91844 2.5
    endloop
  endfacet
  facet normal -0.649116 -0.76069 0
    outer loop
      vertex 101.525 6.52513 2.5
      vertex 101.943 6.16844 7.5
      vertex 101.525 6.52513 7.5
    endloop
  endfacet
  facet normal -0.649116 -0.76069 -0
    outer loop
      vertex 101.943 6.16844 7.5
      vertex 101.525 6.52513 2.5
      vertex 101.943 6.16844 2.5
    endloop
  endfacet
  facet normal -0.382954 -0.923768 0
    outer loop
      vertex 102.411 5.88148 2.5
      vertex 102.918 5.6713 7.5
      vertex 102.411 5.88148 7.5
    endloop
  endfacet
  facet normal -0.382954 -0.923768 -0
    outer loop
      vertex 102.918 5.6713 7.5
      vertex 102.411 5.88148 2.5
      vertex 102.918 5.6713 2.5
    endloop
  endfacet
  facet normal -0.233459 -0.972367 0
    outer loop
      vertex 102.918 5.6713 2.5
      vertex 103.452 5.54309 7.5
      vertex 102.918 5.6713 7.5
    endloop
  endfacet
  facet normal -0.233459 -0.972367 -0
    outer loop
      vertex 103.452 5.54309 7.5
      vertex 102.918 5.6713 2.5
      vertex 103.452 5.54309 2.5
    endloop
  endfacet
  facet normal -0.760181 0.649712 0
    outer loop
      vertex 101.168 11.0572 2.5
      vertex 101.525 11.4749 7.5
      vertex 101.525 11.4749 2.5
    endloop
  endfacet
  facet normal -0.760181 0.649712 0
    outer loop
      vertex 101.525 11.4749 7.5
      vertex 101.168 11.0572 2.5
      vertex 101.168 11.0572 7.5
    endloop
  endfacet
  facet normal -0.0784787 0.996916 0
    outer loop
      vertex 104.219 7.61724 2.5
      vertex 104 7.6 7.5
      vertex 104.219 7.61724 7.5
    endloop
  endfacet
  facet normal -0.0784787 0.996916 0
    outer loop
      vertex 104 7.6 7.5
      vertex 104.219 7.61724 2.5
      vertex 104 7.6 2.5
    endloop
  endfacet
  facet normal -0.971625 -0.236527 0
    outer loop
      vertex 105.383 9.21901 2.5
      vertex 105.331 9.43262 7.5
      vertex 105.331 9.43262 2.5
    endloop
  endfacet
  facet normal -0.971625 -0.236527 0
    outer loop
      vertex 105.331 9.43262 7.5
      vertex 105.383 9.21901 2.5
      vertex 105.383 9.21901 7.5
    endloop
  endfacet
  facet normal -0.997001 -0.0773892 0
    outer loop
      vertex 105.4 9 2.5
      vertex 105.383 9.21901 7.5
      vertex 105.383 9.21901 2.5
    endloop
  endfacet
  facet normal -0.997001 -0.0773892 0
    outer loop
      vertex 105.383 9.21901 7.5
      vertex 105.4 9 2.5
      vertex 105.4 9 7.5
    endloop
  endfacet
  facet normal -0.923997 -0.3824 0
    outer loop
      vertex 105.331 9.43262 2.5
      vertex 105.247 9.63559 7.5
      vertex 105.247 9.63559 2.5
    endloop
  endfacet
  facet normal -0.923997 -0.3824 0
    outer loop
      vertex 105.247 9.63559 7.5
      vertex 105.331 9.43262 2.5
      vertex 105.331 9.43262 7.5
    endloop
  endfacet
  facet normal -0.523149 0.852241 0
    outer loop
      vertex 104.823 7.86738 2.5
      vertex 104.636 7.75259 7.5
      vertex 104.823 7.86738 7.5
    endloop
  endfacet
  facet normal -0.523149 0.852241 0
    outer loop
      vertex 104.636 7.75259 7.5
      vertex 104.823 7.86738 2.5
      vertex 104.636 7.75259 2.5
    endloop
  endfacet
  facet normal -0.854228 -0.519898 0
    outer loop
      vertex 105.247 9.63559 2.5
      vertex 105.133 9.8229 7.5
      vertex 105.133 9.8229 2.5
    endloop
  endfacet
  facet normal -0.854228 -0.519898 0
    outer loop
      vertex 105.133 9.8229 7.5
      vertex 105.247 9.63559 2.5
      vertex 105.247 9.63559 7.5
    endloop
  endfacet
  facet normal -0.759674 -0.650304 0
    outer loop
      vertex 105.133 9.8229 2.5
      vertex 104.99 9.98995 7.5
      vertex 104.99 9.98995 2.5
    endloop
  endfacet
  facet normal -0.759674 -0.650304 0
    outer loop
      vertex 104.99 9.98995 7.5
      vertex 105.133 9.8229 2.5
      vertex 105.133 9.8229 7.5
    endloop
  endfacet
  facet normal 0.997001 -0.0773892 0
    outer loop
      vertex 102.6 9 7.5
      vertex 102.617 9.21901 2.5
      vertex 102.617 9.21901 7.5
    endloop
  endfacet
  facet normal 0.997001 -0.0773892 0
    outer loop
      vertex 102.617 9.21901 2.5
      vertex 102.6 9 7.5
      vertex 102.6 9 2.5
    endloop
  endfacet
  facet normal -0.233029 0.97247 0
    outer loop
      vertex 104.433 7.66852 2.5
      vertex 104.219 7.61724 7.5
      vertex 104.433 7.66852 7.5
    endloop
  endfacet
  facet normal -0.233029 0.97247 0
    outer loop
      vertex 104.219 7.61724 7.5
      vertex 104.433 7.66852 2.5
      vertex 104.219 7.61724 2.5
    endloop
  endfacet
  facet normal 0.854228 0.519898 0
    outer loop
      vertex 102.867 8.1771 7.5
      vertex 102.753 8.36441 2.5
      vertex 102.753 8.36441 7.5
    endloop
  endfacet
  facet normal 0.854228 0.519898 0
    outer loop
      vertex 102.753 8.36441 2.5
      vertex 102.867 8.1771 7.5
      vertex 102.867 8.1771 2.5
    endloop
  endfacet
  facet normal 0.923997 0.3824 0
    outer loop
      vertex 102.753 8.36441 7.5
      vertex 102.669 8.56738 2.5
      vertex 102.669 8.56738 7.5
    endloop
  endfacet
  facet normal 0.923997 0.3824 0
    outer loop
      vertex 102.669 8.56738 2.5
      vertex 102.753 8.36441 7.5
      vertex 102.753 8.36441 2.5
    endloop
  endfacet
  facet normal -0.523182 -0.852221 0
    outer loop
      vertex 104.636 10.2474 2.5
      vertex 104.823 10.1326 7.5
      vertex 104.636 10.2474 7.5
    endloop
  endfacet
  facet normal -0.523182 -0.852221 -0
    outer loop
      vertex 104.823 10.1326 7.5
      vertex 104.636 10.2474 2.5
      vertex 104.823 10.1326 2.5
    endloop
  endfacet
  facet normal -0.923997 0.3824 0
    outer loop
      vertex 105.247 8.36441 2.5
      vertex 105.331 8.56738 7.5
      vertex 105.331 8.56738 2.5
    endloop
  endfacet
  facet normal -0.923997 0.3824 0
    outer loop
      vertex 105.331 8.56738 7.5
      vertex 105.247 8.36441 2.5
      vertex 105.247 8.36441 7.5
    endloop
  endfacet
  facet normal 0.759674 -0.650304 0
    outer loop
      vertex 102.867 9.8229 7.5
      vertex 103.01 9.98995 2.5
      vertex 103.01 9.98995 7.5
    endloop
  endfacet
  facet normal 0.759674 -0.650304 0
    outer loop
      vertex 103.01 9.98995 2.5
      vertex 102.867 9.8229 7.5
      vertex 102.867 9.8229 2.5
    endloop
  endfacet
  facet normal 0.997001 0.0773892 0
    outer loop
      vertex 102.617 8.78099 7.5
      vertex 102.6 9 2.5
      vertex 102.6 9 7.5
    endloop
  endfacet
  facet normal 0.997001 0.0773892 0
    outer loop
      vertex 102.6 9 2.5
      vertex 102.617 8.78099 7.5
      vertex 102.617 8.78099 2.5
    endloop
  endfacet
  facet normal -0.759674 0.650304 0
    outer loop
      vertex 104.99 8.01005 2.5
      vertex 105.133 8.1771 7.5
      vertex 105.133 8.1771 2.5
    endloop
  endfacet
  facet normal -0.759674 0.650304 0
    outer loop
      vertex 105.133 8.1771 7.5
      vertex 104.99 8.01005 2.5
      vertex 104.99 8.01005 7.5
    endloop
  endfacet
  facet normal -0.854228 0.519898 0
    outer loop
      vertex 105.133 8.1771 2.5
      vertex 105.247 8.36441 7.5
      vertex 105.247 8.36441 2.5
    endloop
  endfacet
  facet normal -0.854228 0.519898 0
    outer loop
      vertex 105.247 8.36441 7.5
      vertex 105.133 8.1771 2.5
      vertex 105.133 8.1771 7.5
    endloop
  endfacet
  facet normal 0.233029 0.97247 -0
    outer loop
      vertex 103.781 7.61724 2.5
      vertex 103.567 7.66852 7.5
      vertex 103.781 7.61724 7.5
    endloop
  endfacet
  facet normal 0.233029 0.97247 0
    outer loop
      vertex 103.567 7.66852 7.5
      vertex 103.781 7.61724 2.5
      vertex 103.567 7.66852 2.5
    endloop
  endfacet
  facet normal 0.971625 0.236527 0
    outer loop
      vertex 102.669 8.56738 7.5
      vertex 102.617 8.78099 2.5
      vertex 102.617 8.78099 7.5
    endloop
  endfacet
  facet normal 0.971625 0.236527 0
    outer loop
      vertex 102.617 8.78099 2.5
      vertex 102.669 8.56738 7.5
      vertex 102.669 8.56738 2.5
    endloop
  endfacet
  facet normal 0.382624 0.923904 -0
    outer loop
      vertex 103.567 7.66852 2.5
      vertex 103.364 7.75259 7.5
      vertex 103.567 7.66852 7.5
    endloop
  endfacet
  facet normal 0.382624 0.923904 0
    outer loop
      vertex 103.364 7.75259 7.5
      vertex 103.567 7.66852 2.5
      vertex 103.364 7.75259 2.5
    endloop
  endfacet
  facet normal -0.997001 0.0773892 0
    outer loop
      vertex 105.383 8.78099 2.5
      vertex 105.4 9 7.5
      vertex 105.4 9 2.5
    endloop
  endfacet
  facet normal -0.997001 0.0773892 0
    outer loop
      vertex 105.4 9 7.5
      vertex 105.383 8.78099 2.5
      vertex 105.383 8.78099 7.5
    endloop
  endfacet
  facet normal -0.971625 0.236527 0
    outer loop
      vertex 105.331 8.56738 2.5
      vertex 105.383 8.78099 7.5
      vertex 105.383 8.78099 2.5
    endloop
  endfacet
  facet normal -0.971625 0.236527 0
    outer loop
      vertex 105.383 8.78099 7.5
      vertex 105.331 8.56738 2.5
      vertex 105.331 8.56738 7.5
    endloop
  endfacet
  facet normal 0.649497 -0.760364 0
    outer loop
      vertex 103.01 9.98995 2.5
      vertex 103.177 10.1326 7.5
      vertex 103.01 9.98995 7.5
    endloop
  endfacet
  facet normal 0.649497 -0.760364 0
    outer loop
      vertex 103.177 10.1326 7.5
      vertex 103.01 9.98995 2.5
      vertex 103.177 10.1326 2.5
    endloop
  endfacet
  facet normal 0.38274 -0.923856 0
    outer loop
      vertex 103.364 10.2474 2.5
      vertex 103.567 10.3315 7.5
      vertex 103.364 10.2474 7.5
    endloop
  endfacet
  facet normal 0.38274 -0.923856 0
    outer loop
      vertex 103.567 10.3315 7.5
      vertex 103.364 10.2474 2.5
      vertex 103.567 10.3315 2.5
    endloop
  endfacet
  facet normal -0.649497 -0.760364 0
    outer loop
      vertex 104.823 10.1326 2.5
      vertex 104.99 9.98995 7.5
      vertex 104.823 10.1326 7.5
    endloop
  endfacet
  facet normal -0.649497 -0.760364 -0
    outer loop
      vertex 104.99 9.98995 7.5
      vertex 104.823 10.1326 2.5
      vertex 104.99 9.98995 2.5
    endloop
  endfacet
  facet normal 0.854228 -0.519898 0
    outer loop
      vertex 102.753 9.63559 7.5
      vertex 102.867 9.8229 2.5
      vertex 102.867 9.8229 7.5
    endloop
  endfacet
  facet normal 0.854228 -0.519898 0
    outer loop
      vertex 102.867 9.8229 2.5
      vertex 102.753 9.63559 7.5
      vertex 102.753 9.63559 2.5
    endloop
  endfacet
  facet normal 0.923997 -0.3824 0
    outer loop
      vertex 102.669 9.43262 7.5
      vertex 102.753 9.63559 2.5
      vertex 102.753 9.63559 7.5
    endloop
  endfacet
  facet normal 0.923997 -0.3824 0
    outer loop
      vertex 102.753 9.63559 2.5
      vertex 102.669 9.43262 7.5
      vertex 102.669 9.43262 2.5
    endloop
  endfacet
  facet normal 0.233115 -0.972449 0
    outer loop
      vertex 103.567 10.3315 2.5
      vertex 103.781 10.3828 7.5
      vertex 103.567 10.3315 7.5
    endloop
  endfacet
  facet normal 0.233115 -0.972449 0
    outer loop
      vertex 103.781 10.3828 7.5
      vertex 103.567 10.3315 2.5
      vertex 103.781 10.3828 2.5
    endloop
  endfacet
  facet normal 0.0782977 -0.99693 0
    outer loop
      vertex 103.781 10.3828 2.5
      vertex 104 10.4 7.5
      vertex 103.781 10.3828 7.5
    endloop
  endfacet
  facet normal 0.0782977 -0.99693 0
    outer loop
      vertex 104 10.4 7.5
      vertex 103.781 10.3828 2.5
      vertex 104 10.4 2.5
    endloop
  endfacet
  facet normal 0.649549 0.760319 -0
    outer loop
      vertex 103.177 7.86738 2.5
      vertex 103.01 8.01005 7.5
      vertex 103.177 7.86738 7.5
    endloop
  endfacet
  facet normal 0.649549 0.760319 0
    outer loop
      vertex 103.01 8.01005 7.5
      vertex 103.177 7.86738 2.5
      vertex 103.01 8.01005 2.5
    endloop
  endfacet
  facet normal 0.759674 0.650304 0
    outer loop
      vertex 103.01 8.01005 7.5
      vertex 102.867 8.1771 2.5
      vertex 102.867 8.1771 7.5
    endloop
  endfacet
  facet normal 0.759674 0.650304 0
    outer loop
      vertex 102.867 8.1771 2.5
      vertex 103.01 8.01005 7.5
      vertex 103.01 8.01005 2.5
    endloop
  endfacet
  facet normal -0.649549 0.760319 0
    outer loop
      vertex 104.99 8.01005 2.5
      vertex 104.823 7.86738 7.5
      vertex 104.99 8.01005 7.5
    endloop
  endfacet
  facet normal -0.649549 0.760319 0
    outer loop
      vertex 104.823 7.86738 7.5
      vertex 104.99 8.01005 2.5
      vertex 104.823 7.86738 2.5
    endloop
  endfacet
  facet normal -0.38274 -0.923856 0
    outer loop
      vertex 104.433 10.3315 2.5
      vertex 104.636 10.2474 7.5
      vertex 104.433 10.3315 7.5
    endloop
  endfacet
  facet normal -0.38274 -0.923856 -0
    outer loop
      vertex 104.636 10.2474 7.5
      vertex 104.433 10.3315 2.5
      vertex 104.636 10.2474 2.5
    endloop
  endfacet
  facet normal 0.971625 -0.236527 0
    outer loop
      vertex 102.617 9.21901 7.5
      vertex 102.669 9.43262 2.5
      vertex 102.669 9.43262 7.5
    endloop
  endfacet
  facet normal 0.971625 -0.236527 0
    outer loop
      vertex 102.669 9.43262 2.5
      vertex 102.617 9.21901 7.5
      vertex 102.617 9.21901 2.5
    endloop
  endfacet
  facet normal -0.233115 -0.972449 0
    outer loop
      vertex 104.219 10.3828 2.5
      vertex 104.433 10.3315 7.5
      vertex 104.219 10.3828 7.5
    endloop
  endfacet
  facet normal -0.233115 -0.972449 -0
    outer loop
      vertex 104.433 10.3315 7.5
      vertex 104.219 10.3828 2.5
      vertex 104.433 10.3315 2.5
    endloop
  endfacet
  facet normal -0.382624 0.923904 0
    outer loop
      vertex 104.636 7.75259 2.5
      vertex 104.433 7.66852 7.5
      vertex 104.636 7.75259 7.5
    endloop
  endfacet
  facet normal -0.382624 0.923904 0
    outer loop
      vertex 104.433 7.66852 7.5
      vertex 104.636 7.75259 2.5
      vertex 104.433 7.66852 2.5
    endloop
  endfacet
  facet normal 0.523182 -0.852221 0
    outer loop
      vertex 103.177 10.1326 2.5
      vertex 103.364 10.2474 7.5
      vertex 103.177 10.1326 7.5
    endloop
  endfacet
  facet normal 0.523182 -0.852221 0
    outer loop
      vertex 103.364 10.2474 7.5
      vertex 103.177 10.1326 2.5
      vertex 103.364 10.2474 2.5
    endloop
  endfacet
  facet normal -0.0782977 -0.99693 0
    outer loop
      vertex 104 10.4 2.5
      vertex 104.219 10.3828 7.5
      vertex 104 10.4 7.5
    endloop
  endfacet
  facet normal -0.0782977 -0.99693 -0
    outer loop
      vertex 104.219 10.3828 7.5
      vertex 104 10.4 2.5
      vertex 104.219 10.3828 2.5
    endloop
  endfacet
  facet normal 0.0784787 0.996916 -0
    outer loop
      vertex 104 7.6 2.5
      vertex 103.781 7.61724 7.5
      vertex 104 7.6 7.5
    endloop
  endfacet
  facet normal 0.0784787 0.996916 0
    outer loop
      vertex 103.781 7.61724 7.5
      vertex 104 7.6 2.5
      vertex 103.781 7.61724 2.5
    endloop
  endfacet
  facet normal 0.523149 0.852241 -0
    outer loop
      vertex 103.364 7.75259 2.5
      vertex 103.177 7.86738 7.5
      vertex 103.364 7.75259 7.5
    endloop
  endfacet
  facet normal 0.523149 0.852241 0
    outer loop
      vertex 103.177 7.86738 7.5
      vertex 103.364 7.75259 2.5
      vertex 103.177 7.86738 2.5
    endloop
  endfacet
  facet normal 0.0782949 -0.99693 0
    outer loop
      vertex 9 145.5 2.5
      vertex 9.54752 145.543 7.5
      vertex 9 145.5 7.5
    endloop
  endfacet
  facet normal 0.0782949 -0.99693 0
    outer loop
      vertex 9.54752 145.543 7.5
      vertex 9 145.5 2.5
      vertex 9.54752 145.543 2.5
    endloop
  endfacet
  facet normal 0.972371 0.233442 0
    outer loop
      vertex 12.4569 149.548 7.5
      vertex 12.3287 150.082 2.5
      vertex 12.3287 150.082 7.5
    endloop
  endfacet
  facet normal 0.972371 0.233442 0
    outer loop
      vertex 12.3287 150.082 2.5
      vertex 12.4569 149.548 7.5
      vertex 12.4569 149.548 2.5
    endloop
  endfacet
  facet normal 0.996921 0.0784075 0
    outer loop
      vertex 12.5 149 7.5
      vertex 12.4569 149.548 2.5
      vertex 12.4569 149.548 7.5
    endloop
  endfacet
  facet normal 0.996921 0.0784075 0
    outer loop
      vertex 12.4569 149.548 2.5
      vertex 12.5 149 7.5
      vertex 12.5 149 2.5
    endloop
  endfacet
  facet normal 0.923755 0.382985 0
    outer loop
      vertex 12.3287 150.082 7.5
      vertex 12.1185 150.589 2.5
      vertex 12.1185 150.589 7.5
    endloop
  endfacet
  facet normal 0.923755 0.382985 0
    outer loop
      vertex 12.1185 150.589 2.5
      vertex 12.3287 150.082 7.5
      vertex 12.3287 150.082 2.5
    endloop
  endfacet
  facet normal 0.852552 0.522643 0
    outer loop
      vertex 12.1185 150.589 7.5
      vertex 11.8316 151.057 2.5
      vertex 11.8316 151.057 7.5
    endloop
  endfacet
  facet normal 0.852552 0.522643 0
    outer loop
      vertex 11.8316 151.057 2.5
      vertex 12.1185 150.589 7.5
      vertex 12.1185 150.589 2.5
    endloop
  endfacet
  facet normal -0.522548 -0.85261 0
    outer loop
      vertex 6.94275 146.168 2.5
      vertex 7.41103 145.881 7.5
      vertex 6.94275 146.168 7.5
    endloop
  endfacet
  facet normal -0.522548 -0.85261 -0
    outer loop
      vertex 7.41103 145.881 7.5
      vertex 6.94275 146.168 2.5
      vertex 7.41103 145.881 2.5
    endloop
  endfacet
  facet normal 0.923755 -0.382985 0
    outer loop
      vertex 12.1185 147.411 7.5
      vertex 12.3287 147.918 2.5
      vertex 12.3287 147.918 7.5
    endloop
  endfacet
  facet normal 0.923755 -0.382985 0
    outer loop
      vertex 12.3287 147.918 2.5
      vertex 12.1185 147.411 7.5
      vertex 12.1185 147.411 2.5
    endloop
  endfacet
  facet normal 0.760681 0.649126 0
    outer loop
      vertex 11.8316 151.057 7.5
      vertex 11.4749 151.475 2.5
      vertex 11.4749 151.475 7.5
    endloop
  endfacet
  facet normal 0.760681 0.649126 0
    outer loop
      vertex 11.4749 151.475 2.5
      vertex 11.8316 151.057 7.5
      vertex 11.8316 151.057 2.5
    endloop
  endfacet
  facet normal 0.233064 0.972461 -0
    outer loop
      vertex 10.0816 152.329 2.5
      vertex 9.54752 152.457 7.5
      vertex 10.0816 152.329 7.5
    endloop
  endfacet
  facet normal 0.233064 0.972461 0
    outer loop
      vertex 9.54752 152.457 7.5
      vertex 10.0816 152.329 2.5
      vertex 9.54752 152.457 2.5
    endloop
  endfacet
  facet normal 0.0782949 0.99693 -0
    outer loop
      vertex 9.54752 152.457 2.5
      vertex 9 152.5 7.5
      vertex 9.54752 152.457 7.5
    endloop
  endfacet
  facet normal 0.0782949 0.99693 0
    outer loop
      vertex 9 152.5 7.5
      vertex 9.54752 152.457 2.5
      vertex 9 152.5 2.5
    endloop
  endfacet
  facet normal -0.972367 -0.233459 0
    outer loop
      vertex 5.6713 147.918 2.5
      vertex 5.54309 148.452 7.5
      vertex 5.54309 148.452 2.5
    endloop
  endfacet
  facet normal -0.972367 -0.233459 0
    outer loop
      vertex 5.54309 148.452 7.5
      vertex 5.6713 147.918 2.5
      vertex 5.6713 147.918 7.5
    endloop
  endfacet
  facet normal 0.852552 -0.522643 0
    outer loop
      vertex 11.8316 146.943 7.5
      vertex 12.1185 147.411 2.5
      vertex 12.1185 147.411 7.5
    endloop
  endfacet
  facet normal 0.852552 -0.522643 0
    outer loop
      vertex 12.1185 147.411 2.5
      vertex 11.8316 146.943 7.5
      vertex 11.8316 146.943 2.5
    endloop
  endfacet
  facet normal -0.923768 -0.382954 0
    outer loop
      vertex 5.88148 147.411 2.5
      vertex 5.6713 147.918 7.5
      vertex 5.6713 147.918 2.5
    endloop
  endfacet
  facet normal -0.923768 -0.382954 0
    outer loop
      vertex 5.6713 147.918 7.5
      vertex 5.88148 147.411 2.5
      vertex 5.88148 147.411 7.5
    endloop
  endfacet
  facet normal 0.649712 0.760181 -0
    outer loop
      vertex 11.4749 151.475 2.5
      vertex 11.0572 151.832 7.5
      vertex 11.4749 151.475 7.5
    endloop
  endfacet
  facet normal 0.649712 0.760181 0
    outer loop
      vertex 11.0572 151.832 7.5
      vertex 11.4749 151.475 2.5
      vertex 11.0572 151.832 2.5
    endloop
  endfacet
  facet normal 0.522613 0.85257 -0
    outer loop
      vertex 11.0572 151.832 2.5
      vertex 10.589 152.119 7.5
      vertex 11.0572 151.832 7.5
    endloop
  endfacet
  facet normal 0.522613 0.85257 0
    outer loop
      vertex 10.589 152.119 7.5
      vertex 11.0572 151.832 2.5
      vertex 10.589 152.119 2.5
    endloop
  endfacet
  facet normal -0.76069 -0.649116 0
    outer loop
      vertex 6.52513 146.525 2.5
      vertex 6.16844 146.943 7.5
      vertex 6.16844 146.943 2.5
    endloop
  endfacet
  facet normal -0.76069 -0.649116 0
    outer loop
      vertex 6.16844 146.943 7.5
      vertex 6.52513 146.525 2.5
      vertex 6.52513 146.525 7.5
    endloop
  endfacet
  facet normal 0.382416 0.92399 -0
    outer loop
      vertex 10.589 152.119 2.5
      vertex 10.0816 152.329 7.5
      vertex 10.589 152.119 7.5
    endloop
  endfacet
  facet normal 0.382416 0.92399 0
    outer loop
      vertex 10.0816 152.329 7.5
      vertex 10.589 152.119 2.5
      vertex 10.0816 152.329 2.5
    endloop
  endfacet
  facet normal -0.0782949 -0.99693 0
    outer loop
      vertex 8.45248 145.543 2.5
      vertex 9 145.5 7.5
      vertex 8.45248 145.543 7.5
    endloop
  endfacet
  facet normal -0.0782949 -0.99693 -0
    outer loop
      vertex 9 145.5 7.5
      vertex 8.45248 145.543 2.5
      vertex 9 145.5 2.5
    endloop
  endfacet
  facet normal 0.649712 -0.760181 0
    outer loop
      vertex 11.0572 146.168 2.5
      vertex 11.4749 146.525 7.5
      vertex 11.0572 146.168 7.5
    endloop
  endfacet
  facet normal 0.649712 -0.760181 0
    outer loop
      vertex 11.4749 146.525 7.5
      vertex 11.0572 146.168 2.5
      vertex 11.4749 146.525 2.5
    endloop
  endfacet
  facet normal 0.996921 -0.0784075 0
    outer loop
      vertex 12.4569 148.452 7.5
      vertex 12.5 149 2.5
      vertex 12.5 149 7.5
    endloop
  endfacet
  facet normal 0.996921 -0.0784075 0
    outer loop
      vertex 12.5 149 2.5
      vertex 12.4569 148.452 7.5
      vertex 12.4569 148.452 2.5
    endloop
  endfacet
  facet normal -0.972367 0.233459 0
    outer loop
      vertex 5.54309 149.548 2.5
      vertex 5.6713 150.082 7.5
      vertex 5.6713 150.082 2.5
    endloop
  endfacet
  facet normal -0.972367 0.233459 0
    outer loop
      vertex 5.6713 150.082 7.5
      vertex 5.54309 149.548 2.5
      vertex 5.54309 149.548 7.5
    endloop
  endfacet
  facet normal -0.649784 0.760119 0
    outer loop
      vertex 6.94275 151.832 2.5
      vertex 6.52513 151.475 7.5
      vertex 6.94275 151.832 7.5
    endloop
  endfacet
  facet normal -0.649784 0.760119 0
    outer loop
      vertex 6.52513 151.475 7.5
      vertex 6.94275 151.832 2.5
      vertex 6.52513 151.475 2.5
    endloop
  endfacet
  facet normal 0.522613 -0.85257 0
    outer loop
      vertex 10.589 145.881 2.5
      vertex 11.0572 146.168 7.5
      vertex 10.589 145.881 7.5
    endloop
  endfacet
  facet normal 0.522613 -0.85257 0
    outer loop
      vertex 11.0572 146.168 7.5
      vertex 10.589 145.881 2.5
      vertex 11.0572 146.168 2.5
    endloop
  endfacet
  facet normal -0.522548 0.85261 0
    outer loop
      vertex 7.41103 152.119 2.5
      vertex 6.94275 151.832 7.5
      vertex 7.41103 152.119 7.5
    endloop
  endfacet
  facet normal -0.522548 0.85261 0
    outer loop
      vertex 6.94275 151.832 7.5
      vertex 7.41103 152.119 2.5
      vertex 6.94275 151.832 2.5
    endloop
  endfacet
  facet normal -0.923768 0.382954 0
    outer loop
      vertex 5.6713 150.082 2.5
      vertex 5.88148 150.589 7.5
      vertex 5.88148 150.589 2.5
    endloop
  endfacet
  facet normal -0.923768 0.382954 0
    outer loop
      vertex 5.88148 150.589 7.5
      vertex 5.6713 150.082 2.5
      vertex 5.6713 150.082 7.5
    endloop
  endfacet
  facet normal -0.233081 0.972457 0
    outer loop
      vertex 8.45248 152.457 2.5
      vertex 7.91844 152.329 7.5
      vertex 8.45248 152.457 7.5
    endloop
  endfacet
  facet normal -0.233081 0.972457 0
    outer loop
      vertex 7.91844 152.329 7.5
      vertex 8.45248 152.457 2.5
      vertex 7.91844 152.329 2.5
    endloop
  endfacet
  facet normal 0.233064 -0.972461 0
    outer loop
      vertex 9.54752 145.543 2.5
      vertex 10.0816 145.671 7.5
      vertex 9.54752 145.543 7.5
    endloop
  endfacet
  facet normal 0.233064 -0.972461 0
    outer loop
      vertex 10.0816 145.671 7.5
      vertex 9.54752 145.543 2.5
      vertex 10.0816 145.671 2.5
    endloop
  endfacet
  facet normal -0.0782949 0.99693 0
    outer loop
      vertex 9 152.5 2.5
      vertex 8.45248 152.457 7.5
      vertex 9 152.5 7.5
    endloop
  endfacet
  facet normal -0.0782949 0.99693 0
    outer loop
      vertex 8.45248 152.457 7.5
      vertex 9 152.5 2.5
      vertex 8.45248 152.457 2.5
    endloop
  endfacet
  facet normal -0.852503 -0.522723 0
    outer loop
      vertex 6.16844 146.943 2.5
      vertex 5.88148 147.411 7.5
      vertex 5.88148 147.411 2.5
    endloop
  endfacet
  facet normal -0.852503 -0.522723 0
    outer loop
      vertex 5.88148 147.411 7.5
      vertex 6.16844 146.943 2.5
      vertex 6.16844 146.943 7.5
    endloop
  endfacet
  facet normal -0.852503 0.522723 0
    outer loop
      vertex 5.88148 150.589 2.5
      vertex 6.16844 151.057 7.5
      vertex 6.16844 151.057 2.5
    endloop
  endfacet
  facet normal -0.852503 0.522723 0
    outer loop
      vertex 6.16844 151.057 7.5
      vertex 5.88148 150.589 2.5
      vertex 5.88148 150.589 7.5
    endloop
  endfacet
  facet normal -0.996923 -0.0783894 0
    outer loop
      vertex 5.54309 148.452 2.5
      vertex 5.5 149 7.5
      vertex 5.5 149 2.5
    endloop
  endfacet
  facet normal -0.996923 -0.0783894 0
    outer loop
      vertex 5.5 149 7.5
      vertex 5.54309 148.452 2.5
      vertex 5.54309 148.452 7.5
    endloop
  endfacet
  facet normal -0.38241 0.923993 0
    outer loop
      vertex 7.91844 152.329 2.5
      vertex 7.41103 152.119 7.5
      vertex 7.91844 152.329 7.5
    endloop
  endfacet
  facet normal -0.38241 0.923993 0
    outer loop
      vertex 7.41103 152.119 7.5
      vertex 7.91844 152.329 2.5
      vertex 7.41103 152.119 2.5
    endloop
  endfacet
  facet normal 0.382416 -0.92399 0
    outer loop
      vertex 10.0816 145.671 2.5
      vertex 10.589 145.881 7.5
      vertex 10.0816 145.671 7.5
    endloop
  endfacet
  facet normal 0.382416 -0.92399 0
    outer loop
      vertex 10.589 145.881 7.5
      vertex 10.0816 145.671 2.5
      vertex 10.589 145.881 2.5
    endloop
  endfacet
  facet normal 0.760681 -0.649126 0
    outer loop
      vertex 11.4749 146.525 7.5
      vertex 11.8316 146.943 2.5
      vertex 11.8316 146.943 7.5
    endloop
  endfacet
  facet normal 0.760681 -0.649126 0
    outer loop
      vertex 11.8316 146.943 2.5
      vertex 11.4749 146.525 7.5
      vertex 11.4749 146.525 2.5
    endloop
  endfacet
  facet normal -0.996923 0.0783894 0
    outer loop
      vertex 5.5 149 2.5
      vertex 5.54309 149.548 7.5
      vertex 5.54309 149.548 2.5
    endloop
  endfacet
  facet normal -0.996923 0.0783894 0
    outer loop
      vertex 5.54309 149.548 7.5
      vertex 5.5 149 2.5
      vertex 5.5 149 7.5
    endloop
  endfacet
  facet normal 0.972371 -0.233442 0
    outer loop
      vertex 12.3287 147.918 7.5
      vertex 12.4569 148.452 2.5
      vertex 12.4569 148.452 7.5
    endloop
  endfacet
  facet normal 0.972371 -0.233442 0
    outer loop
      vertex 12.4569 148.452 2.5
      vertex 12.3287 147.918 7.5
      vertex 12.3287 147.918 2.5
    endloop
  endfacet
  facet normal -0.649784 -0.760119 0
    outer loop
      vertex 6.52513 146.525 2.5
      vertex 6.94275 146.168 7.5
      vertex 6.52513 146.525 7.5
    endloop
  endfacet
  facet normal -0.649784 -0.760119 -0
    outer loop
      vertex 6.94275 146.168 7.5
      vertex 6.52513 146.525 2.5
      vertex 6.94275 146.168 2.5
    endloop
  endfacet
  facet normal -0.38241 -0.923993 0
    outer loop
      vertex 7.41103 145.881 2.5
      vertex 7.91844 145.671 7.5
      vertex 7.41103 145.881 7.5
    endloop
  endfacet
  facet normal -0.38241 -0.923993 -0
    outer loop
      vertex 7.91844 145.671 7.5
      vertex 7.41103 145.881 2.5
      vertex 7.91844 145.671 2.5
    endloop
  endfacet
  facet normal -0.233081 -0.972457 0
    outer loop
      vertex 7.91844 145.671 2.5
      vertex 8.45248 145.543 7.5
      vertex 7.91844 145.671 7.5
    endloop
  endfacet
  facet normal -0.233081 -0.972457 -0
    outer loop
      vertex 8.45248 145.543 7.5
      vertex 7.91844 145.671 2.5
      vertex 8.45248 145.543 2.5
    endloop
  endfacet
  facet normal -0.76069 0.649116 0
    outer loop
      vertex 6.16844 151.057 2.5
      vertex 6.52513 151.475 7.5
      vertex 6.52513 151.475 2.5
    endloop
  endfacet
  facet normal -0.76069 0.649116 0
    outer loop
      vertex 6.52513 151.475 7.5
      vertex 6.16844 151.057 2.5
      vertex 6.16844 151.057 7.5
    endloop
  endfacet
  facet normal -0.0773892 0.997001 0
    outer loop
      vertex 9.21901 147.617 2.5
      vertex 9 147.6 7.5
      vertex 9.21901 147.617 7.5
    endloop
  endfacet
  facet normal -0.0773892 0.997001 0
    outer loop
      vertex 9 147.6 7.5
      vertex 9.21901 147.617 2.5
      vertex 9 147.6 2.5
    endloop
  endfacet
  facet normal -0.972449 -0.233115 0
    outer loop
      vertex 10.3828 149.219 2.5
      vertex 10.3315 149.433 7.5
      vertex 10.3315 149.433 2.5
    endloop
  endfacet
  facet normal -0.972449 -0.233115 0
    outer loop
      vertex 10.3315 149.433 7.5
      vertex 10.3828 149.219 2.5
      vertex 10.3828 149.219 7.5
    endloop
  endfacet
  facet normal -0.99693 -0.0782977 0
    outer loop
      vertex 10.4 149 2.5
      vertex 10.3828 149.219 7.5
      vertex 10.3828 149.219 2.5
    endloop
  endfacet
  facet normal -0.99693 -0.0782977 0
    outer loop
      vertex 10.3828 149.219 7.5
      vertex 10.4 149 2.5
      vertex 10.4 149 7.5
    endloop
  endfacet
  facet normal -0.923856 -0.38274 0
    outer loop
      vertex 10.3315 149.433 2.5
      vertex 10.2474 149.636 7.5
      vertex 10.2474 149.636 2.5
    endloop
  endfacet
  facet normal -0.923856 -0.38274 0
    outer loop
      vertex 10.2474 149.636 7.5
      vertex 10.3315 149.433 2.5
      vertex 10.3315 149.433 7.5
    endloop
  endfacet
  facet normal -0.519898 0.854228 0
    outer loop
      vertex 9.8229 147.867 2.5
      vertex 9.63559 147.753 7.5
      vertex 9.8229 147.867 7.5
    endloop
  endfacet
  facet normal -0.519898 0.854228 0
    outer loop
      vertex 9.63559 147.753 7.5
      vertex 9.8229 147.867 2.5
      vertex 9.63559 147.753 2.5
    endloop
  endfacet
  facet normal -0.852221 -0.523182 0
    outer loop
      vertex 10.2474 149.636 2.5
      vertex 10.1326 149.823 7.5
      vertex 10.1326 149.823 2.5
    endloop
  endfacet
  facet normal -0.852221 -0.523182 0
    outer loop
      vertex 10.1326 149.823 7.5
      vertex 10.2474 149.636 2.5
      vertex 10.2474 149.636 7.5
    endloop
  endfacet
  facet normal -0.760364 -0.649497 0
    outer loop
      vertex 10.1326 149.823 2.5
      vertex 9.98995 149.99 7.5
      vertex 9.98995 149.99 2.5
    endloop
  endfacet
  facet normal -0.760364 -0.649497 0
    outer loop
      vertex 9.98995 149.99 7.5
      vertex 10.1326 149.823 2.5
      vertex 10.1326 149.823 7.5
    endloop
  endfacet
  facet normal 0.996916 -0.0784787 0
    outer loop
      vertex 7.6 149 7.5
      vertex 7.61724 149.219 2.5
      vertex 7.61724 149.219 7.5
    endloop
  endfacet
  facet normal 0.996916 -0.0784787 0
    outer loop
      vertex 7.61724 149.219 2.5
      vertex 7.6 149 7.5
      vertex 7.6 149 2.5
    endloop
  endfacet
  facet normal -0.236527 0.971625 0
    outer loop
      vertex 9.43262 147.669 2.5
      vertex 9.21901 147.617 7.5
      vertex 9.43262 147.669 7.5
    endloop
  endfacet
  facet normal -0.236527 0.971625 0
    outer loop
      vertex 9.21901 147.617 7.5
      vertex 9.43262 147.669 2.5
      vertex 9.21901 147.617 2.5
    endloop
  endfacet
  facet normal 0.852241 0.523149 0
    outer loop
      vertex 7.86738 148.177 7.5
      vertex 7.75259 148.364 2.5
      vertex 7.75259 148.364 7.5
    endloop
  endfacet
  facet normal 0.852241 0.523149 0
    outer loop
      vertex 7.75259 148.364 2.5
      vertex 7.86738 148.177 7.5
      vertex 7.86738 148.177 2.5
    endloop
  endfacet
  facet normal 0.923904 0.382624 0
    outer loop
      vertex 7.75259 148.364 7.5
      vertex 7.66852 148.567 2.5
      vertex 7.66852 148.567 7.5
    endloop
  endfacet
  facet normal 0.923904 0.382624 0
    outer loop
      vertex 7.66852 148.567 2.5
      vertex 7.75259 148.364 7.5
      vertex 7.75259 148.364 2.5
    endloop
  endfacet
  facet normal -0.519898 -0.854228 0
    outer loop
      vertex 9.63559 150.247 2.5
      vertex 9.8229 150.133 7.5
      vertex 9.63559 150.247 7.5
    endloop
  endfacet
  facet normal -0.519898 -0.854228 -0
    outer loop
      vertex 9.8229 150.133 7.5
      vertex 9.63559 150.247 2.5
      vertex 9.8229 150.133 2.5
    endloop
  endfacet
  facet normal -0.923856 0.38274 0
    outer loop
      vertex 10.2474 148.364 2.5
      vertex 10.3315 148.567 7.5
      vertex 10.3315 148.567 2.5
    endloop
  endfacet
  facet normal -0.923856 0.38274 0
    outer loop
      vertex 10.3315 148.567 7.5
      vertex 10.2474 148.364 2.5
      vertex 10.2474 148.364 7.5
    endloop
  endfacet
  facet normal 0.760319 -0.649549 0
    outer loop
      vertex 7.86738 149.823 7.5
      vertex 8.01005 149.99 2.5
      vertex 8.01005 149.99 7.5
    endloop
  endfacet
  facet normal 0.760319 -0.649549 0
    outer loop
      vertex 8.01005 149.99 2.5
      vertex 7.86738 149.823 7.5
      vertex 7.86738 149.823 2.5
    endloop
  endfacet
  facet normal 0.996916 0.0784787 0
    outer loop
      vertex 7.61724 148.781 7.5
      vertex 7.6 149 2.5
      vertex 7.6 149 7.5
    endloop
  endfacet
  facet normal 0.996916 0.0784787 0
    outer loop
      vertex 7.6 149 2.5
      vertex 7.61724 148.781 7.5
      vertex 7.61724 148.781 2.5
    endloop
  endfacet
  facet normal -0.760364 0.649497 0
    outer loop
      vertex 9.98995 148.01 2.5
      vertex 10.1326 148.177 7.5
      vertex 10.1326 148.177 2.5
    endloop
  endfacet
  facet normal -0.760364 0.649497 0
    outer loop
      vertex 10.1326 148.177 7.5
      vertex 9.98995 148.01 2.5
      vertex 9.98995 148.01 7.5
    endloop
  endfacet
  facet normal -0.852221 0.523182 0
    outer loop
      vertex 10.1326 148.177 2.5
      vertex 10.2474 148.364 7.5
      vertex 10.2474 148.364 2.5
    endloop
  endfacet
  facet normal -0.852221 0.523182 0
    outer loop
      vertex 10.2474 148.364 7.5
      vertex 10.1326 148.177 2.5
      vertex 10.1326 148.177 7.5
    endloop
  endfacet
  facet normal 0.236527 0.971625 -0
    outer loop
      vertex 8.78099 147.617 2.5
      vertex 8.56738 147.669 7.5
      vertex 8.78099 147.617 7.5
    endloop
  endfacet
  facet normal 0.236527 0.971625 0
    outer loop
      vertex 8.56738 147.669 7.5
      vertex 8.78099 147.617 2.5
      vertex 8.56738 147.669 2.5
    endloop
  endfacet
  facet normal 0.97247 0.233029 0
    outer loop
      vertex 7.66852 148.567 7.5
      vertex 7.61724 148.781 2.5
      vertex 7.61724 148.781 7.5
    endloop
  endfacet
  facet normal 0.97247 0.233029 0
    outer loop
      vertex 7.61724 148.781 2.5
      vertex 7.66852 148.567 7.5
      vertex 7.66852 148.567 2.5
    endloop
  endfacet
  facet normal 0.3824 0.923997 -0
    outer loop
      vertex 8.56738 147.669 2.5
      vertex 8.36441 147.753 7.5
      vertex 8.56738 147.669 7.5
    endloop
  endfacet
  facet normal 0.3824 0.923997 0
    outer loop
      vertex 8.36441 147.753 7.5
      vertex 8.56738 147.669 2.5
      vertex 8.36441 147.753 2.5
    endloop
  endfacet
  facet normal -0.99693 0.0782977 0
    outer loop
      vertex 10.3828 148.781 2.5
      vertex 10.4 149 7.5
      vertex 10.4 149 2.5
    endloop
  endfacet
  facet normal -0.99693 0.0782977 0
    outer loop
      vertex 10.4 149 7.5
      vertex 10.3828 148.781 2.5
      vertex 10.3828 148.781 7.5
    endloop
  endfacet
  facet normal -0.972449 0.233115 0
    outer loop
      vertex 10.3315 148.567 2.5
      vertex 10.3828 148.781 7.5
      vertex 10.3828 148.781 2.5
    endloop
  endfacet
  facet normal -0.972449 0.233115 0
    outer loop
      vertex 10.3828 148.781 7.5
      vertex 10.3315 148.567 2.5
      vertex 10.3315 148.567 7.5
    endloop
  endfacet
  facet normal 0.650304 -0.759674 0
    outer loop
      vertex 8.01005 149.99 2.5
      vertex 8.1771 150.133 7.5
      vertex 8.01005 149.99 7.5
    endloop
  endfacet
  facet normal 0.650304 -0.759674 0
    outer loop
      vertex 8.1771 150.133 7.5
      vertex 8.01005 149.99 2.5
      vertex 8.1771 150.133 2.5
    endloop
  endfacet
  facet normal 0.3824 -0.923997 0
    outer loop
      vertex 8.36441 150.247 2.5
      vertex 8.56738 150.331 7.5
      vertex 8.36441 150.247 7.5
    endloop
  endfacet
  facet normal 0.3824 -0.923997 0
    outer loop
      vertex 8.56738 150.331 7.5
      vertex 8.36441 150.247 2.5
      vertex 8.56738 150.331 2.5
    endloop
  endfacet
  facet normal -0.650304 -0.759674 0
    outer loop
      vertex 9.8229 150.133 2.5
      vertex 9.98995 149.99 7.5
      vertex 9.8229 150.133 7.5
    endloop
  endfacet
  facet normal -0.650304 -0.759674 -0
    outer loop
      vertex 9.98995 149.99 7.5
      vertex 9.8229 150.133 2.5
      vertex 9.98995 149.99 2.5
    endloop
  endfacet
  facet normal 0.852241 -0.523149 0
    outer loop
      vertex 7.75259 149.636 7.5
      vertex 7.86738 149.823 2.5
      vertex 7.86738 149.823 7.5
    endloop
  endfacet
  facet normal 0.852241 -0.523149 0
    outer loop
      vertex 7.86738 149.823 2.5
      vertex 7.75259 149.636 7.5
      vertex 7.75259 149.636 2.5
    endloop
  endfacet
  facet normal 0.923904 -0.382624 0
    outer loop
      vertex 7.66852 149.433 7.5
      vertex 7.75259 149.636 2.5
      vertex 7.75259 149.636 7.5
    endloop
  endfacet
  facet normal 0.923904 -0.382624 0
    outer loop
      vertex 7.75259 149.636 2.5
      vertex 7.66852 149.433 7.5
      vertex 7.66852 149.433 2.5
    endloop
  endfacet
  facet normal 0.236527 -0.971625 0
    outer loop
      vertex 8.56738 150.331 2.5
      vertex 8.78099 150.383 7.5
      vertex 8.56738 150.331 7.5
    endloop
  endfacet
  facet normal 0.236527 -0.971625 0
    outer loop
      vertex 8.78099 150.383 7.5
      vertex 8.56738 150.331 2.5
      vertex 8.78099 150.383 2.5
    endloop
  endfacet
  facet normal 0.0773892 -0.997001 0
    outer loop
      vertex 8.78099 150.383 2.5
      vertex 9 150.4 7.5
      vertex 8.78099 150.383 7.5
    endloop
  endfacet
  facet normal 0.0773892 -0.997001 0
    outer loop
      vertex 9 150.4 7.5
      vertex 8.78099 150.383 2.5
      vertex 9 150.4 2.5
    endloop
  endfacet
  facet normal 0.650304 0.759674 -0
    outer loop
      vertex 8.1771 147.867 2.5
      vertex 8.01005 148.01 7.5
      vertex 8.1771 147.867 7.5
    endloop
  endfacet
  facet normal 0.650304 0.759674 0
    outer loop
      vertex 8.01005 148.01 7.5
      vertex 8.1771 147.867 2.5
      vertex 8.01005 148.01 2.5
    endloop
  endfacet
  facet normal 0.760319 0.649549 0
    outer loop
      vertex 8.01005 148.01 7.5
      vertex 7.86738 148.177 2.5
      vertex 7.86738 148.177 7.5
    endloop
  endfacet
  facet normal 0.760319 0.649549 0
    outer loop
      vertex 7.86738 148.177 2.5
      vertex 8.01005 148.01 7.5
      vertex 8.01005 148.01 2.5
    endloop
  endfacet
  facet normal -0.650304 0.759674 0
    outer loop
      vertex 9.98995 148.01 2.5
      vertex 9.8229 147.867 7.5
      vertex 9.98995 148.01 7.5
    endloop
  endfacet
  facet normal -0.650304 0.759674 0
    outer loop
      vertex 9.8229 147.867 7.5
      vertex 9.98995 148.01 2.5
      vertex 9.8229 147.867 2.5
    endloop
  endfacet
  facet normal -0.3824 -0.923997 0
    outer loop
      vertex 9.43262 150.331 2.5
      vertex 9.63559 150.247 7.5
      vertex 9.43262 150.331 7.5
    endloop
  endfacet
  facet normal -0.3824 -0.923997 -0
    outer loop
      vertex 9.63559 150.247 7.5
      vertex 9.43262 150.331 2.5
      vertex 9.63559 150.247 2.5
    endloop
  endfacet
  facet normal 0.97247 -0.233029 0
    outer loop
      vertex 7.61724 149.219 7.5
      vertex 7.66852 149.433 2.5
      vertex 7.66852 149.433 7.5
    endloop
  endfacet
  facet normal 0.97247 -0.233029 0
    outer loop
      vertex 7.66852 149.433 2.5
      vertex 7.61724 149.219 7.5
      vertex 7.61724 149.219 2.5
    endloop
  endfacet
  facet normal -0.236527 -0.971625 0
    outer loop
      vertex 9.21901 150.383 2.5
      vertex 9.43262 150.331 7.5
      vertex 9.21901 150.383 7.5
    endloop
  endfacet
  facet normal -0.236527 -0.971625 -0
    outer loop
      vertex 9.43262 150.331 7.5
      vertex 9.21901 150.383 2.5
      vertex 9.43262 150.331 2.5
    endloop
  endfacet
  facet normal -0.3824 0.923997 0
    outer loop
      vertex 9.63559 147.753 2.5
      vertex 9.43262 147.669 7.5
      vertex 9.63559 147.753 7.5
    endloop
  endfacet
  facet normal -0.3824 0.923997 0
    outer loop
      vertex 9.43262 147.669 7.5
      vertex 9.63559 147.753 2.5
      vertex 9.43262 147.669 2.5
    endloop
  endfacet
  facet normal 0.519898 -0.854228 0
    outer loop
      vertex 8.1771 150.133 2.5
      vertex 8.36441 150.247 7.5
      vertex 8.1771 150.133 7.5
    endloop
  endfacet
  facet normal 0.519898 -0.854228 0
    outer loop
      vertex 8.36441 150.247 7.5
      vertex 8.1771 150.133 2.5
      vertex 8.36441 150.247 2.5
    endloop
  endfacet
  facet normal -0.0773892 -0.997001 0
    outer loop
      vertex 9 150.4 2.5
      vertex 9.21901 150.383 7.5
      vertex 9 150.4 7.5
    endloop
  endfacet
  facet normal -0.0773892 -0.997001 -0
    outer loop
      vertex 9.21901 150.383 7.5
      vertex 9 150.4 2.5
      vertex 9.21901 150.383 2.5
    endloop
  endfacet
  facet normal 0.0773892 0.997001 -0
    outer loop
      vertex 9 147.6 2.5
      vertex 8.78099 147.617 7.5
      vertex 9 147.6 7.5
    endloop
  endfacet
  facet normal 0.0773892 0.997001 0
    outer loop
      vertex 8.78099 147.617 7.5
      vertex 9 147.6 2.5
      vertex 8.78099 147.617 2.5
    endloop
  endfacet
  facet normal 0.519898 0.854228 -0
    outer loop
      vertex 8.36441 147.753 2.5
      vertex 8.1771 147.867 7.5
      vertex 8.36441 147.753 7.5
    endloop
  endfacet
  facet normal 0.519898 0.854228 0
    outer loop
      vertex 8.1771 147.867 7.5
      vertex 8.36441 147.753 2.5
      vertex 8.1771 147.867 2.5
    endloop
  endfacet
  facet normal 0.0782267 -0.996936 0
    outer loop
      vertex 104 145.5 2.5
      vertex 104.548 145.543 7.5
      vertex 104 145.5 7.5
    endloop
  endfacet
  facet normal 0.0782267 -0.996936 0
    outer loop
      vertex 104.548 145.543 7.5
      vertex 104 145.5 2.5
      vertex 104.548 145.543 2.5
    endloop
  endfacet
  facet normal 0.972453 0.233097 0
    outer loop
      vertex 107.457 149.548 7.5
      vertex 107.329 150.082 2.5
      vertex 107.329 150.082 7.5
    endloop
  endfacet
  facet normal 0.972453 0.233097 0
    outer loop
      vertex 107.329 150.082 2.5
      vertex 107.457 149.548 7.5
      vertex 107.457 149.548 2.5
    endloop
  endfacet
  facet normal 0.996936 0.0782267 0
    outer loop
      vertex 107.5 149 7.5
      vertex 107.457 149.548 2.5
      vertex 107.457 149.548 7.5
    endloop
  endfacet
  facet normal 0.996936 0.0782267 0
    outer loop
      vertex 107.457 149.548 2.5
      vertex 107.5 149 7.5
      vertex 107.5 149 2.5
    endloop
  endfacet
  facet normal 0.923884 0.382674 0
    outer loop
      vertex 107.329 150.082 7.5
      vertex 107.119 150.589 2.5
      vertex 107.119 150.589 7.5
    endloop
  endfacet
  facet normal 0.923884 0.382674 0
    outer loop
      vertex 107.119 150.589 2.5
      vertex 107.329 150.082 7.5
      vertex 107.329 150.082 2.5
    endloop
  endfacet
  facet normal 0.85247 0.522776 0
    outer loop
      vertex 107.119 150.589 7.5
      vertex 106.832 151.057 2.5
      vertex 106.832 151.057 7.5
    endloop
  endfacet
  facet normal 0.85247 0.522776 0
    outer loop
      vertex 106.832 151.057 2.5
      vertex 107.119 150.589 7.5
      vertex 107.119 150.589 2.5
    endloop
  endfacet
  facet normal -0.522776 -0.85247 0
    outer loop
      vertex 101.943 146.168 2.5
      vertex 102.411 145.881 7.5
      vertex 101.943 146.168 7.5
    endloop
  endfacet
  facet normal -0.522776 -0.85247 -0
    outer loop
      vertex 102.411 145.881 7.5
      vertex 101.943 146.168 2.5
      vertex 102.411 145.881 2.5
    endloop
  endfacet
  facet normal 0.923884 -0.382674 0
    outer loop
      vertex 107.119 147.411 7.5
      vertex 107.329 147.918 2.5
      vertex 107.329 147.918 7.5
    endloop
  endfacet
  facet normal 0.923884 -0.382674 0
    outer loop
      vertex 107.329 147.918 2.5
      vertex 107.119 147.411 7.5
      vertex 107.119 147.411 2.5
    endloop
  endfacet
  facet normal 0.760411 0.649442 0
    outer loop
      vertex 106.832 151.057 7.5
      vertex 106.475 151.475 2.5
      vertex 106.475 151.475 7.5
    endloop
  endfacet
  facet normal 0.760411 0.649442 0
    outer loop
      vertex 106.475 151.475 2.5
      vertex 106.832 151.057 7.5
      vertex 106.832 151.057 2.5
    endloop
  endfacet
  facet normal 0.233097 0.972453 -0
    outer loop
      vertex 105.082 152.329 2.5
      vertex 104.548 152.457 7.5
      vertex 105.082 152.329 7.5
    endloop
  endfacet
  facet normal 0.233097 0.972453 0
    outer loop
      vertex 104.548 152.457 7.5
      vertex 105.082 152.329 2.5
      vertex 104.548 152.457 2.5
    endloop
  endfacet
  facet normal 0.0782267 0.996936 -0
    outer loop
      vertex 104.548 152.457 2.5
      vertex 104 152.5 7.5
      vertex 104.548 152.457 7.5
    endloop
  endfacet
  facet normal 0.0782267 0.996936 0
    outer loop
      vertex 104 152.5 7.5
      vertex 104.548 152.457 2.5
      vertex 104 152.5 2.5
    endloop
  endfacet
  facet normal -0.972453 -0.233097 0
    outer loop
      vertex 100.671 147.918 2.5
      vertex 100.543 148.452 7.5
      vertex 100.543 148.452 2.5
    endloop
  endfacet
  facet normal -0.972453 -0.233097 0
    outer loop
      vertex 100.543 148.452 7.5
      vertex 100.671 147.918 2.5
      vertex 100.671 147.918 7.5
    endloop
  endfacet
  facet normal 0.85247 -0.522776 0
    outer loop
      vertex 106.832 146.943 7.5
      vertex 107.119 147.411 2.5
      vertex 107.119 147.411 7.5
    endloop
  endfacet
  facet normal 0.85247 -0.522776 0
    outer loop
      vertex 107.119 147.411 2.5
      vertex 106.832 146.943 7.5
      vertex 106.832 146.943 2.5
    endloop
  endfacet
  facet normal -0.923884 -0.382674 0
    outer loop
      vertex 100.881 147.411 2.5
      vertex 100.671 147.918 7.5
      vertex 100.671 147.918 2.5
    endloop
  endfacet
  facet normal -0.923884 -0.382674 0
    outer loop
      vertex 100.671 147.918 7.5
      vertex 100.881 147.411 2.5
      vertex 100.881 147.411 7.5
    endloop
  endfacet
  facet normal 0.649442 0.760411 -0
    outer loop
      vertex 106.475 151.475 2.5
      vertex 106.057 151.832 7.5
      vertex 106.475 151.475 7.5
    endloop
  endfacet
  facet normal 0.649442 0.760411 0
    outer loop
      vertex 106.057 151.832 7.5
      vertex 106.475 151.475 2.5
      vertex 106.057 151.832 2.5
    endloop
  endfacet
  facet normal 0.522776 0.85247 -0
    outer loop
      vertex 106.057 151.832 2.5
      vertex 105.589 152.119 7.5
      vertex 106.057 151.832 7.5
    endloop
  endfacet
  facet normal 0.522776 0.85247 0
    outer loop
      vertex 105.589 152.119 7.5
      vertex 106.057 151.832 2.5
      vertex 105.589 152.119 2.5
    endloop
  endfacet
  facet normal -0.760411 -0.649442 0
    outer loop
      vertex 101.525 146.525 2.5
      vertex 101.168 146.943 7.5
      vertex 101.168 146.943 2.5
    endloop
  endfacet
  facet normal -0.760411 -0.649442 0
    outer loop
      vertex 101.168 146.943 7.5
      vertex 101.525 146.525 2.5
      vertex 101.525 146.525 7.5
    endloop
  endfacet
  facet normal 0.382674 0.923884 -0
    outer loop
      vertex 105.589 152.119 2.5
      vertex 105.082 152.329 7.5
      vertex 105.589 152.119 7.5
    endloop
  endfacet
  facet normal 0.382674 0.923884 0
    outer loop
      vertex 105.082 152.329 7.5
      vertex 105.589 152.119 2.5
      vertex 105.082 152.329 2.5
    endloop
  endfacet
  facet normal -0.0782267 -0.996936 0
    outer loop
      vertex 103.452 145.543 2.5
      vertex 104 145.5 7.5
      vertex 103.452 145.543 7.5
    endloop
  endfacet
  facet normal -0.0782267 -0.996936 -0
    outer loop
      vertex 104 145.5 7.5
      vertex 103.452 145.543 2.5
      vertex 104 145.5 2.5
    endloop
  endfacet
  facet normal 0.649442 -0.760411 0
    outer loop
      vertex 106.057 146.168 2.5
      vertex 106.475 146.525 7.5
      vertex 106.057 146.168 7.5
    endloop
  endfacet
  facet normal 0.649442 -0.760411 0
    outer loop
      vertex 106.475 146.525 7.5
      vertex 106.057 146.168 2.5
      vertex 106.475 146.525 2.5
    endloop
  endfacet
  facet normal 0.996936 -0.0782267 0
    outer loop
      vertex 107.457 148.452 7.5
      vertex 107.5 149 2.5
      vertex 107.5 149 7.5
    endloop
  endfacet
  facet normal 0.996936 -0.0782267 0
    outer loop
      vertex 107.5 149 2.5
      vertex 107.457 148.452 7.5
      vertex 107.457 148.452 2.5
    endloop
  endfacet
  facet normal -0.972453 0.233097 0
    outer loop
      vertex 100.543 149.548 2.5
      vertex 100.671 150.082 7.5
      vertex 100.671 150.082 2.5
    endloop
  endfacet
  facet normal -0.972453 0.233097 0
    outer loop
      vertex 100.671 150.082 7.5
      vertex 100.543 149.548 2.5
      vertex 100.543 149.548 7.5
    endloop
  endfacet
  facet normal -0.649442 0.760411 0
    outer loop
      vertex 101.943 151.832 2.5
      vertex 101.525 151.475 7.5
      vertex 101.943 151.832 7.5
    endloop
  endfacet
  facet normal -0.649442 0.760411 0
    outer loop
      vertex 101.525 151.475 7.5
      vertex 101.943 151.832 2.5
      vertex 101.525 151.475 2.5
    endloop
  endfacet
  facet normal 0.522776 -0.85247 0
    outer loop
      vertex 105.589 145.881 2.5
      vertex 106.057 146.168 7.5
      vertex 105.589 145.881 7.5
    endloop
  endfacet
  facet normal 0.522776 -0.85247 0
    outer loop
      vertex 106.057 146.168 7.5
      vertex 105.589 145.881 2.5
      vertex 106.057 146.168 2.5
    endloop
  endfacet
  facet normal -0.522776 0.85247 0
    outer loop
      vertex 102.411 152.119 2.5
      vertex 101.943 151.832 7.5
      vertex 102.411 152.119 7.5
    endloop
  endfacet
  facet normal -0.522776 0.85247 0
    outer loop
      vertex 101.943 151.832 7.5
      vertex 102.411 152.119 2.5
      vertex 101.943 151.832 2.5
    endloop
  endfacet
  facet normal -0.923884 0.382674 0
    outer loop
      vertex 100.671 150.082 2.5
      vertex 100.881 150.589 7.5
      vertex 100.881 150.589 2.5
    endloop
  endfacet
  facet normal -0.923884 0.382674 0
    outer loop
      vertex 100.881 150.589 7.5
      vertex 100.671 150.082 2.5
      vertex 100.671 150.082 7.5
    endloop
  endfacet
  facet normal -0.233097 0.972453 0
    outer loop
      vertex 103.452 152.457 2.5
      vertex 102.918 152.329 7.5
      vertex 103.452 152.457 7.5
    endloop
  endfacet
  facet normal -0.233097 0.972453 0
    outer loop
      vertex 102.918 152.329 7.5
      vertex 103.452 152.457 2.5
      vertex 102.918 152.329 2.5
    endloop
  endfacet
  facet normal 0.233097 -0.972453 0
    outer loop
      vertex 104.548 145.543 2.5
      vertex 105.082 145.671 7.5
      vertex 104.548 145.543 7.5
    endloop
  endfacet
  facet normal 0.233097 -0.972453 0
    outer loop
      vertex 105.082 145.671 7.5
      vertex 104.548 145.543 2.5
      vertex 105.082 145.671 2.5
    endloop
  endfacet
  facet normal -0.0782267 0.996936 0
    outer loop
      vertex 104 152.5 2.5
      vertex 103.452 152.457 7.5
      vertex 104 152.5 7.5
    endloop
  endfacet
  facet normal -0.0782267 0.996936 0
    outer loop
      vertex 103.452 152.457 7.5
      vertex 104 152.5 2.5
      vertex 103.452 152.457 2.5
    endloop
  endfacet
  facet normal -0.85247 -0.522776 0
    outer loop
      vertex 101.168 146.943 2.5
      vertex 100.881 147.411 7.5
      vertex 100.881 147.411 2.5
    endloop
  endfacet
  facet normal -0.85247 -0.522776 0
    outer loop
      vertex 100.881 147.411 7.5
      vertex 101.168 146.943 2.5
      vertex 101.168 146.943 7.5
    endloop
  endfacet
  facet normal -0.85247 0.522776 0
    outer loop
      vertex 100.881 150.589 2.5
      vertex 101.168 151.057 7.5
      vertex 101.168 151.057 2.5
    endloop
  endfacet
  facet normal -0.85247 0.522776 0
    outer loop
      vertex 101.168 151.057 7.5
      vertex 100.881 150.589 2.5
      vertex 100.881 150.589 7.5
    endloop
  endfacet
  facet normal -0.996936 -0.0782267 0
    outer loop
      vertex 100.543 148.452 2.5
      vertex 100.5 149 7.5
      vertex 100.5 149 2.5
    endloop
  endfacet
  facet normal -0.996936 -0.0782267 0
    outer loop
      vertex 100.5 149 7.5
      vertex 100.543 148.452 2.5
      vertex 100.543 148.452 7.5
    endloop
  endfacet
  facet normal -0.382674 0.923884 0
    outer loop
      vertex 102.918 152.329 2.5
      vertex 102.411 152.119 7.5
      vertex 102.918 152.329 7.5
    endloop
  endfacet
  facet normal -0.382674 0.923884 0
    outer loop
      vertex 102.411 152.119 7.5
      vertex 102.918 152.329 2.5
      vertex 102.411 152.119 2.5
    endloop
  endfacet
  facet normal 0.382674 -0.923884 0
    outer loop
      vertex 105.082 145.671 2.5
      vertex 105.589 145.881 7.5
      vertex 105.082 145.671 7.5
    endloop
  endfacet
  facet normal 0.382674 -0.923884 0
    outer loop
      vertex 105.589 145.881 7.5
      vertex 105.082 145.671 2.5
      vertex 105.589 145.881 2.5
    endloop
  endfacet
  facet normal 0.760411 -0.649442 0
    outer loop
      vertex 106.475 146.525 7.5
      vertex 106.832 146.943 2.5
      vertex 106.832 146.943 7.5
    endloop
  endfacet
  facet normal 0.760411 -0.649442 0
    outer loop
      vertex 106.832 146.943 2.5
      vertex 106.475 146.525 7.5
      vertex 106.475 146.525 2.5
    endloop
  endfacet
  facet normal -0.996936 0.0782267 0
    outer loop
      vertex 100.5 149 2.5
      vertex 100.543 149.548 7.5
      vertex 100.543 149.548 2.5
    endloop
  endfacet
  facet normal -0.996936 0.0782267 0
    outer loop
      vertex 100.543 149.548 7.5
      vertex 100.5 149 2.5
      vertex 100.5 149 7.5
    endloop
  endfacet
  facet normal 0.972453 -0.233097 0
    outer loop
      vertex 107.329 147.918 7.5
      vertex 107.457 148.452 2.5
      vertex 107.457 148.452 7.5
    endloop
  endfacet
  facet normal 0.972453 -0.233097 0
    outer loop
      vertex 107.457 148.452 2.5
      vertex 107.329 147.918 7.5
      vertex 107.329 147.918 2.5
    endloop
  endfacet
  facet normal -0.649442 -0.760411 0
    outer loop
      vertex 101.525 146.525 2.5
      vertex 101.943 146.168 7.5
      vertex 101.525 146.525 7.5
    endloop
  endfacet
  facet normal -0.649442 -0.760411 -0
    outer loop
      vertex 101.943 146.168 7.5
      vertex 101.525 146.525 2.5
      vertex 101.943 146.168 2.5
    endloop
  endfacet
  facet normal -0.382674 -0.923884 0
    outer loop
      vertex 102.411 145.881 2.5
      vertex 102.918 145.671 7.5
      vertex 102.411 145.881 7.5
    endloop
  endfacet
  facet normal -0.382674 -0.923884 -0
    outer loop
      vertex 102.918 145.671 7.5
      vertex 102.411 145.881 2.5
      vertex 102.918 145.671 2.5
    endloop
  endfacet
  facet normal -0.233097 -0.972453 0
    outer loop
      vertex 102.918 145.671 2.5
      vertex 103.452 145.543 7.5
      vertex 102.918 145.671 7.5
    endloop
  endfacet
  facet normal -0.233097 -0.972453 -0
    outer loop
      vertex 103.452 145.543 7.5
      vertex 102.918 145.671 2.5
      vertex 103.452 145.543 2.5
    endloop
  endfacet
  facet normal -0.760411 0.649442 0
    outer loop
      vertex 101.168 151.057 2.5
      vertex 101.525 151.475 7.5
      vertex 101.525 151.475 2.5
    endloop
  endfacet
  facet normal -0.760411 0.649442 0
    outer loop
      vertex 101.525 151.475 7.5
      vertex 101.168 151.057 2.5
      vertex 101.168 151.057 7.5
    endloop
  endfacet
  facet normal -0.0773927 0.997001 0
    outer loop
      vertex 104.219 147.617 2.5
      vertex 104 147.6 7.5
      vertex 104.219 147.617 7.5
    endloop
  endfacet
  facet normal -0.0773927 0.997001 0
    outer loop
      vertex 104 147.6 7.5
      vertex 104.219 147.617 2.5
      vertex 104 147.6 2.5
    endloop
  endfacet
  facet normal -0.971724 -0.23612 0
    outer loop
      vertex 105.383 149.219 2.5
      vertex 105.331 149.433 7.5
      vertex 105.331 149.433 2.5
    endloop
  endfacet
  facet normal -0.971724 -0.23612 0
    outer loop
      vertex 105.331 149.433 7.5
      vertex 105.383 149.219 2.5
      vertex 105.383 149.219 7.5
    endloop
  endfacet
  facet normal -0.997001 -0.0773927 0
    outer loop
      vertex 105.4 149 2.5
      vertex 105.383 149.219 7.5
      vertex 105.383 149.219 2.5
    endloop
  endfacet
  facet normal -0.997001 -0.0773927 0
    outer loop
      vertex 105.383 149.219 7.5
      vertex 105.4 149 2.5
      vertex 105.4 149 7.5
    endloop
  endfacet
  facet normal -0.924017 -0.382352 0
    outer loop
      vertex 105.331 149.433 2.5
      vertex 105.247 149.636 7.5
      vertex 105.247 149.636 2.5
    endloop
  endfacet
  facet normal -0.924017 -0.382352 0
    outer loop
      vertex 105.247 149.636 7.5
      vertex 105.331 149.433 2.5
      vertex 105.331 149.433 7.5
    endloop
  endfacet
  facet normal -0.520526 0.853846 0
    outer loop
      vertex 104.823 147.867 2.5
      vertex 104.636 147.753 7.5
      vertex 104.823 147.867 7.5
    endloop
  endfacet
  facet normal -0.520526 0.853846 0
    outer loop
      vertex 104.636 147.753 7.5
      vertex 104.823 147.867 2.5
      vertex 104.636 147.753 2.5
    endloop
  endfacet
  facet normal -0.853846 -0.520526 0
    outer loop
      vertex 105.247 149.636 2.5
      vertex 105.133 149.823 7.5
      vertex 105.133 149.823 2.5
    endloop
  endfacet
  facet normal -0.853846 -0.520526 0
    outer loop
      vertex 105.133 149.823 7.5
      vertex 105.247 149.636 2.5
      vertex 105.247 149.636 7.5
    endloop
  endfacet
  facet normal -0.759578 -0.650417 0
    outer loop
      vertex 105.133 149.823 2.5
      vertex 104.99 149.99 7.5
      vertex 104.99 149.99 2.5
    endloop
  endfacet
  facet normal -0.759578 -0.650417 0
    outer loop
      vertex 104.99 149.99 7.5
      vertex 105.133 149.823 2.5
      vertex 105.133 149.823 7.5
    endloop
  endfacet
  facet normal 0.997001 -0.0773927 0
    outer loop
      vertex 102.6 149 7.5
      vertex 102.617 149.219 2.5
      vertex 102.617 149.219 7.5
    endloop
  endfacet
  facet normal 0.997001 -0.0773927 0
    outer loop
      vertex 102.617 149.219 2.5
      vertex 102.6 149 7.5
      vertex 102.6 149 2.5
    endloop
  endfacet
  facet normal -0.23612 0.971724 0
    outer loop
      vertex 104.433 147.669 2.5
      vertex 104.219 147.617 7.5
      vertex 104.433 147.669 7.5
    endloop
  endfacet
  facet normal -0.23612 0.971724 0
    outer loop
      vertex 104.219 147.617 7.5
      vertex 104.433 147.669 2.5
      vertex 104.219 147.617 2.5
    endloop
  endfacet
  facet normal 0.853846 0.520526 0
    outer loop
      vertex 102.867 148.177 7.5
      vertex 102.753 148.364 2.5
      vertex 102.753 148.364 7.5
    endloop
  endfacet
  facet normal 0.853846 0.520526 0
    outer loop
      vertex 102.753 148.364 2.5
      vertex 102.867 148.177 7.5
      vertex 102.867 148.177 2.5
    endloop
  endfacet
  facet normal 0.924017 0.382352 0
    outer loop
      vertex 102.753 148.364 7.5
      vertex 102.669 148.567 2.5
      vertex 102.669 148.567 7.5
    endloop
  endfacet
  facet normal 0.924017 0.382352 0
    outer loop
      vertex 102.669 148.567 2.5
      vertex 102.753 148.364 7.5
      vertex 102.753 148.364 2.5
    endloop
  endfacet
  facet normal -0.520526 -0.853846 0
    outer loop
      vertex 104.636 150.247 2.5
      vertex 104.823 150.133 7.5
      vertex 104.636 150.247 7.5
    endloop
  endfacet
  facet normal -0.520526 -0.853846 -0
    outer loop
      vertex 104.823 150.133 7.5
      vertex 104.636 150.247 2.5
      vertex 104.823 150.133 2.5
    endloop
  endfacet
  facet normal -0.924017 0.382352 0
    outer loop
      vertex 105.247 148.364 2.5
      vertex 105.331 148.567 7.5
      vertex 105.331 148.567 2.5
    endloop
  endfacet
  facet normal -0.924017 0.382352 0
    outer loop
      vertex 105.331 148.567 7.5
      vertex 105.247 148.364 2.5
      vertex 105.247 148.364 7.5
    endloop
  endfacet
  facet normal 0.759578 -0.650417 0
    outer loop
      vertex 102.867 149.823 7.5
      vertex 103.01 149.99 2.5
      vertex 103.01 149.99 7.5
    endloop
  endfacet
  facet normal 0.759578 -0.650417 0
    outer loop
      vertex 103.01 149.99 2.5
      vertex 102.867 149.823 7.5
      vertex 102.867 149.823 2.5
    endloop
  endfacet
  facet normal 0.997001 0.0773927 0
    outer loop
      vertex 102.617 148.781 7.5
      vertex 102.6 149 2.5
      vertex 102.6 149 7.5
    endloop
  endfacet
  facet normal 0.997001 0.0773927 0
    outer loop
      vertex 102.6 149 2.5
      vertex 102.617 148.781 7.5
      vertex 102.617 148.781 2.5
    endloop
  endfacet
  facet normal -0.759578 0.650417 0
    outer loop
      vertex 104.99 148.01 2.5
      vertex 105.133 148.177 7.5
      vertex 105.133 148.177 2.5
    endloop
  endfacet
  facet normal -0.759578 0.650417 0
    outer loop
      vertex 105.133 148.177 7.5
      vertex 104.99 148.01 2.5
      vertex 104.99 148.01 7.5
    endloop
  endfacet
  facet normal -0.853846 0.520526 0
    outer loop
      vertex 105.133 148.177 2.5
      vertex 105.247 148.364 7.5
      vertex 105.247 148.364 2.5
    endloop
  endfacet
  facet normal -0.853846 0.520526 0
    outer loop
      vertex 105.247 148.364 7.5
      vertex 105.133 148.177 2.5
      vertex 105.133 148.177 7.5
    endloop
  endfacet
  facet normal 0.23612 0.971724 -0
    outer loop
      vertex 103.781 147.617 2.5
      vertex 103.567 147.669 7.5
      vertex 103.781 147.617 7.5
    endloop
  endfacet
  facet normal 0.23612 0.971724 0
    outer loop
      vertex 103.567 147.669 7.5
      vertex 103.781 147.617 2.5
      vertex 103.567 147.669 2.5
    endloop
  endfacet
  facet normal 0.971724 0.23612 0
    outer loop
      vertex 102.669 148.567 7.5
      vertex 102.617 148.781 2.5
      vertex 102.617 148.781 7.5
    endloop
  endfacet
  facet normal 0.971724 0.23612 0
    outer loop
      vertex 102.617 148.781 2.5
      vertex 102.669 148.567 7.5
      vertex 102.669 148.567 2.5
    endloop
  endfacet
  facet normal 0.382352 0.924017 -0
    outer loop
      vertex 103.567 147.669 2.5
      vertex 103.364 147.753 7.5
      vertex 103.567 147.669 7.5
    endloop
  endfacet
  facet normal 0.382352 0.924017 0
    outer loop
      vertex 103.364 147.753 7.5
      vertex 103.567 147.669 2.5
      vertex 103.364 147.753 2.5
    endloop
  endfacet
  facet normal -0.997001 0.0773927 0
    outer loop
      vertex 105.383 148.781 2.5
      vertex 105.4 149 7.5
      vertex 105.4 149 2.5
    endloop
  endfacet
  facet normal -0.997001 0.0773927 0
    outer loop
      vertex 105.4 149 7.5
      vertex 105.383 148.781 2.5
      vertex 105.383 148.781 7.5
    endloop
  endfacet
  facet normal -0.971724 0.23612 0
    outer loop
      vertex 105.331 148.567 2.5
      vertex 105.383 148.781 7.5
      vertex 105.383 148.781 2.5
    endloop
  endfacet
  facet normal -0.971724 0.23612 0
    outer loop
      vertex 105.383 148.781 7.5
      vertex 105.331 148.567 2.5
      vertex 105.331 148.567 7.5
    endloop
  endfacet
  facet normal 0.650417 -0.759578 0
    outer loop
      vertex 103.01 149.99 2.5
      vertex 103.177 150.133 7.5
      vertex 103.01 149.99 7.5
    endloop
  endfacet
  facet normal 0.650417 -0.759578 0
    outer loop
      vertex 103.177 150.133 7.5
      vertex 103.01 149.99 2.5
      vertex 103.177 150.133 2.5
    endloop
  endfacet
  facet normal 0.382352 -0.924017 0
    outer loop
      vertex 103.364 150.247 2.5
      vertex 103.567 150.331 7.5
      vertex 103.364 150.247 7.5
    endloop
  endfacet
  facet normal 0.382352 -0.924017 0
    outer loop
      vertex 103.567 150.331 7.5
      vertex 103.364 150.247 2.5
      vertex 103.567 150.331 2.5
    endloop
  endfacet
  facet normal -0.650417 -0.759578 0
    outer loop
      vertex 104.823 150.133 2.5
      vertex 104.99 149.99 7.5
      vertex 104.823 150.133 7.5
    endloop
  endfacet
  facet normal -0.650417 -0.759578 -0
    outer loop
      vertex 104.99 149.99 7.5
      vertex 104.823 150.133 2.5
      vertex 104.99 149.99 2.5
    endloop
  endfacet
  facet normal 0.853846 -0.520526 0
    outer loop
      vertex 102.753 149.636 7.5
      vertex 102.867 149.823 2.5
      vertex 102.867 149.823 7.5
    endloop
  endfacet
  facet normal 0.853846 -0.520526 0
    outer loop
      vertex 102.867 149.823 2.5
      vertex 102.753 149.636 7.5
      vertex 102.753 149.636 2.5
    endloop
  endfacet
  facet normal 0.924017 -0.382352 0
    outer loop
      vertex 102.669 149.433 7.5
      vertex 102.753 149.636 2.5
      vertex 102.753 149.636 7.5
    endloop
  endfacet
  facet normal 0.924017 -0.382352 0
    outer loop
      vertex 102.753 149.636 2.5
      vertex 102.669 149.433 7.5
      vertex 102.669 149.433 2.5
    endloop
  endfacet
  facet normal 0.23612 -0.971724 0
    outer loop
      vertex 103.567 150.331 2.5
      vertex 103.781 150.383 7.5
      vertex 103.567 150.331 7.5
    endloop
  endfacet
  facet normal 0.23612 -0.971724 0
    outer loop
      vertex 103.781 150.383 7.5
      vertex 103.567 150.331 2.5
      vertex 103.781 150.383 2.5
    endloop
  endfacet
  facet normal 0.0773927 -0.997001 0
    outer loop
      vertex 103.781 150.383 2.5
      vertex 104 150.4 7.5
      vertex 103.781 150.383 7.5
    endloop
  endfacet
  facet normal 0.0773927 -0.997001 0
    outer loop
      vertex 104 150.4 7.5
      vertex 103.781 150.383 2.5
      vertex 104 150.4 2.5
    endloop
  endfacet
  facet normal 0.650417 0.759578 -0
    outer loop
      vertex 103.177 147.867 2.5
      vertex 103.01 148.01 7.5
      vertex 103.177 147.867 7.5
    endloop
  endfacet
  facet normal 0.650417 0.759578 0
    outer loop
      vertex 103.01 148.01 7.5
      vertex 103.177 147.867 2.5
      vertex 103.01 148.01 2.5
    endloop
  endfacet
  facet normal 0.759578 0.650417 0
    outer loop
      vertex 103.01 148.01 7.5
      vertex 102.867 148.177 2.5
      vertex 102.867 148.177 7.5
    endloop
  endfacet
  facet normal 0.759578 0.650417 0
    outer loop
      vertex 102.867 148.177 2.5
      vertex 103.01 148.01 7.5
      vertex 103.01 148.01 2.5
    endloop
  endfacet
  facet normal -0.650417 0.759578 0
    outer loop
      vertex 104.99 148.01 2.5
      vertex 104.823 147.867 7.5
      vertex 104.99 148.01 7.5
    endloop
  endfacet
  facet normal -0.650417 0.759578 0
    outer loop
      vertex 104.823 147.867 7.5
      vertex 104.99 148.01 2.5
      vertex 104.823 147.867 2.5
    endloop
  endfacet
  facet normal -0.382352 -0.924017 0
    outer loop
      vertex 104.433 150.331 2.5
      vertex 104.636 150.247 7.5
      vertex 104.433 150.331 7.5
    endloop
  endfacet
  facet normal -0.382352 -0.924017 -0
    outer loop
      vertex 104.636 150.247 7.5
      vertex 104.433 150.331 2.5
      vertex 104.636 150.247 2.5
    endloop
  endfacet
  facet normal 0.971724 -0.23612 0
    outer loop
      vertex 102.617 149.219 7.5
      vertex 102.669 149.433 2.5
      vertex 102.669 149.433 7.5
    endloop
  endfacet
  facet normal 0.971724 -0.23612 0
    outer loop
      vertex 102.669 149.433 2.5
      vertex 102.617 149.219 7.5
      vertex 102.617 149.219 2.5
    endloop
  endfacet
  facet normal -0.23612 -0.971724 0
    outer loop
      vertex 104.219 150.383 2.5
      vertex 104.433 150.331 7.5
      vertex 104.219 150.383 7.5
    endloop
  endfacet
  facet normal -0.23612 -0.971724 -0
    outer loop
      vertex 104.433 150.331 7.5
      vertex 104.219 150.383 2.5
      vertex 104.433 150.331 2.5
    endloop
  endfacet
  facet normal -0.382352 0.924017 0
    outer loop
      vertex 104.636 147.753 2.5
      vertex 104.433 147.669 7.5
      vertex 104.636 147.753 7.5
    endloop
  endfacet
  facet normal -0.382352 0.924017 0
    outer loop
      vertex 104.433 147.669 7.5
      vertex 104.636 147.753 2.5
      vertex 104.433 147.669 2.5
    endloop
  endfacet
  facet normal 0.520526 -0.853846 0
    outer loop
      vertex 103.177 150.133 2.5
      vertex 103.364 150.247 7.5
      vertex 103.177 150.133 7.5
    endloop
  endfacet
  facet normal 0.520526 -0.853846 0
    outer loop
      vertex 103.364 150.247 7.5
      vertex 103.177 150.133 2.5
      vertex 103.364 150.247 2.5
    endloop
  endfacet
  facet normal -0.0773927 -0.997001 0
    outer loop
      vertex 104 150.4 2.5
      vertex 104.219 150.383 7.5
      vertex 104 150.4 7.5
    endloop
  endfacet
  facet normal -0.0773927 -0.997001 -0
    outer loop
      vertex 104.219 150.383 7.5
      vertex 104 150.4 2.5
      vertex 104.219 150.383 2.5
    endloop
  endfacet
  facet normal 0.0773927 0.997001 -0
    outer loop
      vertex 104 147.6 2.5
      vertex 103.781 147.617 7.5
      vertex 104 147.6 7.5
    endloop
  endfacet
  facet normal 0.0773927 0.997001 0
    outer loop
      vertex 103.781 147.617 7.5
      vertex 104 147.6 2.5
      vertex 103.781 147.617 2.5
    endloop
  endfacet
  facet normal 0.520526 0.853846 -0
    outer loop
      vertex 103.364 147.753 2.5
      vertex 103.177 147.867 7.5
      vertex 103.364 147.753 7.5
    endloop
  endfacet
  facet normal 0.520526 0.853846 0
    outer loop
      vertex 103.177 147.867 7.5
      vertex 103.364 147.753 2.5
      vertex 103.177 147.867 2.5
    endloop
  endfacet
  facet normal 0.972373 0.233433 0
    outer loop
      vertex 6.96306 4.4693 16
      vertex 6.85317 4.92705 10.5
      vertex 6.85317 4.92705 16
    endloop
  endfacet
  facet normal 0.972373 0.233433 0
    outer loop
      vertex 6.85317 4.92705 10.5
      vertex 6.96306 4.4693 16
      vertex 6.96306 4.4693 10.5
    endloop
  endfacet
  facet normal 0.972373 0.233433 0
    outer loop
      vertex 6.96306 4.4693 7.5
      vertex 6.85317 4.92705 2.5
      vertex 6.85317 4.92705 7.5
    endloop
  endfacet
  facet normal 0.972373 0.233433 0
    outer loop
      vertex 6.85317 4.92705 2.5
      vertex 6.96306 4.4693 7.5
      vertex 6.96306 4.4693 2.5
    endloop
  endfacet
  facet normal 0.996916 0.0784703 0
    outer loop
      vertex 7 4 16
      vertex 6.96306 4.4693 10.5
      vertex 6.96306 4.4693 16
    endloop
  endfacet
  facet normal 0.996916 0.0784703 0
    outer loop
      vertex 6.96306 4.4693 10.5
      vertex 7 4 16
      vertex 7 4 10.5
    endloop
  endfacet
  facet normal 0.996916 0.0784703 0
    outer loop
      vertex 7 4 7.5
      vertex 6.96306 4.4693 2.5
      vertex 6.96306 4.4693 7.5
    endloop
  endfacet
  facet normal 0.996916 0.0784703 0
    outer loop
      vertex 6.96306 4.4693 2.5
      vertex 7 4 7.5
      vertex 7 4 2.5
    endloop
  endfacet
  facet normal 0.923879 0.382684 0
    outer loop
      vertex 6.85317 4.92705 16
      vertex 6.67302 5.36197 10.5
      vertex 6.67302 5.36197 16
    endloop
  endfacet
  facet normal 0.923879 0.382684 0
    outer loop
      vertex 6.67302 5.36197 10.5
      vertex 6.85317 4.92705 16
      vertex 6.85317 4.92705 10.5
    endloop
  endfacet
  facet normal 0.923879 0.382684 0
    outer loop
      vertex 6.85317 4.92705 7.5
      vertex 6.67302 5.36197 2.5
      vertex 6.67302 5.36197 7.5
    endloop
  endfacet
  facet normal 0.923879 0.382684 0
    outer loop
      vertex 6.67302 5.36197 2.5
      vertex 6.85317 4.92705 7.5
      vertex 6.85317 4.92705 2.5
    endloop
  endfacet
  facet normal 0.972373 -0.233433 0
    outer loop
      vertex 6.96306 3.5307 16
      vertex 6.95569 3.5 10.5
      vertex 6.96306 3.5307 10.5
    endloop
  endfacet
  facet normal 0.972373 -0.233433 0
    outer loop
      vertex 6.95569 3.5 10.5
      vertex 6.85317 3.07295 16
      vertex 6.95569 3.5 7.5
    endloop
  endfacet
  facet normal 0.972373 -0.233433 2.12424e-09
    outer loop
      vertex 6.85317 3.07295 16
      vertex 6.95569 3.5 10.5
      vertex 6.96306 3.5307 16
    endloop
  endfacet
  facet normal 0.972373 -0.233433 0
    outer loop
      vertex 6.95569 3.5 7.5
      vertex 6.96306 3.5307 2.5
      vertex 6.96306 3.5307 7.5
    endloop
  endfacet
  facet normal 0.972373 -0.233433 0
    outer loop
      vertex 6.85317 3.07295 2.5
      vertex 6.95569 3.5 7.5
      vertex 6.85317 3.07295 16
    endloop
  endfacet
  facet normal 0.972373 -0.233433 -2.33667e-09
    outer loop
      vertex 6.95569 3.5 7.5
      vertex 6.85317 3.07295 2.5
      vertex 6.96306 3.5307 2.5
    endloop
  endfacet
  facet normal -0.382684 0.923879 0
    outer loop
      vertex 3.07295 6.85317 2.5
      vertex 2.63803 6.67302 16
      vertex 3.07295 6.85317 16
    endloop
  endfacet
  facet normal -0.382684 0.923879 0
    outer loop
      vertex 2.63803 6.67302 16
      vertex 3.07295 6.85317 2.5
      vertex 2.63803 6.67302 2.5
    endloop
  endfacet
  facet normal -0.522477 0.852654 0
    outer loop
      vertex 2.63803 6.67302 2.5
      vertex 2.5 6.58844 16
      vertex 2.63803 6.67302 16
    endloop
  endfacet
  facet normal -0.522477 0.852654 0
    outer loop
      vertex 2.5 6.58844 16
      vertex 2.63803 6.67302 2.5
      vertex 2.5 6.58844 2.5
    endloop
  endfacet
  facet normal 0.649452 0.760403 -0
    outer loop
      vertex 6.12132 6.12132 10.5
      vertex 5.76336 6.42705 16
      vertex 6.12132 6.12132 16
    endloop
  endfacet
  facet normal 0.649452 0.760403 0
    outer loop
      vertex 5.76336 6.42705 16
      vertex 6.12132 6.12132 10.5
      vertex 5.76336 6.42705 10.5
    endloop
  endfacet
  facet normal 0.649452 0.760403 -0
    outer loop
      vertex 6.12132 6.12132 2.5
      vertex 5.76336 6.42705 7.5
      vertex 6.12132 6.12132 7.5
    endloop
  endfacet
  facet normal 0.649452 0.760403 0
    outer loop
      vertex 5.76336 6.42705 7.5
      vertex 6.12132 6.12132 2.5
      vertex 5.76336 6.42705 2.5
    endloop
  endfacet
  facet normal -0.233433 0.972373 0
    outer loop
      vertex 3.5307 6.96306 7.5
      vertex 3.5307 6.96306 2.5
      vertex 3.5 6.95569 7.5
    endloop
  endfacet
  facet normal -0.233433 0.972373 0
    outer loop
      vertex 3.5 6.95569 10.5
      vertex 3.5307 6.96306 16
      vertex 3.5307 6.96306 10.5
    endloop
  endfacet
  facet normal -0.233433 0.972373 2.12424e-09
    outer loop
      vertex 3.5307 6.96306 16
      vertex 3.5 6.95569 10.5
      vertex 3.07295 6.85317 16
    endloop
  endfacet
  facet normal -0.233433 0.972373 0
    outer loop
      vertex 3.5 6.95569 7.5
      vertex 3.07295 6.85317 16
      vertex 3.5 6.95569 10.5
    endloop
  endfacet
  facet normal -0.233433 0.972373 -2.33667e-09
    outer loop
      vertex 3.07295 6.85317 2.5
      vertex 3.5 6.95569 7.5
      vertex 3.5307 6.96306 2.5
    endloop
  endfacet
  facet normal -0.233433 0.972373 0
    outer loop
      vertex 3.5 6.95569 7.5
      vertex 3.07295 6.85317 2.5
      vertex 3.07295 6.85317 16
    endloop
  endfacet
  facet normal -0.0784703 0.996916 0
    outer loop
      vertex 4 7 10.5
      vertex 3.5307 6.96306 16
      vertex 4 7 16
    endloop
  endfacet
  facet normal -0.0784703 0.996916 0
    outer loop
      vertex 3.5307 6.96306 16
      vertex 4 7 10.5
      vertex 3.5307 6.96306 10.5
    endloop
  endfacet
  facet normal -0.0784703 0.996916 0
    outer loop
      vertex 4 7 2.5
      vertex 3.5307 6.96306 7.5
      vertex 4 7 7.5
    endloop
  endfacet
  facet normal -0.0784703 0.996916 0
    outer loop
      vertex 3.5307 6.96306 7.5
      vertex 4 7 2.5
      vertex 3.5307 6.96306 2.5
    endloop
  endfacet
  facet normal 0.923879 -0.382684 0
    outer loop
      vertex 6.67302 2.63803 16
      vertex 6.85317 3.07295 2.5
      vertex 6.85317 3.07295 16
    endloop
  endfacet
  facet normal 0.923879 -0.382684 0
    outer loop
      vertex 6.85317 3.07295 2.5
      vertex 6.67302 2.63803 16
      vertex 6.67302 2.63803 2.5
    endloop
  endfacet
  facet normal 0.852654 -0.522477 0
    outer loop
      vertex 6.58844 2.5 16
      vertex 6.67302 2.63803 2.5
      vertex 6.67302 2.63803 16
    endloop
  endfacet
  facet normal 0.852654 -0.522477 0
    outer loop
      vertex 6.67302 2.63803 2.5
      vertex 6.58844 2.5 16
      vertex 6.58844 2.5 2.5
    endloop
  endfacet
  facet normal 0.852642 0.522495 0
    outer loop
      vertex 6.67302 5.36197 16
      vertex 6.42705 5.76336 10.5
      vertex 6.42705 5.76336 16
    endloop
  endfacet
  facet normal 0.852642 0.522495 0
    outer loop
      vertex 6.42705 5.76336 10.5
      vertex 6.67302 5.36197 16
      vertex 6.67302 5.36197 10.5
    endloop
  endfacet
  facet normal 0.852642 0.522495 0
    outer loop
      vertex 6.67302 5.36197 7.5
      vertex 6.42705 5.76336 2.5
      vertex 6.42705 5.76336 7.5
    endloop
  endfacet
  facet normal 0.852642 0.522495 0
    outer loop
      vertex 6.42705 5.76336 2.5
      vertex 6.67302 5.36197 7.5
      vertex 6.67302 5.36197 2.5
    endloop
  endfacet
  facet normal 0.760403 0.649452 0
    outer loop
      vertex 6.42705 5.76336 16
      vertex 6.12132 6.12132 10.5
      vertex 6.12132 6.12132 16
    endloop
  endfacet
  facet normal 0.760403 0.649452 0
    outer loop
      vertex 6.12132 6.12132 10.5
      vertex 6.42705 5.76336 16
      vertex 6.42705 5.76336 10.5
    endloop
  endfacet
  facet normal 0.760403 0.649452 0
    outer loop
      vertex 6.42705 5.76336 7.5
      vertex 6.12132 6.12132 2.5
      vertex 6.12132 6.12132 7.5
    endloop
  endfacet
  facet normal 0.760403 0.649452 0
    outer loop
      vertex 6.12132 6.12132 2.5
      vertex 6.42705 5.76336 7.5
      vertex 6.42705 5.76336 2.5
    endloop
  endfacet
  facet normal 0.0784703 0.996916 -0
    outer loop
      vertex 4.4693 6.96306 10.5
      vertex 4 7 16
      vertex 4.4693 6.96306 16
    endloop
  endfacet
  facet normal 0.0784703 0.996916 0
    outer loop
      vertex 4 7 16
      vertex 4.4693 6.96306 10.5
      vertex 4 7 10.5
    endloop
  endfacet
  facet normal 0.0784703 0.996916 -0
    outer loop
      vertex 4.4693 6.96306 2.5
      vertex 4 7 7.5
      vertex 4.4693 6.96306 7.5
    endloop
  endfacet
  facet normal 0.0784703 0.996916 0
    outer loop
      vertex 4 7 7.5
      vertex 4.4693 6.96306 2.5
      vertex 4 7 2.5
    endloop
  endfacet
  facet normal 0.382684 0.923879 -0
    outer loop
      vertex 5.36197 6.67302 10.5
      vertex 4.92705 6.85317 16
      vertex 5.36197 6.67302 16
    endloop
  endfacet
  facet normal 0.382684 0.923879 0
    outer loop
      vertex 4.92705 6.85317 16
      vertex 5.36197 6.67302 10.5
      vertex 4.92705 6.85317 10.5
    endloop
  endfacet
  facet normal 0.382684 0.923879 -0
    outer loop
      vertex 5.36197 6.67302 2.5
      vertex 4.92705 6.85317 7.5
      vertex 5.36197 6.67302 7.5
    endloop
  endfacet
  facet normal 0.382684 0.923879 0
    outer loop
      vertex 4.92705 6.85317 7.5
      vertex 5.36197 6.67302 2.5
      vertex 4.92705 6.85317 2.5
    endloop
  endfacet
  facet normal 0.522495 0.852642 -0
    outer loop
      vertex 5.76336 6.42705 2.5
      vertex 5.36197 6.67302 7.5
      vertex 5.76336 6.42705 7.5
    endloop
  endfacet
  facet normal 0.522495 0.852642 0
    outer loop
      vertex 5.36197 6.67302 7.5
      vertex 5.76336 6.42705 2.5
      vertex 5.36197 6.67302 2.5
    endloop
  endfacet
  facet normal 0.522495 0.852642 -0
    outer loop
      vertex 5.76336 6.42705 10.5
      vertex 5.36197 6.67302 16
      vertex 5.76336 6.42705 16
    endloop
  endfacet
  facet normal 0.522495 0.852642 0
    outer loop
      vertex 5.36197 6.67302 16
      vertex 5.76336 6.42705 10.5
      vertex 5.36197 6.67302 10.5
    endloop
  endfacet
  facet normal 0.996916 -0.0784703 0
    outer loop
      vertex 6.96306 3.5307 7.5
      vertex 7 4 2.5
      vertex 7 4 7.5
    endloop
  endfacet
  facet normal 0.996916 -0.0784703 0
    outer loop
      vertex 7 4 2.5
      vertex 6.96306 3.5307 7.5
      vertex 6.96306 3.5307 2.5
    endloop
  endfacet
  facet normal 0.996916 -0.0784703 0
    outer loop
      vertex 6.96306 3.5307 16
      vertex 7 4 10.5
      vertex 7 4 16
    endloop
  endfacet
  facet normal 0.996916 -0.0784703 0
    outer loop
      vertex 7 4 10.5
      vertex 6.96306 3.5307 16
      vertex 6.96306 3.5307 10.5
    endloop
  endfacet
  facet normal 0.233433 0.972373 -0
    outer loop
      vertex 4.92705 6.85317 10.5
      vertex 4.4693 6.96306 16
      vertex 4.92705 6.85317 16
    endloop
  endfacet
  facet normal 0.233433 0.972373 0
    outer loop
      vertex 4.4693 6.96306 16
      vertex 4.92705 6.85317 10.5
      vertex 4.4693 6.96306 10.5
    endloop
  endfacet
  facet normal 0.233433 0.972373 -0
    outer loop
      vertex 4.92705 6.85317 2.5
      vertex 4.4693 6.96306 7.5
      vertex 4.92705 6.85317 7.5
    endloop
  endfacet
  facet normal 0.233433 0.972373 0
    outer loop
      vertex 4.4693 6.96306 7.5
      vertex 4.92705 6.85317 2.5
      vertex 4.4693 6.96306 2.5
    endloop
  endfacet
  facet normal -0.0784751 0.996916 0
    outer loop
      vertex 4.21901 2.61724 6
      vertex 4 2.6 16
      vertex 4.21901 2.61724 16
    endloop
  endfacet
  facet normal -0.0784751 0.996916 0
    outer loop
      vertex 4 2.6 16
      vertex 4.21901 2.61724 6
      vertex 4 2.6 6
    endloop
  endfacet
  facet normal -0.972373 -0.233431 0
    outer loop
      vertex 5.38276 4.21901 6
      vertex 5.33148 4.43262 7.5
      vertex 5.33148 4.43262 6
    endloop
  endfacet
  facet normal -0.972373 -0.233431 0
    outer loop
      vertex 5.33148 4.43262 7.5
      vertex 5.38276 4.21901 6
      vertex 5.38276 4.21901 7.5
    endloop
  endfacet
  facet normal -0.972373 -0.233431 0
    outer loop
      vertex 5.38276 4.21901 10.5
      vertex 5.33148 4.43262 16
      vertex 5.33148 4.43262 10.5
    endloop
  endfacet
  facet normal -0.972373 -0.233431 0
    outer loop
      vertex 5.33148 4.43262 16
      vertex 5.38276 4.21901 10.5
      vertex 5.38276 4.21901 16
    endloop
  endfacet
  facet normal -0.996916 -0.0784751 0
    outer loop
      vertex 5.4 4 6
      vertex 5.38276 4.21901 7.5
      vertex 5.38276 4.21901 6
    endloop
  endfacet
  facet normal -0.996916 -0.0784751 0
    outer loop
      vertex 5.38276 4.21901 7.5
      vertex 5.4 4 6
      vertex 5.4 4 7.5
    endloop
  endfacet
  facet normal -0.996916 -0.0784751 0
    outer loop
      vertex 5.4 4 10.5
      vertex 5.38276 4.21901 16
      vertex 5.38276 4.21901 10.5
    endloop
  endfacet
  facet normal -0.996916 -0.0784751 0
    outer loop
      vertex 5.38276 4.21901 16
      vertex 5.4 4 10.5
      vertex 5.4 4 16
    endloop
  endfacet
  facet normal -0.923884 -0.382672 0
    outer loop
      vertex 5.33148 4.43262 6
      vertex 5.24741 4.63559 7.5
      vertex 5.24741 4.63559 6
    endloop
  endfacet
  facet normal -0.923884 -0.382672 0
    outer loop
      vertex 5.24741 4.63559 7.5
      vertex 5.33148 4.43262 6
      vertex 5.33148 4.43262 7.5
    endloop
  endfacet
  facet normal -0.923884 -0.382672 0
    outer loop
      vertex 5.33148 4.43262 10.5
      vertex 5.24741 4.63559 16
      vertex 5.24741 4.63559 10.5
    endloop
  endfacet
  facet normal -0.923884 -0.382672 0
    outer loop
      vertex 5.24741 4.63559 16
      vertex 5.33148 4.43262 10.5
      vertex 5.33148 4.43262 16
    endloop
  endfacet
  facet normal -0.522519 0.852627 0
    outer loop
      vertex 4.8229 2.86738 6
      vertex 4.63559 2.75259 16
      vertex 4.8229 2.86738 16
    endloop
  endfacet
  facet normal -0.522519 0.852627 0
    outer loop
      vertex 4.63559 2.75259 16
      vertex 4.8229 2.86738 6
      vertex 4.63559 2.75259 6
    endloop
  endfacet
  facet normal -0.852627 -0.522519 0
    outer loop
      vertex 5.24741 4.63559 6
      vertex 5.13262 4.8229 7.5
      vertex 5.13262 4.8229 6
    endloop
  endfacet
  facet normal -0.852627 -0.522519 0
    outer loop
      vertex 5.13262 4.8229 7.5
      vertex 5.24741 4.63559 6
      vertex 5.24741 4.63559 7.5
    endloop
  endfacet
  facet normal -0.852627 -0.522519 0
    outer loop
      vertex 5.24741 4.63559 10.5
      vertex 5.13262 4.8229 16
      vertex 5.13262 4.8229 10.5
    endloop
  endfacet
  facet normal -0.852627 -0.522519 0
    outer loop
      vertex 5.13262 4.8229 16
      vertex 5.24741 4.63559 10.5
      vertex 5.24741 4.63559 16
    endloop
  endfacet
  facet normal -0.760415 -0.649437 0
    outer loop
      vertex 5.13262 4.8229 6
      vertex 4.98995 4.98995 7.5
      vertex 4.98995 4.98995 6
    endloop
  endfacet
  facet normal -0.760415 -0.649437 0
    outer loop
      vertex 4.98995 4.98995 7.5
      vertex 5.13262 4.8229 6
      vertex 5.13262 4.8229 7.5
    endloop
  endfacet
  facet normal -0.760415 -0.649437 0
    outer loop
      vertex 5.13262 4.8229 10.5
      vertex 4.98995 4.98995 16
      vertex 4.98995 4.98995 10.5
    endloop
  endfacet
  facet normal -0.760415 -0.649437 0
    outer loop
      vertex 4.98995 4.98995 16
      vertex 5.13262 4.8229 10.5
      vertex 5.13262 4.8229 16
    endloop
  endfacet
  facet normal 0.996916 -0.0784751 0
    outer loop
      vertex 2.6 4 16
      vertex 2.61724 4.21901 6
      vertex 2.61724 4.21901 16
    endloop
  endfacet
  facet normal 0.996916 -0.0784751 0
    outer loop
      vertex 2.61724 4.21901 6
      vertex 2.6 4 16
      vertex 2.6 4 6
    endloop
  endfacet
  facet normal -0.233431 0.972373 0
    outer loop
      vertex 4.43262 2.66852 6
      vertex 4.21901 2.61724 16
      vertex 4.43262 2.66852 16
    endloop
  endfacet
  facet normal -0.233431 0.972373 0
    outer loop
      vertex 4.21901 2.61724 16
      vertex 4.43262 2.66852 6
      vertex 4.21901 2.61724 6
    endloop
  endfacet
  facet normal 0.852627 0.522519 0
    outer loop
      vertex 2.86738 3.1771 16
      vertex 2.75259 3.36441 6
      vertex 2.75259 3.36441 16
    endloop
  endfacet
  facet normal 0.852627 0.522519 0
    outer loop
      vertex 2.75259 3.36441 6
      vertex 2.86738 3.1771 16
      vertex 2.86738 3.1771 6
    endloop
  endfacet
  facet normal 0.923884 0.382672 0
    outer loop
      vertex 2.75259 3.36441 16
      vertex 2.66852 3.56738 6
      vertex 2.66852 3.56738 16
    endloop
  endfacet
  facet normal 0.923884 0.382672 0
    outer loop
      vertex 2.66852 3.56738 6
      vertex 2.75259 3.36441 16
      vertex 2.75259 3.36441 6
    endloop
  endfacet
  facet normal -0.522519 -0.852627 0
    outer loop
      vertex 4.63559 5.24741 6
      vertex 4.8229 5.13262 7.5
      vertex 4.63559 5.24741 7.5
    endloop
  endfacet
  facet normal -0.522519 -0.852627 -0
    outer loop
      vertex 4.8229 5.13262 7.5
      vertex 4.63559 5.24741 6
      vertex 4.8229 5.13262 6
    endloop
  endfacet
  facet normal -0.522519 -0.852627 0
    outer loop
      vertex 4.63559 5.24741 10.5
      vertex 4.8229 5.13262 16
      vertex 4.63559 5.24741 16
    endloop
  endfacet
  facet normal -0.522519 -0.852627 -0
    outer loop
      vertex 4.8229 5.13262 16
      vertex 4.63559 5.24741 10.5
      vertex 4.8229 5.13262 10.5
    endloop
  endfacet
  facet normal 0.522519 -0.852627 0
    outer loop
      vertex 3.1771 5.13262 6
      vertex 3.36441 5.24741 16
      vertex 3.1771 5.13262 16
    endloop
  endfacet
  facet normal 0.522519 -0.852627 0
    outer loop
      vertex 3.36441 5.24741 16
      vertex 3.1771 5.13262 6
      vertex 3.36441 5.24741 6
    endloop
  endfacet
  facet normal 0.760415 -0.649437 0
    outer loop
      vertex 2.86738 4.8229 16
      vertex 3.01005 4.98995 6
      vertex 3.01005 4.98995 16
    endloop
  endfacet
  facet normal 0.760415 -0.649437 0
    outer loop
      vertex 3.01005 4.98995 6
      vertex 2.86738 4.8229 16
      vertex 2.86738 4.8229 6
    endloop
  endfacet
  facet normal 0.996916 0.0784751 0
    outer loop
      vertex 2.61724 3.78099 16
      vertex 2.6 4 6
      vertex 2.6 4 16
    endloop
  endfacet
  facet normal 0.996916 0.0784751 0
    outer loop
      vertex 2.6 4 6
      vertex 2.61724 3.78099 16
      vertex 2.61724 3.78099 6
    endloop
  endfacet
  facet normal -0.760415 0.649437 0
    outer loop
      vertex 4.98995 3.01005 6
      vertex 5.13262 3.1771 16
      vertex 5.13262 3.1771 6
    endloop
  endfacet
  facet normal -0.760415 0.649437 0
    outer loop
      vertex 5.13262 3.1771 16
      vertex 4.98995 3.01005 6
      vertex 4.98995 3.01005 16
    endloop
  endfacet
  facet normal -0.852627 0.522519 0
    outer loop
      vertex 5.13262 3.1771 6
      vertex 5.24741 3.36441 16
      vertex 5.24741 3.36441 6
    endloop
  endfacet
  facet normal -0.852627 0.522519 0
    outer loop
      vertex 5.24741 3.36441 16
      vertex 5.13262 3.1771 6
      vertex 5.13262 3.1771 16
    endloop
  endfacet
  facet normal 0.233431 0.972373 -0
    outer loop
      vertex 3.78099 2.61724 6
      vertex 3.56738 2.66852 16
      vertex 3.78099 2.61724 16
    endloop
  endfacet
  facet normal 0.233431 0.972373 0
    outer loop
      vertex 3.56738 2.66852 16
      vertex 3.78099 2.61724 6
      vertex 3.56738 2.66852 6
    endloop
  endfacet
  facet normal 0.972373 0.233431 0
    outer loop
      vertex 2.66852 3.56738 16
      vertex 2.61724 3.78099 6
      vertex 2.61724 3.78099 16
    endloop
  endfacet
  facet normal 0.972373 0.233431 0
    outer loop
      vertex 2.61724 3.78099 6
      vertex 2.66852 3.56738 16
      vertex 2.66852 3.56738 6
    endloop
  endfacet
  facet normal 0.382672 0.923884 -0
    outer loop
      vertex 3.56738 2.66852 6
      vertex 3.36441 2.75259 16
      vertex 3.56738 2.66852 16
    endloop
  endfacet
  facet normal 0.382672 0.923884 0
    outer loop
      vertex 3.36441 2.75259 16
      vertex 3.56738 2.66852 6
      vertex 3.36441 2.75259 6
    endloop
  endfacet
  facet normal -0.996916 0.0784751 0
    outer loop
      vertex 5.38276 3.78099 6
      vertex 5.4 4 7.5
      vertex 5.4 4 6
    endloop
  endfacet
  facet normal -0.996916 0.0784751 0
    outer loop
      vertex 5.4 4 7.5
      vertex 5.38276 3.78099 6
      vertex 5.38276 3.78099 7.5
    endloop
  endfacet
  facet normal -0.996916 0.0784751 0
    outer loop
      vertex 5.38276 3.78099 10.5
      vertex 5.4 4 16
      vertex 5.4 4 10.5
    endloop
  endfacet
  facet normal -0.996916 0.0784751 0
    outer loop
      vertex 5.4 4 16
      vertex 5.38276 3.78099 10.5
      vertex 5.38276 3.78099 16
    endloop
  endfacet
  facet normal -0.972373 0.233431 0
    outer loop
      vertex 5.33148 3.56738 6
      vertex 5.38276 3.78099 7.5
      vertex 5.38276 3.78099 6
    endloop
  endfacet
  facet normal -0.972373 0.233431 0
    outer loop
      vertex 5.38276 3.78099 7.5
      vertex 5.33148 3.56738 6
      vertex 5.33148 3.56738 7.5
    endloop
  endfacet
  facet normal -0.972373 0.233431 0
    outer loop
      vertex 5.33148 3.56738 10.5
      vertex 5.38276 3.78099 16
      vertex 5.38276 3.78099 10.5
    endloop
  endfacet
  facet normal -0.972373 0.233431 0
    outer loop
      vertex 5.38276 3.78099 16
      vertex 5.33148 3.56738 10.5
      vertex 5.33148 3.56738 16
    endloop
  endfacet
  facet normal 0.649437 -0.760415 0
    outer loop
      vertex 3.01005 4.98995 6
      vertex 3.1771 5.13262 16
      vertex 3.01005 4.98995 16
    endloop
  endfacet
  facet normal 0.649437 -0.760415 0
    outer loop
      vertex 3.1771 5.13262 16
      vertex 3.01005 4.98995 6
      vertex 3.1771 5.13262 6
    endloop
  endfacet
  facet normal 0.382672 -0.923884 2.1195e-07
    outer loop
      vertex 3.36441 5.24741 16
      vertex 3.5 5.30357 10.5
      vertex 3.56738 5.33148 16
    endloop
  endfacet
  facet normal 0.382665 -0.923887 0
    outer loop
      vertex 3.36441 5.24741 6
      vertex 3.5 5.30357 10.5
      vertex 3.36441 5.24741 16
    endloop
  endfacet
  facet normal 0.382665 -0.923887 0
    outer loop
      vertex 3.5 5.30357 10.5
      vertex 3.36441 5.24741 6
      vertex 3.5 5.30357 7.5
    endloop
  endfacet
  facet normal 0.382672 -0.923884 -7.77149e-07
    outer loop
      vertex 3.56738 5.33148 6
      vertex 3.5 5.30357 7.5
      vertex 3.36441 5.24741 6
    endloop
  endfacet
  facet normal 0.382687 -0.923878 0
    outer loop
      vertex 3.5 5.30357 7.5
      vertex 3.56738 5.33148 6
      vertex 3.56738 5.33148 7.5
    endloop
  endfacet
  facet normal 0.382687 -0.923878 0
    outer loop
      vertex 3.56738 5.33148 16
      vertex 3.5 5.30357 10.5
      vertex 3.56738 5.33148 10.5
    endloop
  endfacet
  facet normal -0.649437 -0.760415 0
    outer loop
      vertex 4.8229 5.13262 6
      vertex 4.98995 4.98995 7.5
      vertex 4.8229 5.13262 7.5
    endloop
  endfacet
  facet normal -0.649437 -0.760415 -0
    outer loop
      vertex 4.98995 4.98995 7.5
      vertex 4.8229 5.13262 6
      vertex 4.98995 4.98995 6
    endloop
  endfacet
  facet normal -0.649437 -0.760415 0
    outer loop
      vertex 4.8229 5.13262 10.5
      vertex 4.98995 4.98995 16
      vertex 4.8229 5.13262 16
    endloop
  endfacet
  facet normal -0.649437 -0.760415 -0
    outer loop
      vertex 4.98995 4.98995 16
      vertex 4.8229 5.13262 10.5
      vertex 4.98995 4.98995 10.5
    endloop
  endfacet
  facet normal 0.852627 -0.522519 0
    outer loop
      vertex 2.75259 4.63559 16
      vertex 2.86738 4.8229 6
      vertex 2.86738 4.8229 16
    endloop
  endfacet
  facet normal 0.852627 -0.522519 0
    outer loop
      vertex 2.86738 4.8229 6
      vertex 2.75259 4.63559 16
      vertex 2.75259 4.63559 6
    endloop
  endfacet
  facet normal 0.923884 -0.382672 0
    outer loop
      vertex 2.66852 4.43262 16
      vertex 2.75259 4.63559 6
      vertex 2.75259 4.63559 16
    endloop
  endfacet
  facet normal 0.923884 -0.382672 0
    outer loop
      vertex 2.75259 4.63559 6
      vertex 2.66852 4.43262 16
      vertex 2.66852 4.43262 6
    endloop
  endfacet
  facet normal 0.233431 -0.972373 0
    outer loop
      vertex 3.56738 5.33148 6
      vertex 3.78099 5.38276 7.5
      vertex 3.56738 5.33148 7.5
    endloop
  endfacet
  facet normal 0.233431 -0.972373 0
    outer loop
      vertex 3.78099 5.38276 7.5
      vertex 3.56738 5.33148 6
      vertex 3.78099 5.38276 6
    endloop
  endfacet
  facet normal 0.233431 -0.972373 0
    outer loop
      vertex 3.56738 5.33148 10.5
      vertex 3.78099 5.38276 16
      vertex 3.56738 5.33148 16
    endloop
  endfacet
  facet normal 0.233431 -0.972373 0
    outer loop
      vertex 3.78099 5.38276 16
      vertex 3.56738 5.33148 10.5
      vertex 3.78099 5.38276 10.5
    endloop
  endfacet
  facet normal 0.0784751 -0.996916 0
    outer loop
      vertex 3.78099 5.38276 6
      vertex 4 5.4 7.5
      vertex 3.78099 5.38276 7.5
    endloop
  endfacet
  facet normal 0.0784751 -0.996916 0
    outer loop
      vertex 4 5.4 7.5
      vertex 3.78099 5.38276 6
      vertex 4 5.4 6
    endloop
  endfacet
  facet normal 0.0784751 -0.996916 0
    outer loop
      vertex 3.78099 5.38276 10.5
      vertex 4 5.4 16
      vertex 3.78099 5.38276 16
    endloop
  endfacet
  facet normal 0.0784751 -0.996916 0
    outer loop
      vertex 4 5.4 16
      vertex 3.78099 5.38276 10.5
      vertex 4 5.4 10.5
    endloop
  endfacet
  facet normal 0.649437 0.760415 -0
    outer loop
      vertex 3.1771 2.86738 6
      vertex 3.01005 3.01005 16
      vertex 3.1771 2.86738 16
    endloop
  endfacet
  facet normal 0.649437 0.760415 0
    outer loop
      vertex 3.01005 3.01005 16
      vertex 3.1771 2.86738 6
      vertex 3.01005 3.01005 6
    endloop
  endfacet
  facet normal 0.760415 0.649437 0
    outer loop
      vertex 3.01005 3.01005 16
      vertex 2.86738 3.1771 6
      vertex 2.86738 3.1771 16
    endloop
  endfacet
  facet normal 0.760415 0.649437 0
    outer loop
      vertex 2.86738 3.1771 6
      vertex 3.01005 3.01005 16
      vertex 3.01005 3.01005 6
    endloop
  endfacet
  facet normal -0.649437 0.760415 0
    outer loop
      vertex 4.98995 3.01005 6
      vertex 4.8229 2.86738 16
      vertex 4.98995 3.01005 16
    endloop
  endfacet
  facet normal -0.649437 0.760415 0
    outer loop
      vertex 4.8229 2.86738 16
      vertex 4.98995 3.01005 6
      vertex 4.8229 2.86738 6
    endloop
  endfacet
  facet normal -0.382672 -0.923884 0
    outer loop
      vertex 4.43262 5.33148 6
      vertex 4.63559 5.24741 7.5
      vertex 4.43262 5.33148 7.5
    endloop
  endfacet
  facet normal -0.382672 -0.923884 -0
    outer loop
      vertex 4.63559 5.24741 7.5
      vertex 4.43262 5.33148 6
      vertex 4.63559 5.24741 6
    endloop
  endfacet
  facet normal -0.382672 -0.923884 0
    outer loop
      vertex 4.43262 5.33148 10.5
      vertex 4.63559 5.24741 16
      vertex 4.43262 5.33148 16
    endloop
  endfacet
  facet normal -0.382672 -0.923884 -0
    outer loop
      vertex 4.63559 5.24741 16
      vertex 4.43262 5.33148 10.5
      vertex 4.63559 5.24741 10.5
    endloop
  endfacet
  facet normal 0.972373 -0.233431 0
    outer loop
      vertex 2.61724 4.21901 16
      vertex 2.66852 4.43262 6
      vertex 2.66852 4.43262 16
    endloop
  endfacet
  facet normal 0.972373 -0.233431 0
    outer loop
      vertex 2.66852 4.43262 6
      vertex 2.61724 4.21901 16
      vertex 2.61724 4.21901 6
    endloop
  endfacet
  facet normal -0.233431 -0.972373 0
    outer loop
      vertex 4.21901 5.38276 6
      vertex 4.43262 5.33148 7.5
      vertex 4.21901 5.38276 7.5
    endloop
  endfacet
  facet normal -0.233431 -0.972373 -0
    outer loop
      vertex 4.43262 5.33148 7.5
      vertex 4.21901 5.38276 6
      vertex 4.43262 5.33148 6
    endloop
  endfacet
  facet normal -0.233431 -0.972373 0
    outer loop
      vertex 4.21901 5.38276 10.5
      vertex 4.43262 5.33148 16
      vertex 4.21901 5.38276 16
    endloop
  endfacet
  facet normal -0.233431 -0.972373 -0
    outer loop
      vertex 4.43262 5.33148 16
      vertex 4.21901 5.38276 10.5
      vertex 4.43262 5.33148 10.5
    endloop
  endfacet
  facet normal -0.923878 0.382687 0
    outer loop
      vertex 5.33148 3.56738 6
      vertex 5.30357 3.5 7.5
      vertex 5.33148 3.56738 7.5
    endloop
  endfacet
  facet normal -0.923887 0.382665 0
    outer loop
      vertex 5.30357 3.5 7.5
      vertex 5.24741 3.36441 6
      vertex 5.30357 3.5 10.5
    endloop
  endfacet
  facet normal -0.923884 0.382672 -7.77149e-07
    outer loop
      vertex 5.24741 3.36441 6
      vertex 5.30357 3.5 7.5
      vertex 5.33148 3.56738 6
    endloop
  endfacet
  facet normal -0.923878 0.382687 0
    outer loop
      vertex 5.30357 3.5 10.5
      vertex 5.33148 3.56738 16
      vertex 5.33148 3.56738 10.5
    endloop
  endfacet
  facet normal -0.923887 0.382665 0
    outer loop
      vertex 5.24741 3.36441 16
      vertex 5.30357 3.5 10.5
      vertex 5.24741 3.36441 6
    endloop
  endfacet
  facet normal -0.923884 0.382672 2.1195e-07
    outer loop
      vertex 5.30357 3.5 10.5
      vertex 5.24741 3.36441 16
      vertex 5.33148 3.56738 16
    endloop
  endfacet
  facet normal -0.382672 0.923884 0
    outer loop
      vertex 4.63559 2.75259 6
      vertex 4.43262 2.66852 16
      vertex 4.63559 2.75259 16
    endloop
  endfacet
  facet normal -0.382672 0.923884 0
    outer loop
      vertex 4.43262 2.66852 16
      vertex 4.63559 2.75259 6
      vertex 4.43262 2.66852 6
    endloop
  endfacet
  facet normal -0.0784751 -0.996916 0
    outer loop
      vertex 4 5.4 6
      vertex 4.21901 5.38276 7.5
      vertex 4 5.4 7.5
    endloop
  endfacet
  facet normal -0.0784751 -0.996916 -0
    outer loop
      vertex 4.21901 5.38276 7.5
      vertex 4 5.4 6
      vertex 4.21901 5.38276 6
    endloop
  endfacet
  facet normal -0.0784751 -0.996916 0
    outer loop
      vertex 4 5.4 10.5
      vertex 4.21901 5.38276 16
      vertex 4 5.4 16
    endloop
  endfacet
  facet normal -0.0784751 -0.996916 -0
    outer loop
      vertex 4.21901 5.38276 16
      vertex 4 5.4 10.5
      vertex 4.21901 5.38276 10.5
    endloop
  endfacet
  facet normal 0.0784751 0.996916 -0
    outer loop
      vertex 4 2.6 6
      vertex 3.78099 2.61724 16
      vertex 4 2.6 16
    endloop
  endfacet
  facet normal 0.0784751 0.996916 0
    outer loop
      vertex 3.78099 2.61724 16
      vertex 4 2.6 6
      vertex 3.78099 2.61724 6
    endloop
  endfacet
  facet normal 0 0 1
    outer loop
      vertex 5.38276 4.21901 6
      vertex 5.38276 3.78099 6
      vertex 5.4 4 6
    endloop
  endfacet
  facet normal 0 0 1
    outer loop
      vertex 5.33148 4.43262 6
      vertex 5.38276 3.78099 6
      vertex 5.38276 4.21901 6
    endloop
  endfacet
  facet normal 0 0 1
    outer loop
      vertex 5.33148 4.43262 6
      vertex 5.33148 3.56738 6
      vertex 5.38276 3.78099 6
    endloop
  endfacet
  facet normal 0 0 1
    outer loop
      vertex 5.24741 4.63559 6
      vertex 5.33148 3.56738 6
      vertex 5.33148 4.43262 6
    endloop
  endfacet
  facet normal 0 0 1
    outer loop
      vertex 5.24741 4.63559 6
      vertex 5.24741 3.36441 6
      vertex 5.33148 3.56738 6
    endloop
  endfacet
  facet normal 0 0 1
    outer loop
      vertex 5.13262 4.8229 6
      vertex 5.24741 3.36441 6
      vertex 5.24741 4.63559 6
    endloop
  endfacet
  facet normal 0 0 1
    outer loop
      vertex 5.13262 4.8229 6
      vertex 5.13262 3.1771 6
      vertex 5.24741 3.36441 6
    endloop
  endfacet
  facet normal 0 0 1
    outer loop
      vertex 4.98995 4.98995 6
      vertex 5.13262 3.1771 6
      vertex 5.13262 4.8229 6
    endloop
  endfacet
  facet normal 0 0 1
    outer loop
      vertex 4.98995 4.98995 6
      vertex 4.98995 3.01005 6
      vertex 5.13262 3.1771 6
    endloop
  endfacet
  facet normal 0 0 1
    outer loop
      vertex 4.8229 5.13262 6
      vertex 4.98995 3.01005 6
      vertex 4.98995 4.98995 6
    endloop
  endfacet
  facet normal 0 0 1
    outer loop
      vertex 4.8229 5.13262 6
      vertex 4.8229 2.86738 6
      vertex 4.98995 3.01005 6
    endloop
  endfacet
  facet normal 0 0 1
    outer loop
      vertex 4.63559 5.24741 6
      vertex 4.8229 2.86738 6
      vertex 4.8229 5.13262 6
    endloop
  endfacet
  facet normal 0 0 1
    outer loop
      vertex 4.63559 5.24741 6
      vertex 4.63559 2.75259 6
      vertex 4.8229 2.86738 6
    endloop
  endfacet
  facet normal 0 0 1
    outer loop
      vertex 4.43262 5.33148 6
      vertex 4.63559 2.75259 6
      vertex 4.63559 5.24741 6
    endloop
  endfacet
  facet normal 0 0 1
    outer loop
      vertex 4.43262 5.33148 6
      vertex 4.43262 2.66852 6
      vertex 4.63559 2.75259 6
    endloop
  endfacet
  facet normal 0 0 1
    outer loop
      vertex 4.21901 5.38276 6
      vertex 4.43262 2.66852 6
      vertex 4.43262 5.33148 6
    endloop
  endfacet
  facet normal 0 0 1
    outer loop
      vertex 4.21901 5.38276 6
      vertex 4.21901 2.61724 6
      vertex 4.43262 2.66852 6
    endloop
  endfacet
  facet normal 0 0 1
    outer loop
      vertex 4 5.4 6
      vertex 4.21901 2.61724 6
      vertex 4.21901 5.38276 6
    endloop
  endfacet
  facet normal 0 0 1
    outer loop
      vertex 4 5.4 6
      vertex 4 2.6 6
      vertex 4.21901 2.61724 6
    endloop
  endfacet
  facet normal -0 0 1
    outer loop
      vertex 3.78099 5.38276 6
      vertex 4 2.6 6
      vertex 4 5.4 6
    endloop
  endfacet
  facet normal 0 0 1
    outer loop
      vertex 3.78099 5.38276 6
      vertex 3.78099 2.61724 6
      vertex 4 2.6 6
    endloop
  endfacet
  facet normal -0 0 1
    outer loop
      vertex 3.56738 5.33148 6
      vertex 3.78099 2.61724 6
      vertex 3.78099 5.38276 6
    endloop
  endfacet
  facet normal 0 0 1
    outer loop
      vertex 3.56738 5.33148 6
      vertex 3.56738 2.66852 6
      vertex 3.78099 2.61724 6
    endloop
  endfacet
  facet normal -0 0 1
    outer loop
      vertex 3.36441 5.24741 6
      vertex 3.56738 2.66852 6
      vertex 3.56738 5.33148 6
    endloop
  endfacet
  facet normal 0 0 1
    outer loop
      vertex 3.36441 5.24741 6
      vertex 3.36441 2.75259 6
      vertex 3.56738 2.66852 6
    endloop
  endfacet
  facet normal -0 0 1
    outer loop
      vertex 3.1771 5.13262 6
      vertex 3.36441 2.75259 6
      vertex 3.36441 5.24741 6
    endloop
  endfacet
  facet normal 0 0 1
    outer loop
      vertex 3.1771 5.13262 6
      vertex 3.1771 2.86738 6
      vertex 3.36441 2.75259 6
    endloop
  endfacet
  facet normal -0 0 1
    outer loop
      vertex 3.01005 4.98995 6
      vertex 3.1771 2.86738 6
      vertex 3.1771 5.13262 6
    endloop
  endfacet
  facet normal 0 0 1
    outer loop
      vertex 3.01005 4.98995 6
      vertex 3.01005 3.01005 6
      vertex 3.1771 2.86738 6
    endloop
  endfacet
  facet normal -0 0 1
    outer loop
      vertex 2.86738 4.8229 6
      vertex 3.01005 3.01005 6
      vertex 3.01005 4.98995 6
    endloop
  endfacet
  facet normal 0 0 1
    outer loop
      vertex 2.86738 4.8229 6
      vertex 2.86738 3.1771 6
      vertex 3.01005 3.01005 6
    endloop
  endfacet
  facet normal -0 0 1
    outer loop
      vertex 2.75259 4.63559 6
      vertex 2.86738 3.1771 6
      vertex 2.86738 4.8229 6
    endloop
  endfacet
  facet normal 0 0 1
    outer loop
      vertex 2.75259 4.63559 6
      vertex 2.75259 3.36441 6
      vertex 2.86738 3.1771 6
    endloop
  endfacet
  facet normal -0 0 1
    outer loop
      vertex 2.66852 4.43262 6
      vertex 2.75259 3.36441 6
      vertex 2.75259 4.63559 6
    endloop
  endfacet
  facet normal 0 0 1
    outer loop
      vertex 2.66852 4.43262 6
      vertex 2.66852 3.56738 6
      vertex 2.75259 3.36441 6
    endloop
  endfacet
  facet normal -0 0 1
    outer loop
      vertex 2.61724 4.21901 6
      vertex 2.66852 3.56738 6
      vertex 2.66852 4.43262 6
    endloop
  endfacet
  facet normal 0 0 1
    outer loop
      vertex 2.61724 4.21901 6
      vertex 2.61724 3.78099 6
      vertex 2.66852 3.56738 6
    endloop
  endfacet
  facet normal 0 -0 1
    outer loop
      vertex 2.61724 3.78099 6
      vertex 2.61724 4.21901 6
      vertex 2.6 4 6
    endloop
  endfacet
  facet normal 0.522519 0.852627 -0
    outer loop
      vertex 3.36441 2.75259 6
      vertex 3.1771 2.86738 16
      vertex 3.36441 2.75259 16
    endloop
  endfacet
  facet normal 0.522519 0.852627 0
    outer loop
      vertex 3.1771 2.86738 16
      vertex 3.36441 2.75259 6
      vertex 3.1771 2.86738 6
    endloop
  endfacet
  facet normal -0.923992 0.382412 0
    outer loop
      vertex 106.147 4.92705 10.5
      vertex 106.327 5.36197 16
      vertex 106.327 5.36197 10.5
    endloop
  endfacet
  facet normal -0.923992 0.382412 0
    outer loop
      vertex 106.327 5.36197 16
      vertex 106.147 4.92705 10.5
      vertex 106.147 4.92705 16
    endloop
  endfacet
  facet normal -0.923992 0.382412 0
    outer loop
      vertex 106.147 4.92705 2.5
      vertex 106.327 5.36197 7.5
      vertex 106.327 5.36197 2.5
    endloop
  endfacet
  facet normal -0.923992 0.382412 0
    outer loop
      vertex 106.327 5.36197 7.5
      vertex 106.147 4.92705 2.5
      vertex 106.147 4.92705 7.5
    endloop
  endfacet
  facet normal -0.382624 0.923904 0
    outer loop
      vertex 108.073 6.85317 10.5
      vertex 107.638 6.67302 16
      vertex 108.073 6.85317 16
    endloop
  endfacet
  facet normal -0.382624 0.923904 0
    outer loop
      vertex 107.638 6.67302 16
      vertex 108.073 6.85317 10.5
      vertex 107.638 6.67302 10.5
    endloop
  endfacet
  facet normal -0.382624 0.923904 0
    outer loop
      vertex 108.073 6.85317 2.5
      vertex 107.638 6.67302 7.5
      vertex 108.073 6.85317 7.5
    endloop
  endfacet
  facet normal -0.382624 0.923904 0
    outer loop
      vertex 107.638 6.67302 7.5
      vertex 108.073 6.85317 2.5
      vertex 107.638 6.67302 2.5
    endloop
  endfacet
  facet normal -0.522865 0.852416 0
    outer loop
      vertex 107.638 6.67302 2.5
      vertex 107.237 6.42705 7.5
      vertex 107.638 6.67302 7.5
    endloop
  endfacet
  facet normal -0.522865 0.852416 0
    outer loop
      vertex 107.237 6.42705 7.5
      vertex 107.638 6.67302 2.5
      vertex 107.237 6.42705 2.5
    endloop
  endfacet
  facet normal -0.522865 0.852416 0
    outer loop
      vertex 107.638 6.67302 10.5
      vertex 107.237 6.42705 16
      vertex 107.638 6.67302 16
    endloop
  endfacet
  facet normal -0.522865 0.852416 0
    outer loop
      vertex 107.237 6.42705 16
      vertex 107.638 6.67302 10.5
      vertex 107.237 6.42705 10.5
    endloop
  endfacet
  facet normal -0.233313 0.972402 0
    outer loop
      vertex 108.531 6.96306 10.5
      vertex 108.073 6.85317 16
      vertex 108.531 6.96306 16
    endloop
  endfacet
  facet normal -0.233313 0.972402 0
    outer loop
      vertex 108.073 6.85317 16
      vertex 108.531 6.96306 10.5
      vertex 108.073 6.85317 10.5
    endloop
  endfacet
  facet normal -0.233313 0.972402 0
    outer loop
      vertex 108.531 6.96306 2.5
      vertex 108.073 6.85317 7.5
      vertex 108.531 6.96306 7.5
    endloop
  endfacet
  facet normal -0.233313 0.972402 0
    outer loop
      vertex 108.073 6.85317 7.5
      vertex 108.531 6.96306 2.5
      vertex 108.073 6.85317 2.5
    endloop
  endfacet
  facet normal -0.923992 -0.382412 0
    outer loop
      vertex 106.327 2.63803 2.5
      vertex 106.147 3.07295 16
      vertex 106.147 3.07295 2.5
    endloop
  endfacet
  facet normal -0.923992 -0.382412 0
    outer loop
      vertex 106.147 3.07295 16
      vertex 106.327 2.63803 2.5
      vertex 106.327 2.63803 16
    endloop
  endfacet
  facet normal -0.0785201 0.996913 0
    outer loop
      vertex 109 7 10.5
      vertex 108.531 6.96306 16
      vertex 109 7 16
    endloop
  endfacet
  facet normal -0.0785201 0.996913 0
    outer loop
      vertex 108.531 6.96306 16
      vertex 109 7 10.5
      vertex 108.531 6.96306 10.5
    endloop
  endfacet
  facet normal -0.0785201 0.996913 0
    outer loop
      vertex 109 7 2.5
      vertex 108.531 6.96306 7.5
      vertex 109 7 7.5
    endloop
  endfacet
  facet normal -0.0785201 0.996913 0
    outer loop
      vertex 108.531 6.96306 7.5
      vertex 109 7 2.5
      vertex 108.531 6.96306 2.5
    endloop
  endfacet
  facet normal -0.64941 0.760438 0
    outer loop
      vertex 107.237 6.42705 2.5
      vertex 106.879 6.12132 7.5
      vertex 107.237 6.42705 7.5
    endloop
  endfacet
  facet normal -0.64941 0.760438 0
    outer loop
      vertex 106.879 6.12132 7.5
      vertex 107.237 6.42705 2.5
      vertex 106.879 6.12132 2.5
    endloop
  endfacet
  facet normal -0.64941 0.760438 0
    outer loop
      vertex 107.237 6.42705 10.5
      vertex 106.879 6.12132 16
      vertex 107.237 6.42705 16
    endloop
  endfacet
  facet normal -0.64941 0.760438 0
    outer loop
      vertex 106.879 6.12132 16
      vertex 107.237 6.42705 10.5
      vertex 106.879 6.12132 10.5
    endloop
  endfacet
  facet normal -0.760119 0.649784 0
    outer loop
      vertex 106.573 5.76336 2.5
      vertex 106.879 6.12132 7.5
      vertex 106.879 6.12132 2.5
    endloop
  endfacet
  facet normal -0.760119 0.649784 0
    outer loop
      vertex 106.879 6.12132 7.5
      vertex 106.573 5.76336 2.5
      vertex 106.573 5.76336 7.5
    endloop
  endfacet
  facet normal -0.760119 0.649784 0
    outer loop
      vertex 106.573 5.76336 10.5
      vertex 106.879 6.12132 16
      vertex 106.879 6.12132 10.5
    endloop
  endfacet
  facet normal -0.760119 0.649784 0
    outer loop
      vertex 106.879 6.12132 16
      vertex 106.573 5.76336 10.5
      vertex 106.573 5.76336 16
    endloop
  endfacet
  facet normal 0.0785201 0.996913 -0
    outer loop
      vertex 109.469 6.96306 10.5
      vertex 109 7 16
      vertex 109.469 6.96306 16
    endloop
  endfacet
  facet normal 0.0785201 0.996913 0
    outer loop
      vertex 109 7 16
      vertex 109.469 6.96306 10.5
      vertex 109 7 10.5
    endloop
  endfacet
  facet normal 0.0785201 0.996913 -0
    outer loop
      vertex 109.469 6.96306 2.5
      vertex 109 7 7.5
      vertex 109.469 6.96306 7.5
    endloop
  endfacet
  facet normal 0.0785201 0.996913 0
    outer loop
      vertex 109 7 7.5
      vertex 109.469 6.96306 2.5
      vertex 109 7 2.5
    endloop
  endfacet
  facet normal 0.382624 0.923904 -0
    outer loop
      vertex 110.362 6.67302 2.5
      vertex 109.927 6.85317 16
      vertex 110.362 6.67302 16
    endloop
  endfacet
  facet normal 0.382624 0.923904 0
    outer loop
      vertex 109.927 6.85317 16
      vertex 110.362 6.67302 2.5
      vertex 109.927 6.85317 2.5
    endloop
  endfacet
  facet normal -0.97232 0.233654 0
    outer loop
      vertex 106.037 4.4693 2.5
      vertex 106.147 4.92705 7.5
      vertex 106.147 4.92705 2.5
    endloop
  endfacet
  facet normal -0.97232 0.233654 0
    outer loop
      vertex 106.147 4.92705 7.5
      vertex 106.037 4.4693 2.5
      vertex 106.037 4.4693 7.5
    endloop
  endfacet
  facet normal -0.97232 0.233654 0
    outer loop
      vertex 106.037 4.4693 10.5
      vertex 106.147 4.92705 16
      vertex 106.147 4.92705 10.5
    endloop
  endfacet
  facet normal -0.97232 0.233654 0
    outer loop
      vertex 106.147 4.92705 16
      vertex 106.037 4.4693 10.5
      vertex 106.037 4.4693 16
    endloop
  endfacet
  facet normal 0.522559 0.852603 -0
    outer loop
      vertex 110.5 6.58844 2.5
      vertex 110.362 6.67302 16
      vertex 110.5 6.58844 16
    endloop
  endfacet
  facet normal 0.522559 0.852603 0
    outer loop
      vertex 110.362 6.67302 16
      vertex 110.5 6.58844 2.5
      vertex 110.362 6.67302 2.5
    endloop
  endfacet
  facet normal -0.851497 -0.524359 0
    outer loop
      vertex 106.412 2.5 2.5
      vertex 106.327 2.63803 16
      vertex 106.327 2.63803 2.5
    endloop
  endfacet
  facet normal -0.851497 -0.524359 0
    outer loop
      vertex 106.327 2.63803 16
      vertex 106.412 2.5 2.5
      vertex 106.412 2.5 16
    endloop
  endfacet
  facet normal -0.996906 -0.0785969 0
    outer loop
      vertex 106.037 3.5307 10.5
      vertex 106 4 16
      vertex 106 4 10.5
    endloop
  endfacet
  facet normal -0.996906 -0.0785969 0
    outer loop
      vertex 106 4 16
      vertex 106.037 3.5307 10.5
      vertex 106.037 3.5307 16
    endloop
  endfacet
  facet normal -0.996906 -0.0785969 0
    outer loop
      vertex 106.037 3.5307 2.5
      vertex 106 4 7.5
      vertex 106 4 2.5
    endloop
  endfacet
  facet normal -0.996906 -0.0785969 0
    outer loop
      vertex 106 4 7.5
      vertex 106.037 3.5307 2.5
      vertex 106.037 3.5307 7.5
    endloop
  endfacet
  facet normal -0.996906 0.0785969 0
    outer loop
      vertex 106 4 10.5
      vertex 106.037 4.4693 16
      vertex 106.037 4.4693 10.5
    endloop
  endfacet
  facet normal -0.996906 0.0785969 0
    outer loop
      vertex 106.037 4.4693 16
      vertex 106 4 10.5
      vertex 106 4 16
    endloop
  endfacet
  facet normal -0.996906 0.0785969 0
    outer loop
      vertex 106 4 2.5
      vertex 106.037 4.4693 7.5
      vertex 106.037 4.4693 2.5
    endloop
  endfacet
  facet normal -0.996906 0.0785969 0
    outer loop
      vertex 106.037 4.4693 7.5
      vertex 106 4 2.5
      vertex 106 4 7.5
    endloop
  endfacet
  facet normal -0.974977 -0.222307 0
    outer loop
      vertex 106.037 3.5307 2.5
      vertex 106.044 3.5 7.5
      vertex 106.037 3.5307 7.5
    endloop
  endfacet
  facet normal -0.972124 -0.234466 0
    outer loop
      vertex 106.044 3.5 7.5
      vertex 106.147 3.07295 2.5
      vertex 106.044 3.5 10.5
    endloop
  endfacet
  facet normal -0.97232 -0.233654 -7.33886e-05
    outer loop
      vertex 106.147 3.07295 2.5
      vertex 106.044 3.5 7.5
      vertex 106.037 3.5307 2.5
    endloop
  endfacet
  facet normal -0.974977 -0.222307 0
    outer loop
      vertex 106.044 3.5 10.5
      vertex 106.037 3.5307 16
      vertex 106.037 3.5307 10.5
    endloop
  endfacet
  facet normal -0.972124 -0.234466 -0
    outer loop
      vertex 106.147 3.07295 16
      vertex 106.044 3.5 10.5
      vertex 106.147 3.07295 2.5
    endloop
  endfacet
  facet normal -0.97232 -0.233654 6.67169e-05
    outer loop
      vertex 106.044 3.5 10.5
      vertex 106.147 3.07295 16
      vertex 106.037 3.5307 16
    endloop
  endfacet
  facet normal 0.233313 0.972402 1.2017e-05
    outer loop
      vertex 109.927 6.85317 16
      vertex 109.5 6.95569 10.5
      vertex 109.469 6.96306 16
    endloop
  endfacet
  facet normal 0.233459 0.972367 0
    outer loop
      vertex 109.927 6.85317 16
      vertex 109.5 6.95569 7.5
      vertex 109.5 6.95569 10.5
    endloop
  endfacet
  facet normal 0.233459 0.972367 -0
    outer loop
      vertex 109.927 6.85317 2.5
      vertex 109.5 6.95569 7.5
      vertex 109.927 6.85317 16
    endloop
  endfacet
  facet normal 0.233313 0.972402 -1.32187e-05
    outer loop
      vertex 109.469 6.96306 2.5
      vertex 109.5 6.95569 7.5
      vertex 109.927 6.85317 2.5
    endloop
  endfacet
  facet normal 0.231295 0.972884 0
    outer loop
      vertex 109.5 6.95569 7.5
      vertex 109.469 6.96306 2.5
      vertex 109.469 6.96306 7.5
    endloop
  endfacet
  facet normal 0.231295 0.972884 0
    outer loop
      vertex 109.469 6.96306 16
      vertex 109.5 6.95569 10.5
      vertex 109.469 6.96306 10.5
    endloop
  endfacet
  facet normal -0.852614 0.522542 0
    outer loop
      vertex 106.327 5.36197 10.5
      vertex 106.573 5.76336 16
      vertex 106.573 5.76336 10.5
    endloop
  endfacet
  facet normal -0.852614 0.522542 0
    outer loop
      vertex 106.573 5.76336 16
      vertex 106.327 5.36197 10.5
      vertex 106.327 5.36197 16
    endloop
  endfacet
  facet normal -0.852614 0.522542 0
    outer loop
      vertex 106.327 5.36197 2.5
      vertex 106.573 5.76336 7.5
      vertex 106.573 5.76336 2.5
    endloop
  endfacet
  facet normal -0.852614 0.522542 0
    outer loop
      vertex 106.573 5.76336 7.5
      vertex 106.327 5.36197 2.5
      vertex 106.327 5.36197 7.5
    endloop
  endfacet
  facet normal -0.0784787 0.996916 0
    outer loop
      vertex 109.219 2.61724 6
      vertex 109 2.6 16
      vertex 109.219 2.61724 16
    endloop
  endfacet
  facet normal -0.0784787 0.996916 0
    outer loop
      vertex 109 2.6 16
      vertex 109.219 2.61724 6
      vertex 109 2.6 6
    endloop
  endfacet
  facet normal -0.971625 -0.236527 0
    outer loop
      vertex 110.383 4.21901 6
      vertex 110.331 4.43262 16
      vertex 110.331 4.43262 6
    endloop
  endfacet
  facet normal -0.971625 -0.236527 0
    outer loop
      vertex 110.331 4.43262 16
      vertex 110.383 4.21901 6
      vertex 110.383 4.21901 16
    endloop
  endfacet
  facet normal -0.997001 -0.0773892 0
    outer loop
      vertex 110.4 4 6
      vertex 110.383 4.21901 16
      vertex 110.383 4.21901 6
    endloop
  endfacet
  facet normal -0.997001 -0.0773892 0
    outer loop
      vertex 110.383 4.21901 16
      vertex 110.4 4 6
      vertex 110.4 4 16
    endloop
  endfacet
  facet normal -0.923997 -0.3824 0
    outer loop
      vertex 110.331 4.43262 6
      vertex 110.247 4.63559 16
      vertex 110.247 4.63559 6
    endloop
  endfacet
  facet normal -0.923997 -0.3824 0
    outer loop
      vertex 110.247 4.63559 16
      vertex 110.331 4.43262 6
      vertex 110.331 4.43262 16
    endloop
  endfacet
  facet normal -0.523149 0.852241 0
    outer loop
      vertex 109.823 2.86738 6
      vertex 109.636 2.75259 16
      vertex 109.823 2.86738 16
    endloop
  endfacet
  facet normal -0.523149 0.852241 0
    outer loop
      vertex 109.636 2.75259 16
      vertex 109.823 2.86738 6
      vertex 109.636 2.75259 6
    endloop
  endfacet
  facet normal -0.854228 -0.519898 0
    outer loop
      vertex 110.247 4.63559 6
      vertex 110.133 4.8229 16
      vertex 110.133 4.8229 6
    endloop
  endfacet
  facet normal -0.854228 -0.519898 0
    outer loop
      vertex 110.133 4.8229 16
      vertex 110.247 4.63559 6
      vertex 110.247 4.63559 16
    endloop
  endfacet
  facet normal -0.759674 -0.650304 0
    outer loop
      vertex 110.133 4.8229 6
      vertex 109.99 4.98995 16
      vertex 109.99 4.98995 6
    endloop
  endfacet
  facet normal -0.759674 -0.650304 0
    outer loop
      vertex 109.99 4.98995 16
      vertex 110.133 4.8229 6
      vertex 110.133 4.8229 16
    endloop
  endfacet
  facet normal 0.997001 -0.0773892 0
    outer loop
      vertex 107.6 4 7.5
      vertex 107.617 4.21901 6
      vertex 107.617 4.21901 7.5
    endloop
  endfacet
  facet normal 0.997001 -0.0773892 0
    outer loop
      vertex 107.617 4.21901 6
      vertex 107.6 4 7.5
      vertex 107.6 4 6
    endloop
  endfacet
  facet normal 0.997001 -0.0773892 0
    outer loop
      vertex 107.6 4 16
      vertex 107.617 4.21901 10.5
      vertex 107.617 4.21901 16
    endloop
  endfacet
  facet normal 0.997001 -0.0773892 0
    outer loop
      vertex 107.617 4.21901 10.5
      vertex 107.6 4 16
      vertex 107.6 4 10.5
    endloop
  endfacet
  facet normal -0.233029 0.97247 0
    outer loop
      vertex 109.433 2.66852 6
      vertex 109.219 2.61724 16
      vertex 109.433 2.66852 16
    endloop
  endfacet
  facet normal -0.233029 0.97247 0
    outer loop
      vertex 109.219 2.61724 16
      vertex 109.433 2.66852 6
      vertex 109.219 2.61724 6
    endloop
  endfacet
  facet normal 0.854228 0.519898 0
    outer loop
      vertex 107.867 3.1771 16
      vertex 107.753 3.36441 6
      vertex 107.753 3.36441 16
    endloop
  endfacet
  facet normal 0.854228 0.519898 0
    outer loop
      vertex 107.753 3.36441 6
      vertex 107.867 3.1771 16
      vertex 107.867 3.1771 6
    endloop
  endfacet
  facet normal 0.928248 0.371961 0
    outer loop
      vertex 107.669 3.56738 16
      vertex 107.696 3.5 10.5
      vertex 107.669 3.56738 10.5
    endloop
  endfacet
  facet normal 0.921855 0.387534 -0
    outer loop
      vertex 107.753 3.36441 6
      vertex 107.696 3.5 10.5
      vertex 107.753 3.36441 16
    endloop
  endfacet
  facet normal 0.923997 0.3824 -0.000148764
    outer loop
      vertex 107.753 3.36441 16
      vertex 107.696 3.5 10.5
      vertex 107.669 3.56738 16
    endloop
  endfacet
  facet normal 0.928248 0.371961 0
    outer loop
      vertex 107.696 3.5 7.5
      vertex 107.669 3.56738 6
      vertex 107.669 3.56738 7.5
    endloop
  endfacet
  facet normal 0.923997 0.3824 0.000545466
    outer loop
      vertex 107.696 3.5 7.5
      vertex 107.753 3.36441 6
      vertex 107.669 3.56738 6
    endloop
  endfacet
  facet normal 0.921855 0.387534 0
    outer loop
      vertex 107.696 3.5 10.5
      vertex 107.753 3.36441 6
      vertex 107.696 3.5 7.5
    endloop
  endfacet
  facet normal -0.523149 -0.852241 0
    outer loop
      vertex 109.636 5.24741 6
      vertex 109.823 5.13262 16
      vertex 109.636 5.24741 16
    endloop
  endfacet
  facet normal -0.523149 -0.852241 -0
    outer loop
      vertex 109.823 5.13262 16
      vertex 109.636 5.24741 6
      vertex 109.823 5.13262 6
    endloop
  endfacet
  facet normal 0.523149 -0.852241 0
    outer loop
      vertex 108.177 5.13262 6
      vertex 108.364 5.24741 7.5
      vertex 108.177 5.13262 7.5
    endloop
  endfacet
  facet normal 0.523149 -0.852241 0
    outer loop
      vertex 108.364 5.24741 7.5
      vertex 108.177 5.13262 6
      vertex 108.364 5.24741 6
    endloop
  endfacet
  facet normal 0.523149 -0.852241 0
    outer loop
      vertex 108.177 5.13262 10.5
      vertex 108.364 5.24741 16
      vertex 108.177 5.13262 16
    endloop
  endfacet
  facet normal 0.523149 -0.852241 0
    outer loop
      vertex 108.364 5.24741 16
      vertex 108.177 5.13262 10.5
      vertex 108.364 5.24741 10.5
    endloop
  endfacet
  facet normal 0.759674 -0.650304 0
    outer loop
      vertex 107.867 4.8229 7.5
      vertex 108.01 4.98995 6
      vertex 108.01 4.98995 7.5
    endloop
  endfacet
  facet normal 0.759674 -0.650304 0
    outer loop
      vertex 108.01 4.98995 6
      vertex 107.867 4.8229 7.5
      vertex 107.867 4.8229 6
    endloop
  endfacet
  facet normal 0.759674 -0.650304 0
    outer loop
      vertex 107.867 4.8229 16
      vertex 108.01 4.98995 10.5
      vertex 108.01 4.98995 16
    endloop
  endfacet
  facet normal 0.759674 -0.650304 0
    outer loop
      vertex 108.01 4.98995 10.5
      vertex 107.867 4.8229 16
      vertex 107.867 4.8229 10.5
    endloop
  endfacet
  facet normal 0.997001 0.0773892 0
    outer loop
      vertex 107.617 3.78099 7.5
      vertex 107.6 4 6
      vertex 107.6 4 7.5
    endloop
  endfacet
  facet normal 0.997001 0.0773892 0
    outer loop
      vertex 107.6 4 6
      vertex 107.617 3.78099 7.5
      vertex 107.617 3.78099 6
    endloop
  endfacet
  facet normal 0.997001 0.0773892 0
    outer loop
      vertex 107.617 3.78099 16
      vertex 107.6 4 10.5
      vertex 107.6 4 16
    endloop
  endfacet
  facet normal 0.997001 0.0773892 0
    outer loop
      vertex 107.6 4 10.5
      vertex 107.617 3.78099 16
      vertex 107.617 3.78099 10.5
    endloop
  endfacet
  facet normal -0.759674 0.650304 0
    outer loop
      vertex 109.99 3.01005 6
      vertex 110.133 3.1771 16
      vertex 110.133 3.1771 6
    endloop
  endfacet
  facet normal -0.759674 0.650304 0
    outer loop
      vertex 110.133 3.1771 16
      vertex 109.99 3.01005 6
      vertex 109.99 3.01005 16
    endloop
  endfacet
  facet normal -0.854228 0.519898 0
    outer loop
      vertex 110.133 3.1771 6
      vertex 110.247 3.36441 16
      vertex 110.247 3.36441 6
    endloop
  endfacet
  facet normal -0.854228 0.519898 0
    outer loop
      vertex 110.247 3.36441 16
      vertex 110.133 3.1771 6
      vertex 110.133 3.1771 16
    endloop
  endfacet
  facet normal 0.233029 0.97247 -0
    outer loop
      vertex 108.781 2.61724 6
      vertex 108.567 2.66852 16
      vertex 108.781 2.61724 16
    endloop
  endfacet
  facet normal 0.233029 0.97247 0
    outer loop
      vertex 108.567 2.66852 16
      vertex 108.781 2.61724 6
      vertex 108.567 2.66852 6
    endloop
  endfacet
  facet normal 0.971625 0.236527 0
    outer loop
      vertex 107.669 3.56738 7.5
      vertex 107.617 3.78099 6
      vertex 107.617 3.78099 7.5
    endloop
  endfacet
  facet normal 0.971625 0.236527 0
    outer loop
      vertex 107.617 3.78099 6
      vertex 107.669 3.56738 7.5
      vertex 107.669 3.56738 6
    endloop
  endfacet
  facet normal 0.971625 0.236527 0
    outer loop
      vertex 107.669 3.56738 16
      vertex 107.617 3.78099 10.5
      vertex 107.617 3.78099 16
    endloop
  endfacet
  facet normal 0.971625 0.236527 0
    outer loop
      vertex 107.617 3.78099 10.5
      vertex 107.669 3.56738 16
      vertex 107.669 3.56738 10.5
    endloop
  endfacet
  facet normal 0.382624 0.923904 -0
    outer loop
      vertex 108.567 2.66852 6
      vertex 108.364 2.75259 16
      vertex 108.567 2.66852 16
    endloop
  endfacet
  facet normal 0.382624 0.923904 0
    outer loop
      vertex 108.364 2.75259 16
      vertex 108.567 2.66852 6
      vertex 108.364 2.75259 6
    endloop
  endfacet
  facet normal -0.997001 0.0773892 0
    outer loop
      vertex 110.383 3.78099 6
      vertex 110.4 4 16
      vertex 110.4 4 6
    endloop
  endfacet
  facet normal -0.997001 0.0773892 0
    outer loop
      vertex 110.4 4 16
      vertex 110.383 3.78099 6
      vertex 110.383 3.78099 16
    endloop
  endfacet
  facet normal -0.971625 0.236527 0
    outer loop
      vertex 110.331 3.56738 6
      vertex 110.383 3.78099 16
      vertex 110.383 3.78099 6
    endloop
  endfacet
  facet normal -0.971625 0.236527 0
    outer loop
      vertex 110.383 3.78099 16
      vertex 110.331 3.56738 6
      vertex 110.331 3.56738 16
    endloop
  endfacet
  facet normal 0.649549 -0.760319 0
    outer loop
      vertex 108.01 4.98995 6
      vertex 108.177 5.13262 7.5
      vertex 108.01 4.98995 7.5
    endloop
  endfacet
  facet normal 0.649549 -0.760319 0
    outer loop
      vertex 108.177 5.13262 7.5
      vertex 108.01 4.98995 6
      vertex 108.177 5.13262 6
    endloop
  endfacet
  facet normal 0.649549 -0.760319 0
    outer loop
      vertex 108.01 4.98995 10.5
      vertex 108.177 5.13262 16
      vertex 108.01 4.98995 16
    endloop
  endfacet
  facet normal 0.649549 -0.760319 0
    outer loop
      vertex 108.177 5.13262 16
      vertex 108.01 4.98995 10.5
      vertex 108.177 5.13262 10.5
    endloop
  endfacet
  facet normal 0.382624 -0.923904 0
    outer loop
      vertex 108.364 5.24741 6
      vertex 108.567 5.33148 7.5
      vertex 108.364 5.24741 7.5
    endloop
  endfacet
  facet normal 0.382624 -0.923904 0
    outer loop
      vertex 108.567 5.33148 7.5
      vertex 108.364 5.24741 6
      vertex 108.567 5.33148 6
    endloop
  endfacet
  facet normal 0.382624 -0.923904 0
    outer loop
      vertex 108.364 5.24741 10.5
      vertex 108.567 5.33148 16
      vertex 108.364 5.24741 16
    endloop
  endfacet
  facet normal 0.382624 -0.923904 0
    outer loop
      vertex 108.567 5.33148 16
      vertex 108.364 5.24741 10.5
      vertex 108.567 5.33148 10.5
    endloop
  endfacet
  facet normal -0.649549 -0.760319 0
    outer loop
      vertex 109.823 5.13262 6
      vertex 109.99 4.98995 16
      vertex 109.823 5.13262 16
    endloop
  endfacet
  facet normal -0.649549 -0.760319 -0
    outer loop
      vertex 109.99 4.98995 16
      vertex 109.823 5.13262 6
      vertex 109.99 4.98995 6
    endloop
  endfacet
  facet normal 0.854228 -0.519898 0
    outer loop
      vertex 107.753 4.63559 7.5
      vertex 107.867 4.8229 6
      vertex 107.867 4.8229 7.5
    endloop
  endfacet
  facet normal 0.854228 -0.519898 0
    outer loop
      vertex 107.867 4.8229 6
      vertex 107.753 4.63559 7.5
      vertex 107.753 4.63559 6
    endloop
  endfacet
  facet normal 0.854228 -0.519898 0
    outer loop
      vertex 107.753 4.63559 16
      vertex 107.867 4.8229 10.5
      vertex 107.867 4.8229 16
    endloop
  endfacet
  facet normal 0.854228 -0.519898 0
    outer loop
      vertex 107.867 4.8229 10.5
      vertex 107.753 4.63559 16
      vertex 107.753 4.63559 10.5
    endloop
  endfacet
  facet normal 0.923997 -0.3824 0
    outer loop
      vertex 107.669 4.43262 7.5
      vertex 107.753 4.63559 6
      vertex 107.753 4.63559 7.5
    endloop
  endfacet
  facet normal 0.923997 -0.3824 0
    outer loop
      vertex 107.753 4.63559 6
      vertex 107.669 4.43262 7.5
      vertex 107.669 4.43262 6
    endloop
  endfacet
  facet normal 0.923997 -0.3824 0
    outer loop
      vertex 107.669 4.43262 16
      vertex 107.753 4.63559 10.5
      vertex 107.753 4.63559 16
    endloop
  endfacet
  facet normal 0.923997 -0.3824 0
    outer loop
      vertex 107.753 4.63559 10.5
      vertex 107.669 4.43262 16
      vertex 107.669 4.43262 10.5
    endloop
  endfacet
  facet normal 0.233029 -0.97247 0
    outer loop
      vertex 108.567 5.33148 6
      vertex 108.781 5.38276 7.5
      vertex 108.567 5.33148 7.5
    endloop
  endfacet
  facet normal 0.233029 -0.97247 0
    outer loop
      vertex 108.781 5.38276 7.5
      vertex 108.567 5.33148 6
      vertex 108.781 5.38276 6
    endloop
  endfacet
  facet normal 0.233029 -0.97247 0
    outer loop
      vertex 108.567 5.33148 10.5
      vertex 108.781 5.38276 16
      vertex 108.567 5.33148 16
    endloop
  endfacet
  facet normal 0.233029 -0.97247 0
    outer loop
      vertex 108.781 5.38276 16
      vertex 108.567 5.33148 10.5
      vertex 108.781 5.38276 10.5
    endloop
  endfacet
  facet normal 0.0784787 -0.996916 0
    outer loop
      vertex 108.781 5.38276 6
      vertex 109 5.4 7.5
      vertex 108.781 5.38276 7.5
    endloop
  endfacet
  facet normal 0.0784787 -0.996916 0
    outer loop
      vertex 109 5.4 7.5
      vertex 108.781 5.38276 6
      vertex 109 5.4 6
    endloop
  endfacet
  facet normal 0.0784787 -0.996916 0
    outer loop
      vertex 108.781 5.38276 10.5
      vertex 109 5.4 16
      vertex 108.781 5.38276 16
    endloop
  endfacet
  facet normal 0.0784787 -0.996916 0
    outer loop
      vertex 109 5.4 16
      vertex 108.781 5.38276 10.5
      vertex 109 5.4 10.5
    endloop
  endfacet
  facet normal 0.649549 0.760319 -0
    outer loop
      vertex 108.177 2.86738 6
      vertex 108.01 3.01005 16
      vertex 108.177 2.86738 16
    endloop
  endfacet
  facet normal 0.649549 0.760319 0
    outer loop
      vertex 108.01 3.01005 16
      vertex 108.177 2.86738 6
      vertex 108.01 3.01005 6
    endloop
  endfacet
  facet normal 0.759674 0.650304 0
    outer loop
      vertex 108.01 3.01005 16
      vertex 107.867 3.1771 6
      vertex 107.867 3.1771 16
    endloop
  endfacet
  facet normal 0.759674 0.650304 0
    outer loop
      vertex 107.867 3.1771 6
      vertex 108.01 3.01005 16
      vertex 108.01 3.01005 6
    endloop
  endfacet
  facet normal -0.649549 0.760319 0
    outer loop
      vertex 109.99 3.01005 6
      vertex 109.823 2.86738 16
      vertex 109.99 3.01005 16
    endloop
  endfacet
  facet normal -0.649549 0.760319 0
    outer loop
      vertex 109.823 2.86738 16
      vertex 109.99 3.01005 6
      vertex 109.823 2.86738 6
    endloop
  endfacet
  facet normal -0.384537 -0.92311 -0
    outer loop
      vertex 109.433 5.33148 7.5
      vertex 109.433 5.33148 6
      vertex 109.5 5.30357 7.5
    endloop
  endfacet
  facet normal -0.384537 -0.92311 0
    outer loop
      vertex 109.5 5.30357 10.5
      vertex 109.433 5.33148 16
      vertex 109.433 5.33148 10.5
    endloop
  endfacet
  facet normal -0.382624 -0.923904 2.73406e-05
    outer loop
      vertex 109.433 5.33148 16
      vertex 109.5 5.30357 10.5
      vertex 109.636 5.24741 16
    endloop
  endfacet
  facet normal -0.381679 -0.924295 0
    outer loop
      vertex 109.636 5.24741 6
      vertex 109.5 5.30357 10.5
      vertex 109.5 5.30357 7.5
    endloop
  endfacet
  facet normal -0.381679 -0.924295 0
    outer loop
      vertex 109.5 5.30357 10.5
      vertex 109.636 5.24741 6
      vertex 109.636 5.24741 16
    endloop
  endfacet
  facet normal -0.382624 -0.923904 -0.000100249
    outer loop
      vertex 109.636 5.24741 6
      vertex 109.5 5.30357 7.5
      vertex 109.433 5.33148 6
    endloop
  endfacet
  facet normal 0.971625 -0.236527 0
    outer loop
      vertex 107.617 4.21901 7.5
      vertex 107.669 4.43262 6
      vertex 107.669 4.43262 7.5
    endloop
  endfacet
  facet normal 0.971625 -0.236527 0
    outer loop
      vertex 107.669 4.43262 6
      vertex 107.617 4.21901 7.5
      vertex 107.617 4.21901 6
    endloop
  endfacet
  facet normal 0.971625 -0.236527 0
    outer loop
      vertex 107.617 4.21901 16
      vertex 107.669 4.43262 10.5
      vertex 107.669 4.43262 16
    endloop
  endfacet
  facet normal 0.971625 -0.236527 0
    outer loop
      vertex 107.669 4.43262 10.5
      vertex 107.617 4.21901 16
      vertex 107.617 4.21901 10.5
    endloop
  endfacet
  facet normal -0.233029 -0.97247 0
    outer loop
      vertex 109.219 5.38276 6
      vertex 109.433 5.33148 7.5
      vertex 109.219 5.38276 7.5
    endloop
  endfacet
  facet normal -0.233029 -0.97247 -0
    outer loop
      vertex 109.433 5.33148 7.5
      vertex 109.219 5.38276 6
      vertex 109.433 5.33148 6
    endloop
  endfacet
  facet normal -0.233029 -0.97247 0
    outer loop
      vertex 109.219 5.38276 10.5
      vertex 109.433 5.33148 16
      vertex 109.219 5.38276 16
    endloop
  endfacet
  facet normal -0.233029 -0.97247 -0
    outer loop
      vertex 109.433 5.33148 16
      vertex 109.219 5.38276 10.5
      vertex 109.433 5.33148 10.5
    endloop
  endfacet
  facet normal -0.923997 0.3824 0
    outer loop
      vertex 110.247 3.36441 6
      vertex 110.331 3.56738 16
      vertex 110.331 3.56738 6
    endloop
  endfacet
  facet normal -0.923997 0.3824 0
    outer loop
      vertex 110.331 3.56738 16
      vertex 110.247 3.36441 6
      vertex 110.247 3.36441 16
    endloop
  endfacet
  facet normal -0.382624 0.923904 0
    outer loop
      vertex 109.636 2.75259 6
      vertex 109.433 2.66852 16
      vertex 109.636 2.75259 16
    endloop
  endfacet
  facet normal -0.382624 0.923904 0
    outer loop
      vertex 109.433 2.66852 16
      vertex 109.636 2.75259 6
      vertex 109.433 2.66852 6
    endloop
  endfacet
  facet normal -0.0784787 -0.996916 0
    outer loop
      vertex 109 5.4 6
      vertex 109.219 5.38276 7.5
      vertex 109 5.4 7.5
    endloop
  endfacet
  facet normal -0.0784787 -0.996916 -0
    outer loop
      vertex 109.219 5.38276 7.5
      vertex 109 5.4 6
      vertex 109.219 5.38276 6
    endloop
  endfacet
  facet normal -0.0784787 -0.996916 0
    outer loop
      vertex 109 5.4 10.5
      vertex 109.219 5.38276 16
      vertex 109 5.4 16
    endloop
  endfacet
  facet normal -0.0784787 -0.996916 -0
    outer loop
      vertex 109.219 5.38276 16
      vertex 109 5.4 10.5
      vertex 109.219 5.38276 10.5
    endloop
  endfacet
  facet normal 0.0784787 0.996916 -0
    outer loop
      vertex 109 2.6 6
      vertex 108.781 2.61724 16
      vertex 109 2.6 16
    endloop
  endfacet
  facet normal 0.0784787 0.996916 0
    outer loop
      vertex 108.781 2.61724 16
      vertex 109 2.6 6
      vertex 108.781 2.61724 6
    endloop
  endfacet
  facet normal 0 0 1
    outer loop
      vertex 110.383 4.21901 6
      vertex 110.383 3.78099 6
      vertex 110.4 4 6
    endloop
  endfacet
  facet normal 0 0 1
    outer loop
      vertex 110.331 4.43262 6
      vertex 110.383 3.78099 6
      vertex 110.383 4.21901 6
    endloop
  endfacet
  facet normal 0 0 1
    outer loop
      vertex 110.331 4.43262 6
      vertex 110.331 3.56738 6
      vertex 110.383 3.78099 6
    endloop
  endfacet
  facet normal 0 0 1
    outer loop
      vertex 110.247 4.63559 6
      vertex 110.331 3.56738 6
      vertex 110.331 4.43262 6
    endloop
  endfacet
  facet normal 0 0 1
    outer loop
      vertex 110.247 4.63559 6
      vertex 110.247 3.36441 6
      vertex 110.331 3.56738 6
    endloop
  endfacet
  facet normal 0 0 1
    outer loop
      vertex 110.133 4.8229 6
      vertex 110.247 3.36441 6
      vertex 110.247 4.63559 6
    endloop
  endfacet
  facet normal 0 0 1
    outer loop
      vertex 110.133 4.8229 6
      vertex 110.133 3.1771 6
      vertex 110.247 3.36441 6
    endloop
  endfacet
  facet normal 0 0 1
    outer loop
      vertex 109.99 4.98995 6
      vertex 110.133 3.1771 6
      vertex 110.133 4.8229 6
    endloop
  endfacet
  facet normal 0 0 1
    outer loop
      vertex 109.99 4.98995 6
      vertex 109.99 3.01005 6
      vertex 110.133 3.1771 6
    endloop
  endfacet
  facet normal 0 0 1
    outer loop
      vertex 109.823 5.13262 6
      vertex 109.99 3.01005 6
      vertex 109.99 4.98995 6
    endloop
  endfacet
  facet normal 0 0 1
    outer loop
      vertex 109.823 5.13262 6
      vertex 109.823 2.86738 6
      vertex 109.99 3.01005 6
    endloop
  endfacet
  facet normal 0 0 1
    outer loop
      vertex 109.636 5.24741 6
      vertex 109.823 2.86738 6
      vertex 109.823 5.13262 6
    endloop
  endfacet
  facet normal 0 0 1
    outer loop
      vertex 109.636 5.24741 6
      vertex 109.636 2.75259 6
      vertex 109.823 2.86738 6
    endloop
  endfacet
  facet normal 0 0 1
    outer loop
      vertex 109.433 5.33148 6
      vertex 109.636 2.75259 6
      vertex 109.636 5.24741 6
    endloop
  endfacet
  facet normal 0 0 1
    outer loop
      vertex 109.433 5.33148 6
      vertex 109.433 2.66852 6
      vertex 109.636 2.75259 6
    endloop
  endfacet
  facet normal 0 0 1
    outer loop
      vertex 109.219 5.38276 6
      vertex 109.433 2.66852 6
      vertex 109.433 5.33148 6
    endloop
  endfacet
  facet normal 0 0 1
    outer loop
      vertex 109.219 5.38276 6
      vertex 109.219 2.61724 6
      vertex 109.433 2.66852 6
    endloop
  endfacet
  facet normal 0 0 1
    outer loop
      vertex 109 5.4 6
      vertex 109.219 2.61724 6
      vertex 109.219 5.38276 6
    endloop
  endfacet
  facet normal 0 0 1
    outer loop
      vertex 109 5.4 6
      vertex 109 2.6 6
      vertex 109.219 2.61724 6
    endloop
  endfacet
  facet normal -0 0 1
    outer loop
      vertex 108.781 5.38276 6
      vertex 109 2.6 6
      vertex 109 5.4 6
    endloop
  endfacet
  facet normal 0 0 1
    outer loop
      vertex 108.781 5.38276 6
      vertex 108.781 2.61724 6
      vertex 109 2.6 6
    endloop
  endfacet
  facet normal -0 0 1
    outer loop
      vertex 108.567 5.33148 6
      vertex 108.781 2.61724 6
      vertex 108.781 5.38276 6
    endloop
  endfacet
  facet normal 0 0 1
    outer loop
      vertex 108.567 5.33148 6
      vertex 108.567 2.66852 6
      vertex 108.781 2.61724 6
    endloop
  endfacet
  facet normal -0 0 1
    outer loop
      vertex 108.364 5.24741 6
      vertex 108.567 2.66852 6
      vertex 108.567 5.33148 6
    endloop
  endfacet
  facet normal 0 0 1
    outer loop
      vertex 108.364 5.24741 6
      vertex 108.364 2.75259 6
      vertex 108.567 2.66852 6
    endloop
  endfacet
  facet normal -0 0 1
    outer loop
      vertex 108.177 5.13262 6
      vertex 108.364 2.75259 6
      vertex 108.364 5.24741 6
    endloop
  endfacet
  facet normal 0 0 1
    outer loop
      vertex 108.177 5.13262 6
      vertex 108.177 2.86738 6
      vertex 108.364 2.75259 6
    endloop
  endfacet
  facet normal -0 0 1
    outer loop
      vertex 108.01 4.98995 6
      vertex 108.177 2.86738 6
      vertex 108.177 5.13262 6
    endloop
  endfacet
  facet normal 0 0 1
    outer loop
      vertex 108.01 4.98995 6
      vertex 108.01 3.01005 6
      vertex 108.177 2.86738 6
    endloop
  endfacet
  facet normal -0 0 1
    outer loop
      vertex 107.867 4.8229 6
      vertex 108.01 3.01005 6
      vertex 108.01 4.98995 6
    endloop
  endfacet
  facet normal 0 0 1
    outer loop
      vertex 107.867 4.8229 6
      vertex 107.867 3.1771 6
      vertex 108.01 3.01005 6
    endloop
  endfacet
  facet normal -0 0 1
    outer loop
      vertex 107.753 4.63559 6
      vertex 107.867 3.1771 6
      vertex 107.867 4.8229 6
    endloop
  endfacet
  facet normal 0 0 1
    outer loop
      vertex 107.753 4.63559 6
      vertex 107.753 3.36441 6
      vertex 107.867 3.1771 6
    endloop
  endfacet
  facet normal -0 0 1
    outer loop
      vertex 107.669 4.43262 6
      vertex 107.753 3.36441 6
      vertex 107.753 4.63559 6
    endloop
  endfacet
  facet normal 0 0 1
    outer loop
      vertex 107.669 4.43262 6
      vertex 107.669 3.56738 6
      vertex 107.753 3.36441 6
    endloop
  endfacet
  facet normal -0 0 1
    outer loop
      vertex 107.617 4.21901 6
      vertex 107.669 3.56738 6
      vertex 107.669 4.43262 6
    endloop
  endfacet
  facet normal 0 0 1
    outer loop
      vertex 107.617 4.21901 6
      vertex 107.617 3.78099 6
      vertex 107.669 3.56738 6
    endloop
  endfacet
  facet normal 0 -0 1
    outer loop
      vertex 107.617 3.78099 6
      vertex 107.617 4.21901 6
      vertex 107.6 4 6
    endloop
  endfacet
  facet normal 0.523149 0.852241 -0
    outer loop
      vertex 108.364 2.75259 6
      vertex 108.177 2.86738 16
      vertex 108.364 2.75259 16
    endloop
  endfacet
  facet normal 0.523149 0.852241 0
    outer loop
      vertex 108.177 2.86738 16
      vertex 108.364 2.75259 6
      vertex 108.177 2.86738 6
    endloop
  endfacet
  facet normal 0.972367 0.233459 0
    outer loop
      vertex 6.85317 154.927 16
      vertex 6.95569 154.5 10.5
      vertex 6.85317 154.927 2.5
    endloop
  endfacet
  facet normal 0.972402 0.233313 1.2017e-05
    outer loop
      vertex 6.96306 154.469 16
      vertex 6.95569 154.5 10.5
      vertex 6.85317 154.927 16
    endloop
  endfacet
  facet normal 0.972884 0.231295 0
    outer loop
      vertex 6.95569 154.5 10.5
      vertex 6.96306 154.469 16
      vertex 6.96306 154.469 10.5
    endloop
  endfacet
  facet normal 0.972367 0.233459 -0
    outer loop
      vertex 6.95569 154.5 7.5
      vertex 6.85317 154.927 2.5
      vertex 6.95569 154.5 10.5
    endloop
  endfacet
  facet normal 0.972884 0.231295 -0
    outer loop
      vertex 6.96306 154.469 2.5
      vertex 6.95569 154.5 7.5
      vertex 6.96306 154.469 7.5
    endloop
  endfacet
  facet normal 0.972402 0.233313 -1.32187e-05
    outer loop
      vertex 6.95569 154.5 7.5
      vertex 6.96306 154.469 2.5
      vertex 6.85317 154.927 2.5
    endloop
  endfacet
  facet normal 0.996913 0.0785201 0
    outer loop
      vertex 7 154 16
      vertex 6.96306 154.469 10.5
      vertex 6.96306 154.469 16
    endloop
  endfacet
  facet normal 0.996913 0.0785201 0
    outer loop
      vertex 6.96306 154.469 10.5
      vertex 7 154 16
      vertex 7 154 10.5
    endloop
  endfacet
  facet normal 0.996913 0.0785201 0
    outer loop
      vertex 7 154 7.5
      vertex 6.96306 154.469 2.5
      vertex 6.96306 154.469 7.5
    endloop
  endfacet
  facet normal 0.996913 0.0785201 0
    outer loop
      vertex 6.96306 154.469 2.5
      vertex 7 154 7.5
      vertex 7 154 2.5
    endloop
  endfacet
  facet normal 0.923904 0.382624 0
    outer loop
      vertex 6.85317 154.927 16
      vertex 6.67302 155.362 2.5
      vertex 6.67302 155.362 16
    endloop
  endfacet
  facet normal 0.923904 0.382624 0
    outer loop
      vertex 6.67302 155.362 2.5
      vertex 6.85317 154.927 16
      vertex 6.85317 154.927 2.5
    endloop
  endfacet
  facet normal 0.522542 -0.852614 0
    outer loop
      vertex 5.36197 151.327 10.5
      vertex 5.76336 151.573 16
      vertex 5.36197 151.327 16
    endloop
  endfacet
  facet normal 0.522542 -0.852614 0
    outer loop
      vertex 5.76336 151.573 16
      vertex 5.36197 151.327 10.5
      vertex 5.76336 151.573 10.5
    endloop
  endfacet
  facet normal 0.522542 -0.852614 0
    outer loop
      vertex 5.36197 151.327 2.5
      vertex 5.76336 151.573 7.5
      vertex 5.36197 151.327 7.5
    endloop
  endfacet
  facet normal 0.522542 -0.852614 0
    outer loop
      vertex 5.76336 151.573 7.5
      vertex 5.36197 151.327 2.5
      vertex 5.76336 151.573 2.5
    endloop
  endfacet
  facet normal 0.972402 -0.233313 0
    outer loop
      vertex 6.85317 153.073 7.5
      vertex 6.96306 153.531 2.5
      vertex 6.96306 153.531 7.5
    endloop
  endfacet
  facet normal 0.972402 -0.233313 0
    outer loop
      vertex 6.96306 153.531 2.5
      vertex 6.85317 153.073 7.5
      vertex 6.85317 153.073 2.5
    endloop
  endfacet
  facet normal 0.972402 -0.233313 0
    outer loop
      vertex 6.85317 153.073 16
      vertex 6.96306 153.531 10.5
      vertex 6.96306 153.531 16
    endloop
  endfacet
  facet normal 0.972402 -0.233313 0
    outer loop
      vertex 6.96306 153.531 10.5
      vertex 6.85317 153.073 16
      vertex 6.85317 153.073 10.5
    endloop
  endfacet
  facet normal 0.382412 -0.923992 0
    outer loop
      vertex 4.92705 151.147 10.5
      vertex 5.36197 151.327 16
      vertex 4.92705 151.147 16
    endloop
  endfacet
  facet normal 0.382412 -0.923992 0
    outer loop
      vertex 5.36197 151.327 16
      vertex 4.92705 151.147 10.5
      vertex 5.36197 151.327 10.5
    endloop
  endfacet
  facet normal 0.382412 -0.923992 0
    outer loop
      vertex 4.92705 151.147 2.5
      vertex 5.36197 151.327 7.5
      vertex 4.92705 151.147 7.5
    endloop
  endfacet
  facet normal 0.382412 -0.923992 0
    outer loop
      vertex 5.36197 151.327 7.5
      vertex 4.92705 151.147 2.5
      vertex 5.36197 151.327 2.5
    endloop
  endfacet
  facet normal -0.233654 -0.97232 6.67169e-05
    outer loop
      vertex 3.07295 151.147 16
      vertex 3.5 151.044 10.5
      vertex 3.5307 151.037 16
    endloop
  endfacet
  facet normal -0.234466 -0.972124 0
    outer loop
      vertex 3.07295 151.147 16
      vertex 3.5 151.044 7.5
      vertex 3.5 151.044 10.5
    endloop
  endfacet
  facet normal -0.234466 -0.972124 0
    outer loop
      vertex 3.07295 151.147 2.5
      vertex 3.5 151.044 7.5
      vertex 3.07295 151.147 16
    endloop
  endfacet
  facet normal -0.233654 -0.97232 -7.33886e-05
    outer loop
      vertex 3.5307 151.037 2.5
      vertex 3.5 151.044 7.5
      vertex 3.07295 151.147 2.5
    endloop
  endfacet
  facet normal -0.222307 -0.974977 0
    outer loop
      vertex 3.5 151.044 7.5
      vertex 3.5307 151.037 2.5
      vertex 3.5307 151.037 7.5
    endloop
  endfacet
  facet normal -0.222307 -0.974977 -0
    outer loop
      vertex 3.5307 151.037 16
      vertex 3.5 151.044 10.5
      vertex 3.5307 151.037 10.5
    endloop
  endfacet
  facet normal 0.923904 -0.382624 0
    outer loop
      vertex 6.67302 152.638 16
      vertex 6.85317 153.073 10.5
      vertex 6.85317 153.073 16
    endloop
  endfacet
  facet normal 0.923904 -0.382624 0
    outer loop
      vertex 6.85317 153.073 10.5
      vertex 6.67302 152.638 16
      vertex 6.67302 152.638 10.5
    endloop
  endfacet
  facet normal 0.923904 -0.382624 0
    outer loop
      vertex 6.67302 152.638 7.5
      vertex 6.85317 153.073 2.5
      vertex 6.85317 153.073 7.5
    endloop
  endfacet
  facet normal 0.923904 -0.382624 0
    outer loop
      vertex 6.85317 153.073 2.5
      vertex 6.67302 152.638 7.5
      vertex 6.67302 152.638 2.5
    endloop
  endfacet
  facet normal 0.0785969 -0.996906 0
    outer loop
      vertex 4 151 10.5
      vertex 4.4693 151.037 16
      vertex 4 151 16
    endloop
  endfacet
  facet normal 0.0785969 -0.996906 0
    outer loop
      vertex 4.4693 151.037 16
      vertex 4 151 10.5
      vertex 4.4693 151.037 10.5
    endloop
  endfacet
  facet normal 0.0785969 -0.996906 0
    outer loop
      vertex 4 151 2.5
      vertex 4.4693 151.037 7.5
      vertex 4 151 7.5
    endloop
  endfacet
  facet normal 0.0785969 -0.996906 0
    outer loop
      vertex 4.4693 151.037 7.5
      vertex 4 151 2.5
      vertex 4.4693 151.037 2.5
    endloop
  endfacet
  facet normal 0.852416 -0.522865 0
    outer loop
      vertex 6.42705 152.237 16
      vertex 6.67302 152.638 10.5
      vertex 6.67302 152.638 16
    endloop
  endfacet
  facet normal 0.852416 -0.522865 0
    outer loop
      vertex 6.67302 152.638 10.5
      vertex 6.42705 152.237 16
      vertex 6.42705 152.237 10.5
    endloop
  endfacet
  facet normal 0.852416 -0.522865 0
    outer loop
      vertex 6.42705 152.237 7.5
      vertex 6.67302 152.638 2.5
      vertex 6.67302 152.638 7.5
    endloop
  endfacet
  facet normal 0.852416 -0.522865 0
    outer loop
      vertex 6.67302 152.638 2.5
      vertex 6.42705 152.237 7.5
      vertex 6.42705 152.237 2.5
    endloop
  endfacet
  facet normal 0.852603 0.522559 0
    outer loop
      vertex 6.67302 155.362 16
      vertex 6.58844 155.5 2.5
      vertex 6.58844 155.5 16
    endloop
  endfacet
  facet normal 0.852603 0.522559 0
    outer loop
      vertex 6.58844 155.5 2.5
      vertex 6.67302 155.362 16
      vertex 6.67302 155.362 2.5
    endloop
  endfacet
  facet normal 0.233654 -0.97232 0
    outer loop
      vertex 4.4693 151.037 10.5
      vertex 4.92705 151.147 16
      vertex 4.4693 151.037 16
    endloop
  endfacet
  facet normal 0.233654 -0.97232 0
    outer loop
      vertex 4.92705 151.147 16
      vertex 4.4693 151.037 10.5
      vertex 4.92705 151.147 10.5
    endloop
  endfacet
  facet normal 0.233654 -0.97232 0
    outer loop
      vertex 4.4693 151.037 2.5
      vertex 4.92705 151.147 7.5
      vertex 4.4693 151.037 7.5
    endloop
  endfacet
  facet normal 0.233654 -0.97232 0
    outer loop
      vertex 4.92705 151.147 7.5
      vertex 4.4693 151.037 2.5
      vertex 4.92705 151.147 2.5
    endloop
  endfacet
  facet normal 0.996913 -0.0785201 0
    outer loop
      vertex 6.96306 153.531 7.5
      vertex 7 154 2.5
      vertex 7 154 7.5
    endloop
  endfacet
  facet normal 0.996913 -0.0785201 0
    outer loop
      vertex 7 154 2.5
      vertex 6.96306 153.531 7.5
      vertex 6.96306 153.531 2.5
    endloop
  endfacet
  facet normal 0.996913 -0.0785201 0
    outer loop
      vertex 6.96306 153.531 16
      vertex 7 154 10.5
      vertex 7 154 16
    endloop
  endfacet
  facet normal 0.996913 -0.0785201 0
    outer loop
      vertex 7 154 10.5
      vertex 6.96306 153.531 16
      vertex 6.96306 153.531 10.5
    endloop
  endfacet
  facet normal 0.760438 -0.64941 0
    outer loop
      vertex 6.12132 151.879 16
      vertex 6.42705 152.237 10.5
      vertex 6.42705 152.237 16
    endloop
  endfacet
  facet normal 0.760438 -0.64941 0
    outer loop
      vertex 6.42705 152.237 10.5
      vertex 6.12132 151.879 16
      vertex 6.12132 151.879 10.5
    endloop
  endfacet
  facet normal 0.760438 -0.64941 0
    outer loop
      vertex 6.12132 151.879 7.5
      vertex 6.42705 152.237 2.5
      vertex 6.42705 152.237 7.5
    endloop
  endfacet
  facet normal 0.760438 -0.64941 0
    outer loop
      vertex 6.42705 152.237 2.5
      vertex 6.12132 151.879 7.5
      vertex 6.12132 151.879 2.5
    endloop
  endfacet
  facet normal -0.0785969 -0.996906 0
    outer loop
      vertex 3.5307 151.037 10.5
      vertex 4 151 16
      vertex 3.5307 151.037 16
    endloop
  endfacet
  facet normal -0.0785969 -0.996906 -0
    outer loop
      vertex 4 151 16
      vertex 3.5307 151.037 10.5
      vertex 4 151 10.5
    endloop
  endfacet
  facet normal -0.0785969 -0.996906 0
    outer loop
      vertex 3.5307 151.037 2.5
      vertex 4 151 7.5
      vertex 3.5307 151.037 7.5
    endloop
  endfacet
  facet normal -0.0785969 -0.996906 -0
    outer loop
      vertex 4 151 7.5
      vertex 3.5307 151.037 2.5
      vertex 4 151 2.5
    endloop
  endfacet
  facet normal -0.524359 -0.851497 0
    outer loop
      vertex 2.5 151.412 2.5
      vertex 2.63803 151.327 16
      vertex 2.5 151.412 16
    endloop
  endfacet
  facet normal -0.524359 -0.851497 -0
    outer loop
      vertex 2.63803 151.327 16
      vertex 2.5 151.412 2.5
      vertex 2.63803 151.327 2.5
    endloop
  endfacet
  facet normal -0.382412 -0.923992 0
    outer loop
      vertex 2.63803 151.327 2.5
      vertex 3.07295 151.147 16
      vertex 2.63803 151.327 16
    endloop
  endfacet
  facet normal -0.382412 -0.923992 -0
    outer loop
      vertex 3.07295 151.147 16
      vertex 2.63803 151.327 2.5
      vertex 3.07295 151.147 2.5
    endloop
  endfacet
  facet normal 0.649784 -0.760119 0
    outer loop
      vertex 5.76336 151.573 10.5
      vertex 6.12132 151.879 16
      vertex 5.76336 151.573 16
    endloop
  endfacet
  facet normal 0.649784 -0.760119 0
    outer loop
      vertex 6.12132 151.879 16
      vertex 5.76336 151.573 10.5
      vertex 6.12132 151.879 10.5
    endloop
  endfacet
  facet normal 0.649784 -0.760119 0
    outer loop
      vertex 5.76336 151.573 2.5
      vertex 6.12132 151.879 7.5
      vertex 5.76336 151.573 7.5
    endloop
  endfacet
  facet normal 0.649784 -0.760119 0
    outer loop
      vertex 6.12132 151.879 7.5
      vertex 5.76336 151.573 2.5
      vertex 6.12132 151.879 2.5
    endloop
  endfacet
  facet normal -0.0773892 0.997001 0
    outer loop
      vertex 4.21901 152.617 6
      vertex 4 152.6 7.5
      vertex 4.21901 152.617 7.5
    endloop
  endfacet
  facet normal -0.0773892 0.997001 0
    outer loop
      vertex 4 152.6 7.5
      vertex 4.21901 152.617 6
      vertex 4 152.6 6
    endloop
  endfacet
  facet normal -0.0773892 0.997001 0
    outer loop
      vertex 4.21901 152.617 10.5
      vertex 4 152.6 16
      vertex 4.21901 152.617 16
    endloop
  endfacet
  facet normal -0.0773892 0.997001 0
    outer loop
      vertex 4 152.6 16
      vertex 4.21901 152.617 10.5
      vertex 4 152.6 10.5
    endloop
  endfacet
  facet normal -0.97247 -0.233029 0
    outer loop
      vertex 5.38276 154.219 6
      vertex 5.33148 154.433 7.5
      vertex 5.33148 154.433 6
    endloop
  endfacet
  facet normal -0.97247 -0.233029 0
    outer loop
      vertex 5.33148 154.433 7.5
      vertex 5.38276 154.219 6
      vertex 5.38276 154.219 7.5
    endloop
  endfacet
  facet normal -0.97247 -0.233029 0
    outer loop
      vertex 5.38276 154.219 10.5
      vertex 5.33148 154.433 16
      vertex 5.33148 154.433 10.5
    endloop
  endfacet
  facet normal -0.97247 -0.233029 0
    outer loop
      vertex 5.33148 154.433 16
      vertex 5.38276 154.219 10.5
      vertex 5.38276 154.219 16
    endloop
  endfacet
  facet normal -0.996916 -0.0784787 0
    outer loop
      vertex 5.4 154 6
      vertex 5.38276 154.219 7.5
      vertex 5.38276 154.219 6
    endloop
  endfacet
  facet normal -0.996916 -0.0784787 0
    outer loop
      vertex 5.38276 154.219 7.5
      vertex 5.4 154 6
      vertex 5.4 154 7.5
    endloop
  endfacet
  facet normal -0.996916 -0.0784787 0
    outer loop
      vertex 5.4 154 10.5
      vertex 5.38276 154.219 16
      vertex 5.38276 154.219 10.5
    endloop
  endfacet
  facet normal -0.996916 -0.0784787 0
    outer loop
      vertex 5.38276 154.219 16
      vertex 5.4 154 10.5
      vertex 5.4 154 16
    endloop
  endfacet
  facet normal -0.924295 -0.381679 -0
    outer loop
      vertex 5.30357 154.5 10.5
      vertex 5.24741 154.636 6
      vertex 5.30357 154.5 7.5
    endloop
  endfacet
  facet normal -0.923904 -0.382624 -0.000100249
    outer loop
      vertex 5.33148 154.433 6
      vertex 5.30357 154.5 7.5
      vertex 5.24741 154.636 6
    endloop
  endfacet
  facet normal -0.92311 -0.384537 0
    outer loop
      vertex 5.30357 154.5 7.5
      vertex 5.33148 154.433 6
      vertex 5.33148 154.433 7.5
    endloop
  endfacet
  facet normal -0.924295 -0.381679 0
    outer loop
      vertex 5.24741 154.636 6
      vertex 5.30357 154.5 10.5
      vertex 5.24741 154.636 16
    endloop
  endfacet
  facet normal -0.92311 -0.384537 -0
    outer loop
      vertex 5.33148 154.433 16
      vertex 5.30357 154.5 10.5
      vertex 5.33148 154.433 10.5
    endloop
  endfacet
  facet normal -0.923904 -0.382624 2.73406e-05
    outer loop
      vertex 5.30357 154.5 10.5
      vertex 5.33148 154.433 16
      vertex 5.24741 154.636 16
    endloop
  endfacet
  facet normal -0.519898 0.854228 0
    outer loop
      vertex 4.8229 152.867 6
      vertex 4.63559 152.753 7.5
      vertex 4.8229 152.867 7.5
    endloop
  endfacet
  facet normal -0.519898 0.854228 0
    outer loop
      vertex 4.63559 152.753 7.5
      vertex 4.8229 152.867 6
      vertex 4.63559 152.753 6
    endloop
  endfacet
  facet normal -0.519898 0.854228 0
    outer loop
      vertex 4.8229 152.867 10.5
      vertex 4.63559 152.753 16
      vertex 4.8229 152.867 16
    endloop
  endfacet
  facet normal -0.519898 0.854228 0
    outer loop
      vertex 4.63559 152.753 16
      vertex 4.8229 152.867 10.5
      vertex 4.63559 152.753 10.5
    endloop
  endfacet
  facet normal -0.852241 -0.523149 0
    outer loop
      vertex 5.24741 154.636 6
      vertex 5.13262 154.823 16
      vertex 5.13262 154.823 6
    endloop
  endfacet
  facet normal -0.852241 -0.523149 0
    outer loop
      vertex 5.13262 154.823 16
      vertex 5.24741 154.636 6
      vertex 5.24741 154.636 16
    endloop
  endfacet
  facet normal -0.760319 -0.649549 0
    outer loop
      vertex 5.13262 154.823 6
      vertex 4.98995 154.99 16
      vertex 4.98995 154.99 6
    endloop
  endfacet
  facet normal -0.760319 -0.649549 0
    outer loop
      vertex 4.98995 154.99 16
      vertex 5.13262 154.823 6
      vertex 5.13262 154.823 16
    endloop
  endfacet
  facet normal 0.996916 -0.0784787 0
    outer loop
      vertex 2.6 154 16
      vertex 2.61724 154.219 6
      vertex 2.61724 154.219 16
    endloop
  endfacet
  facet normal 0.996916 -0.0784787 0
    outer loop
      vertex 2.61724 154.219 6
      vertex 2.6 154 16
      vertex 2.6 154 6
    endloop
  endfacet
  facet normal -0.236527 0.971625 0
    outer loop
      vertex 4.43262 152.669 6
      vertex 4.21901 152.617 7.5
      vertex 4.43262 152.669 7.5
    endloop
  endfacet
  facet normal -0.236527 0.971625 0
    outer loop
      vertex 4.21901 152.617 7.5
      vertex 4.43262 152.669 6
      vertex 4.21901 152.617 6
    endloop
  endfacet
  facet normal -0.236527 0.971625 0
    outer loop
      vertex 4.43262 152.669 10.5
      vertex 4.21901 152.617 16
      vertex 4.43262 152.669 16
    endloop
  endfacet
  facet normal -0.236527 0.971625 0
    outer loop
      vertex 4.21901 152.617 16
      vertex 4.43262 152.669 10.5
      vertex 4.21901 152.617 10.5
    endloop
  endfacet
  facet normal 0.852241 0.523149 0
    outer loop
      vertex 2.86738 153.177 16
      vertex 2.75259 153.364 6
      vertex 2.75259 153.364 16
    endloop
  endfacet
  facet normal 0.852241 0.523149 0
    outer loop
      vertex 2.75259 153.364 6
      vertex 2.86738 153.177 16
      vertex 2.86738 153.177 6
    endloop
  endfacet
  facet normal 0.923904 0.382624 0
    outer loop
      vertex 2.75259 153.364 16
      vertex 2.66852 153.567 6
      vertex 2.66852 153.567 16
    endloop
  endfacet
  facet normal 0.923904 0.382624 0
    outer loop
      vertex 2.66852 153.567 6
      vertex 2.75259 153.364 16
      vertex 2.75259 153.364 6
    endloop
  endfacet
  facet normal -0.519898 -0.854228 0
    outer loop
      vertex 4.63559 155.247 6
      vertex 4.8229 155.133 16
      vertex 4.63559 155.247 16
    endloop
  endfacet
  facet normal -0.519898 -0.854228 -0
    outer loop
      vertex 4.8229 155.133 16
      vertex 4.63559 155.247 6
      vertex 4.8229 155.133 6
    endloop
  endfacet
  facet normal 0.519898 -0.854228 0
    outer loop
      vertex 3.1771 155.133 6
      vertex 3.36441 155.247 16
      vertex 3.1771 155.133 16
    endloop
  endfacet
  facet normal 0.519898 -0.854228 0
    outer loop
      vertex 3.36441 155.247 16
      vertex 3.1771 155.133 6
      vertex 3.36441 155.247 6
    endloop
  endfacet
  facet normal 0.760319 -0.649549 0
    outer loop
      vertex 2.86738 154.823 16
      vertex 3.01005 154.99 6
      vertex 3.01005 154.99 16
    endloop
  endfacet
  facet normal 0.760319 -0.649549 0
    outer loop
      vertex 3.01005 154.99 6
      vertex 2.86738 154.823 16
      vertex 2.86738 154.823 6
    endloop
  endfacet
  facet normal 0.996916 0.0784787 0
    outer loop
      vertex 2.61724 153.781 16
      vertex 2.6 154 6
      vertex 2.6 154 16
    endloop
  endfacet
  facet normal 0.996916 0.0784787 0
    outer loop
      vertex 2.6 154 6
      vertex 2.61724 153.781 16
      vertex 2.61724 153.781 6
    endloop
  endfacet
  facet normal -0.760319 0.649549 0
    outer loop
      vertex 4.98995 153.01 6
      vertex 5.13262 153.177 7.5
      vertex 5.13262 153.177 6
    endloop
  endfacet
  facet normal -0.760319 0.649549 0
    outer loop
      vertex 5.13262 153.177 7.5
      vertex 4.98995 153.01 6
      vertex 4.98995 153.01 7.5
    endloop
  endfacet
  facet normal -0.760319 0.649549 0
    outer loop
      vertex 4.98995 153.01 10.5
      vertex 5.13262 153.177 16
      vertex 5.13262 153.177 10.5
    endloop
  endfacet
  facet normal -0.760319 0.649549 0
    outer loop
      vertex 5.13262 153.177 16
      vertex 4.98995 153.01 10.5
      vertex 4.98995 153.01 16
    endloop
  endfacet
  facet normal -0.852241 0.523149 0
    outer loop
      vertex 5.13262 153.177 6
      vertex 5.24741 153.364 7.5
      vertex 5.24741 153.364 6
    endloop
  endfacet
  facet normal -0.852241 0.523149 0
    outer loop
      vertex 5.24741 153.364 7.5
      vertex 5.13262 153.177 6
      vertex 5.13262 153.177 7.5
    endloop
  endfacet
  facet normal -0.852241 0.523149 0
    outer loop
      vertex 5.13262 153.177 10.5
      vertex 5.24741 153.364 16
      vertex 5.24741 153.364 10.5
    endloop
  endfacet
  facet normal -0.852241 0.523149 0
    outer loop
      vertex 5.24741 153.364 16
      vertex 5.13262 153.177 10.5
      vertex 5.13262 153.177 16
    endloop
  endfacet
  facet normal 0.236527 0.971625 -0
    outer loop
      vertex 3.78099 152.617 6
      vertex 3.56738 152.669 7.5
      vertex 3.78099 152.617 7.5
    endloop
  endfacet
  facet normal 0.236527 0.971625 0
    outer loop
      vertex 3.56738 152.669 7.5
      vertex 3.78099 152.617 6
      vertex 3.56738 152.669 6
    endloop
  endfacet
  facet normal 0.236527 0.971625 -0
    outer loop
      vertex 3.78099 152.617 10.5
      vertex 3.56738 152.669 16
      vertex 3.78099 152.617 16
    endloop
  endfacet
  facet normal 0.236527 0.971625 0
    outer loop
      vertex 3.56738 152.669 16
      vertex 3.78099 152.617 10.5
      vertex 3.56738 152.669 10.5
    endloop
  endfacet
  facet normal 0.97247 0.233029 0
    outer loop
      vertex 2.66852 153.567 16
      vertex 2.61724 153.781 6
      vertex 2.61724 153.781 16
    endloop
  endfacet
  facet normal 0.97247 0.233029 0
    outer loop
      vertex 2.61724 153.781 6
      vertex 2.66852 153.567 16
      vertex 2.66852 153.567 6
    endloop
  endfacet
  facet normal 0.371961 0.928248 0
    outer loop
      vertex 3.56738 152.669 7.5
      vertex 3.56738 152.669 6
      vertex 3.5 152.696 7.5
    endloop
  endfacet
  facet normal 0.371961 0.928248 0
    outer loop
      vertex 3.5 152.696 10.5
      vertex 3.56738 152.669 16
      vertex 3.56738 152.669 10.5
    endloop
  endfacet
  facet normal 0.3824 0.923997 -0.000148764
    outer loop
      vertex 3.56738 152.669 16
      vertex 3.5 152.696 10.5
      vertex 3.36441 152.753 16
    endloop
  endfacet
  facet normal 0.387534 0.921855 0
    outer loop
      vertex 3.36441 152.753 6
      vertex 3.5 152.696 10.5
      vertex 3.5 152.696 7.5
    endloop
  endfacet
  facet normal 0.387534 0.921855 0
    outer loop
      vertex 3.5 152.696 10.5
      vertex 3.36441 152.753 6
      vertex 3.36441 152.753 16
    endloop
  endfacet
  facet normal 0.3824 0.923997 0.000545466
    outer loop
      vertex 3.36441 152.753 6
      vertex 3.5 152.696 7.5
      vertex 3.56738 152.669 6
    endloop
  endfacet
  facet normal -0.996916 0.0784787 0
    outer loop
      vertex 5.38276 153.781 6
      vertex 5.4 154 7.5
      vertex 5.4 154 6
    endloop
  endfacet
  facet normal -0.996916 0.0784787 0
    outer loop
      vertex 5.4 154 7.5
      vertex 5.38276 153.781 6
      vertex 5.38276 153.781 7.5
    endloop
  endfacet
  facet normal -0.996916 0.0784787 0
    outer loop
      vertex 5.38276 153.781 10.5
      vertex 5.4 154 16
      vertex 5.4 154 10.5
    endloop
  endfacet
  facet normal -0.996916 0.0784787 0
    outer loop
      vertex 5.4 154 16
      vertex 5.38276 153.781 10.5
      vertex 5.38276 153.781 16
    endloop
  endfacet
  facet normal -0.97247 0.233029 0
    outer loop
      vertex 5.33148 153.567 6
      vertex 5.38276 153.781 7.5
      vertex 5.38276 153.781 6
    endloop
  endfacet
  facet normal -0.97247 0.233029 0
    outer loop
      vertex 5.38276 153.781 7.5
      vertex 5.33148 153.567 6
      vertex 5.33148 153.567 7.5
    endloop
  endfacet
  facet normal -0.97247 0.233029 0
    outer loop
      vertex 5.33148 153.567 10.5
      vertex 5.38276 153.781 16
      vertex 5.38276 153.781 10.5
    endloop
  endfacet
  facet normal -0.97247 0.233029 0
    outer loop
      vertex 5.38276 153.781 16
      vertex 5.33148 153.567 10.5
      vertex 5.33148 153.567 16
    endloop
  endfacet
  facet normal 0.650304 -0.759674 0
    outer loop
      vertex 3.01005 154.99 6
      vertex 3.1771 155.133 16
      vertex 3.01005 154.99 16
    endloop
  endfacet
  facet normal 0.650304 -0.759674 0
    outer loop
      vertex 3.1771 155.133 16
      vertex 3.01005 154.99 6
      vertex 3.1771 155.133 6
    endloop
  endfacet
  facet normal 0.3824 -0.923997 0
    outer loop
      vertex 3.36441 155.247 6
      vertex 3.56738 155.331 16
      vertex 3.36441 155.247 16
    endloop
  endfacet
  facet normal 0.3824 -0.923997 0
    outer loop
      vertex 3.56738 155.331 16
      vertex 3.36441 155.247 6
      vertex 3.56738 155.331 6
    endloop
  endfacet
  facet normal -0.650304 -0.759674 0
    outer loop
      vertex 4.8229 155.133 6
      vertex 4.98995 154.99 16
      vertex 4.8229 155.133 16
    endloop
  endfacet
  facet normal -0.650304 -0.759674 -0
    outer loop
      vertex 4.98995 154.99 16
      vertex 4.8229 155.133 6
      vertex 4.98995 154.99 6
    endloop
  endfacet
  facet normal 0.852241 -0.523149 0
    outer loop
      vertex 2.75259 154.636 16
      vertex 2.86738 154.823 6
      vertex 2.86738 154.823 16
    endloop
  endfacet
  facet normal 0.852241 -0.523149 0
    outer loop
      vertex 2.86738 154.823 6
      vertex 2.75259 154.636 16
      vertex 2.75259 154.636 6
    endloop
  endfacet
  facet normal 0.923904 -0.382624 0
    outer loop
      vertex 2.66852 154.433 16
      vertex 2.75259 154.636 6
      vertex 2.75259 154.636 16
    endloop
  endfacet
  facet normal 0.923904 -0.382624 0
    outer loop
      vertex 2.75259 154.636 6
      vertex 2.66852 154.433 16
      vertex 2.66852 154.433 6
    endloop
  endfacet
  facet normal 0.236527 -0.971625 0
    outer loop
      vertex 3.56738 155.331 6
      vertex 3.78099 155.383 16
      vertex 3.56738 155.331 16
    endloop
  endfacet
  facet normal 0.236527 -0.971625 0
    outer loop
      vertex 3.78099 155.383 16
      vertex 3.56738 155.331 6
      vertex 3.78099 155.383 6
    endloop
  endfacet
  facet normal 0.0773892 -0.997001 0
    outer loop
      vertex 3.78099 155.383 6
      vertex 4 155.4 16
      vertex 3.78099 155.383 16
    endloop
  endfacet
  facet normal 0.0773892 -0.997001 0
    outer loop
      vertex 4 155.4 16
      vertex 3.78099 155.383 6
      vertex 4 155.4 6
    endloop
  endfacet
  facet normal 0.650304 0.759674 -0
    outer loop
      vertex 3.1771 152.867 6
      vertex 3.01005 153.01 16
      vertex 3.1771 152.867 16
    endloop
  endfacet
  facet normal 0.650304 0.759674 0
    outer loop
      vertex 3.01005 153.01 16
      vertex 3.1771 152.867 6
      vertex 3.01005 153.01 6
    endloop
  endfacet
  facet normal 0.760319 0.649549 0
    outer loop
      vertex 3.01005 153.01 16
      vertex 2.86738 153.177 6
      vertex 2.86738 153.177 16
    endloop
  endfacet
  facet normal 0.760319 0.649549 0
    outer loop
      vertex 2.86738 153.177 6
      vertex 3.01005 153.01 16
      vertex 3.01005 153.01 6
    endloop
  endfacet
  facet normal -0.650304 0.759674 0
    outer loop
      vertex 4.98995 153.01 6
      vertex 4.8229 152.867 7.5
      vertex 4.98995 153.01 7.5
    endloop
  endfacet
  facet normal -0.650304 0.759674 0
    outer loop
      vertex 4.8229 152.867 7.5
      vertex 4.98995 153.01 6
      vertex 4.8229 152.867 6
    endloop
  endfacet
  facet normal -0.650304 0.759674 0
    outer loop
      vertex 4.98995 153.01 10.5
      vertex 4.8229 152.867 16
      vertex 4.98995 153.01 16
    endloop
  endfacet
  facet normal -0.650304 0.759674 0
    outer loop
      vertex 4.8229 152.867 16
      vertex 4.98995 153.01 10.5
      vertex 4.8229 152.867 10.5
    endloop
  endfacet
  facet normal -0.3824 -0.923997 0
    outer loop
      vertex 4.43262 155.331 6
      vertex 4.63559 155.247 16
      vertex 4.43262 155.331 16
    endloop
  endfacet
  facet normal -0.3824 -0.923997 -0
    outer loop
      vertex 4.63559 155.247 16
      vertex 4.43262 155.331 6
      vertex 4.63559 155.247 6
    endloop
  endfacet
  facet normal 0.97247 -0.233029 0
    outer loop
      vertex 2.61724 154.219 16
      vertex 2.66852 154.433 6
      vertex 2.66852 154.433 16
    endloop
  endfacet
  facet normal 0.97247 -0.233029 0
    outer loop
      vertex 2.66852 154.433 6
      vertex 2.61724 154.219 16
      vertex 2.61724 154.219 6
    endloop
  endfacet
  facet normal -0.236527 -0.971625 0
    outer loop
      vertex 4.21901 155.383 6
      vertex 4.43262 155.331 16
      vertex 4.21901 155.383 16
    endloop
  endfacet
  facet normal -0.236527 -0.971625 -0
    outer loop
      vertex 4.43262 155.331 16
      vertex 4.21901 155.383 6
      vertex 4.43262 155.331 6
    endloop
  endfacet
  facet normal -0.923904 0.382624 0
    outer loop
      vertex 5.24741 153.364 6
      vertex 5.33148 153.567 7.5
      vertex 5.33148 153.567 6
    endloop
  endfacet
  facet normal -0.923904 0.382624 0
    outer loop
      vertex 5.33148 153.567 7.5
      vertex 5.24741 153.364 6
      vertex 5.24741 153.364 7.5
    endloop
  endfacet
  facet normal -0.923904 0.382624 0
    outer loop
      vertex 5.24741 153.364 10.5
      vertex 5.33148 153.567 16
      vertex 5.33148 153.567 10.5
    endloop
  endfacet
  facet normal -0.923904 0.382624 0
    outer loop
      vertex 5.33148 153.567 16
      vertex 5.24741 153.364 10.5
      vertex 5.24741 153.364 16
    endloop
  endfacet
  facet normal -0.3824 0.923997 0
    outer loop
      vertex 4.63559 152.753 6
      vertex 4.43262 152.669 7.5
      vertex 4.63559 152.753 7.5
    endloop
  endfacet
  facet normal -0.3824 0.923997 0
    outer loop
      vertex 4.43262 152.669 7.5
      vertex 4.63559 152.753 6
      vertex 4.43262 152.669 6
    endloop
  endfacet
  facet normal -0.3824 0.923997 0
    outer loop
      vertex 4.63559 152.753 10.5
      vertex 4.43262 152.669 16
      vertex 4.63559 152.753 16
    endloop
  endfacet
  facet normal -0.3824 0.923997 0
    outer loop
      vertex 4.43262 152.669 16
      vertex 4.63559 152.753 10.5
      vertex 4.43262 152.669 10.5
    endloop
  endfacet
  facet normal -0.0773892 -0.997001 0
    outer loop
      vertex 4 155.4 6
      vertex 4.21901 155.383 16
      vertex 4 155.4 16
    endloop
  endfacet
  facet normal -0.0773892 -0.997001 -0
    outer loop
      vertex 4.21901 155.383 16
      vertex 4 155.4 6
      vertex 4.21901 155.383 6
    endloop
  endfacet
  facet normal 0.0773892 0.997001 -0
    outer loop
      vertex 4 152.6 6
      vertex 3.78099 152.617 7.5
      vertex 4 152.6 7.5
    endloop
  endfacet
  facet normal 0.0773892 0.997001 0
    outer loop
      vertex 3.78099 152.617 7.5
      vertex 4 152.6 6
      vertex 3.78099 152.617 6
    endloop
  endfacet
  facet normal 0.0773892 0.997001 -0
    outer loop
      vertex 4 152.6 10.5
      vertex 3.78099 152.617 16
      vertex 4 152.6 16
    endloop
  endfacet
  facet normal 0.0773892 0.997001 0
    outer loop
      vertex 3.78099 152.617 16
      vertex 4 152.6 10.5
      vertex 3.78099 152.617 10.5
    endloop
  endfacet
  facet normal 0 0 1
    outer loop
      vertex 5.38276 154.219 6
      vertex 5.38276 153.781 6
      vertex 5.4 154 6
    endloop
  endfacet
  facet normal 0 0 1
    outer loop
      vertex 5.33148 154.433 6
      vertex 5.38276 153.781 6
      vertex 5.38276 154.219 6
    endloop
  endfacet
  facet normal 0 0 1
    outer loop
      vertex 5.33148 154.433 6
      vertex 5.33148 153.567 6
      vertex 5.38276 153.781 6
    endloop
  endfacet
  facet normal 0 0 1
    outer loop
      vertex 5.24741 154.636 6
      vertex 5.33148 153.567 6
      vertex 5.33148 154.433 6
    endloop
  endfacet
  facet normal 0 0 1
    outer loop
      vertex 5.24741 154.636 6
      vertex 5.24741 153.364 6
      vertex 5.33148 153.567 6
    endloop
  endfacet
  facet normal 0 0 1
    outer loop
      vertex 5.13262 154.823 6
      vertex 5.24741 153.364 6
      vertex 5.24741 154.636 6
    endloop
  endfacet
  facet normal 0 0 1
    outer loop
      vertex 5.13262 154.823 6
      vertex 5.13262 153.177 6
      vertex 5.24741 153.364 6
    endloop
  endfacet
  facet normal 0 0 1
    outer loop
      vertex 4.98995 154.99 6
      vertex 5.13262 153.177 6
      vertex 5.13262 154.823 6
    endloop
  endfacet
  facet normal 0 0 1
    outer loop
      vertex 4.98995 154.99 6
      vertex 4.98995 153.01 6
      vertex 5.13262 153.177 6
    endloop
  endfacet
  facet normal 0 0 1
    outer loop
      vertex 4.8229 155.133 6
      vertex 4.98995 153.01 6
      vertex 4.98995 154.99 6
    endloop
  endfacet
  facet normal 0 0 1
    outer loop
      vertex 4.8229 155.133 6
      vertex 4.8229 152.867 6
      vertex 4.98995 153.01 6
    endloop
  endfacet
  facet normal 0 0 1
    outer loop
      vertex 4.63559 155.247 6
      vertex 4.8229 152.867 6
      vertex 4.8229 155.133 6
    endloop
  endfacet
  facet normal 0 0 1
    outer loop
      vertex 4.63559 155.247 6
      vertex 4.63559 152.753 6
      vertex 4.8229 152.867 6
    endloop
  endfacet
  facet normal 0 0 1
    outer loop
      vertex 4.43262 155.331 6
      vertex 4.63559 152.753 6
      vertex 4.63559 155.247 6
    endloop
  endfacet
  facet normal 0 0 1
    outer loop
      vertex 4.43262 155.331 6
      vertex 4.43262 152.669 6
      vertex 4.63559 152.753 6
    endloop
  endfacet
  facet normal 0 0 1
    outer loop
      vertex 4.21901 155.383 6
      vertex 4.43262 152.669 6
      vertex 4.43262 155.331 6
    endloop
  endfacet
  facet normal 0 0 1
    outer loop
      vertex 4.21901 155.383 6
      vertex 4.21901 152.617 6
      vertex 4.43262 152.669 6
    endloop
  endfacet
  facet normal 0 0 1
    outer loop
      vertex 4 155.4 6
      vertex 4.21901 152.617 6
      vertex 4.21901 155.383 6
    endloop
  endfacet
  facet normal 0 0 1
    outer loop
      vertex 4 155.4 6
      vertex 4 152.6 6
      vertex 4.21901 152.617 6
    endloop
  endfacet
  facet normal -0 0 1
    outer loop
      vertex 3.78099 155.383 6
      vertex 4 152.6 6
      vertex 4 155.4 6
    endloop
  endfacet
  facet normal 0 0 1
    outer loop
      vertex 3.78099 155.383 6
      vertex 3.78099 152.617 6
      vertex 4 152.6 6
    endloop
  endfacet
  facet normal -0 0 1
    outer loop
      vertex 3.56738 155.331 6
      vertex 3.78099 152.617 6
      vertex 3.78099 155.383 6
    endloop
  endfacet
  facet normal 0 0 1
    outer loop
      vertex 3.56738 155.331 6
      vertex 3.56738 152.669 6
      vertex 3.78099 152.617 6
    endloop
  endfacet
  facet normal -0 0 1
    outer loop
      vertex 3.36441 155.247 6
      vertex 3.56738 152.669 6
      vertex 3.56738 155.331 6
    endloop
  endfacet
  facet normal 0 0 1
    outer loop
      vertex 3.36441 155.247 6
      vertex 3.36441 152.753 6
      vertex 3.56738 152.669 6
    endloop
  endfacet
  facet normal -0 0 1
    outer loop
      vertex 3.1771 155.133 6
      vertex 3.36441 152.753 6
      vertex 3.36441 155.247 6
    endloop
  endfacet
  facet normal 0 0 1
    outer loop
      vertex 3.1771 155.133 6
      vertex 3.1771 152.867 6
      vertex 3.36441 152.753 6
    endloop
  endfacet
  facet normal -0 0 1
    outer loop
      vertex 3.01005 154.99 6
      vertex 3.1771 152.867 6
      vertex 3.1771 155.133 6
    endloop
  endfacet
  facet normal 0 0 1
    outer loop
      vertex 3.01005 154.99 6
      vertex 3.01005 153.01 6
      vertex 3.1771 152.867 6
    endloop
  endfacet
  facet normal -0 0 1
    outer loop
      vertex 2.86738 154.823 6
      vertex 3.01005 153.01 6
      vertex 3.01005 154.99 6
    endloop
  endfacet
  facet normal 0 0 1
    outer loop
      vertex 2.86738 154.823 6
      vertex 2.86738 153.177 6
      vertex 3.01005 153.01 6
    endloop
  endfacet
  facet normal -0 0 1
    outer loop
      vertex 2.75259 154.636 6
      vertex 2.86738 153.177 6
      vertex 2.86738 154.823 6
    endloop
  endfacet
  facet normal 0 0 1
    outer loop
      vertex 2.75259 154.636 6
      vertex 2.75259 153.364 6
      vertex 2.86738 153.177 6
    endloop
  endfacet
  facet normal -0 0 1
    outer loop
      vertex 2.66852 154.433 6
      vertex 2.75259 153.364 6
      vertex 2.75259 154.636 6
    endloop
  endfacet
  facet normal 0 0 1
    outer loop
      vertex 2.66852 154.433 6
      vertex 2.66852 153.567 6
      vertex 2.75259 153.364 6
    endloop
  endfacet
  facet normal -0 0 1
    outer loop
      vertex 2.61724 154.219 6
      vertex 2.66852 153.567 6
      vertex 2.66852 154.433 6
    endloop
  endfacet
  facet normal 0 0 1
    outer loop
      vertex 2.61724 154.219 6
      vertex 2.61724 153.781 6
      vertex 2.66852 153.567 6
    endloop
  endfacet
  facet normal 0 -0 1
    outer loop
      vertex 2.61724 153.781 6
      vertex 2.61724 154.219 6
      vertex 2.6 154 6
    endloop
  endfacet
  facet normal 0.519898 0.854228 -0
    outer loop
      vertex 3.36441 152.753 6
      vertex 3.1771 152.867 16
      vertex 3.36441 152.753 16
    endloop
  endfacet
  facet normal 0.519898 0.854228 0
    outer loop
      vertex 3.1771 152.867 16
      vertex 3.36441 152.753 6
      vertex 3.1771 152.867 6
    endloop
  endfacet
  facet normal -0.924017 0.382352 0
    outer loop
      vertex 106.147 154.927 2.5
      vertex 106.327 155.362 16
      vertex 106.327 155.362 2.5
    endloop
  endfacet
  facet normal -0.924017 0.382352 0
    outer loop
      vertex 106.327 155.362 16
      vertex 106.147 154.927 2.5
      vertex 106.147 154.927 16
    endloop
  endfacet
  facet normal 0.524442 -0.851446 0
    outer loop
      vertex 110.362 151.327 2.5
      vertex 110.5 151.412 16
      vertex 110.362 151.327 16
    endloop
  endfacet
  facet normal 0.524442 -0.851446 0
    outer loop
      vertex 110.5 151.412 16
      vertex 110.362 151.327 2.5
      vertex 110.5 151.412 2.5
    endloop
  endfacet
  facet normal 0.382352 -0.924017 0
    outer loop
      vertex 109.927 151.147 2.5
      vertex 110.362 151.327 16
      vertex 109.927 151.147 16
    endloop
  endfacet
  facet normal 0.382352 -0.924017 0
    outer loop
      vertex 110.362 151.327 16
      vertex 109.927 151.147 2.5
      vertex 110.362 151.327 2.5
    endloop
  endfacet
  facet normal -0.924017 -0.382352 0
    outer loop
      vertex 106.327 152.638 10.5
      vertex 106.147 153.073 16
      vertex 106.147 153.073 10.5
    endloop
  endfacet
  facet normal -0.924017 -0.382352 0
    outer loop
      vertex 106.147 153.073 16
      vertex 106.327 152.638 10.5
      vertex 106.327 152.638 16
    endloop
  endfacet
  facet normal -0.924017 -0.382352 0
    outer loop
      vertex 106.327 152.638 2.5
      vertex 106.147 153.073 7.5
      vertex 106.147 153.073 2.5
    endloop
  endfacet
  facet normal -0.924017 -0.382352 0
    outer loop
      vertex 106.147 153.073 7.5
      vertex 106.327 152.638 2.5
      vertex 106.327 152.638 7.5
    endloop
  endfacet
  facet normal -0.233534 -0.972349 0
    outer loop
      vertex 108.073 151.147 10.5
      vertex 108.531 151.037 16
      vertex 108.073 151.147 16
    endloop
  endfacet
  facet normal -0.233534 -0.972349 -0
    outer loop
      vertex 108.531 151.037 16
      vertex 108.073 151.147 10.5
      vertex 108.531 151.037 10.5
    endloop
  endfacet
  facet normal -0.233534 -0.972349 0
    outer loop
      vertex 108.073 151.147 2.5
      vertex 108.531 151.037 7.5
      vertex 108.073 151.147 7.5
    endloop
  endfacet
  facet normal -0.233534 -0.972349 -0
    outer loop
      vertex 108.531 151.037 7.5
      vertex 108.073 151.147 2.5
      vertex 108.531 151.037 2.5
    endloop
  endfacet
  facet normal -0.760155 -0.649742 0
    outer loop
      vertex 106.879 151.879 10.5
      vertex 106.573 152.237 16
      vertex 106.573 152.237 10.5
    endloop
  endfacet
  facet normal -0.760155 -0.649742 0
    outer loop
      vertex 106.573 152.237 16
      vertex 106.879 151.879 10.5
      vertex 106.879 151.879 16
    endloop
  endfacet
  facet normal -0.760155 -0.649742 0
    outer loop
      vertex 106.879 151.879 2.5
      vertex 106.573 152.237 7.5
      vertex 106.573 152.237 2.5
    endloop
  endfacet
  facet normal -0.760155 -0.649742 0
    outer loop
      vertex 106.573 152.237 7.5
      vertex 106.879 151.879 2.5
      vertex 106.879 151.879 7.5
    endloop
  endfacet
  facet normal 0.0786469 -0.996903 0
    outer loop
      vertex 109 151 10.5
      vertex 109.469 151.037 16
      vertex 109 151 16
    endloop
  endfacet
  facet normal 0.0786469 -0.996903 0
    outer loop
      vertex 109.469 151.037 16
      vertex 109 151 10.5
      vertex 109.469 151.037 10.5
    endloop
  endfacet
  facet normal 0.0786469 -0.996903 0
    outer loop
      vertex 109 151 2.5
      vertex 109.469 151.037 7.5
      vertex 109 151 7.5
    endloop
  endfacet
  facet normal 0.0786469 -0.996903 0
    outer loop
      vertex 109.469 151.037 7.5
      vertex 109 151 2.5
      vertex 109.469 151.037 2.5
    endloop
  endfacet
  facet normal -0.649742 -0.760155 0
    outer loop
      vertex 106.879 151.879 10.5
      vertex 107.237 151.573 16
      vertex 106.879 151.879 16
    endloop
  endfacet
  facet normal -0.649742 -0.760155 -0
    outer loop
      vertex 107.237 151.573 16
      vertex 106.879 151.879 10.5
      vertex 107.237 151.573 10.5
    endloop
  endfacet
  facet normal -0.649742 -0.760155 0
    outer loop
      vertex 106.879 151.879 2.5
      vertex 107.237 151.573 7.5
      vertex 106.879 151.879 7.5
    endloop
  endfacet
  facet normal -0.649742 -0.760155 -0
    outer loop
      vertex 107.237 151.573 7.5
      vertex 106.879 151.879 2.5
      vertex 107.237 151.573 2.5
    endloop
  endfacet
  facet normal -0.972118 0.234492 0
    outer loop
      vertex 106.147 154.927 2.5
      vertex 106.044 154.5 7.5
      vertex 106.147 154.927 16
    endloop
  endfacet
  facet normal -0.972349 0.233534 -8.66197e-05
    outer loop
      vertex 106.037 154.469 2.5
      vertex 106.044 154.5 7.5
      vertex 106.147 154.927 2.5
    endloop
  endfacet
  facet normal -0.975441 0.220261 0
    outer loop
      vertex 106.044 154.5 7.5
      vertex 106.037 154.469 2.5
      vertex 106.037 154.469 7.5
    endloop
  endfacet
  facet normal -0.972118 0.234492 0
    outer loop
      vertex 106.044 154.5 10.5
      vertex 106.147 154.927 16
      vertex 106.044 154.5 7.5
    endloop
  endfacet
  facet normal -0.975441 0.220261 0
    outer loop
      vertex 106.037 154.469 16
      vertex 106.044 154.5 10.5
      vertex 106.037 154.469 10.5
    endloop
  endfacet
  facet normal -0.972349 0.233534 7.87452e-05
    outer loop
      vertex 106.044 154.5 10.5
      vertex 106.037 154.469 16
      vertex 106.147 154.927 16
    endloop
  endfacet
  facet normal 0.220261 -0.975441 0
    outer loop
      vertex 109.469 151.037 7.5
      vertex 109.469 151.037 2.5
      vertex 109.5 151.044 7.5
    endloop
  endfacet
  facet normal 0.220261 -0.975441 0
    outer loop
      vertex 109.5 151.044 10.5
      vertex 109.469 151.037 16
      vertex 109.469 151.037 10.5
    endloop
  endfacet
  facet normal 0.233534 -0.972349 7.87452e-05
    outer loop
      vertex 109.469 151.037 16
      vertex 109.5 151.044 10.5
      vertex 109.927 151.147 16
    endloop
  endfacet
  facet normal 0.234492 -0.972118 0
    outer loop
      vertex 109.5 151.044 7.5
      vertex 109.927 151.147 16
      vertex 109.5 151.044 10.5
    endloop
  endfacet
  facet normal 0.233534 -0.972349 -8.66197e-05
    outer loop
      vertex 109.927 151.147 2.5
      vertex 109.5 151.044 7.5
      vertex 109.469 151.037 2.5
    endloop
  endfacet
  facet normal 0.234492 -0.972118 0
    outer loop
      vertex 109.5 151.044 7.5
      vertex 109.927 151.147 2.5
      vertex 109.927 151.147 16
    endloop
  endfacet
  facet normal -0.852387 -0.522911 0
    outer loop
      vertex 106.573 152.237 10.5
      vertex 106.327 152.638 16
      vertex 106.327 152.638 10.5
    endloop
  endfacet
  facet normal -0.852387 -0.522911 0
    outer loop
      vertex 106.327 152.638 16
      vertex 106.573 152.237 10.5
      vertex 106.573 152.237 16
    endloop
  endfacet
  facet normal -0.852387 -0.522911 0
    outer loop
      vertex 106.573 152.237 2.5
      vertex 106.327 152.638 7.5
      vertex 106.327 152.638 2.5
    endloop
  endfacet
  facet normal -0.852387 -0.522911 0
    outer loop
      vertex 106.327 152.638 7.5
      vertex 106.573 152.237 2.5
      vertex 106.573 152.237 7.5
    endloop
  endfacet
  facet normal -0.996903 -0.0786469 0
    outer loop
      vertex 106.037 153.531 10.5
      vertex 106 154 16
      vertex 106 154 10.5
    endloop
  endfacet
  facet normal -0.996903 -0.0786469 0
    outer loop
      vertex 106 154 16
      vertex 106.037 153.531 10.5
      vertex 106.037 153.531 16
    endloop
  endfacet
  facet normal -0.996903 -0.0786469 0
    outer loop
      vertex 106.037 153.531 2.5
      vertex 106 154 7.5
      vertex 106 154 2.5
    endloop
  endfacet
  facet normal -0.996903 -0.0786469 0
    outer loop
      vertex 106 154 7.5
      vertex 106.037 153.531 2.5
      vertex 106.037 153.531 7.5
    endloop
  endfacet
  facet normal -0.996903 0.0786469 0
    outer loop
      vertex 106 154 10.5
      vertex 106.037 154.469 16
      vertex 106.037 154.469 10.5
    endloop
  endfacet
  facet normal -0.996903 0.0786469 0
    outer loop
      vertex 106.037 154.469 16
      vertex 106 154 10.5
      vertex 106 154 16
    endloop
  endfacet
  facet normal -0.996903 0.0786469 0
    outer loop
      vertex 106 154 2.5
      vertex 106.037 154.469 7.5
      vertex 106.037 154.469 2.5
    endloop
  endfacet
  facet normal -0.996903 0.0786469 0
    outer loop
      vertex 106.037 154.469 7.5
      vertex 106 154 2.5
      vertex 106 154 7.5
    endloop
  endfacet
  facet normal -0.0786469 -0.996903 0
    outer loop
      vertex 108.531 151.037 10.5
      vertex 109 151 16
      vertex 108.531 151.037 16
    endloop
  endfacet
  facet normal -0.0786469 -0.996903 -0
    outer loop
      vertex 109 151 16
      vertex 108.531 151.037 10.5
      vertex 109 151 10.5
    endloop
  endfacet
  facet normal -0.0786469 -0.996903 0
    outer loop
      vertex 108.531 151.037 2.5
      vertex 109 151 7.5
      vertex 108.531 151.037 7.5
    endloop
  endfacet
  facet normal -0.0786469 -0.996903 -0
    outer loop
      vertex 109 151 7.5
      vertex 108.531 151.037 2.5
      vertex 109 151 2.5
    endloop
  endfacet
  facet normal -0.972349 -0.233534 0
    outer loop
      vertex 106.147 153.073 10.5
      vertex 106.037 153.531 16
      vertex 106.037 153.531 10.5
    endloop
  endfacet
  facet normal -0.972349 -0.233534 0
    outer loop
      vertex 106.037 153.531 16
      vertex 106.147 153.073 10.5
      vertex 106.147 153.073 16
    endloop
  endfacet
  facet normal -0.972349 -0.233534 0
    outer loop
      vertex 106.147 153.073 2.5
      vertex 106.037 153.531 7.5
      vertex 106.037 153.531 2.5
    endloop
  endfacet
  facet normal -0.972349 -0.233534 0
    outer loop
      vertex 106.037 153.531 7.5
      vertex 106.147 153.073 2.5
      vertex 106.147 153.073 7.5
    endloop
  endfacet
  facet normal -0.522911 -0.852387 0
    outer loop
      vertex 107.237 151.573 2.5
      vertex 107.638 151.327 7.5
      vertex 107.237 151.573 7.5
    endloop
  endfacet
  facet normal -0.522911 -0.852387 -0
    outer loop
      vertex 107.638 151.327 7.5
      vertex 107.237 151.573 2.5
      vertex 107.638 151.327 2.5
    endloop
  endfacet
  facet normal -0.522911 -0.852387 0
    outer loop
      vertex 107.237 151.573 10.5
      vertex 107.638 151.327 16
      vertex 107.237 151.573 16
    endloop
  endfacet
  facet normal -0.522911 -0.852387 -0
    outer loop
      vertex 107.638 151.327 16
      vertex 107.237 151.573 10.5
      vertex 107.638 151.327 10.5
    endloop
  endfacet
  facet normal -0.382352 -0.924017 0
    outer loop
      vertex 107.638 151.327 10.5
      vertex 108.073 151.147 16
      vertex 107.638 151.327 16
    endloop
  endfacet
  facet normal -0.382352 -0.924017 -0
    outer loop
      vertex 108.073 151.147 16
      vertex 107.638 151.327 10.5
      vertex 108.073 151.147 10.5
    endloop
  endfacet
  facet normal -0.382352 -0.924017 0
    outer loop
      vertex 107.638 151.327 2.5
      vertex 108.073 151.147 7.5
      vertex 107.638 151.327 7.5
    endloop
  endfacet
  facet normal -0.382352 -0.924017 -0
    outer loop
      vertex 108.073 151.147 7.5
      vertex 107.638 151.327 2.5
      vertex 108.073 151.147 2.5
    endloop
  endfacet
  facet normal -0.851446 0.524442 0
    outer loop
      vertex 106.327 155.362 2.5
      vertex 106.412 155.5 16
      vertex 106.412 155.5 2.5
    endloop
  endfacet
  facet normal -0.851446 0.524442 0
    outer loop
      vertex 106.412 155.5 16
      vertex 106.327 155.362 2.5
      vertex 106.327 155.362 16
    endloop
  endfacet
  facet normal -0.0773927 0.997001 0
    outer loop
      vertex 109.219 152.617 6
      vertex 109 152.6 7.5
      vertex 109.219 152.617 7.5
    endloop
  endfacet
  facet normal -0.0773927 0.997001 0
    outer loop
      vertex 109 152.6 7.5
      vertex 109.219 152.617 6
      vertex 109 152.6 6
    endloop
  endfacet
  facet normal -0.0773927 0.997001 0
    outer loop
      vertex 109.219 152.617 10.5
      vertex 109 152.6 16
      vertex 109.219 152.617 16
    endloop
  endfacet
  facet normal -0.0773927 0.997001 0
    outer loop
      vertex 109 152.6 16
      vertex 109.219 152.617 10.5
      vertex 109 152.6 10.5
    endloop
  endfacet
  facet normal -0.971724 -0.23612 0
    outer loop
      vertex 110.383 154.219 6
      vertex 110.331 154.433 16
      vertex 110.331 154.433 6
    endloop
  endfacet
  facet normal -0.971724 -0.23612 0
    outer loop
      vertex 110.331 154.433 16
      vertex 110.383 154.219 6
      vertex 110.383 154.219 16
    endloop
  endfacet
  facet normal -0.997001 -0.0773927 0
    outer loop
      vertex 110.4 154 6
      vertex 110.383 154.219 16
      vertex 110.383 154.219 6
    endloop
  endfacet
  facet normal -0.997001 -0.0773927 0
    outer loop
      vertex 110.383 154.219 16
      vertex 110.4 154 6
      vertex 110.4 154 16
    endloop
  endfacet
  facet normal -0.924017 -0.382352 0
    outer loop
      vertex 110.331 154.433 6
      vertex 110.247 154.636 16
      vertex 110.247 154.636 6
    endloop
  endfacet
  facet normal -0.924017 -0.382352 0
    outer loop
      vertex 110.247 154.636 16
      vertex 110.331 154.433 6
      vertex 110.331 154.433 16
    endloop
  endfacet
  facet normal -0.520526 0.853846 0
    outer loop
      vertex 109.823 152.867 6
      vertex 109.636 152.753 16
      vertex 109.823 152.867 16
    endloop
  endfacet
  facet normal -0.520526 0.853846 0
    outer loop
      vertex 109.636 152.753 16
      vertex 109.823 152.867 6
      vertex 109.636 152.753 6
    endloop
  endfacet
  facet normal -0.853846 -0.520526 0
    outer loop
      vertex 110.247 154.636 6
      vertex 110.133 154.823 16
      vertex 110.133 154.823 6
    endloop
  endfacet
  facet normal -0.853846 -0.520526 0
    outer loop
      vertex 110.133 154.823 16
      vertex 110.247 154.636 6
      vertex 110.247 154.636 16
    endloop
  endfacet
  facet normal -0.759578 -0.650417 0
    outer loop
      vertex 110.133 154.823 6
      vertex 109.99 154.99 16
      vertex 109.99 154.99 6
    endloop
  endfacet
  facet normal -0.759578 -0.650417 0
    outer loop
      vertex 109.99 154.99 16
      vertex 110.133 154.823 6
      vertex 110.133 154.823 16
    endloop
  endfacet
  facet normal 0.997001 -0.0773927 0
    outer loop
      vertex 107.6 154 7.5
      vertex 107.617 154.219 6
      vertex 107.617 154.219 7.5
    endloop
  endfacet
  facet normal 0.997001 -0.0773927 0
    outer loop
      vertex 107.617 154.219 6
      vertex 107.6 154 7.5
      vertex 107.6 154 6
    endloop
  endfacet
  facet normal 0.997001 -0.0773927 0
    outer loop
      vertex 107.6 154 16
      vertex 107.617 154.219 10.5
      vertex 107.617 154.219 16
    endloop
  endfacet
  facet normal 0.997001 -0.0773927 0
    outer loop
      vertex 107.617 154.219 10.5
      vertex 107.6 154 16
      vertex 107.6 154 10.5
    endloop
  endfacet
  facet normal -0.23612 0.971724 0
    outer loop
      vertex 109.433 152.669 6
      vertex 109.219 152.617 7.5
      vertex 109.433 152.669 7.5
    endloop
  endfacet
  facet normal -0.23612 0.971724 0
    outer loop
      vertex 109.219 152.617 7.5
      vertex 109.433 152.669 6
      vertex 109.219 152.617 6
    endloop
  endfacet
  facet normal -0.23612 0.971724 0
    outer loop
      vertex 109.433 152.669 10.5
      vertex 109.219 152.617 16
      vertex 109.433 152.669 16
    endloop
  endfacet
  facet normal -0.23612 0.971724 0
    outer loop
      vertex 109.219 152.617 16
      vertex 109.433 152.669 10.5
      vertex 109.219 152.617 10.5
    endloop
  endfacet
  facet normal 0.853846 0.520526 0
    outer loop
      vertex 107.867 153.177 7.5
      vertex 107.753 153.364 6
      vertex 107.753 153.364 7.5
    endloop
  endfacet
  facet normal 0.853846 0.520526 0
    outer loop
      vertex 107.753 153.364 6
      vertex 107.867 153.177 7.5
      vertex 107.867 153.177 6
    endloop
  endfacet
  facet normal 0.853846 0.520526 0
    outer loop
      vertex 107.867 153.177 16
      vertex 107.753 153.364 10.5
      vertex 107.753 153.364 16
    endloop
  endfacet
  facet normal 0.853846 0.520526 0
    outer loop
      vertex 107.753 153.364 10.5
      vertex 107.867 153.177 16
      vertex 107.867 153.177 10.5
    endloop
  endfacet
  facet normal 0.924017 0.382352 0
    outer loop
      vertex 107.753 153.364 7.5
      vertex 107.669 153.567 6
      vertex 107.669 153.567 7.5
    endloop
  endfacet
  facet normal 0.924017 0.382352 0
    outer loop
      vertex 107.669 153.567 6
      vertex 107.753 153.364 7.5
      vertex 107.753 153.364 6
    endloop
  endfacet
  facet normal 0.924017 0.382352 0
    outer loop
      vertex 107.753 153.364 16
      vertex 107.669 153.567 10.5
      vertex 107.669 153.567 16
    endloop
  endfacet
  facet normal 0.924017 0.382352 0
    outer loop
      vertex 107.669 153.567 10.5
      vertex 107.753 153.364 16
      vertex 107.753 153.364 10.5
    endloop
  endfacet
  facet normal -0.520526 -0.853846 0
    outer loop
      vertex 109.636 155.247 6
      vertex 109.823 155.133 16
      vertex 109.636 155.247 16
    endloop
  endfacet
  facet normal -0.520526 -0.853846 -0
    outer loop
      vertex 109.823 155.133 16
      vertex 109.636 155.247 6
      vertex 109.823 155.133 6
    endloop
  endfacet
  facet normal 0.520526 -0.853846 0
    outer loop
      vertex 108.177 155.133 6
      vertex 108.364 155.247 16
      vertex 108.177 155.133 16
    endloop
  endfacet
  facet normal 0.520526 -0.853846 0
    outer loop
      vertex 108.364 155.247 16
      vertex 108.177 155.133 6
      vertex 108.364 155.247 6
    endloop
  endfacet
  facet normal 0.759578 -0.650417 0
    outer loop
      vertex 107.867 154.823 16
      vertex 108.01 154.99 6
      vertex 108.01 154.99 16
    endloop
  endfacet
  facet normal 0.759578 -0.650417 0
    outer loop
      vertex 108.01 154.99 6
      vertex 107.867 154.823 16
      vertex 107.867 154.823 6
    endloop
  endfacet
  facet normal 0.997001 0.0773927 0
    outer loop
      vertex 107.617 153.781 7.5
      vertex 107.6 154 6
      vertex 107.6 154 7.5
    endloop
  endfacet
  facet normal 0.997001 0.0773927 0
    outer loop
      vertex 107.6 154 6
      vertex 107.617 153.781 7.5
      vertex 107.617 153.781 6
    endloop
  endfacet
  facet normal 0.997001 0.0773927 0
    outer loop
      vertex 107.617 153.781 16
      vertex 107.6 154 10.5
      vertex 107.6 154 16
    endloop
  endfacet
  facet normal 0.997001 0.0773927 0
    outer loop
      vertex 107.6 154 10.5
      vertex 107.617 153.781 16
      vertex 107.617 153.781 10.5
    endloop
  endfacet
  facet normal -0.759578 0.650417 0
    outer loop
      vertex 109.99 153.01 6
      vertex 110.133 153.177 16
      vertex 110.133 153.177 6
    endloop
  endfacet
  facet normal -0.759578 0.650417 0
    outer loop
      vertex 110.133 153.177 16
      vertex 109.99 153.01 6
      vertex 109.99 153.01 16
    endloop
  endfacet
  facet normal -0.853846 0.520526 0
    outer loop
      vertex 110.133 153.177 6
      vertex 110.247 153.364 16
      vertex 110.247 153.364 6
    endloop
  endfacet
  facet normal -0.853846 0.520526 0
    outer loop
      vertex 110.247 153.364 16
      vertex 110.133 153.177 6
      vertex 110.133 153.177 16
    endloop
  endfacet
  facet normal 0.23612 0.971724 -0
    outer loop
      vertex 108.781 152.617 6
      vertex 108.567 152.669 7.5
      vertex 108.781 152.617 7.5
    endloop
  endfacet
  facet normal 0.23612 0.971724 0
    outer loop
      vertex 108.567 152.669 7.5
      vertex 108.781 152.617 6
      vertex 108.567 152.669 6
    endloop
  endfacet
  facet normal 0.23612 0.971724 -0
    outer loop
      vertex 108.781 152.617 10.5
      vertex 108.567 152.669 16
      vertex 108.781 152.617 16
    endloop
  endfacet
  facet normal 0.23612 0.971724 0
    outer loop
      vertex 108.567 152.669 16
      vertex 108.781 152.617 10.5
      vertex 108.567 152.669 10.5
    endloop
  endfacet
  facet normal 0.971724 0.23612 0
    outer loop
      vertex 107.669 153.567 7.5
      vertex 107.617 153.781 6
      vertex 107.617 153.781 7.5
    endloop
  endfacet
  facet normal 0.971724 0.23612 0
    outer loop
      vertex 107.617 153.781 6
      vertex 107.669 153.567 7.5
      vertex 107.669 153.567 6
    endloop
  endfacet
  facet normal 0.971724 0.23612 0
    outer loop
      vertex 107.669 153.567 16
      vertex 107.617 153.781 10.5
      vertex 107.617 153.781 16
    endloop
  endfacet
  facet normal 0.971724 0.23612 0
    outer loop
      vertex 107.617 153.781 10.5
      vertex 107.669 153.567 16
      vertex 107.669 153.567 10.5
    endloop
  endfacet
  facet normal 0.382352 0.924017 -0
    outer loop
      vertex 108.567 152.669 6
      vertex 108.364 152.753 7.5
      vertex 108.567 152.669 7.5
    endloop
  endfacet
  facet normal 0.382352 0.924017 0
    outer loop
      vertex 108.364 152.753 7.5
      vertex 108.567 152.669 6
      vertex 108.364 152.753 6
    endloop
  endfacet
  facet normal 0.382352 0.924017 -0
    outer loop
      vertex 108.567 152.669 10.5
      vertex 108.364 152.753 16
      vertex 108.567 152.669 16
    endloop
  endfacet
  facet normal 0.382352 0.924017 0
    outer loop
      vertex 108.364 152.753 16
      vertex 108.567 152.669 10.5
      vertex 108.364 152.753 10.5
    endloop
  endfacet
  facet normal -0.997001 0.0773927 0
    outer loop
      vertex 110.383 153.781 6
      vertex 110.4 154 16
      vertex 110.4 154 6
    endloop
  endfacet
  facet normal -0.997001 0.0773927 0
    outer loop
      vertex 110.4 154 16
      vertex 110.383 153.781 6
      vertex 110.383 153.781 16
    endloop
  endfacet
  facet normal -0.971724 0.23612 0
    outer loop
      vertex 110.331 153.567 6
      vertex 110.383 153.781 16
      vertex 110.383 153.781 6
    endloop
  endfacet
  facet normal -0.971724 0.23612 0
    outer loop
      vertex 110.383 153.781 16
      vertex 110.331 153.567 6
      vertex 110.331 153.567 16
    endloop
  endfacet
  facet normal 0.650417 -0.759578 0
    outer loop
      vertex 108.01 154.99 6
      vertex 108.177 155.133 16
      vertex 108.01 154.99 16
    endloop
  endfacet
  facet normal 0.650417 -0.759578 0
    outer loop
      vertex 108.177 155.133 16
      vertex 108.01 154.99 6
      vertex 108.177 155.133 6
    endloop
  endfacet
  facet normal 0.382352 -0.924017 0
    outer loop
      vertex 108.364 155.247 6
      vertex 108.567 155.331 16
      vertex 108.364 155.247 16
    endloop
  endfacet
  facet normal 0.382352 -0.924017 0
    outer loop
      vertex 108.567 155.331 16
      vertex 108.364 155.247 6
      vertex 108.567 155.331 6
    endloop
  endfacet
  facet normal -0.650417 -0.759578 0
    outer loop
      vertex 109.823 155.133 6
      vertex 109.99 154.99 16
      vertex 109.823 155.133 16
    endloop
  endfacet
  facet normal -0.650417 -0.759578 -0
    outer loop
      vertex 109.99 154.99 16
      vertex 109.823 155.133 6
      vertex 109.99 154.99 6
    endloop
  endfacet
  facet normal 0.853846 -0.520526 0
    outer loop
      vertex 107.753 154.636 16
      vertex 107.867 154.823 6
      vertex 107.867 154.823 16
    endloop
  endfacet
  facet normal 0.853846 -0.520526 0
    outer loop
      vertex 107.867 154.823 6
      vertex 107.753 154.636 16
      vertex 107.753 154.636 6
    endloop
  endfacet
  facet normal 0.922272 -0.386541 0
    outer loop
      vertex 107.753 154.636 16
      vertex 107.696 154.5 10.5
      vertex 107.753 154.636 6
    endloop
  endfacet
  facet normal 0.924017 -0.382352 -0.000121657
    outer loop
      vertex 107.669 154.433 16
      vertex 107.696 154.5 10.5
      vertex 107.753 154.636 16
    endloop
  endfacet
  facet normal 0.927519 -0.373776 0
    outer loop
      vertex 107.696 154.5 10.5
      vertex 107.669 154.433 16
      vertex 107.669 154.433 10.5
    endloop
  endfacet
  facet normal 0.922272 -0.386541 0
    outer loop
      vertex 107.696 154.5 7.5
      vertex 107.753 154.636 6
      vertex 107.696 154.5 10.5
    endloop
  endfacet
  facet normal 0.927519 -0.373776 0
    outer loop
      vertex 107.669 154.433 6
      vertex 107.696 154.5 7.5
      vertex 107.669 154.433 7.5
    endloop
  endfacet
  facet normal 0.924017 -0.382352 0.000446077
    outer loop
      vertex 107.696 154.5 7.5
      vertex 107.669 154.433 6
      vertex 107.753 154.636 6
    endloop
  endfacet
  facet normal 0.23612 -0.971724 0
    outer loop
      vertex 108.567 155.331 6
      vertex 108.781 155.383 16
      vertex 108.567 155.331 16
    endloop
  endfacet
  facet normal 0.23612 -0.971724 0
    outer loop
      vertex 108.781 155.383 16
      vertex 108.567 155.331 6
      vertex 108.781 155.383 6
    endloop
  endfacet
  facet normal 0.0773927 -0.997001 0
    outer loop
      vertex 108.781 155.383 6
      vertex 109 155.4 16
      vertex 108.781 155.383 16
    endloop
  endfacet
  facet normal 0.0773927 -0.997001 0
    outer loop
      vertex 109 155.4 16
      vertex 108.781 155.383 6
      vertex 109 155.4 6
    endloop
  endfacet
  facet normal 0.650417 0.759578 -0
    outer loop
      vertex 108.177 152.867 6
      vertex 108.01 153.01 7.5
      vertex 108.177 152.867 7.5
    endloop
  endfacet
  facet normal 0.650417 0.759578 0
    outer loop
      vertex 108.01 153.01 7.5
      vertex 108.177 152.867 6
      vertex 108.01 153.01 6
    endloop
  endfacet
  facet normal 0.650417 0.759578 -0
    outer loop
      vertex 108.177 152.867 10.5
      vertex 108.01 153.01 16
      vertex 108.177 152.867 16
    endloop
  endfacet
  facet normal 0.650417 0.759578 0
    outer loop
      vertex 108.01 153.01 16
      vertex 108.177 152.867 10.5
      vertex 108.01 153.01 10.5
    endloop
  endfacet
  facet normal 0.759578 0.650417 0
    outer loop
      vertex 108.01 153.01 7.5
      vertex 107.867 153.177 6
      vertex 107.867 153.177 7.5
    endloop
  endfacet
  facet normal 0.759578 0.650417 0
    outer loop
      vertex 107.867 153.177 6
      vertex 108.01 153.01 7.5
      vertex 108.01 153.01 6
    endloop
  endfacet
  facet normal 0.759578 0.650417 0
    outer loop
      vertex 108.01 153.01 16
      vertex 107.867 153.177 10.5
      vertex 107.867 153.177 16
    endloop
  endfacet
  facet normal 0.759578 0.650417 0
    outer loop
      vertex 107.867 153.177 10.5
      vertex 108.01 153.01 16
      vertex 108.01 153.01 10.5
    endloop
  endfacet
  facet normal -0.650417 0.759578 0
    outer loop
      vertex 109.99 153.01 6
      vertex 109.823 152.867 16
      vertex 109.99 153.01 16
    endloop
  endfacet
  facet normal -0.650417 0.759578 0
    outer loop
      vertex 109.823 152.867 16
      vertex 109.99 153.01 6
      vertex 109.823 152.867 6
    endloop
  endfacet
  facet normal -0.382352 -0.924017 0
    outer loop
      vertex 109.433 155.331 6
      vertex 109.636 155.247 16
      vertex 109.433 155.331 16
    endloop
  endfacet
  facet normal -0.382352 -0.924017 -0
    outer loop
      vertex 109.636 155.247 16
      vertex 109.433 155.331 6
      vertex 109.636 155.247 6
    endloop
  endfacet
  facet normal 0.971724 -0.23612 0
    outer loop
      vertex 107.617 154.219 7.5
      vertex 107.669 154.433 6
      vertex 107.669 154.433 7.5
    endloop
  endfacet
  facet normal 0.971724 -0.23612 0
    outer loop
      vertex 107.669 154.433 6
      vertex 107.617 154.219 7.5
      vertex 107.617 154.219 6
    endloop
  endfacet
  facet normal 0.971724 -0.23612 0
    outer loop
      vertex 107.617 154.219 16
      vertex 107.669 154.433 10.5
      vertex 107.669 154.433 16
    endloop
  endfacet
  facet normal 0.971724 -0.23612 0
    outer loop
      vertex 107.669 154.433 10.5
      vertex 107.617 154.219 16
      vertex 107.617 154.219 10.5
    endloop
  endfacet
  facet normal -0.23612 -0.971724 0
    outer loop
      vertex 109.219 155.383 6
      vertex 109.433 155.331 16
      vertex 109.219 155.383 16
    endloop
  endfacet
  facet normal -0.23612 -0.971724 -0
    outer loop
      vertex 109.433 155.331 16
      vertex 109.219 155.383 6
      vertex 109.433 155.331 6
    endloop
  endfacet
  facet normal -0.924017 0.382352 0
    outer loop
      vertex 110.247 153.364 6
      vertex 110.331 153.567 16
      vertex 110.331 153.567 6
    endloop
  endfacet
  facet normal -0.924017 0.382352 0
    outer loop
      vertex 110.331 153.567 16
      vertex 110.247 153.364 6
      vertex 110.247 153.364 16
    endloop
  endfacet
  facet normal -0.382352 0.924017 -0.000121657
    outer loop
      vertex 109.636 152.753 16
      vertex 109.5 152.696 10.5
      vertex 109.433 152.669 16
    endloop
  endfacet
  facet normal -0.386541 0.922272 0
    outer loop
      vertex 109.636 152.753 6
      vertex 109.5 152.696 10.5
      vertex 109.636 152.753 16
    endloop
  endfacet
  facet normal -0.386541 0.922272 0
    outer loop
      vertex 109.5 152.696 10.5
      vertex 109.636 152.753 6
      vertex 109.5 152.696 7.5
    endloop
  endfacet
  facet normal -0.382352 0.924017 0.000446077
    outer loop
      vertex 109.433 152.669 6
      vertex 109.5 152.696 7.5
      vertex 109.636 152.753 6
    endloop
  endfacet
  facet normal -0.373776 0.927519 0
    outer loop
      vertex 109.5 152.696 7.5
      vertex 109.433 152.669 6
      vertex 109.433 152.669 7.5
    endloop
  endfacet
  facet normal -0.373776 0.927519 0
    outer loop
      vertex 109.433 152.669 16
      vertex 109.5 152.696 10.5
      vertex 109.433 152.669 10.5
    endloop
  endfacet
  facet normal -0.0773927 -0.997001 0
    outer loop
      vertex 109 155.4 6
      vertex 109.219 155.383 16
      vertex 109 155.4 16
    endloop
  endfacet
  facet normal -0.0773927 -0.997001 -0
    outer loop
      vertex 109.219 155.383 16
      vertex 109 155.4 6
      vertex 109.219 155.383 6
    endloop
  endfacet
  facet normal 0.0773927 0.997001 -0
    outer loop
      vertex 109 152.6 6
      vertex 108.781 152.617 7.5
      vertex 109 152.6 7.5
    endloop
  endfacet
  facet normal 0.0773927 0.997001 0
    outer loop
      vertex 108.781 152.617 7.5
      vertex 109 152.6 6
      vertex 108.781 152.617 6
    endloop
  endfacet
  facet normal 0.0773927 0.997001 -0
    outer loop
      vertex 109 152.6 10.5
      vertex 108.781 152.617 16
      vertex 109 152.6 16
    endloop
  endfacet
  facet normal 0.0773927 0.997001 0
    outer loop
      vertex 108.781 152.617 16
      vertex 109 152.6 10.5
      vertex 108.781 152.617 10.5
    endloop
  endfacet
  facet normal 0 0 1
    outer loop
      vertex 110.383 154.219 6
      vertex 110.383 153.781 6
      vertex 110.4 154 6
    endloop
  endfacet
  facet normal 0 0 1
    outer loop
      vertex 110.331 154.433 6
      vertex 110.383 153.781 6
      vertex 110.383 154.219 6
    endloop
  endfacet
  facet normal 0 0 1
    outer loop
      vertex 110.331 154.433 6
      vertex 110.331 153.567 6
      vertex 110.383 153.781 6
    endloop
  endfacet
  facet normal 0 0 1
    outer loop
      vertex 110.247 154.636 6
      vertex 110.331 153.567 6
      vertex 110.331 154.433 6
    endloop
  endfacet
  facet normal 0 0 1
    outer loop
      vertex 110.247 154.636 6
      vertex 110.247 153.364 6
      vertex 110.331 153.567 6
    endloop
  endfacet
  facet normal 0 0 1
    outer loop
      vertex 110.133 154.823 6
      vertex 110.247 153.364 6
      vertex 110.247 154.636 6
    endloop
  endfacet
  facet normal 0 0 1
    outer loop
      vertex 110.133 154.823 6
      vertex 110.133 153.177 6
      vertex 110.247 153.364 6
    endloop
  endfacet
  facet normal 0 0 1
    outer loop
      vertex 109.99 154.99 6
      vertex 110.133 153.177 6
      vertex 110.133 154.823 6
    endloop
  endfacet
  facet normal 0 0 1
    outer loop
      vertex 109.99 154.99 6
      vertex 109.99 153.01 6
      vertex 110.133 153.177 6
    endloop
  endfacet
  facet normal 0 0 1
    outer loop
      vertex 109.823 155.133 6
      vertex 109.99 153.01 6
      vertex 109.99 154.99 6
    endloop
  endfacet
  facet normal 0 0 1
    outer loop
      vertex 109.823 155.133 6
      vertex 109.823 152.867 6
      vertex 109.99 153.01 6
    endloop
  endfacet
  facet normal 0 0 1
    outer loop
      vertex 109.636 155.247 6
      vertex 109.823 152.867 6
      vertex 109.823 155.133 6
    endloop
  endfacet
  facet normal 0 0 1
    outer loop
      vertex 109.636 155.247 6
      vertex 109.636 152.753 6
      vertex 109.823 152.867 6
    endloop
  endfacet
  facet normal 0 0 1
    outer loop
      vertex 109.433 155.331 6
      vertex 109.636 152.753 6
      vertex 109.636 155.247 6
    endloop
  endfacet
  facet normal 0 0 1
    outer loop
      vertex 109.433 155.331 6
      vertex 109.433 152.669 6
      vertex 109.636 152.753 6
    endloop
  endfacet
  facet normal 0 0 1
    outer loop
      vertex 109.219 155.383 6
      vertex 109.433 152.669 6
      vertex 109.433 155.331 6
    endloop
  endfacet
  facet normal 0 0 1
    outer loop
      vertex 109.219 155.383 6
      vertex 109.219 152.617 6
      vertex 109.433 152.669 6
    endloop
  endfacet
  facet normal 0 0 1
    outer loop
      vertex 109 155.4 6
      vertex 109.219 152.617 6
      vertex 109.219 155.383 6
    endloop
  endfacet
  facet normal 0 0 1
    outer loop
      vertex 109 155.4 6
      vertex 109 152.6 6
      vertex 109.219 152.617 6
    endloop
  endfacet
  facet normal -0 0 1
    outer loop
      vertex 108.781 155.383 6
      vertex 109 152.6 6
      vertex 109 155.4 6
    endloop
  endfacet
  facet normal 0 0 1
    outer loop
      vertex 108.781 155.383 6
      vertex 108.781 152.617 6
      vertex 109 152.6 6
    endloop
  endfacet
  facet normal -0 0 1
    outer loop
      vertex 108.567 155.331 6
      vertex 108.781 152.617 6
      vertex 108.781 155.383 6
    endloop
  endfacet
  facet normal 0 0 1
    outer loop
      vertex 108.567 155.331 6
      vertex 108.567 152.669 6
      vertex 108.781 152.617 6
    endloop
  endfacet
  facet normal -0 0 1
    outer loop
      vertex 108.364 155.247 6
      vertex 108.567 152.669 6
      vertex 108.567 155.331 6
    endloop
  endfacet
  facet normal 0 0 1
    outer loop
      vertex 108.364 155.247 6
      vertex 108.364 152.753 6
      vertex 108.567 152.669 6
    endloop
  endfacet
  facet normal -0 0 1
    outer loop
      vertex 108.177 155.133 6
      vertex 108.364 152.753 6
      vertex 108.364 155.247 6
    endloop
  endfacet
  facet normal 0 0 1
    outer loop
      vertex 108.177 155.133 6
      vertex 108.177 152.867 6
      vertex 108.364 152.753 6
    endloop
  endfacet
  facet normal -0 0 1
    outer loop
      vertex 108.01 154.99 6
      vertex 108.177 152.867 6
      vertex 108.177 155.133 6
    endloop
  endfacet
  facet normal 0 0 1
    outer loop
      vertex 108.01 154.99 6
      vertex 108.01 153.01 6
      vertex 108.177 152.867 6
    endloop
  endfacet
  facet normal -0 0 1
    outer loop
      vertex 107.867 154.823 6
      vertex 108.01 153.01 6
      vertex 108.01 154.99 6
    endloop
  endfacet
  facet normal 0 0 1
    outer loop
      vertex 107.867 154.823 6
      vertex 107.867 153.177 6
      vertex 108.01 153.01 6
    endloop
  endfacet
  facet normal -0 0 1
    outer loop
      vertex 107.753 154.636 6
      vertex 107.867 153.177 6
      vertex 107.867 154.823 6
    endloop
  endfacet
  facet normal 0 0 1
    outer loop
      vertex 107.753 154.636 6
      vertex 107.753 153.364 6
      vertex 107.867 153.177 6
    endloop
  endfacet
  facet normal -0 0 1
    outer loop
      vertex 107.669 154.433 6
      vertex 107.753 153.364 6
      vertex 107.753 154.636 6
    endloop
  endfacet
  facet normal 0 0 1
    outer loop
      vertex 107.669 154.433 6
      vertex 107.669 153.567 6
      vertex 107.753 153.364 6
    endloop
  endfacet
  facet normal -0 0 1
    outer loop
      vertex 107.617 154.219 6
      vertex 107.669 153.567 6
      vertex 107.669 154.433 6
    endloop
  endfacet
  facet normal 0 0 1
    outer loop
      vertex 107.617 154.219 6
      vertex 107.617 153.781 6
      vertex 107.669 153.567 6
    endloop
  endfacet
  facet normal 0 -0 1
    outer loop
      vertex 107.617 153.781 6
      vertex 107.617 154.219 6
      vertex 107.6 154 6
    endloop
  endfacet
  facet normal 0.520526 0.853846 -0
    outer loop
      vertex 108.364 152.753 6
      vertex 108.177 152.867 7.5
      vertex 108.364 152.753 7.5
    endloop
  endfacet
  facet normal 0.520526 0.853846 0
    outer loop
      vertex 108.177 152.867 7.5
      vertex 108.364 152.753 6
      vertex 108.177 152.867 6
    endloop
  endfacet
  facet normal 0.520526 0.853846 -0
    outer loop
      vertex 108.364 152.753 10.5
      vertex 108.177 152.867 16
      vertex 108.364 152.753 16
    endloop
  endfacet
  facet normal 0.520526 0.853846 0
    outer loop
      vertex 108.177 152.867 16
      vertex 108.364 152.753 10.5
      vertex 108.177 152.867 10.5
    endloop
  endfacet
  facet normal -1 0 0
    outer loop
      vertex 109.5 5.30357 7.5
      vertex 109.5 6.95569 10.5
      vertex 109.5 6.95569 7.5
    endloop
  endfacet
  facet normal -1 -0 0
    outer loop
      vertex 109.5 6.95569 10.5
      vertex 109.5 5.30357 7.5
      vertex 109.5 5.30357 10.5
    endloop
  endfacet
  facet normal -1 0 0
    outer loop
      vertex 109.5 151.044 7.5
      vertex 109.5 152.696 10.5
      vertex 109.5 152.696 7.5
    endloop
  endfacet
  facet normal -1 -0 0
    outer loop
      vertex 109.5 152.696 10.5
      vertex 109.5 151.044 7.5
      vertex 109.5 151.044 10.5
    endloop
  endfacet
  facet normal 0 0 -1
    outer loop
      vertex 5.4 4 10.5
      vertex 7 4 10.5
      vertex 6.96306 3.5307 10.5
    endloop
  endfacet
  facet normal 0 0 -1
    outer loop
      vertex 5.38276 3.78099 10.5
      vertex 6.96306 3.5307 10.5
      vertex 6.95569 3.5 10.5
    endloop
  endfacet
  facet normal 0 0 -1
    outer loop
      vertex 7 4 10.5
      vertex 5.4 4 10.5
      vertex 6.96306 4.4693 10.5
    endloop
  endfacet
  facet normal 0 0 -1
    outer loop
      vertex 5.38276 4.21901 10.5
      vertex 6.96306 4.4693 10.5
      vertex 5.4 4 10.5
    endloop
  endfacet
  facet normal 0 0 -1
    outer loop
      vertex 5.33148 4.43262 10.5
      vertex 6.85317 4.92705 10.5
      vertex 5.38276 4.21901 10.5
    endloop
  endfacet
  facet normal -0 0 -1
    outer loop
      vertex 6.85317 4.92705 10.5
      vertex 5.33148 4.43262 10.5
      vertex 6.67302 5.36197 10.5
    endloop
  endfacet
  facet normal -0 0 -1
    outer loop
      vertex 6.67302 5.36197 10.5
      vertex 5.24741 4.63559 10.5
      vertex 6.42705 5.76336 10.5
    endloop
  endfacet
  facet normal -0 0 -1
    outer loop
      vertex 6.96306 4.4693 10.5
      vertex 5.38276 4.21901 10.5
      vertex 6.85317 4.92705 10.5
    endloop
  endfacet
  facet normal 0 0 -1
    outer loop
      vertex 6.96306 3.5307 10.5
      vertex 5.38276 3.78099 10.5
      vertex 5.4 4 10.5
    endloop
  endfacet
  facet normal 0 0 -1
    outer loop
      vertex 6.95569 3.5 10.5
      vertex 5.33148 3.56738 10.5
      vertex 5.38276 3.78099 10.5
    endloop
  endfacet
  facet normal 0 -0 -1
    outer loop
      vertex 5.33148 3.56738 10.5
      vertex 6.95569 3.5 10.5
      vertex 5.30357 3.5 10.5
    endloop
  endfacet
  facet normal 0 0 -1
    outer loop
      vertex 5.24741 4.63559 10.5
      vertex 6.67302 5.36197 10.5
      vertex 5.33148 4.43262 10.5
    endloop
  endfacet
  facet normal 0 0 -1
    outer loop
      vertex 5.13262 4.8229 10.5
      vertex 6.42705 5.76336 10.5
      vertex 5.24741 4.63559 10.5
    endloop
  endfacet
  facet normal -0 0 -1
    outer loop
      vertex 6.42705 5.76336 10.5
      vertex 5.13262 4.8229 10.5
      vertex 6.12132 6.12132 10.5
    endloop
  endfacet
  facet normal 0 0 -1
    outer loop
      vertex 4.98995 4.98995 10.5
      vertex 6.12132 6.12132 10.5
      vertex 5.13262 4.8229 10.5
    endloop
  endfacet
  facet normal -0 0 -1
    outer loop
      vertex 6.12132 6.12132 10.5
      vertex 4.98995 4.98995 10.5
      vertex 5.76336 6.42705 10.5
    endloop
  endfacet
  facet normal 0 0 -1
    outer loop
      vertex 4.8229 5.13262 10.5
      vertex 5.76336 6.42705 10.5
      vertex 4.98995 4.98995 10.5
    endloop
  endfacet
  facet normal -0 0 -1
    outer loop
      vertex 5.76336 6.42705 10.5
      vertex 4.8229 5.13262 10.5
      vertex 5.36197 6.67302 10.5
    endloop
  endfacet
  facet normal 0 0 -1
    outer loop
      vertex 4.63559 5.24741 10.5
      vertex 5.36197 6.67302 10.5
      vertex 4.8229 5.13262 10.5
    endloop
  endfacet
  facet normal -0 0 -1
    outer loop
      vertex 5.36197 6.67302 10.5
      vertex 4.63559 5.24741 10.5
      vertex 4.92705 6.85317 10.5
    endloop
  endfacet
  facet normal 0 0 -1
    outer loop
      vertex 4.43262 5.33148 10.5
      vertex 4.92705 6.85317 10.5
      vertex 4.63559 5.24741 10.5
    endloop
  endfacet
  facet normal -0 0 -1
    outer loop
      vertex 4.92705 6.85317 10.5
      vertex 4.43262 5.33148 10.5
      vertex 4.4693 6.96306 10.5
    endloop
  endfacet
  facet normal 0 0 -1
    outer loop
      vertex 4.21901 5.38276 10.5
      vertex 4.4693 6.96306 10.5
      vertex 4.43262 5.33148 10.5
    endloop
  endfacet
  facet normal 0 0 -1
    outer loop
      vertex 4 5.4 10.5
      vertex 4.4693 6.96306 10.5
      vertex 4.21901 5.38276 10.5
    endloop
  endfacet
  facet normal 0 0 -1
    outer loop
      vertex 4 5.4 10.5
      vertex 4 7 10.5
      vertex 4.4693 6.96306 10.5
    endloop
  endfacet
  facet normal 0 0 -1
    outer loop
      vertex 3.78099 5.38276 10.5
      vertex 4 7 10.5
      vertex 4 5.4 10.5
    endloop
  endfacet
  facet normal 0 0 -1
    outer loop
      vertex 3.5 6.95569 10.5
      vertex 3.78099 5.38276 10.5
      vertex 3.56738 5.33148 10.5
    endloop
  endfacet
  facet normal 0 0 -1
    outer loop
      vertex 3.78099 5.38276 10.5
      vertex 3.5307 6.96306 10.5
      vertex 4 7 10.5
    endloop
  endfacet
  facet normal 0 0 -1
    outer loop
      vertex 3.5 6.95569 10.5
      vertex 3.56738 5.33148 10.5
      vertex 3.5 5.30357 10.5
    endloop
  endfacet
  facet normal 0 0 -1
    outer loop
      vertex 3.78099 5.38276 10.5
      vertex 3.5 6.95569 10.5
      vertex 3.5307 6.96306 10.5
    endloop
  endfacet
  facet normal 0 0 -1
    outer loop
      vertex 6.96306 153.531 10.5
      vertex 5.38276 153.781 10.5
      vertex 5.4 154 10.5
    endloop
  endfacet
  facet normal 0 0 -1
    outer loop
      vertex 4.8229 152.867 10.5
      vertex 5.76336 151.573 10.5
      vertex 5.36197 151.327 10.5
    endloop
  endfacet
  facet normal 0 0 -1
    outer loop
      vertex 6.12132 151.879 10.5
      vertex 5.33148 153.567 10.5
      vertex 5.38276 153.781 10.5
    endloop
  endfacet
  facet normal 0 0 -1
    outer loop
      vertex 6.12132 151.879 10.5
      vertex 5.24741 153.364 10.5
      vertex 5.33148 153.567 10.5
    endloop
  endfacet
  facet normal 0 0 -1
    outer loop
      vertex 6.12132 151.879 10.5
      vertex 5.13262 153.177 10.5
      vertex 5.24741 153.364 10.5
    endloop
  endfacet
  facet normal 0 0 -1
    outer loop
      vertex 6.12132 151.879 10.5
      vertex 4.98995 153.01 10.5
      vertex 5.13262 153.177 10.5
    endloop
  endfacet
  facet normal 0 0 -1
    outer loop
      vertex 4.63559 152.753 10.5
      vertex 5.36197 151.327 10.5
      vertex 4.92705 151.147 10.5
    endloop
  endfacet
  facet normal 0 0 -1
    outer loop
      vertex 5.76336 151.573 10.5
      vertex 4.8229 152.867 10.5
      vertex 4.98995 153.01 10.5
    endloop
  endfacet
  facet normal 0 0 -1
    outer loop
      vertex 5.36197 151.327 10.5
      vertex 4.63559 152.753 10.5
      vertex 4.8229 152.867 10.5
    endloop
  endfacet
  facet normal 0 0 -1
    outer loop
      vertex 4.43262 152.669 10.5
      vertex 4.92705 151.147 10.5
      vertex 4.4693 151.037 10.5
    endloop
  endfacet
  facet normal 0 0 -1
    outer loop
      vertex 4.92705 151.147 10.5
      vertex 4.43262 152.669 10.5
      vertex 4.63559 152.753 10.5
    endloop
  endfacet
  facet normal 0 0 -1
    outer loop
      vertex 4.4693 151.037 10.5
      vertex 4.21901 152.617 10.5
      vertex 4.43262 152.669 10.5
    endloop
  endfacet
  facet normal 0 0 -1
    outer loop
      vertex 4 151 10.5
      vertex 4.21901 152.617 10.5
      vertex 4.4693 151.037 10.5
    endloop
  endfacet
  facet normal 0 0 -1
    outer loop
      vertex 4 151 10.5
      vertex 4 152.6 10.5
      vertex 4.21901 152.617 10.5
    endloop
  endfacet
  facet normal 0 0 -1
    outer loop
      vertex 4 151 10.5
      vertex 3.78099 152.617 10.5
      vertex 4 152.6 10.5
    endloop
  endfacet
  facet normal 0 0 -1
    outer loop
      vertex 3.5307 151.037 10.5
      vertex 3.78099 152.617 10.5
      vertex 4 151 10.5
    endloop
  endfacet
  facet normal 0 0 -1
    outer loop
      vertex 3.5 151.044 10.5
      vertex 3.78099 152.617 10.5
      vertex 3.5307 151.037 10.5
    endloop
  endfacet
  facet normal -0 0 -1
    outer loop
      vertex 3.78099 152.617 10.5
      vertex 3.5 151.044 10.5
      vertex 3.56738 152.669 10.5
    endloop
  endfacet
  facet normal -0 0 -1
    outer loop
      vertex 3.56738 152.669 10.5
      vertex 3.5 151.044 10.5
      vertex 3.5 152.696 10.5
    endloop
  endfacet
  facet normal 0 0 -1
    outer loop
      vertex 5.4 154 10.5
      vertex 7 154 10.5
      vertex 6.96306 153.531 10.5
    endloop
  endfacet
  facet normal 0 0 -1
    outer loop
      vertex 7 154 10.5
      vertex 5.4 154 10.5
      vertex 6.96306 154.469 10.5
    endloop
  endfacet
  facet normal 0 0 -1
    outer loop
      vertex 5.38276 153.781 10.5
      vertex 6.96306 153.531 10.5
      vertex 6.85317 153.073 10.5
    endloop
  endfacet
  facet normal 0 0 -1
    outer loop
      vertex 5.38276 153.781 10.5
      vertex 6.85317 153.073 10.5
      vertex 6.67302 152.638 10.5
    endloop
  endfacet
  facet normal 0 0 -1
    outer loop
      vertex 5.38276 153.781 10.5
      vertex 6.67302 152.638 10.5
      vertex 6.42705 152.237 10.5
    endloop
  endfacet
  facet normal 0 0 -1
    outer loop
      vertex 5.38276 153.781 10.5
      vertex 6.42705 152.237 10.5
      vertex 6.12132 151.879 10.5
    endloop
  endfacet
  facet normal 0 0 -1
    outer loop
      vertex 4.98995 153.01 10.5
      vertex 6.12132 151.879 10.5
      vertex 5.76336 151.573 10.5
    endloop
  endfacet
  facet normal 0 0 -1
    outer loop
      vertex 5.38276 154.219 10.5
      vertex 6.96306 154.469 10.5
      vertex 5.4 154 10.5
    endloop
  endfacet
  facet normal -0 0 -1
    outer loop
      vertex 6.96306 154.469 10.5
      vertex 5.38276 154.219 10.5
      vertex 6.95569 154.5 10.5
    endloop
  endfacet
  facet normal 0 0 -1
    outer loop
      vertex 5.33148 154.433 10.5
      vertex 6.95569 154.5 10.5
      vertex 5.38276 154.219 10.5
    endloop
  endfacet
  facet normal -0 0 -1
    outer loop
      vertex 6.95569 154.5 10.5
      vertex 5.33148 154.433 10.5
      vertex 5.30357 154.5 10.5
    endloop
  endfacet
  facet normal 0 0 -1
    outer loop
      vertex 106 4 10.5
      vertex 107.6 4 10.5
      vertex 107.617 3.78099 10.5
    endloop
  endfacet
  facet normal 0 0 -1
    outer loop
      vertex 107.6 4 10.5
      vertex 106.879 6.12132 10.5
      vertex 107.237 6.42705 10.5
    endloop
  endfacet
  facet normal 0 0 -1
    outer loop
      vertex 106.044 3.5 10.5
      vertex 107.617 3.78099 10.5
      vertex 107.669 3.56738 10.5
    endloop
  endfacet
  facet normal 0 0 -1
    outer loop
      vertex 107.6 4 10.5
      vertex 106.573 5.76336 10.5
      vertex 106.879 6.12132 10.5
    endloop
  endfacet
  facet normal 0 0 -1
    outer loop
      vertex 106.044 3.5 10.5
      vertex 107.669 3.56738 10.5
      vertex 107.696 3.5 10.5
    endloop
  endfacet
  facet normal 0 0 -1
    outer loop
      vertex 107.6 4 10.5
      vertex 106.327 5.36197 10.5
      vertex 106.573 5.76336 10.5
    endloop
  endfacet
  facet normal 0 0 -1
    outer loop
      vertex 107.6 4 10.5
      vertex 106.147 4.92705 10.5
      vertex 106.327 5.36197 10.5
    endloop
  endfacet
  facet normal 0 0 -1
    outer loop
      vertex 107.617 3.78099 10.5
      vertex 106.044 3.5 10.5
      vertex 106.037 3.5307 10.5
    endloop
  endfacet
  facet normal -0 0 -1
    outer loop
      vertex 107.617 3.78099 10.5
      vertex 106.037 3.5307 10.5
      vertex 106 4 10.5
    endloop
  endfacet
  facet normal 0 0 -1
    outer loop
      vertex 107.6 4 10.5
      vertex 106.037 4.4693 10.5
      vertex 106.147 4.92705 10.5
    endloop
  endfacet
  facet normal 0 0 -1
    outer loop
      vertex 107.6 4 10.5
      vertex 106 4 10.5
      vertex 106.037 4.4693 10.5
    endloop
  endfacet
  facet normal 0 0 -1
    outer loop
      vertex 109.433 5.33148 10.5
      vertex 109.5 6.95569 10.5
      vertex 109.5 5.30357 10.5
    endloop
  endfacet
  facet normal 0 0 -1
    outer loop
      vertex 109.219 5.38276 10.5
      vertex 109.5 6.95569 10.5
      vertex 109.433 5.33148 10.5
    endloop
  endfacet
  facet normal -0 0 -1
    outer loop
      vertex 109.5 6.95569 10.5
      vertex 109.219 5.38276 10.5
      vertex 109.469 6.96306 10.5
    endloop
  endfacet
  facet normal 0 0 -1
    outer loop
      vertex 109 5.4 10.5
      vertex 109.469 6.96306 10.5
      vertex 109.219 5.38276 10.5
    endloop
  endfacet
  facet normal 0 0 -1
    outer loop
      vertex 109 5.4 10.5
      vertex 109 7 10.5
      vertex 109.469 6.96306 10.5
    endloop
  endfacet
  facet normal 0 0 -1
    outer loop
      vertex 108.781 5.38276 10.5
      vertex 109 7 10.5
      vertex 109 5.4 10.5
    endloop
  endfacet
  facet normal 0 0 -1
    outer loop
      vertex 108.531 6.96306 10.5
      vertex 108.781 5.38276 10.5
      vertex 108.567 5.33148 10.5
    endloop
  endfacet
  facet normal 0 0 -1
    outer loop
      vertex 108.781 5.38276 10.5
      vertex 108.531 6.96306 10.5
      vertex 109 7 10.5
    endloop
  endfacet
  facet normal 0 0 -1
    outer loop
      vertex 108.073 6.85317 10.5
      vertex 108.567 5.33148 10.5
      vertex 108.364 5.24741 10.5
    endloop
  endfacet
  facet normal 0 0 -1
    outer loop
      vertex 107.638 6.67302 10.5
      vertex 108.364 5.24741 10.5
      vertex 108.177 5.13262 10.5
    endloop
  endfacet
  facet normal 0 0 -1
    outer loop
      vertex 108.567 5.33148 10.5
      vertex 108.073 6.85317 10.5
      vertex 108.531 6.96306 10.5
    endloop
  endfacet
  facet normal 0 0 -1
    outer loop
      vertex 107.237 6.42705 10.5
      vertex 108.177 5.13262 10.5
      vertex 108.01 4.98995 10.5
    endloop
  endfacet
  facet normal 0 0 -1
    outer loop
      vertex 107.237 6.42705 10.5
      vertex 108.01 4.98995 10.5
      vertex 107.867 4.8229 10.5
    endloop
  endfacet
  facet normal 0 0 -1
    outer loop
      vertex 107.237 6.42705 10.5
      vertex 107.867 4.8229 10.5
      vertex 107.753 4.63559 10.5
    endloop
  endfacet
  facet normal 0 0 -1
    outer loop
      vertex 107.237 6.42705 10.5
      vertex 107.753 4.63559 10.5
      vertex 107.669 4.43262 10.5
    endloop
  endfacet
  facet normal 0 0 -1
    outer loop
      vertex 108.364 5.24741 10.5
      vertex 107.638 6.67302 10.5
      vertex 108.073 6.85317 10.5
    endloop
  endfacet
  facet normal 0 0 -1
    outer loop
      vertex 107.237 6.42705 10.5
      vertex 107.669 4.43262 10.5
      vertex 107.617 4.21901 10.5
    endloop
  endfacet
  facet normal 0 0 -1
    outer loop
      vertex 107.237 6.42705 10.5
      vertex 107.617 4.21901 10.5
      vertex 107.6 4 10.5
    endloop
  endfacet
  facet normal 0 0 -1
    outer loop
      vertex 108.177 5.13262 10.5
      vertex 107.237 6.42705 10.5
      vertex 107.638 6.67302 10.5
    endloop
  endfacet
  facet normal 0 0 -1
    outer loop
      vertex 109.219 152.617 10.5
      vertex 109.5 151.044 10.5
      vertex 109.469 151.037 10.5
    endloop
  endfacet
  facet normal 0 0 -1
    outer loop
      vertex 109.5 151.044 10.5
      vertex 109.433 152.669 10.5
      vertex 109.5 152.696 10.5
    endloop
  endfacet
  facet normal 0 0 -1
    outer loop
      vertex 109.5 151.044 10.5
      vertex 109.219 152.617 10.5
      vertex 109.433 152.669 10.5
    endloop
  endfacet
  facet normal 0 0 -1
    outer loop
      vertex 109 151 10.5
      vertex 109.219 152.617 10.5
      vertex 109.469 151.037 10.5
    endloop
  endfacet
  facet normal 0 0 -1
    outer loop
      vertex 109 151 10.5
      vertex 109 152.6 10.5
      vertex 109.219 152.617 10.5
    endloop
  endfacet
  facet normal 0 0 -1
    outer loop
      vertex 109 151 10.5
      vertex 108.781 152.617 10.5
      vertex 109 152.6 10.5
    endloop
  endfacet
  facet normal 0 0 -1
    outer loop
      vertex 108.531 151.037 10.5
      vertex 108.781 152.617 10.5
      vertex 109 151 10.5
    endloop
  endfacet
  facet normal -0 0 -1
    outer loop
      vertex 108.781 152.617 10.5
      vertex 108.531 151.037 10.5
      vertex 108.567 152.669 10.5
    endloop
  endfacet
  facet normal 0 0 -1
    outer loop
      vertex 108.073 151.147 10.5
      vertex 108.567 152.669 10.5
      vertex 108.531 151.037 10.5
    endloop
  endfacet
  facet normal -0 0 -1
    outer loop
      vertex 108.567 152.669 10.5
      vertex 108.073 151.147 10.5
      vertex 108.364 152.753 10.5
    endloop
  endfacet
  facet normal 0 0 -1
    outer loop
      vertex 107.638 151.327 10.5
      vertex 108.364 152.753 10.5
      vertex 108.073 151.147 10.5
    endloop
  endfacet
  facet normal -0 0 -1
    outer loop
      vertex 108.364 152.753 10.5
      vertex 107.638 151.327 10.5
      vertex 108.177 152.867 10.5
    endloop
  endfacet
  facet normal 0 0 -1
    outer loop
      vertex 107.237 151.573 10.5
      vertex 108.177 152.867 10.5
      vertex 107.638 151.327 10.5
    endloop
  endfacet
  facet normal -0 0 -1
    outer loop
      vertex 108.177 152.867 10.5
      vertex 107.237 151.573 10.5
      vertex 108.01 153.01 10.5
    endloop
  endfacet
  facet normal 0 0 -1
    outer loop
      vertex 106.879 151.879 10.5
      vertex 108.01 153.01 10.5
      vertex 107.237 151.573 10.5
    endloop
  endfacet
  facet normal -0 0 -1
    outer loop
      vertex 108.01 153.01 10.5
      vertex 106.879 151.879 10.5
      vertex 107.867 153.177 10.5
    endloop
  endfacet
  facet normal 0 0 -1
    outer loop
      vertex 106.573 152.237 10.5
      vertex 107.867 153.177 10.5
      vertex 106.879 151.879 10.5
    endloop
  endfacet
  facet normal -0 0 -1
    outer loop
      vertex 107.867 153.177 10.5
      vertex 106.573 152.237 10.5
      vertex 107.753 153.364 10.5
    endloop
  endfacet
  facet normal 0 0 -1
    outer loop
      vertex 106.327 152.638 10.5
      vertex 107.753 153.364 10.5
      vertex 106.573 152.237 10.5
    endloop
  endfacet
  facet normal -0 0 -1
    outer loop
      vertex 107.753 153.364 10.5
      vertex 106.327 152.638 10.5
      vertex 107.669 153.567 10.5
    endloop
  endfacet
  facet normal 0 0 -1
    outer loop
      vertex 106.147 153.073 10.5
      vertex 107.669 153.567 10.5
      vertex 106.327 152.638 10.5
    endloop
  endfacet
  facet normal -0 0 -1
    outer loop
      vertex 107.669 153.567 10.5
      vertex 106.147 153.073 10.5
      vertex 107.617 153.781 10.5
    endloop
  endfacet
  facet normal 0 0 -1
    outer loop
      vertex 106.037 153.531 10.5
      vertex 107.617 153.781 10.5
      vertex 106.147 153.073 10.5
    endloop
  endfacet
  facet normal -0 0 -1
    outer loop
      vertex 107.617 153.781 10.5
      vertex 106.037 153.531 10.5
      vertex 107.6 154 10.5
    endloop
  endfacet
  facet normal 0 0 -1
    outer loop
      vertex 106 154 10.5
      vertex 107.6 154 10.5
      vertex 106.037 153.531 10.5
    endloop
  endfacet
  facet normal 0 0 -1
    outer loop
      vertex 107.6 154 10.5
      vertex 106 154 10.5
      vertex 107.617 154.219 10.5
    endloop
  endfacet
  facet normal 0 -0 -1
    outer loop
      vertex 106.037 154.469 10.5
      vertex 107.617 154.219 10.5
      vertex 106 154 10.5
    endloop
  endfacet
  facet normal 0 -0 -1
    outer loop
      vertex 106.044 154.5 10.5
      vertex 107.617 154.219 10.5
      vertex 106.037 154.469 10.5
    endloop
  endfacet
  facet normal 0 0 -1
    outer loop
      vertex 107.617 154.219 10.5
      vertex 106.044 154.5 10.5
      vertex 107.669 154.433 10.5
    endloop
  endfacet
  facet normal 0 0 -1
    outer loop
      vertex 107.669 154.433 10.5
      vertex 106.044 154.5 10.5
      vertex 107.696 154.5 10.5
    endloop
  endfacet
  facet normal 1 -0 0
    outer loop
      vertex 3.5 5.30357 10.5
      vertex 3.5 6.95569 7.5
      vertex 3.5 6.95569 10.5
    endloop
  endfacet
  facet normal 1 0 0
    outer loop
      vertex 3.5 6.95569 7.5
      vertex 3.5 5.30357 10.5
      vertex 3.5 5.30357 7.5
    endloop
  endfacet
  facet normal 1 -0 0
    outer loop
      vertex 3.5 151.044 10.5
      vertex 3.5 152.696 7.5
      vertex 3.5 152.696 10.5
    endloop
  endfacet
  facet normal 1 0 0
    outer loop
      vertex 3.5 152.696 7.5
      vertex 3.5 151.044 10.5
      vertex 3.5 151.044 7.5
    endloop
  endfacet
  facet normal 0 -1 0
    outer loop
      vertex 5.30357 154.5 7.5
      vertex 6.95569 154.5 10.5
      vertex 5.30357 154.5 10.5
    endloop
  endfacet
  facet normal 0 -1 -0
    outer loop
      vertex 6.95569 154.5 10.5
      vertex 5.30357 154.5 7.5
      vertex 6.95569 154.5 7.5
    endloop
  endfacet
  facet normal 0 -1 0
    outer loop
      vertex 106.044 154.5 7.5
      vertex 107.696 154.5 10.5
      vertex 106.044 154.5 10.5
    endloop
  endfacet
  facet normal 0 -1 -0
    outer loop
      vertex 107.696 154.5 10.5
      vertex 106.044 154.5 7.5
      vertex 107.696 154.5 7.5
    endloop
  endfacet
  facet normal 0 1 -0
    outer loop
      vertex 6.95569 3.5 7.5
      vertex 5.30357 3.5 10.5
      vertex 6.95569 3.5 10.5
    endloop
  endfacet
  facet normal 0 1 0
    outer loop
      vertex 5.30357 3.5 10.5
      vertex 6.95569 3.5 7.5
      vertex 5.30357 3.5 7.5
    endloop
  endfacet
  facet normal 0 1 -0
    outer loop
      vertex 107.696 3.5 7.5
      vertex 106.044 3.5 10.5
      vertex 107.696 3.5 10.5
    endloop
  endfacet
  facet normal 0 1 0
    outer loop
      vertex 106.044 3.5 10.5
      vertex 107.696 3.5 7.5
      vertex 106.044 3.5 7.5
    endloop
  endfacet
endsolid OpenSCAD_Model
